dataset,detector,sample,config,axis,level,score,best_score,gain,best_nudge,n_edge,threshold,detected
kitti,single,000001,baseline,baseline,0.0000,0.4994,0.5180,0.0373,roll+3.0,381,0.3110,False
kitti,single,000004,baseline,baseline,0.0000,0.3117,0.3349,0.0744,pitch+3.0,368,0.3110,False
kitti,single,000007,baseline,baseline,0.0000,0.3946,0.3946,0.0000,none,345,0.3110,False
kitti,single,000008,baseline,baseline,0.0000,0.5032,0.5032,0.0000,none,1060,0.3110,False
kitti,single,000009,baseline,baseline,0.0000,0.3291,0.4249,0.2910,pitch+2.0,212,0.3110,False
kitti,single,000010,baseline,baseline,0.0000,0.4788,0.5622,0.1744,pitch-0.5,319,0.3110,False
kitti,single,000011,baseline,baseline,0.0000,0.5568,0.5729,0.0288,pitch-0.5,368,0.3110,False
kitti,single,000012,baseline,baseline,0.0000,0.6080,0.6319,0.0394,roll+0.5,350,0.3110,False
kitti,single,000015,baseline,baseline,0.0000,0.5503,0.5503,0.0000,none,1416,0.3110,False
kitti,single,000016,baseline,baseline,0.0000,0.4277,0.4849,0.1337,roll+0.5,258,0.3110,False
kitti,single,000019,baseline,baseline,0.0000,0.5267,0.5600,0.0632,roll-0.5,262,0.3110,False
kitti,single,000021,baseline,baseline,0.0000,0.4801,0.5667,0.1804,roll+0.5,263,0.3110,False
kitti,single,000023,baseline,baseline,0.0000,0.5257,0.5304,0.0091,roll+3.0,451,0.3110,False
kitti,single,000025,baseline,baseline,0.0000,0.5600,0.5600,0.0000,none,752,0.3110,False
kitti,single,000031,baseline,baseline,0.0000,0.5321,0.5364,0.0081,roll-0.5,672,0.3110,False
kitti,single,000032,baseline,baseline,0.0000,0.5054,0.5054,0.0000,none,741,0.3110,False
kitti,single,000043,baseline,baseline,0.0000,0.5396,0.5396,0.0000,none,507,0.3110,False
kitti,single,000048,baseline,baseline,0.0000,0.6257,0.6354,0.0155,roll+1.0,1722,0.3110,False
kitti,single,000049,baseline,baseline,0.0000,0.5377,0.5377,0.0000,none,668,0.3110,False
kitti,single,000061,baseline,baseline,0.0000,0.4361,0.4952,0.1356,roll+0.5,122,0.3110,False
kitti,window5,000001..000009,baseline,baseline,0.0000,0.4414,0.4414,0.0000,none,2366,0.0432,False
kitti,window5,000004..000010,baseline,baseline,0.0000,0.4369,0.4369,0.0000,none,2304,0.0432,False
kitti,window5,000007..000011,baseline,baseline,0.0000,0.4761,0.4779,0.0037,pitch-0.5,2304,0.0432,False
kitti,window5,000008..000012,baseline,baseline,0.0000,0.5083,0.5200,0.0232,pitch-0.5,2309,0.0432,False
kitti,window5,000009..000015,baseline,baseline,0.0000,0.5326,0.5326,0.0000,none,2665,0.0432,False
kitti,window5,000010..000016,baseline,baseline,0.0000,0.5385,0.5385,0.0000,none,2711,0.0432,False
kitti,window5,000011..000019,baseline,baseline,0.0000,0.5445,0.5445,0.0000,none,2654,0.0432,False
kitti,window5,000012..000021,baseline,baseline,0.0000,0.5361,0.5361,0.0000,none,2549,0.0432,False
kitti,window5,000015..000023,baseline,baseline,0.0000,0.5248,0.5248,0.0000,none,2650,0.0432,False
kitti,window5,000016..000025,baseline,baseline,0.0000,0.5200,0.5288,0.0168,roll+0.5,1986,0.0432,False
kitti,window5,000019..000031,baseline,baseline,0.0000,0.5333,0.5333,0.0000,none,2400,0.0432,False
kitti,window5,000021..000032,baseline,baseline,0.0000,0.5267,0.5267,0.0000,none,2879,0.0432,False
kitti,window5,000023..000043,baseline,baseline,0.0000,0.5328,0.5328,0.0000,none,3123,0.0432,False
kitti,window5,000025..000048,baseline,baseline,0.0000,0.5699,0.5699,0.0000,none,4394,0.0432,False
kitti,window5,000031..000049,baseline,baseline,0.0000,0.5667,0.5667,0.0000,none,4310,0.0432,False
kitti,window5,000032..000061,baseline,baseline,0.0000,0.5686,0.5686,0.0000,none,3760,0.0432,False
kitti,single,000001,yaw_0.5deg,yaw,0.5000,0.4461,0.5142,0.1527,roll+2.0,383,0.3110,False
kitti,single,000004,yaw_0.5deg,yaw,0.5000,0.3229,0.3394,0.0510,pitch+3.0,364,0.3110,False
kitti,single,000007,yaw_0.5deg,yaw,0.5000,0.2934,0.3946,0.3450,yaw-0.5,326,0.3110,True
kitti,single,000008,yaw_0.5deg,yaw,0.5000,0.4694,0.5032,0.0720,yaw-0.5,1082,0.3110,False
kitti,single,000009,yaw_0.5deg,yaw,0.5000,0.2960,0.3791,0.2808,pitch+2.0,218,0.3110,False
kitti,single,000010,yaw_0.5deg,yaw,0.5000,0.4348,0.4788,0.1011,yaw-0.5,325,0.3110,False
kitti,single,000011,yaw_0.5deg,yaw,0.5000,0.5032,0.5568,0.1066,yaw-0.5,376,0.3110,False
kitti,single,000012,yaw_0.5deg,yaw,0.5000,0.5014,0.6080,0.2125,yaw-0.5,363,0.3110,False
kitti,single,000015,yaw_0.5deg,yaw,0.5000,0.5429,0.5503,0.0136,yaw-0.5,1385,0.3110,False
kitti,single,000016,yaw_0.5deg,yaw,0.5000,0.4209,0.4477,0.0637,roll+0.5,280,0.3110,False
kitti,single,000019,yaw_0.5deg,yaw,0.5000,0.4263,0.5267,0.2355,yaw-0.5,279,0.3110,False
kitti,single,000021,yaw_0.5deg,yaw,0.5000,0.4948,0.4948,0.0000,none,299,0.3110,False
kitti,single,000023,yaw_0.5deg,yaw,0.5000,0.5193,0.5257,0.0123,yaw-0.5,467,0.3110,False
kitti,single,000025,yaw_0.5deg,yaw,0.5000,0.5390,0.5600,0.0389,yaw-0.5,791,0.3110,False
kitti,single,000031,yaw_0.5deg,yaw,0.5000,0.5215,0.5321,0.0202,yaw-0.5,671,0.3110,False
kitti,single,000032,yaw_0.5deg,yaw,0.5000,0.4709,0.5054,0.0732,yaw-0.5,741,0.3110,False
kitti,single,000043,yaw_0.5deg,yaw,0.5000,0.5067,0.5396,0.0648,yaw-0.5,507,0.3110,False
kitti,single,000048,yaw_0.5deg,yaw,0.5000,0.6094,0.6257,0.0268,yaw-0.5,1742,0.3110,False
kitti,single,000049,yaw_0.5deg,yaw,0.5000,0.4857,0.5377,0.1070,yaw-0.5,671,0.3110,False
kitti,single,000061,yaw_0.5deg,yaw,0.5000,0.3147,0.4361,0.3859,yaw-0.5,107,0.3110,True
kitti,window5,000001..000009,yaw_0.5deg,yaw,0.5000,0.4031,0.4414,0.0950,yaw-0.5,2373,0.0432,True
kitti,window5,000004..000010,yaw_0.5deg,yaw,0.5000,0.4004,0.4369,0.0913,yaw-0.5,2315,0.0432,True
kitti,window5,000007..000011,yaw_0.5deg,yaw,0.5000,0.4291,0.4761,0.1095,yaw-0.5,2327,0.0432,True
kitti,window5,000008..000012,yaw_0.5deg,yaw,0.5000,0.4589,0.5083,0.1075,yaw-0.5,2364,0.0432,True
kitti,window5,000009..000015,yaw_0.5deg,yaw,0.5000,0.4983,0.5326,0.0689,yaw-0.5,2667,0.0432,True
kitti,window5,000010..000016,yaw_0.5deg,yaw,0.5000,0.5065,0.5385,0.0632,yaw-0.5,2729,0.0432,True
kitti,window5,000011..000019,yaw_0.5deg,yaw,0.5000,0.5068,0.5445,0.0744,yaw-0.5,2683,0.0432,True
kitti,window5,000012..000021,yaw_0.5deg,yaw,0.5000,0.5060,0.5361,0.0596,yaw-0.5,2606,0.0432,True
kitti,window5,000015..000023,yaw_0.5deg,yaw,0.5000,0.5089,0.5248,0.0314,yaw-0.5,2710,0.0432,False
kitti,window5,000016..000025,yaw_0.5deg,yaw,0.5000,0.4979,0.5200,0.0444,yaw-0.5,2116,0.0432,True
kitti,window5,000019..000031,yaw_0.5deg,yaw,0.5000,0.5128,0.5333,0.0400,yaw-0.5,2507,0.0432,False
kitti,window5,000021..000032,yaw_0.5deg,yaw,0.5000,0.5105,0.5267,0.0318,yaw-0.5,2969,0.0432,False
kitti,window5,000023..000043,yaw_0.5deg,yaw,0.5000,0.5114,0.5328,0.0418,yaw-0.5,3177,0.0432,False
kitti,window5,000025..000048,yaw_0.5deg,yaw,0.5000,0.5489,0.5699,0.0383,yaw-0.5,4452,0.0432,False
kitti,window5,000031..000049,yaw_0.5deg,yaw,0.5000,0.5409,0.5667,0.0475,yaw-0.5,4332,0.0432,True
kitti,window5,000032..000061,yaw_0.5deg,yaw,0.5000,0.5380,0.5686,0.0570,yaw-0.5,3768,0.0432,True
kitti,single,000001,pitch_0.5deg,pitch,0.5000,0.4480,0.4994,0.1146,pitch-0.5,388,0.3110,False
kitti,single,000004,pitch_0.5deg,pitch,0.5000,0.2902,0.3271,0.1273,roll+3.0,366,0.3110,False
kitti,single,000007,pitch_0.5deg,pitch,0.5000,0.3375,0.3946,0.1694,pitch-0.5,321,0.3110,False
kitti,single,000008,pitch_0.5deg,pitch,0.5000,0.4500,0.5032,0.1182,pitch-0.5,1057,0.3110,False
kitti,single,000009,pitch_0.5deg,pitch,0.5000,0.3224,0.3673,0.1392,pitch+2.0,217,0.3110,False
kitti,single,000010,pitch_0.5deg,pitch,0.5000,0.3003,0.5622,0.8725,pitch-1.0,307,0.3110,True
kitti,single,000011,pitch_0.5deg,pitch,0.5000,0.5246,0.5729,0.0919,pitch-1.0,344,0.3110,False
kitti,single,000012,pitch_0.5deg,pitch,0.5000,0.6020,0.6176,0.0260,pitch-1.0,347,0.3110,False
kitti,single,000015,pitch_0.5deg,pitch,0.5000,0.4972,0.5503,0.1068,pitch-0.5,1348,0.3110,False
kitti,single,000016,pitch_0.5deg,pitch,0.5000,0.4190,0.4787,0.1425,pitch-1.0,267,0.3110,False
kitti,single,000019,pitch_0.5deg,pitch,0.5000,0.4809,0.5267,0.0952,pitch-0.5,288,0.3110,False
kitti,single,000021,pitch_0.5deg,pitch,0.5000,0.4282,0.5187,0.2114,roll+2.0,247,0.3110,False
kitti,single,000023,pitch_0.5deg,pitch,0.5000,0.4420,0.5257,0.1894,pitch-0.5,476,0.3110,False
kitti,single,000025,pitch_0.5deg,pitch,0.5000,0.5227,0.5600,0.0713,pitch-0.5,811,0.3110,False
kitti,single,000031,pitch_0.5deg,pitch,0.5000,0.4627,0.5321,0.1500,pitch-0.5,619,0.3110,False
kitti,single,000032,pitch_0.5deg,pitch,0.5000,0.4185,0.5054,0.2078,pitch-0.5,786,0.3110,False
kitti,single,000043,pitch_0.5deg,pitch,0.5000,0.5037,0.5396,0.0713,pitch-0.5,555,0.3110,False
kitti,single,000048,pitch_0.5deg,pitch,0.5000,0.6136,0.6257,0.0198,pitch-0.5,1787,0.3110,False
kitti,single,000049,pitch_0.5deg,pitch,0.5000,0.4336,0.5377,0.2401,pitch-0.5,664,0.3110,False
kitti,single,000061,pitch_0.5deg,pitch,0.5000,0.4200,0.4893,0.1650,pitch-1.0,135,0.3110,False
kitti,window5,000001..000009,pitch_0.5deg,pitch,0.5000,0.3976,0.4414,0.1100,pitch-0.5,2349,0.0432,True
kitti,window5,000004..000010,pitch_0.5deg,pitch,0.5000,0.3758,0.4369,0.1627,pitch-0.5,2268,0.0432,True
kitti,window5,000007..000011,pitch_0.5deg,pitch,0.5000,0.4126,0.4779,0.1583,pitch-1.0,2246,0.0432,True
kitti,window5,000008..000012,pitch_0.5deg,pitch,0.5000,0.4521,0.5200,0.1503,pitch-1.0,2272,0.0432,True
kitti,window5,000009..000015,pitch_0.5deg,pitch,0.5000,0.4767,0.5326,0.1173,pitch-0.5,2563,0.0432,True
kitti,window5,000010..000016,pitch_0.5deg,pitch,0.5000,0.4836,0.5385,0.1136,pitch-0.5,2613,0.0432,True
kitti,window5,000011..000019,pitch_0.5deg,pitch,0.5000,0.5050,0.5445,0.0783,pitch-0.5,2594,0.0432,True
kitti,window5,000012..000021,pitch_0.5deg,pitch,0.5000,0.4947,0.5361,0.0838,pitch-0.5,2497,0.0432,True
kitti,window5,000015..000023,pitch_0.5deg,pitch,0.5000,0.4709,0.5248,0.1144,pitch-0.5,2626,0.0432,True
kitti,window5,000016..000025,pitch_0.5deg,pitch,0.5000,0.4741,0.5200,0.0968,pitch-0.5,2089,0.0432,True
kitti,window5,000019..000031,pitch_0.5deg,pitch,0.5000,0.4772,0.5333,0.1175,pitch-0.5,2441,0.0432,True
kitti,window5,000021..000032,pitch_0.5deg,pitch,0.5000,0.4612,0.5267,0.1422,pitch-0.5,2939,0.0432,True
kitti,window5,000023..000043,pitch_0.5deg,pitch,0.5000,0.4709,0.5328,0.1313,pitch-0.5,3247,0.0432,True
kitti,window5,000025..000048,pitch_0.5deg,pitch,0.5000,0.5299,0.5699,0.0756,pitch-0.5,4558,0.0432,True
kitti,window5,000031..000049,pitch_0.5deg,pitch,0.5000,0.5167,0.5667,0.0967,pitch-0.5,4411,0.0432,True
kitti,window5,000032..000061,pitch_0.5deg,pitch,0.5000,0.5219,0.5686,0.0895,pitch-0.5,3927,0.0432,True
kitti,single,000001,roll_0.5deg,roll,0.5000,0.4489,0.5228,0.1645,roll+2.0,398,0.3110,False
kitti,single,000004,roll_0.5deg,roll,0.5000,0.3225,0.3305,0.0247,pitch+3.0,381,0.3110,False
kitti,single,000007,roll_0.5deg,roll,0.5000,0.3430,0.3946,0.1506,roll-0.5,336,0.3110,False
kitti,single,000008,roll_0.5deg,roll,0.5000,0.4772,0.5046,0.0576,pitch-0.5,1066,0.3110,False
kitti,single,000009,roll_0.5deg,roll,0.5000,0.3246,0.4181,0.2883,pitch+2.0,208,0.3110,False
kitti,single,000010,roll_0.5deg,roll,0.5000,0.5190,0.5456,0.0513,pitch-0.5,328,0.3110,False
kitti,single,000011,roll_0.5deg,roll,0.5000,0.5523,0.5651,0.0233,pitch-0.5,354,0.3110,False
kitti,single,000012,roll_0.5deg,roll,0.5000,0.6319,0.6339,0.0031,pitch-1.0,348,0.3110,False
kitti,single,000015,roll_0.5deg,roll,0.5000,0.5197,0.5503,0.0587,roll-0.5,1373,0.3110,False
kitti,single,000016,roll_0.5deg,roll,0.5000,0.4849,0.4849,0.0000,none,244,0.3110,False
kitti,single,000019,roll_0.5deg,roll,0.5000,0.5097,0.5600,0.0985,roll-1.0,274,0.3110,False
kitti,single,000021,roll_0.5deg,roll,0.5000,0.5667,0.5667,0.0000,none,260,0.3110,False
kitti,single,000023,roll_0.5deg,roll,0.5000,0.4914,0.5262,0.0708,yaw-0.5,469,0.3110,False
kitti,single,000025,roll_0.5deg,roll,0.5000,0.5587,0.5642,0.0098,roll+1.0,789,0.3110,False
kitti,single,000031,roll_0.5deg,roll,0.5000,0.5107,0.5364,0.0502,roll-1.0,623,0.3110,False
kitti,single,000032,roll_0.5deg,roll,0.5000,0.5045,0.5054,0.0019,roll-0.5,800,0.3110,False
kitti,single,000043,roll_0.5deg,roll,0.5000,0.5285,0.5396,0.0209,roll-0.5,532,0.3110,False
kitti,single,000048,roll_0.5deg,roll,0.5000,0.6303,0.6354,0.0081,roll+0.5,1776,0.3110,False
kitti,single,000049,roll_0.5deg,roll,0.5000,0.4864,0.5377,0.1053,roll-0.5,663,0.3110,False
kitti,single,000061,roll_0.5deg,roll,0.5000,0.4952,0.4952,0.0000,none,118,0.3110,False
kitti,window5,000001..000009,roll_0.5deg,roll,0.5000,0.4156,0.4414,0.0619,roll-0.5,2389,0.0432,True
kitti,window5,000004..000010,roll_0.5deg,roll,0.5000,0.4245,0.4396,0.0355,pitch-0.5,2319,0.0432,False
kitti,window5,000007..000011,roll_0.5deg,roll,0.5000,0.4612,0.4811,0.0432,pitch-0.5,2292,0.0432,False
kitti,window5,000008..000012,roll_0.5deg,roll,0.5000,0.5043,0.5174,0.0261,pitch-0.5,2304,0.0432,False
kitti,window5,000009..000015,roll_0.5deg,roll,0.5000,0.5234,0.5326,0.0175,roll-0.5,2611,0.0432,False
kitti,window5,000010..000016,roll_0.5deg,roll,0.5000,0.5355,0.5385,0.0056,roll-0.5,2647,0.0432,False
kitti,window5,000011..000019,roll_0.5deg,roll,0.5000,0.5349,0.5445,0.0180,roll-0.5,2593,0.0432,False
kitti,window5,000012..000021,roll_0.5deg,roll,0.5000,0.5357,0.5361,0.0007,roll-0.5,2499,0.0432,False
kitti,window5,000015..000023,roll_0.5deg,roll,0.5000,0.5150,0.5248,0.0191,roll-0.5,2620,0.0432,False
kitti,window5,000016..000025,roll_0.5deg,roll,0.5000,0.5288,0.5288,0.0000,none,2036,0.0432,False
kitti,window5,000019..000031,roll_0.5deg,roll,0.5000,0.5286,0.5333,0.0090,roll-0.5,2415,0.0432,False
kitti,window5,000021..000032,roll_0.5deg,roll,0.5000,0.5238,0.5267,0.0057,roll-0.5,2941,0.0432,False
kitti,window5,000023..000043,roll_0.5deg,roll,0.5000,0.5211,0.5328,0.0224,roll-0.5,3213,0.0432,False
kitti,window5,000025..000048,roll_0.5deg,roll,0.5000,0.5671,0.5699,0.0050,roll-0.5,4520,0.0432,False
kitti,window5,000031..000049,roll_0.5deg,roll,0.5000,0.5564,0.5667,0.0184,roll-0.5,4394,0.0432,False
kitti,window5,000032..000061,roll_0.5deg,roll,0.5000,0.5619,0.5686,0.0120,roll-0.5,3889,0.0432,False
kitti,single,000001,yaw_1.0deg,yaw,1.0000,0.4280,0.5108,0.1935,roll+2.0,382,0.3110,False
kitti,single,000004,yaw_1.0deg,yaw,1.0000,0.3055,0.3682,0.2054,pitch+3.0,384,0.3110,False
kitti,single,000007,yaw_1.0deg,yaw,1.0000,0.3578,0.3946,0.1030,yaw-1.0,336,0.3110,False
kitti,single,000008,yaw_1.0deg,yaw,1.0000,0.4239,0.5032,0.1871,yaw-1.0,1066,0.3110,False
kitti,single,000009,yaw_1.0deg,yaw,1.0000,0.2825,0.3602,0.2749,pitch+2.0,219,0.3110,False
kitti,single,000010,yaw_1.0deg,yaw,1.0000,0.4009,0.4788,0.1941,yaw-1.0,319,0.3110,False
kitti,single,000011,yaw_1.0deg,yaw,1.0000,0.4348,0.5568,0.2805,yaw-1.0,375,0.3110,False
kitti,single,000012,yaw_1.0deg,yaw,1.0000,0.4565,0.6080,0.3319,yaw-1.0,372,0.3110,True
kitti,single,000015,yaw_1.0deg,yaw,1.0000,0.5330,0.5503,0.0324,yaw-1.0,1391,0.3110,False
kitti,single,000016,yaw_1.0deg,yaw,1.0000,0.3694,0.4553,0.2325,yaw-2.0,254,0.3110,False
kitti,single,000019,yaw_1.0deg,yaw,1.0000,0.4294,0.5267,0.2266,yaw-1.0,285,0.3110,False
kitti,single,000021,yaw_1.0deg,yaw,1.0000,0.4604,0.4948,0.0746,yaw-0.5,307,0.3110,False
kitti,single,000023,yaw_1.0deg,yaw,1.0000,0.5245,0.5489,0.0464,roll-0.5,479,0.3110,False
kitti,single,000025,yaw_1.0deg,yaw,1.0000,0.5050,0.5600,0.1088,yaw-1.0,821,0.3110,False
kitti,single,000031,yaw_1.0deg,yaw,1.0000,0.4566,0.5321,0.1653,yaw-1.0,657,0.3110,False
kitti,single,000032,yaw_1.0deg,yaw,1.0000,0.4390,0.5054,0.1513,yaw-1.0,777,0.3110,False
kitti,single,000043,yaw_1.0deg,yaw,1.0000,0.4699,0.5396,0.1482,yaw-1.0,523,0.3110,False
kitti,single,000048,yaw_1.0deg,yaw,1.0000,0.6183,0.6257,0.0121,yaw-1.0,1751,0.3110,False
kitti,single,000049,yaw_1.0deg,yaw,1.0000,0.4423,0.5377,0.2156,yaw-1.0,673,0.3110,False
kitti,single,000061,yaw_1.0deg,yaw,1.0000,0.3314,0.4361,0.3158,yaw-1.0,121,0.3110,True
kitti,window5,000001..000009,yaw_1.0deg,yaw,1.0000,0.3832,0.4414,0.1517,yaw-1.0,2387,0.0432,True
kitti,window5,000004..000010,yaw_1.0deg,yaw,1.0000,0.3783,0.4369,0.1551,yaw-1.0,2324,0.0432,True
kitti,window5,000007..000011,yaw_1.0deg,yaw,1.0000,0.3995,0.4761,0.1916,yaw-1.0,2315,0.0432,True
kitti,window5,000008..000012,yaw_1.0deg,yaw,1.0000,0.4145,0.5083,0.2262,yaw-1.0,2351,0.0432,True
kitti,window5,000009..000015,yaw_1.0deg,yaw,1.0000,0.4723,0.5326,0.1275,yaw-1.0,2676,0.0432,True
kitti,window5,000010..000016,yaw_1.0deg,yaw,1.0000,0.4780,0.5385,0.1265,yaw-1.0,2711,0.0432,True
kitti,window5,000011..000019,yaw_1.0deg,yaw,1.0000,0.4820,0.5445,0.1296,yaw-1.0,2677,0.0432,True
kitti,window5,000012..000021,yaw_1.0deg,yaw,1.0000,0.4863,0.5361,0.1025,yaw-1.0,2609,0.0432,True
kitti,window5,000015..000023,yaw_1.0deg,yaw,1.0000,0.4971,0.5248,0.0558,yaw-1.0,2716,0.0432,True
kitti,window5,000016..000025,yaw_1.0deg,yaw,1.0000,0.4769,0.5200,0.0904,yaw-1.0,2146,0.0432,True
kitti,window5,000019..000031,yaw_1.0deg,yaw,1.0000,0.4824,0.5333,0.1056,yaw-1.0,2549,0.0432,True
kitti,window5,000021..000032,yaw_1.0deg,yaw,1.0000,0.4763,0.5267,0.1060,yaw-1.0,3041,0.0432,True
kitti,window5,000023..000043,yaw_1.0deg,yaw,1.0000,0.4767,0.5328,0.1175,yaw-1.0,3257,0.0432,True
kitti,window5,000025..000048,yaw_1.0deg,yaw,1.0000,0.5264,0.5699,0.0827,yaw-1.0,4529,0.0432,True
kitti,window5,000031..000049,yaw_1.0deg,yaw,1.0000,0.5175,0.5667,0.0950,yaw-1.0,4381,0.0432,True
kitti,window5,000032..000061,yaw_1.0deg,yaw,1.0000,0.5220,0.5686,0.0892,yaw-1.0,3845,0.0432,True
kitti,single,000001,pitch_1.0deg,pitch,1.0000,0.4534,0.5109,0.1267,yaw-1.0,366,0.3110,False
kitti,single,000004,pitch_1.0deg,pitch,1.0000,0.3040,0.3349,0.1015,pitch+2.0,340,0.3110,False
kitti,single,000007,pitch_1.0deg,pitch,1.0000,0.3337,0.3946,0.1825,pitch-1.0,312,0.3110,False
kitti,single,000008,pitch_1.0deg,pitch,1.0000,0.4201,0.5032,0.1977,pitch-1.0,1045,0.3110,False
kitti,single,000009,pitch_1.0deg,pitch,1.0000,0.3159,0.4420,0.3992,roll+3.0,203,0.3110,True
kitti,single,000010,pitch_1.0deg,pitch,1.0000,0.3098,0.4788,0.5452,pitch-1.0,330,0.3110,True
kitti,single,000011,pitch_1.0deg,pitch,1.0000,0.4805,0.5685,0.1831,pitch-3.0,360,0.3110,False
kitti,single,000012,pitch_1.0deg,pitch,1.0000,0.6024,0.6080,0.0092,pitch-1.0,361,0.3110,False
kitti,single,000015,pitch_1.0deg,pitch,1.0000,0.4714,0.5503,0.1673,pitch-1.0,1357,0.3110,False
kitti,single,000016,pitch_1.0deg,pitch,1.0000,0.3815,0.4277,0.1211,pitch-1.0,260,0.3110,False
kitti,single,000019,pitch_1.0deg,pitch,1.0000,0.4086,0.5267,0.2889,pitch-1.0,271,0.3110,False
kitti,single,000021,pitch_1.0deg,pitch,1.0000,0.4465,0.4926,0.1034,pitch+1.0,252,0.3110,False
kitti,single,000023,pitch_1.0deg,pitch,1.0000,0.4424,0.5257,0.1883,pitch-1.0,450,0.3110,False
kitti,single,000025,pitch_1.0deg,pitch,1.0000,0.4672,0.5659,0.2112,roll+3.0,750,0.3110,False
kitti,single,000031,pitch_1.0deg,pitch,1.0000,0.3610,0.5321,0.4739,pitch-1.0,636,0.3110,True
kitti,single,000032,pitch_1.0deg,pitch,1.0000,0.3659,0.5054,0.3815,pitch-1.0,762,0.3110,True
kitti,single,000043,pitch_1.0deg,pitch,1.0000,0.4974,0.5396,0.0847,pitch-1.0,508,0.3110,False
kitti,single,000048,pitch_1.0deg,pitch,1.0000,0.6106,0.6257,0.0248,pitch-1.0,1760,0.3110,False
kitti,single,000049,pitch_1.0deg,pitch,1.0000,0.4202,0.5377,0.2795,pitch-1.0,683,0.3110,False
kitti,single,000061,pitch_1.0deg,pitch,1.0000,0.3663,0.4361,0.1905,pitch-1.0,131,0.3110,False
kitti,window5,000001..000009,pitch_1.0deg,pitch,1.0000,0.3869,0.4414,0.1409,pitch-1.0,2266,0.0432,True
kitti,window5,000004..000010,pitch_1.0deg,pitch,1.0000,0.3645,0.4369,0.1986,pitch-1.0,2230,0.0432,True
kitti,window5,000007..000011,pitch_1.0deg,pitch,1.0000,0.3922,0.4761,0.2138,pitch-1.0,2250,0.0432,True
kitti,window5,000008..000012,pitch_1.0deg,pitch,1.0000,0.4332,0.5083,0.1733,pitch-1.0,2299,0.0432,True
kitti,window5,000009..000015,pitch_1.0deg,pitch,1.0000,0.4583,0.5326,0.1622,pitch-1.0,2611,0.0432,True
kitti,window5,000010..000016,pitch_1.0deg,pitch,1.0000,0.4616,0.5385,0.1666,pitch-1.0,2668,0.0432,True
kitti,window5,000011..000019,pitch_1.0deg,pitch,1.0000,0.4753,0.5445,0.1456,pitch-1.0,2609,0.0432,True
kitti,window5,000012..000021,pitch_1.0deg,pitch,1.0000,0.4717,0.5361,0.1367,pitch-1.0,2501,0.0432,True
kitti,window5,000015..000023,pitch_1.0deg,pitch,1.0000,0.4483,0.5248,0.1706,pitch-1.0,2590,0.0432,True
kitti,window5,000016..000025,pitch_1.0deg,pitch,1.0000,0.4397,0.5200,0.1826,pitch-1.0,1983,0.0432,True
kitti,window5,000019..000031,pitch_1.0deg,pitch,1.0000,0.4249,0.5333,0.2552,pitch-1.0,2359,0.0432,True
kitti,window5,000021..000032,pitch_1.0deg,pitch,1.0000,0.4107,0.5267,0.2827,pitch-1.0,2850,0.0432,True
kitti,window5,000023..000043,pitch_1.0deg,pitch,1.0000,0.4219,0.5328,0.2626,pitch-1.0,3106,0.0432,True
kitti,window5,000025..000048,pitch_1.0deg,pitch,1.0000,0.4950,0.5699,0.1513,pitch-1.0,4416,0.0432,True
kitti,window5,000031..000049,pitch_1.0deg,pitch,1.0000,0.4881,0.5667,0.1610,pitch-1.0,4349,0.0432,True
kitti,window5,000032..000061,pitch_1.0deg,pitch,1.0000,0.5050,0.5686,0.1260,pitch-1.0,3844,0.0432,True
kitti,single,000001,roll_1.0deg,roll,1.0000,0.4320,0.5180,0.1992,roll+2.0,393,0.3110,False
kitti,single,000004,roll_1.0deg,roll,1.0000,0.3028,0.3406,0.1250,pitch-0.5,354,0.3110,False
kitti,single,000007,roll_1.0deg,roll,1.0000,0.3250,0.3946,0.2141,roll-1.0,331,0.3110,False
kitti,single,000008,roll_1.0deg,roll,1.0000,0.4954,0.5032,0.0157,roll-1.0,1064,0.3110,False
kitti,single,000009,roll_1.0deg,roll,1.0000,0.3189,0.3905,0.2243,pitch+2.0,200,0.3110,False
kitti,single,000010,roll_1.0deg,roll,1.0000,0.4826,0.5190,0.0754,roll-0.5,321,0.3110,False
kitti,single,000011,roll_1.0deg,roll,1.0000,0.5067,0.5709,0.1267,pitch-2.0,361,0.3110,False
kitti,single,000012,roll_1.0deg,roll,1.0000,0.6304,0.6413,0.0174,pitch-0.5,345,0.3110,False
kitti,single,000015,roll_1.0deg,roll,1.0000,0.5007,0.5503,0.0989,roll-1.0,1353,0.3110,False
kitti,single,000016,roll_1.0deg,roll,1.0000,0.4407,0.4849,0.1003,roll-0.5,257,0.3110,False
kitti,single,000019,roll_1.0deg,roll,1.0000,0.4731,0.5338,0.1283,pitch-1.0,307,0.3110,False
kitti,single,000021,roll_1.0deg,roll,1.0000,0.5224,0.5667,0.0849,roll-0.5,263,0.3110,False
kitti,single,000023,roll_1.0deg,roll,1.0000,0.4593,0.5304,0.1548,roll+2.0,471,0.3110,False
kitti,single,000025,roll_1.0deg,roll,1.0000,0.5469,0.5642,0.0315,roll+0.5,787,0.3110,False
kitti,single,000031,roll_1.0deg,roll,1.0000,0.5013,0.5323,0.0620,pitch-0.5,622,0.3110,False
kitti,single,000032,roll_1.0deg,roll,1.0000,0.4715,0.5054,0.0720,roll-1.0,793,0.3110,False
kitti,single,000043,roll_1.0deg,roll,1.0000,0.5274,0.5396,0.0231,roll-1.0,524,0.3110,False
kitti,single,000048,roll_1.0deg,roll,1.0000,0.6354,0.6354,0.0000,none,1759,0.3110,False
kitti,single,000049,roll_1.0deg,roll,1.0000,0.4360,0.5377,0.2332,roll-1.0,685,0.3110,False
kitti,single,000061,roll_1.0deg,roll,1.0000,0.4057,0.4952,0.2206,roll-0.5,128,0.3110,False
kitti,window5,000001..000009,roll_1.0deg,roll,1.0000,0.4165,0.4414,0.0597,roll-1.0,2342,0.0432,True
kitti,window5,000004..000010,roll_1.0deg,roll,1.0000,0.4232,0.4369,0.0326,roll-1.0,2270,0.0432,False
kitti,window5,000007..000011,roll_1.0deg,roll,1.0000,0.4551,0.4761,0.0461,roll-1.0,2277,0.0432,True
kitti,window5,000008..000012,roll_1.0deg,roll,1.0000,0.5003,0.5083,0.0159,roll-1.0,2291,0.0432,False
kitti,window5,000009..000015,roll_1.0deg,roll,1.0000,0.5026,0.5326,0.0597,roll-1.0,2580,0.0432,True
kitti,window5,000010..000016,roll_1.0deg,roll,1.0000,0.5105,0.5385,0.0550,roll-1.0,2637,0.0432,True
kitti,window5,000011..000019,roll_1.0deg,roll,1.0000,0.5095,0.5445,0.0688,roll-1.0,2623,0.0432,True
kitti,window5,000012..000021,roll_1.0deg,roll,1.0000,0.5112,0.5361,0.0487,roll-1.0,2525,0.0432,True
kitti,window5,000015..000023,roll_1.0deg,roll,1.0000,0.4865,0.5248,0.0788,roll-1.0,2651,0.0432,True
kitti,window5,000016..000025,roll_1.0deg,roll,1.0000,0.5001,0.5288,0.0574,roll-0.5,2085,0.0432,True
kitti,window5,000019..000031,roll_1.0deg,roll,1.0000,0.5066,0.5333,0.0527,roll-1.0,2450,0.0432,True
kitti,window5,000021..000032,roll_1.0deg,roll,1.0000,0.5006,0.5267,0.0522,roll-1.0,2936,0.0432,True
kitti,window5,000023..000043,roll_1.0deg,roll,1.0000,0.5032,0.5328,0.0587,roll-1.0,3197,0.0432,True
kitti,window5,000025..000048,roll_1.0deg,roll,1.0000,0.5597,0.5699,0.0183,roll-1.0,4485,0.0432,False
kitti,window5,000031..000049,roll_1.0deg,roll,1.0000,0.5426,0.5667,0.0443,roll-1.0,4383,0.0432,True
kitti,window5,000032..000061,roll_1.0deg,roll,1.0000,0.5447,0.5686,0.0438,roll-1.0,3889,0.0432,True
kitti,single,000001,yaw_2.0deg,yaw,2.0000,0.4008,0.5083,0.2682,roll+1.0,405,0.3110,False
kitti,single,000004,yaw_2.0deg,yaw,2.0000,0.2896,0.3329,0.1493,roll+3.0,400,0.3110,False
kitti,single,000007,yaw_2.0deg,yaw,2.0000,0.3562,0.3946,0.1078,yaw-2.0,330,0.3110,False
kitti,single,000008,yaw_2.0deg,yaw,2.0000,0.4086,0.5032,0.2316,yaw-2.0,1010,0.3110,False
kitti,single,000009,yaw_2.0deg,yaw,2.0000,0.2525,0.3412,0.3513,pitch+1.0,228,0.3110,True
kitti,single,000010,yaw_2.0deg,yaw,2.0000,0.3429,0.4788,0.3963,yaw-2.0,309,0.3110,True
kitti,single,000011,yaw_2.0deg,yaw,2.0000,0.3967,0.5568,0.4037,yaw-2.0,368,0.3110,True
kitti,single,000012,yaw_2.0deg,yaw,2.0000,0.4760,0.6080,0.2773,yaw-2.0,364,0.3110,False
kitti,single,000015,yaw_2.0deg,yaw,2.0000,0.5149,0.5503,0.0686,yaw-2.0,1358,0.3110,False
kitti,single,000016,yaw_2.0deg,yaw,2.0000,0.4379,0.4576,0.0451,roll-1.0,228,0.3110,False
kitti,single,000019,yaw_2.0deg,yaw,2.0000,0.4516,0.5267,0.1661,yaw-2.0,275,0.3110,False
kitti,single,000021,yaw_2.0deg,yaw,2.0000,0.3728,0.4881,0.3093,pitch+2.0,333,0.3110,False
kitti,single,000023,yaw_2.0deg,yaw,2.0000,0.4693,0.5257,0.1200,yaw-2.0,461,0.3110,False
kitti,single,000025,yaw_2.0deg,yaw,2.0000,0.5122,0.5600,0.0931,yaw-2.0,828,0.3110,False
kitti,single,000031,yaw_2.0deg,yaw,2.0000,0.4216,0.5321,0.2621,yaw-2.0,698,0.3110,False
kitti,single,000032,yaw_2.0deg,yaw,2.0000,0.3878,0.5054,0.3034,yaw-2.0,777,0.3110,False
kitti,single,000043,yaw_2.0deg,yaw,2.0000,0.4838,0.5396,0.1153,yaw-2.0,520,0.3110,False
kitti,single,000048,yaw_2.0deg,yaw,2.0000,0.6004,0.6257,0.0422,yaw-2.0,1700,0.3110,False
kitti,single,000049,yaw_2.0deg,yaw,2.0000,0.4220,0.5377,0.2741,yaw-2.0,695,0.3110,False
kitti,single,000061,yaw_2.0deg,yaw,2.0000,0.2801,0.4361,0.5570,yaw-2.0,106,0.3110,True
kitti,window5,000001..000009,yaw_2.0deg,yaw,2.0000,0.3649,0.4414,0.2095,yaw-2.0,2373,0.0432,True
kitti,window5,000004..000010,yaw_2.0deg,yaw,2.0000,0.3555,0.4369,0.2289,yaw-2.0,2277,0.0432,True
kitti,window5,000007..000011,yaw_2.0deg,yaw,2.0000,0.3740,0.4761,0.2729,yaw-2.0,2245,0.0432,True
kitti,window5,000008..000012,yaw_2.0deg,yaw,2.0000,0.3929,0.5083,0.2936,yaw-2.0,2279,0.0432,True
kitti,window5,000009..000015,yaw_2.0deg,yaw,2.0000,0.4499,0.5326,0.1837,yaw-2.0,2627,0.0432,True
kitti,window5,000010..000016,yaw_2.0deg,yaw,2.0000,0.4660,0.5385,0.1555,yaw-2.0,2627,0.0432,True
kitti,window5,000011..000019,yaw_2.0deg,yaw,2.0000,0.4792,0.5445,0.1364,yaw-2.0,2593,0.0432,True
kitti,window5,000012..000021,yaw_2.0deg,yaw,2.0000,0.4772,0.5361,0.1234,yaw-2.0,2558,0.0432,True
kitti,window5,000015..000023,yaw_2.0deg,yaw,2.0000,0.4760,0.5248,0.1026,yaw-2.0,2655,0.0432,True
kitti,window5,000016..000025,yaw_2.0deg,yaw,2.0000,0.4653,0.5200,0.1177,yaw-2.0,2125,0.0432,True
kitti,window5,000019..000031,yaw_2.0deg,yaw,2.0000,0.4559,0.5333,0.1698,yaw-2.0,2595,0.0432,True
kitti,window5,000021..000032,yaw_2.0deg,yaw,2.0000,0.4392,0.5267,0.1993,yaw-2.0,3097,0.0432,True
kitti,window5,000023..000043,yaw_2.0deg,yaw,2.0000,0.4530,0.5328,0.1761,yaw-2.0,3284,0.0432,True
kitti,window5,000025..000048,yaw_2.0deg,yaw,2.0000,0.5067,0.5699,0.1247,yaw-2.0,4523,0.0432,True
kitti,window5,000031..000049,yaw_2.0deg,yaw,2.0000,0.4923,0.5667,0.1511,yaw-2.0,4390,0.0432,True
kitti,window5,000032..000061,yaw_2.0deg,yaw,2.0000,0.4993,0.5686,0.1387,yaw-2.0,3798,0.0432,True
kitti,single,000001,pitch_2.0deg,pitch,2.0000,0.4200,0.4994,0.1890,pitch-2.0,387,0.3110,False
kitti,single,000004,pitch_2.0deg,pitch,2.0000,0.3205,0.3710,0.1575,yaw+3.0,370,0.3110,False
kitti,single,000007,pitch_2.0deg,pitch,2.0000,0.2968,0.3946,0.3296,pitch-2.0,293,0.3110,True
kitti,single,000008,pitch_2.0deg,pitch,2.0000,0.3519,0.5032,0.4301,pitch-2.0,1033,0.3110,True
kitti,single,000009,pitch_2.0deg,pitch,2.0000,0.4249,0.4249,0.0000,none,208,0.3110,False
kitti,single,000010,pitch_2.0deg,pitch,2.0000,0.2810,0.4788,0.7040,pitch-2.0,288,0.3110,True
kitti,single,000011,pitch_2.0deg,pitch,2.0000,0.3904,0.5568,0.4264,pitch-2.0,336,0.3110,True
kitti,single,000012,pitch_2.0deg,pitch,2.0000,0.5448,0.6080,0.1160,pitch-2.0,325,0.3110,False
kitti,single,000015,pitch_2.0deg,pitch,2.0000,0.4575,0.5503,0.2028,pitch-2.0,1269,0.3110,False
kitti,single,000016,pitch_2.0deg,pitch,2.0000,0.2630,0.4329,0.6458,roll+3.0,268,0.3110,True
kitti,single,000019,pitch_2.0deg,pitch,2.0000,0.3587,0.5267,0.4681,pitch-2.0,267,0.3110,True
kitti,single,000021,pitch_2.0deg,pitch,2.0000,0.4926,0.5157,0.0469,yaw+2.0,238,0.3110,False
kitti,single,000023,pitch_2.0deg,pitch,2.0000,0.3916,0.5257,0.3425,pitch-2.0,463,0.3110,True
kitti,single,000025,pitch_2.0deg,pitch,2.0000,0.4257,0.5600,0.3155,pitch-2.0,728,0.3110,True
kitti,single,000031,pitch_2.0deg,pitch,2.0000,0.3388,0.5321,0.5703,pitch-2.0,600,0.3110,True
kitti,single,000032,pitch_2.0deg,pitch,2.0000,0.3041,0.5054,0.6619,pitch-2.0,745,0.3110,True
kitti,single,000043,pitch_2.0deg,pitch,2.0000,0.4583,0.5396,0.1772,pitch-2.0,495,0.3110,False
kitti,single,000048,pitch_2.0deg,pitch,2.0000,0.5718,0.6257,0.0944,pitch-2.0,1758,0.3110,False
kitti,single,000049,pitch_2.0deg,pitch,2.0000,0.3448,0.5377,0.5593,pitch-2.0,663,0.3110,True
kitti,single,000061,pitch_2.0deg,pitch,2.0000,0.2462,0.4361,0.7711,pitch-2.0,129,0.3110,True
kitti,window5,000001..000009,pitch_2.0deg,pitch,2.0000,0.3579,0.4414,0.2332,pitch-2.0,2291,0.0432,True
kitti,window5,000004..000010,pitch_2.0deg,pitch,2.0000,0.3368,0.4369,0.2973,pitch-2.0,2192,0.0432,True
kitti,window5,000007..000011,pitch_2.0deg,pitch,2.0000,0.3480,0.4761,0.3683,pitch-2.0,2158,0.0432,True
kitti,window5,000008..000012,pitch_2.0deg,pitch,2.0000,0.3840,0.5083,0.3236,pitch-2.0,2190,0.0432,True
kitti,window5,000009..000015,pitch_2.0deg,pitch,2.0000,0.4361,0.5326,0.2212,pitch-2.0,2426,0.0432,True
kitti,window5,000010..000016,pitch_2.0deg,pitch,2.0000,0.4184,0.5385,0.2871,pitch-2.0,2486,0.0432,True
kitti,window5,000011..000019,pitch_2.0deg,pitch,2.0000,0.4280,0.5445,0.2723,pitch-2.0,2465,0.0432,True
kitti,window5,000012..000021,pitch_2.0deg,pitch,2.0000,0.4398,0.5361,0.2189,pitch-2.0,2367,0.0432,True
kitti,window5,000015..000023,pitch_2.0deg,pitch,2.0000,0.4173,0.5248,0.2577,pitch-2.0,2505,0.0432,True
kitti,window5,000016..000025,pitch_2.0deg,pitch,2.0000,0.3944,0.5200,0.3184,pitch-2.0,1964,0.0432,True
kitti,window5,000019..000031,pitch_2.0deg,pitch,2.0000,0.3953,0.5333,0.3493,pitch-2.0,2296,0.0432,True
kitti,window5,000021..000032,pitch_2.0deg,pitch,2.0000,0.3743,0.5267,0.4073,pitch-2.0,2774,0.0432,True
kitti,window5,000023..000043,pitch_2.0deg,pitch,2.0000,0.3787,0.5328,0.4067,pitch-2.0,3031,0.0432,True
kitti,window5,000025..000048,pitch_2.0deg,pitch,2.0000,0.4558,0.5699,0.2504,pitch-2.0,4326,0.0432,True
kitti,window5,000031..000049,pitch_2.0deg,pitch,2.0000,0.4437,0.5667,0.2772,pitch-2.0,4261,0.0432,True
kitti,window5,000032..000061,pitch_2.0deg,pitch,2.0000,0.4536,0.5686,0.2537,pitch-2.0,3790,0.0432,True
kitti,single,000001,roll_2.0deg,roll,2.0000,0.5087,0.5228,0.0278,roll+0.5,410,0.3110,False
kitti,single,000004,roll_2.0deg,roll,2.0000,0.2912,0.3334,0.1448,roll+2.0,360,0.3110,False
kitti,single,000007,roll_2.0deg,roll,2.0000,0.3528,0.3946,0.1186,roll-2.0,345,0.3110,False
kitti,single,000008,roll_2.0deg,roll,2.0000,0.4676,0.5032,0.0762,roll-2.0,1069,0.3110,False
kitti,single,000009,roll_2.0deg,roll,2.0000,0.2947,0.4147,0.4070,pitch+2.0,202,0.3110,True
kitti,single,000010,roll_2.0deg,roll,2.0000,0.4239,0.4826,0.1387,roll-1.0,323,0.3110,False
kitti,single,000011,roll_2.0deg,roll,2.0000,0.4893,0.5568,0.1380,roll-2.0,357,0.3110,False
kitti,single,000012,roll_2.0deg,roll,2.0000,0.6180,0.6304,0.0201,roll-1.0,356,0.3110,False
kitti,single,000015,roll_2.0deg,roll,2.0000,0.4607,0.5503,0.1943,roll-2.0,1385,0.3110,False
kitti,single,000016,roll_2.0deg,roll,2.0000,0.3345,0.4454,0.3313,roll-3.0,247,0.3110,True
kitti,single,000019,roll_2.0deg,roll,2.0000,0.4680,0.5267,0.1253,roll-2.0,261,0.3110,False
kitti,single,000021,roll_2.0deg,roll,2.0000,0.4176,0.5224,0.2510,roll-1.0,259,0.3110,False
kitti,single,000023,roll_2.0deg,roll,2.0000,0.4928,0.5304,0.0763,roll+1.0,483,0.3110,False
kitti,single,000025,roll_2.0deg,roll,2.0000,0.5188,0.5642,0.0875,roll-0.5,795,0.3110,False
kitti,single,000031,roll_2.0deg,roll,2.0000,0.4083,0.5321,0.3033,roll-2.0,630,0.3110,False
kitti,single,000032,roll_2.0deg,roll,2.0000,0.3927,0.5054,0.2871,roll-2.0,781,0.3110,False
kitti,single,000043,roll_2.0deg,roll,2.0000,0.4978,0.5396,0.0839,roll-2.0,525,0.3110,False
kitti,single,000048,roll_2.0deg,roll,2.0000,0.6292,0.6354,0.0098,roll-1.0,1759,0.3110,False
kitti,single,000049,roll_2.0deg,roll,2.0000,0.4270,0.5377,0.2591,roll-2.0,661,0.3110,False
kitti,single,000061,roll_2.0deg,roll,2.0000,0.3268,0.4361,0.3346,roll-2.0,131,0.3110,True
kitti,window5,000001..000009,roll_2.0deg,roll,2.0000,0.4168,0.4414,0.0590,roll-2.0,2386,0.0432,True
kitti,window5,000004..000010,roll_2.0deg,roll,2.0000,0.4014,0.4369,0.0886,roll-2.0,2299,0.0432,True
kitti,window5,000007..000011,roll_2.0deg,roll,2.0000,0.4323,0.4761,0.1012,roll-2.0,2296,0.0432,True
kitti,window5,000008..000012,roll_2.0deg,roll,2.0000,0.4729,0.5083,0.0748,roll-2.0,2307,0.0432,True
kitti,window5,000009..000015,roll_2.0deg,roll,2.0000,0.4686,0.5326,0.1365,roll-2.0,2623,0.0432,True
kitti,window5,000010..000016,roll_2.0deg,roll,2.0000,0.4694,0.5385,0.1473,roll-2.0,2668,0.0432,True
kitti,window5,000011..000019,roll_2.0deg,roll,2.0000,0.4749,0.5445,0.1466,roll-2.0,2606,0.0432,True
kitti,window5,000012..000021,roll_2.0deg,roll,2.0000,0.4669,0.5361,0.1482,roll-2.0,2508,0.0432,True
kitti,window5,000015..000023,roll_2.0deg,roll,2.0000,0.4513,0.5248,0.1630,roll-2.0,2635,0.0432,True
kitti,window5,000016..000025,roll_2.0deg,roll,2.0000,0.4711,0.5200,0.1039,roll-2.0,2045,0.0432,True
kitti,window5,000019..000031,roll_2.0deg,roll,2.0000,0.4687,0.5333,0.1379,roll-2.0,2428,0.0432,True
kitti,window5,000021..000032,roll_2.0deg,roll,2.0000,0.4486,0.5267,0.1742,roll-2.0,2948,0.0432,True
kitti,window5,000023..000043,roll_2.0deg,roll,2.0000,0.4591,0.5328,0.1603,roll-2.0,3214,0.0432,True
kitti,window5,000025..000048,roll_2.0deg,roll,2.0000,0.5222,0.5699,0.0915,roll-2.0,4490,0.0432,True
kitti,window5,000031..000049,roll_2.0deg,roll,2.0000,0.5083,0.5667,0.1148,roll-2.0,4356,0.0432,True
kitti,window5,000032..000061,roll_2.0deg,roll,2.0000,0.5185,0.5686,0.0966,roll-2.0,3857,0.0432,True
kitti,single,000001,yaw_3.0deg,yaw,3.0000,0.4508,0.5061,0.1226,pitch-1.0,370,0.3110,False
kitti,single,000004,yaw_3.0deg,yaw,3.0000,0.2996,0.3773,0.2592,pitch+2.0,447,0.3110,False
kitti,single,000007,yaw_3.0deg,yaw,3.0000,0.3550,0.3946,0.1116,yaw-3.0,369,0.3110,False
kitti,single,000008,yaw_3.0deg,yaw,3.0000,0.3922,0.5032,0.2831,yaw-3.0,993,0.3110,False
kitti,single,000009,yaw_3.0deg,yaw,3.0000,0.2982,0.3301,0.1069,pitch+0.5,221,0.3110,False
kitti,single,000010,yaw_3.0deg,yaw,3.0000,0.3616,0.4788,0.3240,yaw-3.0,296,0.3110,True
kitti,single,000011,yaw_3.0deg,yaw,3.0000,0.3818,0.5568,0.4585,yaw-3.0,415,0.3110,True
kitti,single,000012,yaw_3.0deg,yaw,3.0000,0.4568,0.6080,0.3308,yaw-3.0,332,0.3110,True
kitti,single,000015,yaw_3.0deg,yaw,3.0000,0.5401,0.5503,0.0187,yaw-3.0,1337,0.3110,False
kitti,single,000016,yaw_3.0deg,yaw,3.0000,0.4133,0.4618,0.1174,roll-1.0,216,0.3110,False
kitti,single,000019,yaw_3.0deg,yaw,3.0000,0.4795,0.5267,0.0984,yaw-3.0,277,0.3110,False
kitti,single,000021,yaw_3.0deg,yaw,3.0000,0.3144,0.4831,0.5366,pitch+3.0,350,0.3110,True
kitti,single,000023,yaw_3.0deg,yaw,3.0000,0.4703,0.5257,0.1176,yaw-3.0,474,0.3110,False
kitti,single,000025,yaw_3.0deg,yaw,3.0000,0.4808,0.5600,0.1646,yaw-3.0,861,0.3110,False
kitti,single,000031,yaw_3.0deg,yaw,3.0000,0.3935,0.5321,0.3522,yaw-3.0,722,0.3110,True
kitti,single,000032,yaw_3.0deg,yaw,3.0000,0.3694,0.5054,0.3682,yaw-3.0,768,0.3110,True
kitti,single,000043,yaw_3.0deg,yaw,3.0000,0.4629,0.5396,0.1657,yaw-3.0,469,0.3110,False
kitti,single,000048,yaw_3.0deg,yaw,3.0000,0.5878,0.6257,0.0646,yaw-3.0,1685,0.3110,False
kitti,single,000049,yaw_3.0deg,yaw,3.0000,0.4516,0.5377,0.1905,yaw-3.0,630,0.3110,False
kitti,single,000061,yaw_3.0deg,yaw,3.0000,0.2282,0.4361,0.9112,yaw-3.0,99,0.3110,True
kitti,window5,000001..000009,yaw_3.0deg,yaw,3.0000,0.3696,0.4414,0.1941,yaw-3.0,2400,0.0432,True
kitti,window5,000004..000010,yaw_3.0deg,yaw,3.0000,0.3557,0.4369,0.2285,yaw-3.0,2326,0.0432,True
kitti,window5,000007..000011,yaw_3.0deg,yaw,3.0000,0.3713,0.4761,0.2822,yaw-3.0,2294,0.0432,True
kitti,window5,000008..000012,yaw_3.0deg,yaw,3.0000,0.3866,0.5083,0.3148,yaw-3.0,2257,0.0432,True
kitti,window5,000009..000015,yaw_3.0deg,yaw,3.0000,0.4634,0.5326,0.1494,yaw-3.0,2601,0.0432,True
kitti,window5,000010..000016,yaw_3.0deg,yaw,3.0000,0.4733,0.5385,0.1379,yaw-3.0,2596,0.0432,True
kitti,window5,000011..000019,yaw_3.0deg,yaw,3.0000,0.4867,0.5445,0.1187,yaw-3.0,2577,0.0432,True
kitti,window5,000012..000021,yaw_3.0deg,yaw,3.0000,0.4801,0.5361,0.1167,yaw-3.0,2512,0.0432,True
kitti,window5,000015..000023,yaw_3.0deg,yaw,3.0000,0.4812,0.5248,0.0906,yaw-3.0,2654,0.0432,True
kitti,window5,000016..000025,yaw_3.0deg,yaw,3.0000,0.4449,0.5200,0.1688,yaw-3.0,2178,0.0432,True
kitti,window5,000019..000031,yaw_3.0deg,yaw,3.0000,0.4336,0.5333,0.2299,yaw-3.0,2684,0.0432,True
kitti,window5,000021..000032,yaw_3.0deg,yaw,3.0000,0.4141,0.5267,0.2720,yaw-3.0,3175,0.0432,True
kitti,window5,000023..000043,yaw_3.0deg,yaw,3.0000,0.4316,0.5328,0.2343,yaw-3.0,3294,0.0432,True
kitti,window5,000025..000048,yaw_3.0deg,yaw,3.0000,0.4860,0.5699,0.1728,yaw-3.0,4505,0.0432,True
kitti,window5,000031..000049,yaw_3.0deg,yaw,3.0000,0.4819,0.5667,0.1758,yaw-3.0,4274,0.0432,True
kitti,window5,000032..000061,yaw_3.0deg,yaw,3.0000,0.4925,0.5686,0.1544,yaw-3.0,3651,0.0432,True
kitti,single,000001,pitch_3.0deg,pitch,3.0000,0.3154,0.4994,0.5832,pitch-3.0,371,0.3110,True
kitti,single,000004,pitch_3.0deg,pitch,3.0000,0.3349,0.3544,0.0582,pitch+2.0,355,0.3110,False
kitti,single,000007,pitch_3.0deg,pitch,3.0000,0.3414,0.3946,0.1560,pitch-3.0,318,0.3110,False
kitti,single,000008,pitch_3.0deg,pitch,3.0000,0.3358,0.5032,0.4984,pitch-3.0,973,0.3110,True
kitti,single,000009,pitch_3.0deg,pitch,3.0000,0.2731,0.4280,0.5671,yaw-2.0,206,0.3110,True
kitti,single,000010,pitch_3.0deg,pitch,3.0000,0.2626,0.4788,0.8229,pitch-3.0,296,0.3110,True
kitti,single,000011,pitch_3.0deg,pitch,3.0000,0.2979,0.5568,0.8693,pitch-3.0,336,0.3110,True
kitti,single,000012,pitch_3.0deg,pitch,3.0000,0.5429,0.6080,0.1198,pitch-3.0,292,0.3110,False
kitti,single,000015,pitch_3.0deg,pitch,3.0000,0.4272,0.5503,0.2881,pitch-3.0,1266,0.3110,False
kitti,single,000016,pitch_3.0deg,pitch,3.0000,0.1923,0.4277,1.2244,pitch-3.0,284,0.3110,True
kitti,single,000019,pitch_3.0deg,pitch,3.0000,0.3579,0.5267,0.4717,pitch-3.0,245,0.3110,True
kitti,single,000021,pitch_3.0deg,pitch,3.0000,0.3607,0.4926,0.3656,pitch-1.0,231,0.3110,True
kitti,single,000023,pitch_3.0deg,pitch,3.0000,0.3272,0.5257,0.6066,pitch-3.0,437,0.3110,True
kitti,single,000025,pitch_3.0deg,pitch,3.0000,0.4209,0.5600,0.3304,pitch-3.0,722,0.3110,True
kitti,single,000031,pitch_3.0deg,pitch,3.0000,0.3286,0.5321,0.6193,pitch-3.0,593,0.3110,True
kitti,single,000032,pitch_3.0deg,pitch,3.0000,0.3001,0.5054,0.6842,pitch-3.0,674,0.3110,True
kitti,single,000043,pitch_3.0deg,pitch,3.0000,0.3918,0.5396,0.3772,pitch-3.0,511,0.3110,True
kitti,single,000048,pitch_3.0deg,pitch,3.0000,0.5561,0.6257,0.1253,pitch-3.0,1684,0.3110,False
kitti,single,000049,pitch_3.0deg,pitch,3.0000,0.3119,0.5377,0.7239,pitch-3.0,651,0.3110,True
kitti,single,000061,pitch_3.0deg,pitch,3.0000,0.2294,0.4361,0.9009,pitch-3.0,127,0.3110,True
kitti,window5,000001..000009,pitch_3.0deg,pitch,3.0000,0.3272,0.4414,0.3487,pitch-3.0,2223,0.0432,True
kitti,window5,000004..000010,pitch_3.0deg,pitch,3.0000,0.3204,0.4369,0.3638,pitch-3.0,2148,0.0432,True
kitti,window5,000007..000011,pitch_3.0deg,pitch,3.0000,0.3144,0.4761,0.5142,pitch-3.0,2129,0.0432,True
kitti,window5,000008..000012,pitch_3.0deg,pitch,3.0000,0.3421,0.5083,0.4858,pitch-3.0,2103,0.0432,True
kitti,window5,000009..000015,pitch_3.0deg,pitch,3.0000,0.3896,0.5326,0.3671,pitch-3.0,2396,0.0432,True
kitti,window5,000010..000016,pitch_3.0deg,pitch,3.0000,0.3766,0.5385,0.4298,pitch-3.0,2474,0.0432,True
kitti,window5,000011..000019,pitch_3.0deg,pitch,3.0000,0.3887,0.5445,0.4011,pitch-3.0,2423,0.0432,True
kitti,window5,000012..000021,pitch_3.0deg,pitch,3.0000,0.3990,0.5361,0.3435,pitch-3.0,2318,0.0432,True
kitti,window5,000015..000023,pitch_3.0deg,pitch,3.0000,0.3692,0.5248,0.4214,pitch-3.0,2463,0.0432,True
kitti,window5,000016..000025,pitch_3.0deg,pitch,3.0000,0.3504,0.5200,0.4839,pitch-3.0,1919,0.0432,True
kitti,window5,000019..000031,pitch_3.0deg,pitch,3.0000,0.3648,0.5333,0.4621,pitch-3.0,2228,0.0432,True
kitti,window5,000021..000032,pitch_3.0deg,pitch,3.0000,0.3490,0.5267,0.5093,pitch-3.0,2657,0.0432,True
kitti,window5,000023..000043,pitch_3.0deg,pitch,3.0000,0.3555,0.5328,0.4985,pitch-3.0,2937,0.0432,True
kitti,window5,000025..000048,pitch_3.0deg,pitch,3.0000,0.4392,0.5699,0.2976,pitch-3.0,4184,0.0432,True
kitti,window5,000031..000049,pitch_3.0deg,pitch,3.0000,0.4223,0.5667,0.3419,pitch-3.0,4113,0.0432,True
kitti,window5,000032..000061,pitch_3.0deg,pitch,3.0000,0.4308,0.5686,0.3199,pitch-3.0,3647,0.0432,True
kitti,single,000001,roll_3.0deg,roll,3.0000,0.5180,0.5228,0.0093,roll-0.5,422,0.3110,False
kitti,single,000004,roll_3.0deg,roll,3.0000,0.3016,0.3678,0.2195,yaw+3.0,387,0.3110,False
kitti,single,000007,roll_3.0deg,roll,3.0000,0.3305,0.3946,0.1939,roll-3.0,357,0.3110,False
kitti,single,000008,roll_3.0deg,roll,3.0000,0.4659,0.5032,0.0799,roll-3.0,1089,0.3110,False
kitti,single,000009,roll_3.0deg,roll,3.0000,0.2942,0.4490,0.5263,pitch+1.0,209,0.3110,True
kitti,single,000010,roll_3.0deg,roll,3.0000,0.3592,0.4826,0.3435,roll-2.0,330,0.3110,True
kitti,single,000011,roll_3.0deg,roll,3.0000,0.4844,0.5913,0.2207,pitch-2.0,371,0.3110,False
kitti,single,000012,roll_3.0deg,roll,3.0000,0.5928,0.6304,0.0634,roll-2.0,349,0.3110,False
kitti,single,000015,roll_3.0deg,roll,3.0000,0.4375,0.5503,0.2578,roll-3.0,1379,0.3110,False
kitti,single,000016,roll_3.0deg,roll,3.0000,0.2356,0.4407,0.8709,roll-2.0,253,0.3110,True
kitti,single,000019,roll_3.0deg,roll,3.0000,0.4058,0.5267,0.2977,roll-3.0,281,0.3110,False
kitti,single,000021,roll_3.0deg,roll,3.0000,0.4121,0.5224,0.2675,roll-2.0,278,0.3110,False
kitti,single,000023,roll_3.0deg,roll,3.0000,0.5304,0.5304,0.0000,none,489,0.3110,False
kitti,single,000025,roll_3.0deg,roll,3.0000,0.5582,0.5680,0.0177,pitch+1.0,817,0.3110,False
kitti,single,000031,roll_3.0deg,roll,3.0000,0.3586,0.5321,0.4836,roll-3.0,643,0.3110,True
kitti,single,000032,roll_3.0deg,roll,3.0000,0.3835,0.5054,0.3178,roll-3.0,822,0.3110,True
kitti,single,000043,roll_3.0deg,roll,3.0000,0.4903,0.5396,0.1004,roll-3.0,537,0.3110,False
kitti,single,000048,roll_3.0deg,roll,3.0000,0.6130,0.6354,0.0365,roll-2.0,1811,0.3110,False
kitti,single,000049,roll_3.0deg,roll,3.0000,0.3896,0.5377,0.3801,roll-3.0,722,0.3110,True
kitti,single,000061,roll_3.0deg,roll,3.0000,0.3762,0.4402,0.1701,pitch+2.0,138,0.3110,False
kitti,window5,000001..000009,roll_3.0deg,roll,3.0000,0.4149,0.4414,0.0639,roll-3.0,2464,0.0432,True
kitti,window5,000004..000010,roll_3.0deg,roll,3.0000,0.3888,0.4369,0.1239,roll-3.0,2372,0.0432,True
kitti,window5,000007..000011,roll_3.0deg,roll,3.0000,0.4181,0.4761,0.1386,roll-3.0,2356,0.0432,True
kitti,window5,000008..000012,roll_3.0deg,roll,3.0000,0.4574,0.5083,0.1111,roll-3.0,2348,0.0432,True
kitti,window5,000009..000015,roll_3.0deg,roll,3.0000,0.4435,0.5326,0.2009,roll-3.0,2638,0.0432,True
kitti,window5,000010..000016,roll_3.0deg,roll,3.0000,0.4355,0.5385,0.2365,roll-3.0,2682,0.0432,True
kitti,window5,000011..000019,roll_3.0deg,roll,3.0000,0.4419,0.5445,0.2322,roll-3.0,2633,0.0432,True
kitti,window5,000012..000021,roll_3.0deg,roll,3.0000,0.4324,0.5361,0.2397,roll-3.0,2540,0.0432,True
kitti,window5,000015..000023,roll_3.0deg,roll,3.0000,0.4294,0.5248,0.2222,roll-3.0,2680,0.0432,True
kitti,window5,000016..000025,roll_3.0deg,roll,3.0000,0.4738,0.5200,0.0974,roll-3.0,2118,0.0432,True
kitti,window5,000019..000031,roll_3.0deg,roll,3.0000,0.4683,0.5333,0.1387,roll-3.0,2508,0.0432,True
kitti,window5,000021..000032,roll_3.0deg,roll,3.0000,0.4512,0.5267,0.1673,roll-3.0,3049,0.0432,True
kitti,window5,000023..000043,roll_3.0deg,roll,3.0000,0.4609,0.5328,0.1559,roll-3.0,3308,0.0432,True
kitti,window5,000025..000048,roll_3.0deg,roll,3.0000,0.5130,0.5699,0.1109,roll-3.0,4630,0.0432,True
kitti,window5,000031..000049,roll_3.0deg,roll,3.0000,0.4853,0.5667,0.1678,roll-3.0,4535,0.0432,True
kitti,window5,000032..000061,roll_3.0deg,roll,3.0000,0.5017,0.5686,0.1333,roll-3.0,4030,0.0432,True
kitti,single,000001,tleft_10cm,tleft,10.0000,0.4600,0.4996,0.0860,roll-0.5,378,0.3110,False
kitti,single,000004,tleft_10cm,tleft,10.0000,0.3098,0.3224,0.0407,pitch+3.0,373,0.3110,False
kitti,single,000007,tleft_10cm,tleft,10.0000,0.3404,0.3732,0.0964,yaw+1.0,330,0.3110,False
kitti,single,000008,tleft_10cm,tleft,10.0000,0.4523,0.4839,0.0700,pitch-0.5,1072,0.3110,False
kitti,single,000009,tleft_10cm,tleft,10.0000,0.3535,0.4284,0.2120,pitch+2.0,196,0.3110,False
kitti,single,000010,tleft_10cm,tleft,10.0000,0.4663,0.4956,0.0629,roll+0.5,336,0.3110,False
kitti,single,000011,tleft_10cm,tleft,10.0000,0.5166,0.5717,0.1068,pitch-2.0,359,0.3110,False
kitti,single,000012,tleft_10cm,tleft,10.0000,0.5923,0.5974,0.0087,pitch+0.5,446,0.3110,False
kitti,single,000015,tleft_10cm,tleft,10.0000,0.5515,0.5537,0.0040,yaw+3.0,1334,0.3110,False
kitti,single,000016,tleft_10cm,tleft,10.0000,0.4388,0.4853,0.1061,roll+0.5,252,0.3110,False
kitti,single,000019,tleft_10cm,tleft,10.0000,0.5244,0.5658,0.0788,roll-1.0,236,0.3110,False
kitti,single,000021,tleft_10cm,tleft,10.0000,0.4833,0.5675,0.1742,roll+0.5,326,0.3110,False
kitti,single,000023,tleft_10cm,tleft,10.0000,0.5043,0.5208,0.0326,roll-0.5,421,0.3110,False
kitti,single,000025,tleft_10cm,tleft,10.0000,0.5342,0.5586,0.0457,pitch-1.0,770,0.3110,False
kitti,single,000031,tleft_10cm,tleft,10.0000,0.5427,0.5427,0.0000,none,678,0.3110,False
kitti,single,000032,tleft_10cm,tleft,10.0000,0.4894,0.4894,0.0000,none,738,0.3110,False
kitti,single,000043,tleft_10cm,tleft,10.0000,0.5259,0.5259,0.0000,none,496,0.3110,False
kitti,single,000048,tleft_10cm,tleft,10.0000,0.6191,0.6344,0.0248,roll+2.0,1714,0.3110,False
kitti,single,000049,tleft_10cm,tleft,10.0000,0.5028,0.5028,0.0000,none,698,0.3110,False
kitti,single,000061,tleft_10cm,tleft,10.0000,0.4499,0.4782,0.0628,roll-0.5,121,0.3110,False
kitti,window5,000001..000009,tleft_10cm,tleft,10.0000,0.4069,0.4150,0.0199,roll+3.0,2349,0.0432,False
kitti,window5,000004..000010,tleft_10cm,tleft,10.0000,0.4069,0.4125,0.0139,pitch-0.5,2307,0.0432,False
kitti,window5,000007..000011,tleft_10cm,tleft,10.0000,0.4399,0.4506,0.0244,yaw-0.5,2293,0.0432,False
kitti,window5,000008..000012,tleft_10cm,tleft,10.0000,0.4817,0.4928,0.0230,pitch-0.5,2409,0.0432,False
kitti,window5,000009..000015,tleft_10cm,tleft,10.0000,0.5284,0.5284,0.0000,none,2671,0.0432,False
kitti,window5,000010..000016,tleft_10cm,tleft,10.0000,0.5327,0.5327,0.0000,none,2727,0.0432,False
kitti,window5,000011..000019,tleft_10cm,tleft,10.0000,0.5404,0.5494,0.0167,roll-1.0,2627,0.0432,False
kitti,window5,000012..000021,tleft_10cm,tleft,10.0000,0.5365,0.5420,0.0101,roll-1.0,2594,0.0432,False
kitti,window5,000015..000023,tleft_10cm,tleft,10.0000,0.5216,0.5259,0.0083,roll-0.5,2569,0.0432,False
kitti,window5,000016..000025,tleft_10cm,tleft,10.0000,0.5065,0.5124,0.0116,yaw-0.5,2005,0.0432,False
kitti,window5,000019..000031,tleft_10cm,tleft,10.0000,0.5236,0.5268,0.0060,yaw-0.5,2431,0.0432,False
kitti,window5,000021..000032,tleft_10cm,tleft,10.0000,0.5149,0.5155,0.0010,yaw-0.5,2933,0.0432,False
kitti,window5,000023..000043,tleft_10cm,tleft,10.0000,0.5200,0.5200,0.0000,none,3103,0.0432,False
kitti,window5,000025..000048,tleft_10cm,tleft,10.0000,0.5602,0.5602,0.0000,none,4396,0.0432,False
kitti,window5,000031..000049,tleft_10cm,tleft,10.0000,0.5555,0.5555,0.0000,none,4324,0.0432,False
kitti,window5,000032..000061,tleft_10cm,tleft,10.0000,0.5544,0.5544,0.0000,none,3767,0.0432,False
kitti,single,000001,tup_10cm,tup,10.0000,0.4162,0.5395,0.2964,roll+1.0,548,0.3110,False
kitti,single,000004,tup_10cm,tup,10.0000,0.3816,0.4076,0.0681,roll+0.5,407,0.3110,False
kitti,single,000007,tup_10cm,tup,10.0000,0.4028,0.4214,0.0463,yaw-1.0,442,0.3110,False
kitti,single,000008,tup_10cm,tup,10.0000,0.4833,0.4913,0.0166,pitch+0.5,1145,0.3110,False
kitti,single,000009,tup_10cm,tup,10.0000,0.3197,0.4204,0.3150,pitch+2.0,236,0.3110,True
kitti,single,000010,tup_10cm,tup,10.0000,0.4842,0.4919,0.0160,roll+0.5,448,0.3110,False
kitti,single,000011,tup_10cm,tup,10.0000,0.5163,0.5771,0.1178,pitch-2.0,449,0.3110,False
kitti,single,000012,tup_10cm,tup,10.0000,0.6257,0.6366,0.0174,roll+0.5,432,0.3110,False
kitti,single,000015,tup_10cm,tup,10.0000,0.5351,0.5633,0.0528,pitch+0.5,1587,0.3110,False
kitti,single,000016,tup_10cm,tup,10.0000,0.4473,0.4860,0.0864,roll-0.5,391,0.3110,False
kitti,single,000019,tup_10cm,tup,10.0000,0.5086,0.5489,0.0793,roll+1.0,332,0.3110,False
kitti,single,000021,tup_10cm,tup,10.0000,0.4798,0.5068,0.0561,roll-1.0,347,0.3110,False
kitti,single,000023,tup_10cm,tup,10.0000,0.4495,0.6024,0.3400,yaw+3.0,629,0.3110,True
kitti,single,000025,tup_10cm,tup,10.0000,0.5396,0.5582,0.0345,pitch+0.5,1029,0.3110,False
kitti,single,000031,tup_10cm,tup,10.0000,0.4745,0.4931,0.0392,pitch+0.5,753,0.3110,False
kitti,single,000032,tup_10cm,tup,10.0000,0.4205,0.4492,0.0682,pitch+0.5,1043,0.3110,False
kitti,single,000043,tup_10cm,tup,10.0000,0.5226,0.5226,0.0000,none,513,0.3110,False
kitti,single,000048,tup_10cm,tup,10.0000,0.5949,0.6200,0.0422,roll+1.0,2100,0.3110,False
kitti,single,000049,tup_10cm,tup,10.0000,0.4651,0.4783,0.0285,pitch+0.5,808,0.3110,False
kitti,single,000061,tup_10cm,tup,10.0000,0.5019,0.5019,0.0000,none,124,0.3110,False
kitti,window5,000001..000009,tup_10cm,tup,10.0000,0.4284,0.4529,0.0570,pitch+0.5,2778,0.0432,True
kitti,window5,000004..000010,tup_10cm,tup,10.0000,0.4403,0.4426,0.0054,roll+0.5,2678,0.0432,False
kitti,window5,000007..000011,tup_10cm,tup,10.0000,0.4616,0.4633,0.0036,roll-0.5,2720,0.0432,False
kitti,window5,000008..000012,tup_10cm,tup,10.0000,0.4973,0.4973,0.0000,none,2710,0.0432,False
kitti,window5,000009..000015,tup_10cm,tup,10.0000,0.5214,0.5317,0.0197,roll-0.5,3152,0.0432,False
kitti,window5,000010..000016,tup_10cm,tup,10.0000,0.5271,0.5377,0.0202,roll-0.5,3307,0.0432,False
kitti,window5,000011..000019,tup_10cm,tup,10.0000,0.5312,0.5421,0.0205,roll-0.5,3191,0.0432,False
kitti,window5,000012..000021,tup_10cm,tup,10.0000,0.5276,0.5368,0.0174,roll-0.5,3089,0.0432,False
kitti,window5,000015..000023,tup_10cm,tup,10.0000,0.4997,0.5277,0.0559,pitch+0.5,3286,0.0432,True
kitti,window5,000016..000025,tup_10cm,tup,10.0000,0.4942,0.5189,0.0499,pitch+0.5,2728,0.0432,True
kitti,window5,000019..000031,tup_10cm,tup,10.0000,0.4953,0.5293,0.0686,pitch+0.5,3090,0.0432,True
kitti,window5,000021..000032,tup_10cm,tup,10.0000,0.4737,0.5089,0.0743,pitch+0.5,3801,0.0432,True
kitti,window5,000023..000043,tup_10cm,tup,10.0000,0.4794,0.5119,0.0677,pitch+0.5,3967,0.0432,True
kitti,window5,000025..000048,tup_10cm,tup,10.0000,0.5275,0.5433,0.0300,pitch+0.5,5438,0.0432,False
kitti,window5,000031..000049,tup_10cm,tup,10.0000,0.5154,0.5306,0.0293,pitch+0.5,5217,0.0432,False
kitti,window5,000032..000061,tup_10cm,tup,10.0000,0.5218,0.5335,0.0225,pitch+0.5,4588,0.0432,False
kitti,single,000001,tfwd_10cm,tfwd,10.0000,0.5023,0.5201,0.0355,roll+3.0,412,0.3110,False
kitti,single,000004,tfwd_10cm,tfwd,10.0000,0.3309,0.3478,0.0511,pitch+3.0,358,0.3110,False
kitti,single,000007,tfwd_10cm,tfwd,10.0000,0.3483,0.3835,0.1008,yaw+2.0,359,0.3110,False
kitti,single,000008,tfwd_10cm,tfwd,10.0000,0.4779,0.4876,0.0203,pitch-0.5,1099,0.3110,False
kitti,single,000009,tfwd_10cm,tfwd,10.0000,0.3653,0.4326,0.1842,pitch+2.0,189,0.3110,False
kitti,single,000010,tfwd_10cm,tfwd,10.0000,0.4761,0.5673,0.1915,pitch-0.5,341,0.3110,False
kitti,single,000011,tfwd_10cm,tfwd,10.0000,0.5091,0.5327,0.0463,roll-0.5,374,0.3110,False
kitti,single,000012,tfwd_10cm,tfwd,10.0000,0.6147,0.6147,0.0000,none,293,0.3110,False
kitti,single,000015,tfwd_10cm,tfwd,10.0000,0.5556,0.5556,0.0000,none,1387,0.3110,False
kitti,single,000016,tfwd_10cm,tfwd,10.0000,0.4313,0.4860,0.1269,pitch-0.5,258,0.3110,False
kitti,single,000019,tfwd_10cm,tfwd,10.0000,0.5214,0.5552,0.0648,roll-0.5,299,0.3110,False
kitti,single,000021,tfwd_10cm,tfwd,10.0000,0.4864,0.5499,0.1304,roll+0.5,329,0.3110,False
kitti,single,000023,tfwd_10cm,tfwd,10.0000,0.5559,0.5559,0.0000,none,442,0.3110,False
kitti,single,000025,tfwd_10cm,tfwd,10.0000,0.5508,0.5720,0.0385,roll+1.0,827,0.3110,False
kitti,single,000031,tfwd_10cm,tfwd,10.0000,0.5270,0.5305,0.0068,roll-0.5,654,0.3110,False
kitti,single,000032,tfwd_10cm,tfwd,10.0000,0.4948,0.4948,0.0000,none,774,0.3110,False
kitti,single,000043,tfwd_10cm,tfwd,10.0000,0.5360,0.5360,0.0000,none,528,0.3110,False
kitti,single,000048,tfwd_10cm,tfwd,10.0000,0.6259,0.6278,0.0030,roll+1.0,1749,0.3110,False
kitti,single,000049,tfwd_10cm,tfwd,10.0000,0.5256,0.5256,0.0000,none,669,0.3110,False
kitti,single,000061,tfwd_10cm,tfwd,10.0000,0.4645,0.4722,0.0166,roll+0.5,117,0.3110,False
kitti,window5,000001..000009,tfwd_10cm,tfwd,10.0000,0.4322,0.4322,0.0000,none,2417,0.0432,False
kitti,window5,000004..000010,tfwd_10cm,tfwd,10.0000,0.4263,0.4263,0.0000,none,2346,0.0432,False
kitti,window5,000007..000011,tfwd_10cm,tfwd,10.0000,0.4539,0.4602,0.0138,pitch-0.5,2362,0.0432,False
kitti,window5,000008..000012,tfwd_10cm,tfwd,10.0000,0.4909,0.4996,0.0176,pitch-0.5,2296,0.0432,False
kitti,window5,000009..000015,tfwd_10cm,tfwd,10.0000,0.5312,0.5312,0.0000,none,2584,0.0432,False
kitti,window5,000010..000016,tfwd_10cm,tfwd,10.0000,0.5333,0.5347,0.0026,roll+0.5,2653,0.0432,False
kitti,window5,000011..000019,tfwd_10cm,tfwd,10.0000,0.5394,0.5395,0.0001,roll-0.5,2611,0.0432,False
kitti,window5,000012..000021,tfwd_10cm,tfwd,10.0000,0.5370,0.5370,0.0000,none,2566,0.0432,False
kitti,window5,000015..000023,tfwd_10cm,tfwd,10.0000,0.5317,0.5317,0.0000,none,2715,0.0432,False
kitti,window5,000016..000025,tfwd_10cm,tfwd,10.0000,0.5236,0.5236,0.0000,none,2155,0.0432,False
kitti,window5,000019..000031,tfwd_10cm,tfwd,10.0000,0.5338,0.5338,0.0000,none,2551,0.0432,False
kitti,window5,000021..000032,tfwd_10cm,tfwd,10.0000,0.5251,0.5251,0.0000,none,3026,0.0432,False
kitti,window5,000023..000043,tfwd_10cm,tfwd,10.0000,0.5308,0.5308,0.0000,none,3225,0.0432,False
kitti,window5,000025..000048,tfwd_10cm,tfwd,10.0000,0.5651,0.5651,0.0000,none,4532,0.0432,False
kitti,window5,000031..000049,tfwd_10cm,tfwd,10.0000,0.5617,0.5617,0.0000,none,4374,0.0432,False
kitti,window5,000032..000061,tfwd_10cm,tfwd,10.0000,0.5647,0.5647,0.0000,none,3837,0.0432,False
nuscenes,single,scene-0103_000,baseline,baseline,0.0000,0.3654,0.3779,0.0341,pitch+1.0,65,6.8130,False
nuscenes,single,scene-0103_001,baseline,baseline,0.0000,0.2783,0.3807,0.3683,pitch-1.0,51,6.8130,False
nuscenes,single,scene-0103_002,baseline,baseline,0.0000,0.3353,0.3353,0.0000,none,38,6.8130,False
nuscenes,single,scene-0103_003,baseline,baseline,0.0000,0.3043,0.3171,0.0422,pitch+0.5,36,6.8130,False
nuscenes,single,scene-0103_004,baseline,baseline,0.0000,0.2977,0.3286,0.1037,roll-0.5,30,6.8130,False
nuscenes,single,scene-0103_005,baseline,baseline,0.0000,0.1377,0.3029,1.1995,yaw-1.0,22,6.8130,False
nuscenes,single,scene-0103_006,baseline,baseline,0.0000,0.4030,0.4890,0.2132,roll+0.5,13,6.8130,False
nuscenes,single,scene-0103_007,baseline,baseline,0.0000,0.4208,0.4608,0.0952,yaw+0.5,16,6.8130,False
nuscenes,single,scene-0103_008,baseline,baseline,0.0000,0.0874,0.2683,2.0678,roll-3.0,28,6.8130,False
nuscenes,single,scene-0103_009,baseline,baseline,0.0000,0.1677,0.2032,0.2118,roll-2.0,44,6.8130,False
nuscenes,single,scene-0103_010,baseline,baseline,0.0000,0.0784,0.2374,2.0288,roll-2.0,46,6.8130,False
nuscenes,single,scene-0103_011,baseline,baseline,0.0000,0.0665,0.2796,3.2048,roll-3.0,54,6.8130,False
nuscenes,single,scene-0103_012,baseline,baseline,0.0000,0.0449,0.1209,1.6956,roll-3.0,61,6.8130,False
nuscenes,single,scene-0103_013,baseline,baseline,0.0000,0.0215,0.1674,6.7930,roll-3.0,62,6.8130,False
nuscenes,single,scene-0103_014,baseline,baseline,0.0000,0.0830,0.1512,0.8216,roll-2.0,69,6.8130,False
nuscenes,single,scene-0103_015,baseline,baseline,0.0000,0.1117,0.1715,0.5356,roll-2.0,67,6.8130,False
nuscenes,single,scene-0103_016,baseline,baseline,0.0000,0.0960,0.1446,0.5060,roll-2.0,87,6.8130,False
nuscenes,single,scene-0103_017,baseline,baseline,0.0000,0.1777,0.2019,0.1361,yaw+1.0,112,6.8130,False
nuscenes,single,scene-0103_018,baseline,baseline,0.0000,0.1231,0.2007,0.6306,roll+0.5,110,6.8130,False
nuscenes,single,scene-0103_019,baseline,baseline,0.0000,0.1278,0.1772,0.3864,roll-1.0,94,6.8130,False
nuscenes,single,scene-0103_020,baseline,baseline,0.0000,0.0815,0.1654,1.0305,roll-3.0,70,6.8130,False
nuscenes,single,scene-0103_021,baseline,baseline,0.0000,0.1378,0.1992,0.4451,roll+0.5,64,6.8130,False
nuscenes,single,scene-0103_022,baseline,baseline,0.0000,0.1159,0.1375,0.1861,yaw-0.5,74,6.8130,False
nuscenes,single,scene-0103_023,baseline,baseline,0.0000,0.1345,0.1696,0.2611,roll-0.5,68,6.8130,False
nuscenes,single,scene-0103_024,baseline,baseline,0.0000,0.1172,0.1451,0.2380,yaw+3.0,58,6.8130,False
nuscenes,single,scene-0103_025,baseline,baseline,0.0000,0.1000,0.1362,0.3621,roll+0.5,59,6.8130,False
nuscenes,single,scene-0103_026,baseline,baseline,0.0000,0.1453,0.1481,0.0191,pitch-0.5,62,6.8130,False
nuscenes,single,scene-0103_027,baseline,baseline,0.0000,0.1118,0.1774,0.5869,pitch+1.0,62,6.8130,False
nuscenes,single,scene-0103_028,baseline,baseline,0.0000,0.0578,0.1107,0.9140,yaw-2.0,53,6.8130,False
nuscenes,single,scene-0103_029,baseline,baseline,0.0000,0.1273,0.2045,0.6060,pitch+2.0,54,6.8130,False
nuscenes,single,scene-0103_030,baseline,baseline,0.0000,0.2059,0.2241,0.0885,pitch+3.0,52,6.8130,False
nuscenes,single,scene-0103_031,baseline,baseline,0.0000,0.2106,0.2924,0.3884,pitch+2.0,43,6.8130,False
nuscenes,single,scene-0103_032,baseline,baseline,0.0000,0.1210,0.1961,0.6206,pitch+2.0,38,6.8130,False
nuscenes,single,scene-0103_033,baseline,baseline,0.0000,0.1749,0.2539,0.4519,roll-1.0,31,6.8130,False
nuscenes,single,scene-0103_034,baseline,baseline,0.0000,0.1123,0.2353,1.0957,roll-2.0,25,6.8130,False
nuscenes,single,scene-0103_035,baseline,baseline,0.0000,0.1861,0.3139,0.6866,pitch+2.0,22,6.8130,False
nuscenes,single,scene-0103_036,baseline,baseline,0.0000,0.1794,0.2625,0.4631,yaw+2.0,42,6.8130,False
nuscenes,single,scene-0103_037,baseline,baseline,0.0000,0.1573,0.2584,0.6426,pitch+2.0,27,6.8130,False
nuscenes,single,scene-0103_038,baseline,baseline,0.0000,0.2153,0.3279,0.5235,yaw+3.0,19,6.8130,False
nuscenes,single,scene-0103_039,baseline,baseline,0.0000,0.1102,0.2188,0.9851,roll-0.5,29,6.8130,False
nuscenes,single,scene-1094_000,baseline,baseline,0.0000,0.2479,0.3635,0.4662,roll+2.0,75,6.8130,False
nuscenes,single,scene-1094_001,baseline,baseline,0.0000,0.2524,0.3029,0.2000,roll+2.0,70,6.8130,False
nuscenes,single,scene-1094_002,baseline,baseline,0.0000,0.2697,0.3760,0.3943,roll+3.0,78,6.8130,False
nuscenes,single,scene-1094_003,baseline,baseline,0.0000,0.2368,0.3598,0.5191,roll+1.0,81,6.8130,False
nuscenes,single,scene-1094_004,baseline,baseline,0.0000,0.2998,0.4142,0.3817,yaw+3.0,68,6.8130,False
nuscenes,single,scene-1094_005,baseline,baseline,0.0000,0.3725,0.5580,0.4979,roll+0.5,62,6.8130,False
nuscenes,single,scene-1094_006,baseline,baseline,0.0000,0.2764,0.4825,0.7455,roll+1.0,53,6.8130,False
nuscenes,single,scene-1094_007,baseline,baseline,0.0000,0.4010,0.4330,0.0799,pitch-1.0,57,6.8130,False
nuscenes,single,scene-1094_008,baseline,baseline,0.0000,0.3855,0.4638,0.2031,pitch-0.5,44,6.8130,False
nuscenes,single,scene-1094_009,baseline,baseline,0.0000,0.3778,0.4944,0.3088,pitch-2.0,45,6.8130,False
nuscenes,single,scene-1094_010,baseline,baseline,0.0000,0.3492,0.4375,0.2527,pitch+1.0,47,6.8130,False
nuscenes,single,scene-1094_011,baseline,baseline,0.0000,0.2870,0.3588,0.2502,yaw+3.0,42,6.8130,False
nuscenes,single,scene-1094_012,baseline,baseline,0.0000,0.1921,0.3653,0.9018,pitch+3.0,41,6.8130,False
nuscenes,single,scene-1094_013,baseline,baseline,0.0000,0.3486,0.4258,0.2216,yaw+0.5,27,6.8130,False
nuscenes,single,scene-1094_014,baseline,baseline,0.0000,0.3085,0.4745,0.5381,pitch-2.0,16,6.8130,False
nuscenes,single,scene-1094_015,baseline,baseline,0.0000,0.1863,0.2878,0.5448,pitch-0.5,34,6.8130,False
nuscenes,single,scene-1094_016,baseline,baseline,0.0000,0.2706,0.3248,0.2004,yaw-0.5,30,6.8130,False
nuscenes,single,scene-1094_017,baseline,baseline,0.0000,0.2412,0.3340,0.3848,pitch-0.5,19,6.8130,False
nuscenes,single,scene-1094_018,baseline,baseline,0.0000,0.1556,0.2604,0.6734,pitch+2.0,27,6.8130,False
nuscenes,single,scene-1094_019,baseline,baseline,0.0000,0.1849,0.2896,0.5663,roll-2.0,28,6.8130,False
nuscenes,single,scene-1094_020,baseline,baseline,0.0000,0.1983,0.2971,0.4986,roll+2.0,51,6.8130,False
nuscenes,single,scene-1094_021,baseline,baseline,0.0000,0.1975,0.2681,0.3576,roll-2.0,64,6.8130,False
nuscenes,single,scene-1094_022,baseline,baseline,0.0000,0.0987,0.1496,0.5154,yaw+3.0,84,6.8130,False
nuscenes,single,scene-1094_023,baseline,baseline,0.0000,0.1376,0.1930,0.4024,yaw+1.0,81,6.8130,False
nuscenes,single,scene-1094_024,baseline,baseline,0.0000,0.1657,0.2565,0.5479,pitch+3.0,68,6.8130,False
nuscenes,single,scene-1094_025,baseline,baseline,0.0000,0.1241,0.2486,1.0038,roll+1.0,68,6.8130,False
nuscenes,single,scene-1094_026,baseline,baseline,0.0000,0.1570,0.1570,0.0000,none,74,6.8130,False
nuscenes,single,scene-1094_027,baseline,baseline,0.0000,0.0755,0.1450,0.9217,pitch+1.0,85,6.8130,False
nuscenes,single,scene-1094_028,baseline,baseline,0.0000,0.1122,0.2063,0.8388,yaw+3.0,110,6.8130,False
nuscenes,single,scene-1094_029,baseline,baseline,0.0000,0.1145,0.1344,0.1733,roll-2.0,72,6.8130,False
nuscenes,single,scene-1094_030,baseline,baseline,0.0000,0.1241,0.1373,0.1061,roll-3.0,85,6.8130,False
nuscenes,single,scene-1094_031,baseline,baseline,0.0000,0.1195,0.1827,0.5282,roll-3.0,86,6.8130,False
nuscenes,single,scene-1094_032,baseline,baseline,0.0000,0.0871,0.1575,0.8080,roll-0.5,80,6.8130,False
nuscenes,single,scene-1094_033,baseline,baseline,0.0000,0.1229,0.1704,0.3863,yaw-3.0,88,6.8130,False
nuscenes,single,scene-1094_034,baseline,baseline,0.0000,0.1163,0.1799,0.5461,roll+2.0,85,6.8130,False
nuscenes,single,scene-1094_035,baseline,baseline,0.0000,0.0853,0.1843,1.1591,roll+2.0,89,6.8130,False
nuscenes,single,scene-1094_036,baseline,baseline,0.0000,0.0629,0.1337,1.1262,pitch+2.0,80,6.8130,False
nuscenes,single,scene-1094_037,baseline,baseline,0.0000,0.0877,0.1545,0.7616,roll-0.5,61,6.8130,False
nuscenes,single,scene-1094_038,baseline,baseline,0.0000,0.1120,0.1348,0.2037,pitch+2.0,57,6.8130,False
nuscenes,single,scene-1094_039,baseline,baseline,0.0000,0.1599,0.1599,0.0000,none,73,6.8130,False
nuscenes,window5,scene-0103_000..scene-0103_004,baseline,baseline,0.0000,0.3208,0.3288,0.0249,pitch+1.0,220,1.7379,False
nuscenes,window5,scene-0103_001..scene-0103_005,baseline,baseline,0.0000,0.2816,0.2971,0.0551,pitch+1.0,177,1.7379,False
nuscenes,window5,scene-0103_002..scene-0103_006,baseline,baseline,0.0000,0.2942,0.2943,0.0002,roll-0.5,139,1.7379,False
nuscenes,window5,scene-0103_003..scene-0103_007,baseline,baseline,0.0000,0.2982,0.3066,0.0282,roll-0.5,117,1.7379,False
nuscenes,window5,scene-0103_004..scene-0103_008,baseline,baseline,0.0000,0.2420,0.2759,0.1399,roll-1.0,109,1.7379,False
nuscenes,window5,scene-0103_005..scene-0103_009,baseline,baseline,0.0000,0.2019,0.2412,0.1949,roll-1.0,123,1.7379,False
nuscenes,window5,scene-0103_006..scene-0103_010,baseline,baseline,0.0000,0.1728,0.2247,0.3005,roll-2.0,147,1.7379,False
nuscenes,window5,scene-0103_007..scene-0103_011,baseline,baseline,0.0000,0.1264,0.2049,0.6214,roll-2.0,188,1.7379,False
nuscenes,window5,scene-0103_008..scene-0103_012,baseline,baseline,0.0000,0.0848,0.1729,1.0392,roll-3.0,233,1.7379,False
nuscenes,window5,scene-0103_009..scene-0103_013,baseline,baseline,0.0000,0.0698,0.1628,1.3321,roll-2.0,267,1.7379,False
nuscenes,window5,scene-0103_010..scene-0103_014,baseline,baseline,0.0000,0.0582,0.1582,1.7179,roll-3.0,292,1.7379,False
nuscenes,window5,scene-0103_011..scene-0103_015,baseline,baseline,0.0000,0.0667,0.1616,1.4241,roll-3.0,313,1.7379,False
nuscenes,window5,scene-0103_012..scene-0103_016,baseline,baseline,0.0000,0.0741,0.1395,0.8832,roll-2.0,346,1.7379,False
nuscenes,window5,scene-0103_013..scene-0103_017,baseline,baseline,0.0000,0.1078,0.1440,0.3359,roll-3.0,397,1.7379,False
nuscenes,window5,scene-0103_014..scene-0103_018,baseline,baseline,0.0000,0.1236,0.1411,0.1412,pitch-2.0,445,1.7379,False
nuscenes,window5,scene-0103_015..scene-0103_019,baseline,baseline,0.0000,0.1304,0.1502,0.1516,pitch-2.0,470,1.7379,False
nuscenes,window5,scene-0103_016..scene-0103_020,baseline,baseline,0.0000,0.1258,0.1481,0.1767,pitch-2.0,473,1.7379,False
nuscenes,window5,scene-0103_017..scene-0103_021,baseline,baseline,0.0000,0.1333,0.1521,0.1415,roll+0.5,450,1.7379,False
nuscenes,window5,scene-0103_018..scene-0103_022,baseline,baseline,0.0000,0.1181,0.1515,0.2826,roll+0.5,412,1.7379,False
nuscenes,window5,scene-0103_019..scene-0103_023,baseline,baseline,0.0000,0.1196,0.1515,0.2665,pitch-1.0,370,1.7379,False
nuscenes,window5,scene-0103_020..scene-0103_024,baseline,baseline,0.0000,0.1169,0.1446,0.2372,pitch-1.0,334,1.7379,False
nuscenes,window5,scene-0103_021..scene-0103_025,baseline,baseline,0.0000,0.1215,0.1359,0.1188,pitch-0.5,323,1.7379,False
nuscenes,window5,scene-0103_022..scene-0103_026,baseline,baseline,0.0000,0.1228,0.1319,0.0735,pitch-0.5,321,1.7379,False
nuscenes,window5,scene-0103_023..scene-0103_027,baseline,baseline,0.0000,0.1223,0.1408,0.1513,pitch-0.5,309,1.7379,False
nuscenes,window5,scene-0103_024..scene-0103_028,baseline,baseline,0.0000,0.1078,0.1230,0.1405,pitch-0.5,294,1.7379,False
nuscenes,window5,scene-0103_025..scene-0103_029,baseline,baseline,0.0000,0.1096,0.1296,0.1829,roll-0.5,290,1.7379,False
nuscenes,window5,scene-0103_026..scene-0103_030,baseline,baseline,0.0000,0.1293,0.1545,0.1951,roll-0.5,283,1.7379,False
nuscenes,window5,scene-0103_027..scene-0103_031,baseline,baseline,0.0000,0.1388,0.1778,0.2810,pitch+2.0,264,1.7379,False
nuscenes,window5,scene-0103_028..scene-0103_032,baseline,baseline,0.0000,0.1429,0.1883,0.3176,pitch+2.0,240,1.7379,False
nuscenes,window5,scene-0103_029..scene-0103_033,baseline,baseline,0.0000,0.1682,0.2093,0.2447,pitch+2.0,218,1.7379,False
nuscenes,window5,scene-0103_030..scene-0103_034,baseline,baseline,0.0000,0.1724,0.2032,0.1783,pitch+2.0,189,1.7379,False
nuscenes,window5,scene-0103_031..scene-0103_035,baseline,baseline,0.0000,0.1634,0.2242,0.3724,pitch+2.0,159,1.7379,False
nuscenes,window5,scene-0103_032..scene-0103_036,baseline,baseline,0.0000,0.1548,0.1896,0.2250,pitch+2.0,158,1.7379,False
nuscenes,window5,scene-0103_033..scene-0103_037,baseline,baseline,0.0000,0.1640,0.2003,0.2216,pitch+2.0,147,1.7379,False
nuscenes,window5,scene-0103_034..scene-0103_038,baseline,baseline,0.0000,0.1687,0.2231,0.3225,pitch+2.0,135,1.7379,False
nuscenes,window5,scene-0103_035..scene-0103_039,baseline,baseline,0.0000,0.1667,0.2287,0.3720,pitch+2.0,139,1.7379,False
nuscenes,window5,scene-1094_000..scene-1094_004,baseline,baseline,0.0000,0.2604,0.3439,0.3205,roll+0.5,372,1.7379,False
nuscenes,window5,scene-1094_001..scene-1094_005,baseline,baseline,0.0000,0.2824,0.3780,0.3386,roll+0.5,359,1.7379,False
nuscenes,window5,scene-1094_002..scene-1094_006,baseline,baseline,0.0000,0.2876,0.3972,0.3811,roll+0.5,342,1.7379,False
nuscenes,window5,scene-1094_003..scene-1094_007,baseline,baseline,0.0000,0.3121,0.4180,0.3393,roll+1.0,321,1.7379,False
nuscenes,window5,scene-1094_004..scene-1094_008,baseline,baseline,0.0000,0.3449,0.4411,0.2788,roll+0.5,284,1.7379,False
nuscenes,window5,scene-1094_005..scene-1094_009,baseline,baseline,0.0000,0.3623,0.4589,0.2664,roll+0.5,261,1.7379,False
nuscenes,window5,scene-1094_006..scene-1094_010,baseline,baseline,0.0000,0.3573,0.4128,0.1556,roll+0.5,246,1.7379,False
nuscenes,window5,scene-1094_007..scene-1094_011,baseline,baseline,0.0000,0.3629,0.3990,0.0995,pitch+1.0,235,1.7379,False
nuscenes,window5,scene-1094_008..scene-1094_012,baseline,baseline,0.0000,0.3210,0.3704,0.1539,pitch+1.0,219,1.7379,False
nuscenes,window5,scene-1094_009..scene-1094_013,baseline,baseline,0.0000,0.3107,0.3425,0.1024,pitch+1.0,202,1.7379,False
nuscenes,window5,scene-1094_010..scene-1094_014,baseline,baseline,0.0000,0.2930,0.3285,0.1212,pitch+1.0,173,1.7379,False
nuscenes,window5,scene-1094_011..scene-1094_015,baseline,baseline,0.0000,0.2538,0.2900,0.1426,pitch+0.5,160,1.7379,False
nuscenes,window5,scene-1094_012..scene-1094_016,baseline,baseline,0.0000,0.2478,0.2945,0.1884,pitch-0.5,148,1.7379,False
nuscenes,window5,scene-1094_013..scene-1094_017,baseline,baseline,0.0000,0.2649,0.3261,0.2309,pitch-0.5,126,1.7379,False
nuscenes,window5,scene-1094_014..scene-1094_018,baseline,baseline,0.0000,0.2236,0.2846,0.2727,pitch-0.5,126,1.7379,False
nuscenes,window5,scene-1094_015..scene-1094_019,baseline,baseline,0.0000,0.2059,0.2456,0.1928,pitch-0.5,138,1.7379,False
nuscenes,window5,scene-1094_016..scene-1094_020,baseline,baseline,0.0000,0.2077,0.2393,0.1522,roll-2.0,155,1.7379,False
nuscenes,window5,scene-1094_017..scene-1094_021,baseline,baseline,0.0000,0.1942,0.2536,0.3058,roll-2.0,189,1.7379,False
nuscenes,window5,scene-1094_018..scene-1094_022,baseline,baseline,0.0000,0.1592,0.2197,0.3803,roll-2.0,254,1.7379,False
nuscenes,window5,scene-1094_019..scene-1094_023,baseline,baseline,0.0000,0.1538,0.1787,0.1619,roll-2.0,308,1.7379,False
nuscenes,window5,scene-1094_020..scene-1094_024,baseline,baseline,0.0000,0.1536,0.1666,0.0842,pitch-3.0,348,1.7379,False
nuscenes,window5,scene-1094_021..scene-1094_025,baseline,baseline,0.0000,0.1419,0.1657,0.1680,pitch-3.0,365,1.7379,False
nuscenes,window5,scene-1094_022..scene-1094_026,baseline,baseline,0.0000,0.1354,0.1479,0.0927,roll+1.0,375,1.7379,False
nuscenes,window5,scene-1094_023..scene-1094_027,baseline,baseline,0.0000,0.1300,0.1482,0.1398,pitch+1.0,376,1.7379,False
nuscenes,window5,scene-1094_024..scene-1094_028,baseline,baseline,0.0000,0.1236,0.1500,0.2133,pitch+3.0,405,1.7379,False
nuscenes,window5,scene-1094_025..scene-1094_029,baseline,baseline,0.0000,0.1150,0.1360,0.1822,yaw-3.0,409,1.7379,False
nuscenes,window5,scene-1094_026..scene-1094_030,baseline,baseline,0.0000,0.1154,0.1235,0.0704,yaw+2.0,426,1.7379,False
nuscenes,window5,scene-1094_027..scene-1094_031,baseline,baseline,0.0000,0.1092,0.1450,0.3280,roll-3.0,438,1.7379,False
nuscenes,window5,scene-1094_028..scene-1094_032,baseline,baseline,0.0000,0.1117,0.1483,0.3268,roll-3.0,433,1.7379,False
nuscenes,window5,scene-1094_029..scene-1094_033,baseline,baseline,0.0000,0.1140,0.1449,0.2710,roll-3.0,411,1.7379,False
nuscenes,window5,scene-1094_030..scene-1094_034,baseline,baseline,0.0000,0.1144,0.1417,0.2384,pitch+3.0,424,1.7379,False
nuscenes,window5,scene-1094_031..scene-1094_035,baseline,baseline,0.0000,0.1064,0.1492,0.4022,pitch+3.0,428,1.7379,False
nuscenes,window5,scene-1094_032..scene-1094_036,baseline,baseline,0.0000,0.0955,0.1475,0.5440,roll+2.0,422,1.7379,False
nuscenes,window5,scene-1094_033..scene-1094_037,baseline,baseline,0.0000,0.0960,0.1555,0.6198,pitch+3.0,403,1.7379,False
nuscenes,window5,scene-1094_034..scene-1094_038,baseline,baseline,0.0000,0.0921,0.1488,0.6160,pitch+3.0,372,1.7379,False
nuscenes,window5,scene-1094_035..scene-1094_039,baseline,baseline,0.0000,0.1001,0.1321,0.3195,pitch+3.0,360,1.7379,False
nuscenes,single,scene-0103_000,yaw_0.5deg,yaw,0.5000,0.2526,0.3654,0.4466,yaw-0.5,62,6.8130,False
nuscenes,single,scene-0103_001,yaw_0.5deg,yaw,0.5000,0.2404,0.3248,0.3513,yaw-3.0,45,6.8130,False
nuscenes,single,scene-0103_002,yaw_0.5deg,yaw,0.5000,0.2258,0.3353,0.4853,yaw-0.5,34,6.8130,False
nuscenes,single,scene-0103_003,yaw_0.5deg,yaw,0.5000,0.1737,0.3043,0.7514,yaw-0.5,35,6.8130,False
nuscenes,single,scene-0103_004,yaw_0.5deg,yaw,0.5000,0.1954,0.3117,0.5955,yaw-1.0,30,6.8130,False
nuscenes,single,scene-0103_005,yaw_0.5deg,yaw,0.5000,0.1643,0.3219,0.9593,yaw-2.0,28,6.8130,False
nuscenes,single,scene-0103_006,yaw_0.5deg,yaw,0.5000,0.1583,0.4232,1.6733,roll+2.0,14,6.8130,False
nuscenes,single,scene-0103_007,yaw_0.5deg,yaw,0.5000,0.4608,0.4800,0.0417,yaw+1.0,15,6.8130,False
nuscenes,single,scene-0103_008,yaw_0.5deg,yaw,0.5000,0.0928,0.3013,2.2462,roll-3.0,31,6.8130,False
nuscenes,single,scene-0103_009,yaw_0.5deg,yaw,0.5000,0.1167,0.1681,0.4402,roll+3.0,41,6.8130,False
nuscenes,single,scene-0103_010,yaw_0.5deg,yaw,0.5000,0.0496,0.1782,2.5934,roll-2.0,43,6.8130,False
nuscenes,single,scene-0103_011,yaw_0.5deg,yaw,0.5000,0.0725,0.2321,2.2030,roll-3.0,50,6.8130,False
nuscenes,single,scene-0103_012,yaw_0.5deg,yaw,0.5000,0.0357,0.1557,3.3576,roll-3.0,59,6.8130,False
nuscenes,single,scene-0103_013,yaw_0.5deg,yaw,0.5000,0.0353,0.1690,3.7937,roll-3.0,57,6.8130,False
nuscenes,single,scene-0103_014,yaw_0.5deg,yaw,0.5000,0.0541,0.1338,1.4720,roll-2.0,74,6.8130,False
nuscenes,single,scene-0103_015,yaw_0.5deg,yaw,0.5000,0.0872,0.1743,0.9994,roll-1.0,70,6.8130,False
nuscenes,single,scene-0103_016,yaw_0.5deg,yaw,0.5000,0.0762,0.1601,1.1002,roll-3.0,84,6.8130,False
nuscenes,single,scene-0103_017,yaw_0.5deg,yaw,0.5000,0.1813,0.2019,0.1132,yaw+0.5,116,6.8130,False
nuscenes,single,scene-0103_018,yaw_0.5deg,yaw,0.5000,0.1432,0.1993,0.3911,roll+0.5,106,6.8130,False
nuscenes,single,scene-0103_019,yaw_0.5deg,yaw,0.5000,0.1034,0.1457,0.4097,pitch+3.0,91,6.8130,False
nuscenes,single,scene-0103_020,yaw_0.5deg,yaw,0.5000,0.0959,0.1715,0.7875,pitch-1.0,68,6.8130,False
nuscenes,single,scene-0103_021,yaw_0.5deg,yaw,0.5000,0.1199,0.2006,0.6733,roll+0.5,62,6.8130,False
nuscenes,single,scene-0103_022,yaw_0.5deg,yaw,0.5000,0.1350,0.1375,0.0183,yaw-1.0,73,6.8130,False
nuscenes,single,scene-0103_023,yaw_0.5deg,yaw,0.5000,0.1204,0.1418,0.1775,yaw+2.0,66,6.8130,False
nuscenes,single,scene-0103_024,yaw_0.5deg,yaw,0.5000,0.0876,0.1210,0.3814,yaw-1.0,59,6.8130,False
nuscenes,single,scene-0103_025,yaw_0.5deg,yaw,0.5000,0.0808,0.1246,0.5425,pitch+1.0,61,6.8130,False
nuscenes,single,scene-0103_026,yaw_0.5deg,yaw,0.5000,0.1035,0.1453,0.4047,yaw-0.5,62,6.8130,False
nuscenes,single,scene-0103_027,yaw_0.5deg,yaw,0.5000,0.1532,0.2008,0.3107,pitch-2.0,60,6.8130,False
nuscenes,single,scene-0103_028,yaw_0.5deg,yaw,0.5000,0.0419,0.1495,2.5667,yaw-3.0,49,6.8130,False
nuscenes,single,scene-0103_029,yaw_0.5deg,yaw,0.5000,0.1255,0.1580,0.2585,yaw+0.5,56,6.8130,False
nuscenes,single,scene-0103_030,yaw_0.5deg,yaw,0.5000,0.1340,0.2083,0.5540,pitch+3.0,59,6.8130,False
nuscenes,single,scene-0103_031,yaw_0.5deg,yaw,0.5000,0.1508,0.2222,0.4734,roll+1.0,45,6.8130,False
nuscenes,single,scene-0103_032,yaw_0.5deg,yaw,0.5000,0.0882,0.1472,0.6688,pitch+2.0,38,6.8130,False
nuscenes,single,scene-0103_033,yaw_0.5deg,yaw,0.5000,0.1384,0.2694,0.9473,roll-1.0,33,6.8130,False
nuscenes,single,scene-0103_034,yaw_0.5deg,yaw,0.5000,0.0919,0.1996,1.1712,pitch+2.0,26,6.8130,False
nuscenes,single,scene-0103_035,yaw_0.5deg,yaw,0.5000,0.1633,0.2290,0.4028,roll-3.0,21,6.8130,False
nuscenes,single,scene-0103_036,yaw_0.5deg,yaw,0.5000,0.2054,0.2146,0.0450,roll-3.0,40,6.8130,False
nuscenes,single,scene-0103_037,yaw_0.5deg,yaw,0.5000,0.2417,0.2772,0.1466,pitch+3.0,26,6.8130,False
nuscenes,single,scene-0103_038,yaw_0.5deg,yaw,0.5000,0.2070,0.4150,1.0046,yaw+2.0,19,6.8130,False
nuscenes,single,scene-0103_039,yaw_0.5deg,yaw,0.5000,0.0975,0.2122,1.1756,pitch+1.0,29,6.8130,False
nuscenes,single,scene-1094_000,yaw_0.5deg,yaw,0.5000,0.2136,0.3425,0.6035,roll+2.0,72,6.8130,False
nuscenes,single,scene-1094_001,yaw_0.5deg,yaw,0.5000,0.2194,0.2859,0.3032,roll+3.0,71,6.8130,False
nuscenes,single,scene-1094_002,yaw_0.5deg,yaw,0.5000,0.2737,0.3652,0.3344,roll+3.0,78,6.8130,False
nuscenes,single,scene-1094_003,yaw_0.5deg,yaw,0.5000,0.2854,0.3149,0.1034,roll+1.0,84,6.8130,False
nuscenes,single,scene-1094_004,yaw_0.5deg,yaw,0.5000,0.2893,0.3842,0.3279,yaw+3.0,68,6.8130,False
nuscenes,single,scene-1094_005,yaw_0.5deg,yaw,0.5000,0.2976,0.4858,0.6323,roll+0.5,63,6.8130,False
nuscenes,single,scene-1094_006,yaw_0.5deg,yaw,0.5000,0.2873,0.4248,0.4788,roll+1.0,52,6.8130,False
nuscenes,single,scene-1094_007,yaw_0.5deg,yaw,0.5000,0.3547,0.4065,0.1461,yaw-1.0,54,6.8130,False
nuscenes,single,scene-1094_008,yaw_0.5deg,yaw,0.5000,0.4263,0.4564,0.0706,roll+0.5,43,6.8130,False
nuscenes,single,scene-1094_009,yaw_0.5deg,yaw,0.5000,0.3516,0.4498,0.2794,roll+3.0,44,6.8130,False
nuscenes,single,scene-1094_010,yaw_0.5deg,yaw,0.5000,0.3546,0.4317,0.2175,pitch-3.0,46,6.8130,False
nuscenes,single,scene-1094_011,yaw_0.5deg,yaw,0.5000,0.2574,0.3977,0.5452,yaw+2.0,40,6.8130,False
nuscenes,single,scene-1094_012,yaw_0.5deg,yaw,0.5000,0.1826,0.3748,1.0530,roll+3.0,41,6.8130,False
nuscenes,single,scene-1094_013,yaw_0.5deg,yaw,0.5000,0.4258,0.4370,0.0262,roll+0.5,28,6.8130,False
nuscenes,single,scene-1094_014,yaw_0.5deg,yaw,0.5000,0.3210,0.4519,0.4077,yaw-1.0,18,6.8130,False
nuscenes,single,scene-1094_015,yaw_0.5deg,yaw,0.5000,0.1677,0.2711,0.6165,pitch-3.0,32,6.8130,False
nuscenes,single,scene-1094_016,yaw_0.5deg,yaw,0.5000,0.2342,0.3478,0.4849,roll+0.5,28,6.8130,False
nuscenes,single,scene-1094_017,yaw_0.5deg,yaw,0.5000,0.2640,0.3422,0.2959,pitch-3.0,18,6.8130,False
nuscenes,single,scene-1094_018,yaw_0.5deg,yaw,0.5000,0.0776,0.2390,2.0792,roll+0.5,25,6.8130,False
nuscenes,single,scene-1094_019,yaw_0.5deg,yaw,0.5000,0.1816,0.2835,0.5615,roll-3.0,26,6.8130,False
nuscenes,single,scene-1094_020,yaw_0.5deg,yaw,0.5000,0.1494,0.2281,0.5261,yaw-2.0,50,6.8130,False
nuscenes,single,scene-1094_021,yaw_0.5deg,yaw,0.5000,0.1961,0.2567,0.3094,roll-0.5,66,6.8130,False
nuscenes,single,scene-1094_022,yaw_0.5deg,yaw,0.5000,0.0971,0.2147,1.2115,yaw+1.0,80,6.8130,False
nuscenes,single,scene-1094_023,yaw_0.5deg,yaw,0.5000,0.1646,0.1930,0.1725,yaw+0.5,82,6.8130,False
nuscenes,single,scene-1094_024,yaw_0.5deg,yaw,0.5000,0.1587,0.2431,0.5315,roll+1.0,71,6.8130,False
nuscenes,single,scene-1094_025,yaw_0.5deg,yaw,0.5000,0.1321,0.1758,0.3304,roll-2.0,64,6.8130,False
nuscenes,single,scene-1094_026,yaw_0.5deg,yaw,0.5000,0.1215,0.1902,0.5650,roll+2.0,69,6.8130,False
nuscenes,single,scene-1094_027,yaw_0.5deg,yaw,0.5000,0.1075,0.2279,1.1195,roll-1.0,82,6.8130,False
nuscenes,single,scene-1094_028,yaw_0.5deg,yaw,0.5000,0.1442,0.1775,0.2310,pitch+3.0,111,6.8130,False
nuscenes,single,scene-1094_029,yaw_0.5deg,yaw,0.5000,0.0715,0.1743,1.4365,roll-3.0,71,6.8130,False
nuscenes,single,scene-1094_030,yaw_0.5deg,yaw,0.5000,0.0907,0.1628,0.7953,roll-3.0,93,6.8130,False
nuscenes,single,scene-1094_031,yaw_0.5deg,yaw,0.5000,0.1055,0.1612,0.5282,roll-3.0,78,6.8130,False
nuscenes,single,scene-1094_032,yaw_0.5deg,yaw,0.5000,0.0987,0.1526,0.5452,roll-3.0,76,6.8130,False
nuscenes,single,scene-1094_033,yaw_0.5deg,yaw,0.5000,0.1159,0.1694,0.4618,roll+0.5,84,6.8130,False
nuscenes,single,scene-1094_034,yaw_0.5deg,yaw,0.5000,0.0931,0.1614,0.7330,yaw-1.0,85,6.8130,False
nuscenes,single,scene-1094_035,yaw_0.5deg,yaw,0.5000,0.0916,0.1625,0.7743,pitch-3.0,88,6.8130,False
nuscenes,single,scene-1094_036,yaw_0.5deg,yaw,0.5000,0.0863,0.1704,0.9738,pitch+2.0,79,6.8130,False
nuscenes,single,scene-1094_037,yaw_0.5deg,yaw,0.5000,0.1014,0.1120,0.1045,yaw-2.0,61,6.8130,False
nuscenes,single,scene-1094_038,yaw_0.5deg,yaw,0.5000,0.0814,0.1241,0.5249,yaw-1.0,57,6.8130,False
nuscenes,single,scene-1094_039,yaw_0.5deg,yaw,0.5000,0.1249,0.1618,0.2954,yaw+1.0,80,6.8130,False
nuscenes,window5,scene-0103_000..scene-0103_004,yaw_0.5deg,yaw,0.5000,0.2238,0.3208,0.4336,yaw-0.5,206,1.7379,False
nuscenes,window5,scene-0103_001..scene-0103_005,yaw_0.5deg,yaw,0.5000,0.2037,0.2816,0.3827,yaw-0.5,172,1.7379,False
nuscenes,window5,scene-0103_002..scene-0103_006,yaw_0.5deg,yaw,0.5000,0.1875,0.2942,0.5694,yaw-0.5,141,1.7379,False
nuscenes,window5,scene-0103_003..scene-0103_007,yaw_0.5deg,yaw,0.5000,0.2104,0.2982,0.4171,yaw-0.5,122,1.7379,False
nuscenes,window5,scene-0103_004..scene-0103_008,yaw_0.5deg,yaw,0.5000,0.1904,0.2420,0.2712,yaw-0.5,118,1.7379,False
nuscenes,window5,scene-0103_005..scene-0103_009,yaw_0.5deg,yaw,0.5000,0.1658,0.2124,0.2807,pitch+2.0,129,1.7379,False
nuscenes,window5,scene-0103_006..scene-0103_010,yaw_0.5deg,yaw,0.5000,0.1314,0.1843,0.4027,roll-2.0,144,1.7379,False
nuscenes,window5,scene-0103_007..scene-0103_011,yaw_0.5deg,yaw,0.5000,0.1129,0.1770,0.5670,roll-3.0,180,1.7379,False
nuscenes,window5,scene-0103_008..scene-0103_012,yaw_0.5deg,yaw,0.5000,0.0693,0.1698,1.4493,roll-3.0,224,1.7379,False
nuscenes,window5,scene-0103_009..scene-0103_013,yaw_0.5deg,yaw,0.5000,0.0586,0.1543,1.6314,roll-3.0,250,1.7379,False
nuscenes,window5,scene-0103_010..scene-0103_014,yaw_0.5deg,yaw,0.5000,0.0490,0.1578,2.2178,roll-3.0,283,1.7379,True
nuscenes,window5,scene-0103_011..scene-0103_015,yaw_0.5deg,yaw,0.5000,0.0576,0.1630,1.8319,roll-3.0,310,1.7379,True
nuscenes,window5,scene-0103_012..scene-0103_016,yaw_0.5deg,yaw,0.5000,0.0600,0.1521,1.5361,roll-3.0,344,1.7379,False
nuscenes,window5,scene-0103_013..scene-0103_017,yaw_0.5deg,yaw,0.5000,0.0986,0.1571,0.5931,roll-3.0,401,1.7379,False
nuscenes,window5,scene-0103_014..scene-0103_018,yaw_0.5deg,yaw,0.5000,0.1172,0.1454,0.2411,roll-3.0,450,1.7379,False
nuscenes,window5,scene-0103_015..scene-0103_019,yaw_0.5deg,yaw,0.5000,0.1245,0.1450,0.1651,roll-2.0,467,1.7379,False
nuscenes,window5,scene-0103_016..scene-0103_020,yaw_0.5deg,yaw,0.5000,0.1259,0.1430,0.1358,roll-2.0,465,1.7379,False
nuscenes,window5,scene-0103_017..scene-0103_021,yaw_0.5deg,yaw,0.5000,0.1345,0.1569,0.1664,roll+0.5,443,1.7379,False
nuscenes,window5,scene-0103_018..scene-0103_022,yaw_0.5deg,yaw,0.5000,0.1210,0.1474,0.2181,roll+0.5,400,1.7379,False
nuscenes,window5,scene-0103_019..scene-0103_023,yaw_0.5deg,yaw,0.5000,0.1143,0.1277,0.1165,pitch-1.0,360,1.7379,False
nuscenes,window5,scene-0103_020..scene-0103_024,yaw_0.5deg,yaw,0.5000,0.1126,0.1269,0.1271,yaw-1.0,328,1.7379,False
nuscenes,window5,scene-0103_021..scene-0103_025,yaw_0.5deg,yaw,0.5000,0.1100,0.1247,0.1331,yaw-1.0,321,1.7379,False
nuscenes,window5,scene-0103_022..scene-0103_026,yaw_0.5deg,yaw,0.5000,0.1069,0.1228,0.1493,yaw-0.5,321,1.7379,False
nuscenes,window5,scene-0103_023..scene-0103_027,yaw_0.5deg,yaw,0.5000,0.1092,0.1223,0.1194,yaw-0.5,308,1.7379,False
nuscenes,window5,scene-0103_024..scene-0103_028,yaw_0.5deg,yaw,0.5000,0.0954,0.1084,0.1363,pitch-2.0,291,1.7379,False
nuscenes,window5,scene-0103_025..scene-0103_029,yaw_0.5deg,yaw,0.5000,0.1028,0.1194,0.1611,pitch-2.0,288,1.7379,False
nuscenes,window5,scene-0103_026..scene-0103_030,yaw_0.5deg,yaw,0.5000,0.1140,0.1306,0.1455,pitch-2.0,286,1.7379,False
nuscenes,window5,scene-0103_027..scene-0103_031,yaw_0.5deg,yaw,0.5000,0.1226,0.1418,0.1569,pitch+2.0,269,1.7379,False
nuscenes,window5,scene-0103_028..scene-0103_032,yaw_0.5deg,yaw,0.5000,0.1098,0.1485,0.3522,pitch+3.0,247,1.7379,False
nuscenes,window5,scene-0103_029..scene-0103_033,yaw_0.5deg,yaw,0.5000,0.1283,0.1682,0.3106,yaw-0.5,231,1.7379,False
nuscenes,window5,scene-0103_030..scene-0103_034,yaw_0.5deg,yaw,0.5000,0.1244,0.1724,0.3863,yaw-0.5,201,1.7379,False
nuscenes,window5,scene-0103_031..scene-0103_035,yaw_0.5deg,yaw,0.5000,0.1259,0.1760,0.3976,pitch+2.0,163,1.7379,False
nuscenes,window5,scene-0103_032..scene-0103_036,yaw_0.5deg,yaw,0.5000,0.1389,0.1619,0.1653,roll-1.0,158,1.7379,False
nuscenes,window5,scene-0103_033..scene-0103_037,yaw_0.5deg,yaw,0.5000,0.1704,0.1842,0.0804,pitch+3.0,146,1.7379,False
nuscenes,window5,scene-0103_034..scene-0103_038,yaw_0.5deg,yaw,0.5000,0.1837,0.2114,0.1509,pitch+3.0,132,1.7379,False
nuscenes,window5,scene-0103_035..scene-0103_039,yaw_0.5deg,yaw,0.5000,0.1829,0.2305,0.2602,pitch+3.0,135,1.7379,False
nuscenes,window5,scene-1094_000..scene-1094_004,yaw_0.5deg,yaw,0.5000,0.2572,0.3018,0.1730,roll+0.5,373,1.7379,False
nuscenes,window5,scene-1094_001..scene-1094_005,yaw_0.5deg,yaw,0.5000,0.2729,0.3274,0.1998,roll+0.5,364,1.7379,False
nuscenes,window5,scene-1094_002..scene-1094_006,yaw_0.5deg,yaw,0.5000,0.2860,0.3500,0.2236,roll+0.5,345,1.7379,False
nuscenes,window5,scene-1094_003..scene-1094_007,yaw_0.5deg,yaw,0.5000,0.3006,0.3799,0.2637,roll+0.5,321,1.7379,False
nuscenes,window5,scene-1094_004..scene-1094_008,yaw_0.5deg,yaw,0.5000,0.3245,0.4104,0.2649,roll+0.5,280,1.7379,False
nuscenes,window5,scene-1094_005..scene-1094_009,yaw_0.5deg,yaw,0.5000,0.3384,0.4255,0.2574,roll+0.5,256,1.7379,False
nuscenes,window5,scene-1094_006..scene-1094_010,yaw_0.5deg,yaw,0.5000,0.3523,0.4037,0.1458,roll+1.0,239,1.7379,False
nuscenes,window5,scene-1094_007..scene-1094_011,yaw_0.5deg,yaw,0.5000,0.3505,0.3847,0.0976,yaw-2.0,227,1.7379,False
nuscenes,window5,scene-1094_008..scene-1094_012,yaw_0.5deg,yaw,0.5000,0.3172,0.3681,0.1603,pitch+3.0,214,1.7379,False
nuscenes,window5,scene-1094_009..scene-1094_013,yaw_0.5deg,yaw,0.5000,0.3090,0.3402,0.1010,pitch+3.0,199,1.7379,False
nuscenes,window5,scene-1094_010..scene-1094_014,yaw_0.5deg,yaw,0.5000,0.2994,0.3071,0.0257,pitch+3.0,173,1.7379,False
nuscenes,window5,scene-1094_011..scene-1094_015,yaw_0.5deg,yaw,0.5000,0.2569,0.2824,0.0991,pitch+0.5,159,1.7379,False
nuscenes,window5,scene-1094_012..scene-1094_016,yaw_0.5deg,yaw,0.5000,0.2525,0.2782,0.1020,pitch+0.5,147,1.7379,False
nuscenes,window5,scene-1094_013..scene-1094_017,yaw_0.5deg,yaw,0.5000,0.2773,0.3070,0.1071,pitch+0.5,124,1.7379,False
nuscenes,window5,scene-1094_014..scene-1094_018,yaw_0.5deg,yaw,0.5000,0.2016,0.2677,0.3278,yaw-1.0,121,1.7379,False
nuscenes,window5,scene-1094_015..scene-1094_019,yaw_0.5deg,yaw,0.5000,0.1809,0.2324,0.2843,roll+0.5,129,1.7379,False
nuscenes,window5,scene-1094_016..scene-1094_020,yaw_0.5deg,yaw,0.5000,0.1731,0.2256,0.3032,roll-3.0,147,1.7379,False
nuscenes,window5,scene-1094_017..scene-1094_021,yaw_0.5deg,yaw,0.5000,0.1720,0.2018,0.1727,roll-2.0,185,1.7379,False
nuscenes,window5,scene-1094_018..scene-1094_022,yaw_0.5deg,yaw,0.5000,0.1410,0.1979,0.4034,yaw+1.0,247,1.7379,False
nuscenes,window5,scene-1094_019..scene-1094_023,yaw_0.5deg,yaw,0.5000,0.1526,0.1895,0.2414,yaw+1.0,304,1.7379,False
nuscenes,window5,scene-1094_020..scene-1094_024,yaw_0.5deg,yaw,0.5000,0.1517,0.1797,0.1848,yaw+1.0,349,1.7379,False
nuscenes,window5,scene-1094_021..scene-1094_025,yaw_0.5deg,yaw,0.5000,0.1486,0.1713,0.1528,yaw+1.0,363,1.7379,False
nuscenes,window5,scene-1094_022..scene-1094_026,yaw_0.5deg,yaw,0.5000,0.1349,0.1573,0.1664,yaw+1.0,366,1.7379,False
nuscenes,window5,scene-1094_023..scene-1094_027,yaw_0.5deg,yaw,0.5000,0.1370,0.1622,0.1834,roll+2.0,368,1.7379,False
nuscenes,window5,scene-1094_024..scene-1094_028,yaw_0.5deg,yaw,0.5000,0.1333,0.1554,0.1655,roll+2.0,397,1.7379,False
nuscenes,window5,scene-1094_025..scene-1094_029,yaw_0.5deg,yaw,0.5000,0.1177,0.1453,0.2343,roll-2.0,397,1.7379,False
nuscenes,window5,scene-1094_026..scene-1094_030,yaw_0.5deg,yaw,0.5000,0.1097,0.1392,0.2692,roll-3.0,426,1.7379,False
nuscenes,window5,scene-1094_027..scene-1094_031,yaw_0.5deg,yaw,0.5000,0.1070,0.1559,0.4560,roll-3.0,435,1.7379,False
nuscenes,window5,scene-1094_028..scene-1094_032,yaw_0.5deg,yaw,0.5000,0.1055,0.1553,0.4726,roll-3.0,429,1.7379,False
nuscenes,window5,scene-1094_029..scene-1094_033,yaw_0.5deg,yaw,0.5000,0.0970,0.1575,0.6244,roll-3.0,402,1.7379,False
nuscenes,window5,scene-1094_030..scene-1094_034,yaw_0.5deg,yaw,0.5000,0.1005,0.1415,0.4078,roll-3.0,416,1.7379,False
nuscenes,window5,scene-1094_031..scene-1094_035,yaw_0.5deg,yaw,0.5000,0.1008,0.1403,0.3913,pitch+2.0,411,1.7379,False
nuscenes,window5,scene-1094_032..scene-1094_036,yaw_0.5deg,yaw,0.5000,0.0972,0.1440,0.4821,pitch+2.0,412,1.7379,False
nuscenes,window5,scene-1094_033..scene-1094_037,yaw_0.5deg,yaw,0.5000,0.0975,0.1436,0.4731,pitch+2.0,397,1.7379,False
nuscenes,window5,scene-1094_034..scene-1094_038,yaw_0.5deg,yaw,0.5000,0.0909,0.1394,0.5344,pitch+2.0,370,1.7379,False
nuscenes,window5,scene-1094_035..scene-1094_039,yaw_0.5deg,yaw,0.5000,0.0978,0.1284,0.3133,pitch+2.0,365,1.7379,False
nuscenes,single,scene-0103_000,pitch_0.5deg,pitch,0.5000,0.3227,0.3654,0.1324,roll+0.5,65,6.8130,False
nuscenes,single,scene-0103_001,pitch_0.5deg,pitch,0.5000,0.3099,0.3522,0.1367,roll-0.5,45,6.8130,False
nuscenes,single,scene-0103_002,pitch_0.5deg,pitch,0.5000,0.2385,0.3353,0.4057,roll+0.5,36,6.8130,False
nuscenes,single,scene-0103_003,pitch_0.5deg,pitch,0.5000,0.3139,0.3494,0.1131,roll-1.0,35,6.8130,False
nuscenes,single,scene-0103_004,pitch_0.5deg,pitch,0.5000,0.3286,0.3484,0.0602,pitch+0.5,29,6.8130,False
nuscenes,single,scene-0103_005,pitch_0.5deg,pitch,0.5000,0.2091,0.2591,0.2394,roll-0.5,26,6.8130,False
nuscenes,single,scene-0103_006,pitch_0.5deg,pitch,0.5000,0.4757,0.5197,0.0925,pitch-0.5,14,6.8130,False
nuscenes,single,scene-0103_007,pitch_0.5deg,pitch,0.5000,0.2663,0.4208,0.5803,roll+0.5,18,6.8130,False
nuscenes,single,scene-0103_008,pitch_0.5deg,pitch,0.5000,0.1933,0.2954,0.5281,yaw-3.0,30,6.8130,False
nuscenes,single,scene-0103_009,pitch_0.5deg,pitch,0.5000,0.1451,0.2223,0.5319,pitch-0.5,44,6.8130,False
nuscenes,single,scene-0103_010,pitch_0.5deg,pitch,0.5000,0.1461,0.2851,0.9517,roll-3.0,47,6.8130,False
nuscenes,single,scene-0103_011,pitch_0.5deg,pitch,0.5000,0.1293,0.1935,0.4971,roll-2.0,54,6.8130,False
nuscenes,single,scene-0103_012,pitch_0.5deg,pitch,0.5000,0.0470,0.2121,3.5161,roll-3.0,61,6.8130,False
nuscenes,single,scene-0103_013,pitch_0.5deg,pitch,0.5000,0.0627,0.1935,2.0847,roll-3.0,63,6.8130,False
nuscenes,single,scene-0103_014,pitch_0.5deg,pitch,0.5000,0.1017,0.1798,0.7677,roll-3.0,72,6.8130,False
nuscenes,single,scene-0103_015,pitch_0.5deg,pitch,0.5000,0.1542,0.2021,0.3110,roll-1.0,61,6.8130,False
nuscenes,single,scene-0103_016,pitch_0.5deg,pitch,0.5000,0.0917,0.1826,0.9903,roll-3.0,82,6.8130,False
nuscenes,single,scene-0103_017,pitch_0.5deg,pitch,0.5000,0.1189,0.1883,0.5831,roll-1.0,111,6.8130,False
nuscenes,single,scene-0103_018,pitch_0.5deg,pitch,0.5000,0.1217,0.2007,0.6499,roll+1.0,110,6.8130,False
nuscenes,single,scene-0103_019,pitch_0.5deg,pitch,0.5000,0.1505,0.1772,0.1774,roll-0.5,97,6.8130,False
nuscenes,single,scene-0103_020,pitch_0.5deg,pitch,0.5000,0.0843,0.1905,1.2601,pitch-3.0,69,6.8130,False
nuscenes,single,scene-0103_021,pitch_0.5deg,pitch,0.5000,0.1461,0.1992,0.3637,roll+1.0,65,6.8130,False
nuscenes,single,scene-0103_022,pitch_0.5deg,pitch,0.5000,0.0973,0.1321,0.3580,pitch+2.0,72,6.8130,False
nuscenes,single,scene-0103_023,pitch_0.5deg,pitch,0.5000,0.1696,0.1830,0.0790,pitch-1.0,63,6.8130,False
nuscenes,single,scene-0103_024,pitch_0.5deg,pitch,0.5000,0.1219,0.1291,0.0586,pitch+0.5,61,6.8130,False
nuscenes,single,scene-0103_025,pitch_0.5deg,pitch,0.5000,0.0758,0.1362,0.7959,roll+1.0,67,6.8130,False
nuscenes,single,scene-0103_026,pitch_0.5deg,pitch,0.5000,0.1350,0.1569,0.1623,yaw-0.5,61,6.8130,False
nuscenes,single,scene-0103_027,pitch_0.5deg,pitch,0.5000,0.1767,0.1988,0.1250,pitch-0.5,58,6.8130,False
nuscenes,single,scene-0103_028,pitch_0.5deg,pitch,0.5000,0.0801,0.1181,0.4744,pitch+1.0,54,6.8130,False
nuscenes,single,scene-0103_029,pitch_0.5deg,pitch,0.5000,0.1833,0.2190,0.1949,pitch+3.0,60,6.8130,False
nuscenes,single,scene-0103_030,pitch_0.5deg,pitch,0.5000,0.1944,0.2077,0.0686,pitch+0.5,55,6.8130,False
nuscenes,single,scene-0103_031,pitch_0.5deg,pitch,0.5000,0.2441,0.2652,0.0862,pitch-1.0,45,6.8130,False
nuscenes,single,scene-0103_032,pitch_0.5deg,pitch,0.5000,0.1041,0.1777,0.7069,pitch+3.0,38,6.8130,False
nuscenes,single,scene-0103_033,pitch_0.5deg,pitch,0.5000,0.1056,0.2700,1.5558,pitch+3.0,31,6.8130,False
nuscenes,single,scene-0103_034,pitch_0.5deg,pitch,0.5000,0.0517,0.2103,3.0658,roll+3.0,28,6.8130,False
nuscenes,single,scene-0103_035,pitch_0.5deg,pitch,0.5000,0.1561,0.3879,1.4846,pitch+3.0,23,6.8130,False
nuscenes,single,scene-0103_036,pitch_0.5deg,pitch,0.5000,0.2326,0.2570,0.1048,pitch+2.0,40,6.8130,False
nuscenes,single,scene-0103_037,pitch_0.5deg,pitch,0.5000,0.1793,0.2686,0.4981,yaw+1.0,26,6.8130,False
nuscenes,single,scene-0103_038,pitch_0.5deg,pitch,0.5000,0.2883,0.3797,0.3171,yaw-0.5,18,6.8130,False
nuscenes,single,scene-0103_039,pitch_0.5deg,pitch,0.5000,0.2188,0.2774,0.2677,pitch-0.5,30,6.8130,False
nuscenes,single,scene-1094_000,pitch_0.5deg,pitch,0.5000,0.2239,0.3580,0.5987,roll+3.0,68,6.8130,False
nuscenes,single,scene-1094_001,pitch_0.5deg,pitch,0.5000,0.2382,0.3097,0.3006,roll+2.0,76,6.8130,False
nuscenes,single,scene-1094_002,pitch_0.5deg,pitch,0.5000,0.2721,0.3366,0.2370,roll+1.0,81,6.8130,False
nuscenes,single,scene-1094_003,pitch_0.5deg,pitch,0.5000,0.3011,0.3681,0.2226,roll+2.0,86,6.8130,False
nuscenes,single,scene-1094_004,pitch_0.5deg,pitch,0.5000,0.3346,0.3763,0.1248,roll+1.0,72,6.8130,False
nuscenes,single,scene-1094_005,pitch_0.5deg,pitch,0.5000,0.3640,0.5580,0.5332,roll+1.0,64,6.8130,False
nuscenes,single,scene-1094_006,pitch_0.5deg,pitch,0.5000,0.3445,0.4918,0.4275,roll+2.0,52,6.8130,False
nuscenes,single,scene-1094_007,pitch_0.5deg,pitch,0.5000,0.3874,0.4296,0.1091,roll+1.0,61,6.8130,False
nuscenes,single,scene-1094_008,pitch_0.5deg,pitch,0.5000,0.3807,0.4564,0.1989,roll+1.0,44,6.8130,False
nuscenes,single,scene-1094_009,pitch_0.5deg,pitch,0.5000,0.4658,0.4731,0.0157,yaw+1.0,48,6.8130,False
nuscenes,single,scene-1094_010,pitch_0.5deg,pitch,0.5000,0.3951,0.4083,0.0334,roll+2.0,43,6.8130,False
nuscenes,single,scene-1094_011,pitch_0.5deg,pitch,0.5000,0.1835,0.3630,0.9782,yaw-2.0,36,6.8130,False
nuscenes,single,scene-1094_012,pitch_0.5deg,pitch,0.5000,0.1123,0.2942,1.6191,pitch+2.0,42,6.8130,False
nuscenes,single,scene-1094_013,pitch_0.5deg,pitch,0.5000,0.2492,0.5048,1.0257,pitch+3.0,31,6.8130,False
nuscenes,single,scene-1094_014,pitch_0.5deg,pitch,0.5000,0.4409,0.5099,0.1564,pitch+0.5,18,6.8130,False
nuscenes,single,scene-1094_015,pitch_0.5deg,pitch,0.5000,0.1489,0.2983,1.0030,roll+2.0,34,6.8130,False
nuscenes,single,scene-1094_016,pitch_0.5deg,pitch,0.5000,0.2416,0.3150,0.3038,pitch-2.0,27,6.8130,False
nuscenes,single,scene-1094_017,pitch_0.5deg,pitch,0.5000,0.2151,0.3478,0.6167,yaw+3.0,25,6.8130,False
nuscenes,single,scene-1094_018,pitch_0.5deg,pitch,0.5000,0.1585,0.2997,0.8904,pitch+2.0,30,6.8130,False
nuscenes,single,scene-1094_019,pitch_0.5deg,pitch,0.5000,0.2207,0.2722,0.2335,yaw-0.5,28,6.8130,False
nuscenes,single,scene-1094_020,pitch_0.5deg,pitch,0.5000,0.2349,0.2593,0.1036,pitch+1.0,53,6.8130,False
nuscenes,single,scene-1094_021,pitch_0.5deg,pitch,0.5000,0.2244,0.2619,0.1672,pitch-1.0,64,6.8130,False
nuscenes,single,scene-1094_022,pitch_0.5deg,pitch,0.5000,0.0764,0.2020,1.6441,roll-1.0,81,6.8130,False
nuscenes,single,scene-1094_023,pitch_0.5deg,pitch,0.5000,0.1176,0.1596,0.3581,yaw+1.0,85,6.8130,False
nuscenes,single,scene-1094_024,pitch_0.5deg,pitch,0.5000,0.1080,0.2307,1.1359,pitch+3.0,69,6.8130,False
nuscenes,single,scene-1094_025,pitch_0.5deg,pitch,0.5000,0.1144,0.2160,0.8886,pitch+3.0,67,6.8130,False
nuscenes,single,scene-1094_026,pitch_0.5deg,pitch,0.5000,0.1249,0.1850,0.4810,pitch+3.0,71,6.8130,False
nuscenes,single,scene-1094_027,pitch_0.5deg,pitch,0.5000,0.1115,0.1966,0.7631,yaw+1.0,79,6.8130,False
nuscenes,single,scene-1094_028,pitch_0.5deg,pitch,0.5000,0.1067,0.2095,0.9632,yaw-3.0,118,6.8130,False
nuscenes,single,scene-1094_029,pitch_0.5deg,pitch,0.5000,0.0651,0.1704,1.6176,roll-2.0,74,6.8130,False
nuscenes,single,scene-1094_030,pitch_0.5deg,pitch,0.5000,0.1006,0.1429,0.4213,pitch+1.0,87,6.8130,False
nuscenes,single,scene-1094_031,pitch_0.5deg,pitch,0.5000,0.0914,0.1683,0.8423,roll-2.0,85,6.8130,False
nuscenes,single,scene-1094_032,pitch_0.5deg,pitch,0.5000,0.1575,0.1863,0.1827,roll-3.0,78,6.8130,False
nuscenes,single,scene-1094_033,pitch_0.5deg,pitch,0.5000,0.0891,0.1790,1.0088,roll+3.0,93,6.8130,False
nuscenes,single,scene-1094_034,pitch_0.5deg,pitch,0.5000,0.0865,0.1706,0.9715,pitch+3.0,84,6.8130,False
nuscenes,single,scene-1094_035,pitch_0.5deg,pitch,0.5000,0.1083,0.1645,0.5182,roll+1.0,90,6.8130,False
nuscenes,single,scene-1094_036,pitch_0.5deg,pitch,0.5000,0.0335,0.1713,4.1083,yaw-2.0,77,6.8130,False
nuscenes,single,scene-1094_037,pitch_0.5deg,pitch,0.5000,0.1545,0.1720,0.1137,yaw-1.0,64,6.8130,False
nuscenes,single,scene-1094_038,pitch_0.5deg,pitch,0.5000,0.0919,0.1680,0.8271,pitch+3.0,55,6.8130,False
nuscenes,single,scene-1094_039,pitch_0.5deg,pitch,0.5000,0.1167,0.1599,0.3706,roll+0.5,75,6.8130,False
nuscenes,window5,scene-0103_000..scene-0103_004,pitch_0.5deg,pitch,0.5000,0.3049,0.3208,0.0522,roll+0.5,210,1.7379,False
nuscenes,window5,scene-0103_001..scene-0103_005,pitch_0.5deg,pitch,0.5000,0.2835,0.2932,0.0340,roll-0.5,171,1.7379,False
nuscenes,window5,scene-0103_002..scene-0103_006,pitch_0.5deg,pitch,0.5000,0.2943,0.2989,0.0158,pitch+0.5,140,1.7379,False
nuscenes,window5,scene-0103_003..scene-0103_007,pitch_0.5deg,pitch,0.5000,0.3066,0.3066,0.0000,none,122,1.7379,False
nuscenes,window5,scene-0103_004..scene-0103_008,pitch_0.5deg,pitch,0.5000,0.2754,0.2759,0.0019,roll-0.5,117,1.7379,False
nuscenes,window5,scene-0103_005..scene-0103_009,pitch_0.5deg,pitch,0.5000,0.2202,0.2412,0.0952,roll-0.5,132,1.7379,False
nuscenes,window5,scene-0103_006..scene-0103_010,pitch_0.5deg,pitch,0.5000,0.1994,0.2273,0.1400,roll-3.0,153,1.7379,False
nuscenes,window5,scene-0103_007..scene-0103_011,pitch_0.5deg,pitch,0.5000,0.1597,0.2015,0.2620,roll-3.0,193,1.7379,False
nuscenes,window5,scene-0103_008..scene-0103_012,pitch_0.5deg,pitch,0.5000,0.1224,0.2094,0.7100,roll-3.0,236,1.7379,False
nuscenes,window5,scene-0103_009..scene-0103_013,pitch_0.5deg,pitch,0.5000,0.1005,0.2091,1.0800,roll-3.0,269,1.7379,False
nuscenes,window5,scene-0103_010..scene-0103_014,pitch_0.5deg,pitch,0.5000,0.0942,0.2027,1.1516,roll-3.0,297,1.7379,False
nuscenes,window5,scene-0103_011..scene-0103_015,pitch_0.5deg,pitch,0.5000,0.0981,0.1834,0.8692,roll-3.0,311,1.7379,False
nuscenes,window5,scene-0103_012..scene-0103_016,pitch_0.5deg,pitch,0.5000,0.0916,0.1852,1.0217,roll-3.0,339,1.7379,False
nuscenes,window5,scene-0103_013..scene-0103_017,pitch_0.5deg,pitch,0.5000,0.1064,0.1675,0.5743,roll-3.0,389,1.7379,False
nuscenes,window5,scene-0103_014..scene-0103_018,pitch_0.5deg,pitch,0.5000,0.1166,0.1544,0.3244,roll-3.0,436,1.7379,False
nuscenes,window5,scene-0103_015..scene-0103_019,pitch_0.5deg,pitch,0.5000,0.1260,0.1515,0.2022,roll-1.0,461,1.7379,False
nuscenes,window5,scene-0103_016..scene-0103_020,pitch_0.5deg,pitch,0.5000,0.1162,0.1507,0.2962,pitch-3.0,469,1.7379,False
nuscenes,window5,scene-0103_017..scene-0103_021,pitch_0.5deg,pitch,0.5000,0.1250,0.1521,0.2173,roll+1.0,452,1.7379,False
nuscenes,window5,scene-0103_018..scene-0103_022,pitch_0.5deg,pitch,0.5000,0.1218,0.1515,0.2438,roll+1.0,413,1.7379,False
nuscenes,window5,scene-0103_019..scene-0103_023,pitch_0.5deg,pitch,0.5000,0.1301,0.1408,0.0830,pitch-2.0,366,1.7379,False
nuscenes,window5,scene-0103_020..scene-0103_024,pitch_0.5deg,pitch,0.5000,0.1225,0.1350,0.1014,pitch-2.0,330,1.7379,False
nuscenes,window5,scene-0103_021..scene-0103_025,pitch_0.5deg,pitch,0.5000,0.1210,0.1288,0.0642,pitch-2.0,328,1.7379,False
nuscenes,window5,scene-0103_022..scene-0103_026,pitch_0.5deg,pitch,0.5000,0.1187,0.1283,0.0815,pitch+0.5,324,1.7379,False
nuscenes,window5,scene-0103_023..scene-0103_027,pitch_0.5deg,pitch,0.5000,0.1345,0.1414,0.0515,pitch-0.5,310,1.7379,False
nuscenes,window5,scene-0103_024..scene-0103_028,pitch_0.5deg,pitch,0.5000,0.1174,0.1251,0.0656,yaw-0.5,301,1.7379,False
nuscenes,window5,scene-0103_025..scene-0103_029,pitch_0.5deg,pitch,0.5000,0.1296,0.1320,0.0184,pitch-0.5,300,1.7379,False
nuscenes,window5,scene-0103_026..scene-0103_030,pitch_0.5deg,pitch,0.5000,0.1545,0.1545,0.0000,none,288,1.7379,False
nuscenes,window5,scene-0103_027..scene-0103_031,pitch_0.5deg,pitch,0.5000,0.1737,0.1737,0.0000,none,272,1.7379,False
nuscenes,window5,scene-0103_028..scene-0103_032,pitch_0.5deg,pitch,0.5000,0.1625,0.1804,0.1097,pitch+3.0,252,1.7379,False
nuscenes,window5,scene-0103_029..scene-0103_033,pitch_0.5deg,pitch,0.5000,0.1743,0.2124,0.2191,pitch+3.0,229,1.7379,False
nuscenes,window5,scene-0103_030..scene-0103_034,pitch_0.5deg,pitch,0.5000,0.1541,0.1996,0.2956,pitch+3.0,197,1.7379,False
nuscenes,window5,scene-0103_031..scene-0103_035,pitch_0.5deg,pitch,0.5000,0.1409,0.2305,0.6351,pitch+3.0,165,1.7379,False
nuscenes,window5,scene-0103_032..scene-0103_036,pitch_0.5deg,pitch,0.5000,0.1348,0.2082,0.5441,pitch+3.0,160,1.7379,False
nuscenes,window5,scene-0103_033..scene-0103_037,pitch_0.5deg,pitch,0.5000,0.1505,0.2151,0.4290,pitch+3.0,148,1.7379,False
nuscenes,window5,scene-0103_034..scene-0103_038,pitch_0.5deg,pitch,0.5000,0.1792,0.2212,0.2342,pitch+2.0,135,1.7379,False
nuscenes,window5,scene-0103_035..scene-0103_039,pitch_0.5deg,pitch,0.5000,0.2140,0.2216,0.0358,pitch+0.5,137,1.7379,False
nuscenes,window5,scene-1094_000..scene-1094_004,pitch_0.5deg,pitch,0.5000,0.2751,0.3439,0.2501,roll+1.0,383,1.7379,False
nuscenes,window5,scene-1094_001..scene-1094_005,pitch_0.5deg,pitch,0.5000,0.2993,0.3780,0.2630,roll+1.0,379,1.7379,False
nuscenes,window5,scene-1094_002..scene-1094_006,pitch_0.5deg,pitch,0.5000,0.3190,0.4003,0.2548,roll+2.0,355,1.7379,False
nuscenes,window5,scene-1094_003..scene-1094_007,pitch_0.5deg,pitch,0.5000,0.3428,0.4176,0.2183,roll+1.0,335,1.7379,False
nuscenes,window5,scene-1094_004..scene-1094_008,pitch_0.5deg,pitch,0.5000,0.3607,0.4411,0.2229,roll+1.0,293,1.7379,False
nuscenes,window5,scene-1094_005..scene-1094_009,pitch_0.5deg,pitch,0.5000,0.3864,0.4589,0.1875,roll+1.0,269,1.7379,False
nuscenes,window5,scene-1094_006..scene-1094_010,pitch_0.5deg,pitch,0.5000,0.3937,0.4175,0.0605,roll+2.0,248,1.7379,False
nuscenes,window5,scene-1094_007..scene-1094_011,pitch_0.5deg,pitch,0.5000,0.3721,0.3798,0.0207,pitch-2.0,232,1.7379,False
nuscenes,window5,scene-1094_008..scene-1094_012,pitch_0.5deg,pitch,0.5000,0.3165,0.3640,0.1498,roll+2.0,213,1.7379,False
nuscenes,window5,scene-1094_009..scene-1094_013,pitch_0.5deg,pitch,0.5000,0.2920,0.3322,0.1377,roll+2.0,200,1.7379,False
nuscenes,window5,scene-1094_010..scene-1094_014,pitch_0.5deg,pitch,0.5000,0.2587,0.3232,0.2494,pitch+3.0,170,1.7379,False
nuscenes,window5,scene-1094_011..scene-1094_015,pitch_0.5deg,pitch,0.5000,0.1991,0.2768,0.3906,roll+2.0,161,1.7379,False
nuscenes,window5,scene-1094_012..scene-1094_016,pitch_0.5deg,pitch,0.5000,0.2103,0.2626,0.2488,pitch+2.0,152,1.7379,False
nuscenes,window5,scene-1094_013..scene-1094_017,pitch_0.5deg,pitch,0.5000,0.2417,0.2915,0.2063,pitch-2.0,135,1.7379,False
nuscenes,window5,scene-1094_014..scene-1094_018,pitch_0.5deg,pitch,0.5000,0.2213,0.2501,0.1303,pitch+0.5,134,1.7379,False
nuscenes,window5,scene-1094_015..scene-1094_019,pitch_0.5deg,pitch,0.5000,0.1937,0.2302,0.1880,yaw-0.5,144,1.7379,False
nuscenes,window5,scene-1094_016..scene-1094_020,pitch_0.5deg,pitch,0.5000,0.2165,0.2480,0.1454,yaw-0.5,163,1.7379,False
nuscenes,window5,scene-1094_017..scene-1094_021,pitch_0.5deg,pitch,0.5000,0.2156,0.2435,0.1294,yaw-0.5,200,1.7379,False
nuscenes,window5,scene-1094_018..scene-1094_022,pitch_0.5deg,pitch,0.5000,0.1716,0.2033,0.1845,roll-1.0,256,1.7379,False
nuscenes,window5,scene-1094_019..scene-1094_023,pitch_0.5deg,pitch,0.5000,0.1581,0.1876,0.1867,pitch-2.0,311,1.7379,False
nuscenes,window5,scene-1094_020..scene-1094_024,pitch_0.5deg,pitch,0.5000,0.1433,0.1804,0.2590,pitch-2.0,352,1.7379,False
nuscenes,window5,scene-1094_021..scene-1094_025,pitch_0.5deg,pitch,0.5000,0.1247,0.1765,0.4148,pitch+3.0,366,1.7379,False
nuscenes,window5,scene-1094_022..scene-1094_026,pitch_0.5deg,pitch,0.5000,0.1077,0.1700,0.5789,pitch+3.0,373,1.7379,False
nuscenes,window5,scene-1094_023..scene-1094_027,pitch_0.5deg,pitch,0.5000,0.1153,0.1599,0.3862,pitch+3.0,371,1.7379,False
nuscenes,window5,scene-1094_024..scene-1094_028,pitch_0.5deg,pitch,0.5000,0.1123,0.1548,0.3781,pitch+3.0,404,1.7379,False
nuscenes,window5,scene-1094_025..scene-1094_029,pitch_0.5deg,pitch,0.5000,0.1045,0.1427,0.3652,yaw-3.0,409,1.7379,False
nuscenes,window5,scene-1094_026..scene-1094_030,pitch_0.5deg,pitch,0.5000,0.1022,0.1330,0.3011,yaw-3.0,429,1.7379,False
nuscenes,window5,scene-1094_027..scene-1094_031,pitch_0.5deg,pitch,0.5000,0.0965,0.1456,0.5098,roll-3.0,443,1.7379,False
nuscenes,window5,scene-1094_028..scene-1094_032,pitch_0.5deg,pitch,0.5000,0.1045,0.1514,0.4482,roll-3.0,442,1.7379,False
nuscenes,window5,scene-1094_029..scene-1094_033,pitch_0.5deg,pitch,0.5000,0.1005,0.1457,0.4496,roll-3.0,417,1.7379,False
nuscenes,window5,scene-1094_030..scene-1094_034,pitch_0.5deg,pitch,0.5000,0.1039,0.1362,0.3108,pitch+3.0,427,1.7379,False
nuscenes,window5,scene-1094_031..scene-1094_035,pitch_0.5deg,pitch,0.5000,0.1055,0.1433,0.3589,pitch+2.0,430,1.7379,False
nuscenes,window5,scene-1094_032..scene-1094_036,pitch_0.5deg,pitch,0.5000,0.0952,0.1362,0.4307,pitch+3.0,422,1.7379,False
nuscenes,window5,scene-1094_033..scene-1094_037,pitch_0.5deg,pitch,0.5000,0.0926,0.1365,0.4742,pitch+3.0,408,1.7379,False
nuscenes,window5,scene-1094_034..scene-1094_038,pitch_0.5deg,pitch,0.5000,0.0934,0.1420,0.5215,pitch+3.0,370,1.7379,False
nuscenes,window5,scene-1094_035..scene-1094_039,pitch_0.5deg,pitch,0.5000,0.0998,0.1359,0.3615,pitch+3.0,361,1.7379,False
nuscenes,single,scene-0103_000,roll_0.5deg,roll,0.5000,0.3399,0.3779,0.1118,pitch+0.5,63,6.8130,False
nuscenes,single,scene-0103_001,roll_0.5deg,roll,0.5000,0.3042,0.3559,0.1699,pitch+0.5,50,6.8130,False
nuscenes,single,scene-0103_002,roll_0.5deg,roll,0.5000,0.3105,0.3564,0.1478,roll+3.0,37,6.8130,False
nuscenes,single,scene-0103_003,roll_0.5deg,roll,0.5000,0.3171,0.3171,0.0000,none,34,6.8130,False
nuscenes,single,scene-0103_004,roll_0.5deg,roll,0.5000,0.3068,0.3484,0.1354,roll-0.5,34,6.8130,False
nuscenes,single,scene-0103_005,roll_0.5deg,roll,0.5000,0.1517,0.2835,0.8682,yaw-1.0,24,6.8130,False
nuscenes,single,scene-0103_006,roll_0.5deg,roll,0.5000,0.3639,0.5252,0.4433,roll-1.0,15,6.8130,False
nuscenes,single,scene-0103_007,roll_0.5deg,roll,0.5000,0.2595,0.4208,0.6216,pitch-0.5,15,6.8130,False
nuscenes,single,scene-0103_008,roll_0.5deg,roll,0.5000,0.1481,0.2266,0.5301,roll-3.0,30,6.8130,False
nuscenes,single,scene-0103_009,roll_0.5deg,roll,0.5000,0.1533,0.1845,0.2037,roll-1.0,43,6.8130,False
nuscenes,single,scene-0103_010,roll_0.5deg,roll,0.5000,0.0790,0.2206,1.7914,roll-2.0,45,6.8130,False
nuscenes,single,scene-0103_011,roll_0.5deg,roll,0.5000,0.0648,0.2374,2.6661,roll-3.0,49,6.8130,False
nuscenes,single,scene-0103_012,roll_0.5deg,roll,0.5000,0.0558,0.1160,1.0775,roll-2.0,60,6.8130,False
nuscenes,single,scene-0103_013,roll_0.5deg,roll,0.5000,0.0319,0.1277,3.0077,roll-2.0,63,6.8130,False
nuscenes,single,scene-0103_014,roll_0.5deg,roll,0.5000,0.0670,0.1415,1.1122,roll-3.0,72,6.8130,False
nuscenes,single,scene-0103_015,roll_0.5deg,roll,0.5000,0.1061,0.2149,1.0257,roll+1.0,66,6.8130,False
nuscenes,single,scene-0103_016,roll_0.5deg,roll,0.5000,0.1094,0.1420,0.2981,roll+3.0,85,6.8130,False
nuscenes,single,scene-0103_017,roll_0.5deg,roll,0.5000,0.1897,0.2137,0.1263,yaw+1.0,114,6.8130,False
nuscenes,single,scene-0103_018,roll_0.5deg,roll,0.5000,0.1183,0.1841,0.5566,pitch-2.0,105,6.8130,False
nuscenes,single,scene-0103_019,roll_0.5deg,roll,0.5000,0.1080,0.1600,0.4816,pitch-2.0,95,6.8130,False
nuscenes,single,scene-0103_020,roll_0.5deg,roll,0.5000,0.0763,0.1567,1.0548,roll-2.0,67,6.8130,False
nuscenes,single,scene-0103_021,roll_0.5deg,roll,0.5000,0.1267,0.1683,0.3288,pitch-1.0,61,6.8130,False
nuscenes,single,scene-0103_022,roll_0.5deg,roll,0.5000,0.1219,0.1375,0.1272,yaw-0.5,75,6.8130,False
nuscenes,single,scene-0103_023,roll_0.5deg,roll,0.5000,0.1580,0.1791,0.1338,pitch+1.0,68,6.8130,False
nuscenes,single,scene-0103_024,roll_0.5deg,roll,0.5000,0.0880,0.1291,0.4669,roll-0.5,60,6.8130,False
nuscenes,single,scene-0103_025,roll_0.5deg,roll,0.5000,0.1253,0.1323,0.0558,pitch+0.5,62,6.8130,False
nuscenes,single,scene-0103_026,roll_0.5deg,roll,0.5000,0.1255,0.1481,0.1802,pitch-1.0,68,6.8130,False
nuscenes,single,scene-0103_027,roll_0.5deg,roll,0.5000,0.1509,0.1789,0.1855,yaw+0.5,62,6.8130,False
nuscenes,single,scene-0103_028,roll_0.5deg,roll,0.5000,0.0609,0.1435,1.3568,yaw-3.0,54,6.8130,False
nuscenes,single,scene-0103_029,roll_0.5deg,roll,0.5000,0.1422,0.2225,0.5652,pitch+3.0,58,6.8130,False
nuscenes,single,scene-0103_030,roll_0.5deg,roll,0.5000,0.1997,0.2151,0.0773,pitch-1.0,55,6.8130,False
nuscenes,single,scene-0103_031,roll_0.5deg,roll,0.5000,0.2124,0.2798,0.3174,pitch+2.0,45,6.8130,False
nuscenes,single,scene-0103_032,roll_0.5deg,roll,0.5000,0.1345,0.1993,0.4823,pitch+1.0,37,6.8130,False
nuscenes,single,scene-0103_033,roll_0.5deg,roll,0.5000,0.1693,0.2442,0.4422,pitch+3.0,31,6.8130,False
nuscenes,single,scene-0103_034,roll_0.5deg,roll,0.5000,0.1208,0.2098,0.7363,pitch+3.0,27,6.8130,False
nuscenes,single,scene-0103_035,roll_0.5deg,roll,0.5000,0.1691,0.3029,0.7910,pitch+2.0,22,6.8130,False
nuscenes,single,scene-0103_036,roll_0.5deg,roll,0.5000,0.1634,0.2637,0.6134,yaw+3.0,44,6.8130,False
nuscenes,single,scene-0103_037,roll_0.5deg,roll,0.5000,0.2247,0.2669,0.1875,roll-2.0,21,6.8130,False
nuscenes,single,scene-0103_038,roll_0.5deg,roll,0.5000,0.1826,0.4062,1.2248,roll-1.0,19,6.8130,False
nuscenes,single,scene-0103_039,roll_0.5deg,roll,0.5000,0.1498,0.2342,0.5627,roll-0.5,30,6.8130,False
nuscenes,single,scene-1094_000,roll_0.5deg,roll,0.5000,0.2603,0.3598,0.3826,roll+2.0,75,6.8130,False
nuscenes,single,scene-1094_001,roll_0.5deg,roll,0.5000,0.2622,0.2917,0.1127,roll+3.0,71,6.8130,False
nuscenes,single,scene-1094_002,roll_0.5deg,roll,0.5000,0.2964,0.4227,0.4260,roll+3.0,79,6.8130,False
nuscenes,single,scene-1094_003,roll_0.5deg,roll,0.5000,0.2591,0.3994,0.5414,roll+0.5,84,6.8130,False
nuscenes,single,scene-1094_004,roll_0.5deg,roll,0.5000,0.3279,0.4373,0.3339,roll+3.0,70,6.8130,False
nuscenes,single,scene-1094_005,roll_0.5deg,roll,0.5000,0.3493,0.5219,0.4943,roll+0.5,63,6.8130,False
nuscenes,single,scene-1094_006,roll_0.5deg,roll,0.5000,0.2842,0.5450,0.9179,roll+1.0,55,6.8130,False
nuscenes,single,scene-1094_007,roll_0.5deg,roll,0.5000,0.3903,0.4503,0.1536,pitch+1.0,56,6.8130,False
nuscenes,single,scene-1094_008,roll_0.5deg,roll,0.5000,0.3531,0.4638,0.3138,pitch-1.0,50,6.8130,False
nuscenes,single,scene-1094_009,roll_0.5deg,roll,0.5000,0.3880,0.4604,0.1866,roll+1.0,44,6.8130,False
nuscenes,single,scene-1094_010,roll_0.5deg,roll,0.5000,0.3683,0.4375,0.1878,pitch+0.5,46,6.8130,False
nuscenes,single,scene-1094_011,roll_0.5deg,roll,0.5000,0.2976,0.5236,0.7597,yaw+3.0,39,6.8130,False
nuscenes,single,scene-1094_012,roll_0.5deg,roll,0.5000,0.2133,0.2855,0.3389,pitch+2.0,38,6.8130,False
nuscenes,single,scene-1094_013,roll_0.5deg,roll,0.5000,0.4068,0.4581,0.1262,yaw+3.0,24,6.8130,False
nuscenes,single,scene-1094_014,roll_0.5deg,roll,0.5000,0.3908,0.5099,0.3047,roll-0.5,18,6.8130,False
nuscenes,single,scene-1094_015,roll_0.5deg,roll,0.5000,0.2314,0.2878,0.2439,pitch-1.0,34,6.8130,False
nuscenes,single,scene-1094_016,roll_0.5deg,roll,0.5000,0.2996,0.3258,0.0876,yaw+3.0,29,6.8130,False
nuscenes,single,scene-1094_017,roll_0.5deg,roll,0.5000,0.2355,0.3340,0.4178,pitch-1.0,22,6.8130,False
nuscenes,single,scene-1094_018,roll_0.5deg,roll,0.5000,0.1437,0.2956,1.0567,pitch+2.0,30,6.8130,False
nuscenes,single,scene-1094_019,roll_0.5deg,roll,0.5000,0.1712,0.3129,0.8275,roll-2.0,27,6.8130,False
nuscenes,single,scene-1094_020,roll_0.5deg,roll,0.5000,0.2082,0.2846,0.3666,roll-2.0,50,6.8130,False
nuscenes,single,scene-1094_021,roll_0.5deg,roll,0.5000,0.1838,0.2753,0.4974,roll-2.0,66,6.8130,False
nuscenes,single,scene-1094_022,roll_0.5deg,roll,0.5000,0.0833,0.1560,0.8733,roll-2.0,80,6.8130,False
nuscenes,single,scene-1094_023,roll_0.5deg,roll,0.5000,0.1259,0.1568,0.2451,yaw+0.5,81,6.8130,False
nuscenes,single,scene-1094_024,roll_0.5deg,roll,0.5000,0.1701,0.2325,0.3670,pitch+3.0,70,6.8130,False
nuscenes,single,scene-1094_025,roll_0.5deg,roll,0.5000,0.1484,0.1880,0.2671,yaw-2.0,69,6.8130,False
nuscenes,single,scene-1094_026,roll_0.5deg,roll,0.5000,0.1191,0.1570,0.3183,pitch-0.5,68,6.8130,False
nuscenes,single,scene-1094_027,roll_0.5deg,roll,0.5000,0.1244,0.1641,0.3193,yaw-0.5,79,6.8130,False
nuscenes,single,scene-1094_028,roll_0.5deg,roll,0.5000,0.1054,0.1999,0.8963,roll-3.0,111,6.8130,False
nuscenes,single,scene-1094_029,roll_0.5deg,roll,0.5000,0.1191,0.1239,0.0405,roll+2.0,74,6.8130,False
nuscenes,single,scene-1094_030,roll_0.5deg,roll,0.5000,0.1160,0.1415,0.2195,pitch+2.0,85,6.8130,False
nuscenes,single,scene-1094_031,roll_0.5deg,roll,0.5000,0.1748,0.2200,0.2587,roll-3.0,79,6.8130,False
nuscenes,single,scene-1094_032,roll_0.5deg,roll,0.5000,0.1152,0.1504,0.3060,roll-2.0,80,6.8130,False
nuscenes,single,scene-1094_033,roll_0.5deg,roll,0.5000,0.1010,0.1745,0.7290,pitch+3.0,90,6.8130,False
nuscenes,single,scene-1094_034,roll_0.5deg,roll,0.5000,0.0981,0.1796,0.8306,pitch+2.0,83,6.8130,False
nuscenes,single,scene-1094_035,roll_0.5deg,roll,0.5000,0.0924,0.1914,1.0713,roll+2.0,93,6.8130,False
nuscenes,single,scene-1094_036,roll_0.5deg,roll,0.5000,0.0666,0.1464,1.1980,roll+3.0,79,6.8130,False
nuscenes,single,scene-1094_037,roll_0.5deg,roll,0.5000,0.1261,0.1500,0.1891,yaw-1.0,65,6.8130,False
nuscenes,single,scene-1094_038,roll_0.5deg,roll,0.5000,0.1075,0.1486,0.3821,yaw-0.5,56,6.8130,False
nuscenes,single,scene-1094_039,roll_0.5deg,roll,0.5000,0.1240,0.1599,0.2890,pitch-0.5,74,6.8130,False
nuscenes,window5,scene-0103_000..scene-0103_004,roll_0.5deg,roll,0.5000,0.3180,0.3288,0.0338,pitch+0.5,218,1.7379,False
nuscenes,window5,scene-0103_001..scene-0103_005,roll_0.5deg,roll,0.5000,0.2880,0.2971,0.0317,pitch+0.5,179,1.7379,False
nuscenes,window5,scene-0103_002..scene-0103_006,roll_0.5deg,roll,0.5000,0.2903,0.2980,0.0267,roll-0.5,144,1.7379,False
nuscenes,window5,scene-0103_003..scene-0103_007,roll_0.5deg,roll,0.5000,0.2804,0.2982,0.0635,pitch-0.5,122,1.7379,False
nuscenes,window5,scene-0103_004..scene-0103_008,roll_0.5deg,roll,0.5000,0.2362,0.2708,0.1467,roll-1.0,118,1.7379,False
nuscenes,window5,scene-0103_005..scene-0103_009,roll_0.5deg,roll,0.5000,0.1892,0.2364,0.2494,roll-1.0,127,1.7379,False
nuscenes,window5,scene-0103_006..scene-0103_010,roll_0.5deg,roll,0.5000,0.1618,0.2258,0.3955,roll-2.0,148,1.7379,False
nuscenes,window5,scene-0103_007..scene-0103_011,roll_0.5deg,roll,0.5000,0.1190,0.1898,0.5953,roll-2.0,182,1.7379,False
nuscenes,window5,scene-0103_008..scene-0103_012,roll_0.5deg,roll,0.5000,0.0930,0.1585,0.7042,roll-2.0,227,1.7379,False
nuscenes,window5,scene-0103_009..scene-0103_013,roll_0.5deg,roll,0.5000,0.0718,0.1532,1.1319,roll-2.0,260,1.7379,False
nuscenes,window5,scene-0103_010..scene-0103_014,roll_0.5deg,roll,0.5000,0.0585,0.1383,1.3640,roll-2.0,289,1.7379,False
nuscenes,window5,scene-0103_011..scene-0103_015,roll_0.5deg,roll,0.5000,0.0657,0.1440,1.1924,roll-3.0,310,1.7379,False
nuscenes,window5,scene-0103_012..scene-0103_016,roll_0.5deg,roll,0.5000,0.0765,0.1314,0.7164,roll-2.0,346,1.7379,False
nuscenes,window5,scene-0103_013..scene-0103_017,roll_0.5deg,roll,0.5000,0.1119,0.1319,0.1782,roll-2.0,400,1.7379,False
nuscenes,window5,scene-0103_014..scene-0103_018,roll_0.5deg,roll,0.5000,0.1248,0.1419,0.1368,pitch-2.0,442,1.7379,False
nuscenes,window5,scene-0103_015..scene-0103_019,roll_0.5deg,roll,0.5000,0.1303,0.1477,0.1332,pitch-2.0,465,1.7379,False
nuscenes,window5,scene-0103_016..scene-0103_020,roll_0.5deg,roll,0.5000,0.1260,0.1453,0.1533,pitch-2.0,466,1.7379,False
nuscenes,window5,scene-0103_017..scene-0103_021,roll_0.5deg,roll,0.5000,0.1293,0.1548,0.1973,pitch-2.0,442,1.7379,False
nuscenes,window5,scene-0103_018..scene-0103_022,roll_0.5deg,roll,0.5000,0.1108,0.1516,0.3680,pitch-2.0,403,1.7379,False
nuscenes,window5,scene-0103_019..scene-0103_023,roll_0.5deg,roll,0.5000,0.1174,0.1364,0.1614,pitch-2.0,366,1.7379,False
nuscenes,window5,scene-0103_020..scene-0103_024,roll_0.5deg,roll,0.5000,0.1148,0.1294,0.1273,roll-0.5,331,1.7379,False
nuscenes,window5,scene-0103_021..scene-0103_025,roll_0.5deg,roll,0.5000,0.1247,0.1359,0.0897,pitch-1.0,326,1.7379,False
nuscenes,window5,scene-0103_022..scene-0103_026,roll_0.5deg,roll,0.5000,0.1245,0.1319,0.0589,pitch-1.0,333,1.7379,False
nuscenes,window5,scene-0103_023..scene-0103_027,roll_0.5deg,roll,0.5000,0.1302,0.1408,0.0809,pitch-1.0,320,1.7379,False
nuscenes,window5,scene-0103_024..scene-0103_028,roll_0.5deg,roll,0.5000,0.1118,0.1230,0.0996,pitch-1.0,306,1.7379,False
nuscenes,window5,scene-0103_025..scene-0103_029,roll_0.5deg,roll,0.5000,0.1223,0.1266,0.0345,roll-0.5,304,1.7379,False
nuscenes,window5,scene-0103_026..scene-0103_030,roll_0.5deg,roll,0.5000,0.1360,0.1478,0.0865,roll-0.5,297,1.7379,False
nuscenes,window5,scene-0103_027..scene-0103_031,roll_0.5deg,roll,0.5000,0.1512,0.1656,0.0949,pitch+3.0,274,1.7379,False
nuscenes,window5,scene-0103_028..scene-0103_032,roll_0.5deg,roll,0.5000,0.1488,0.1737,0.1672,pitch+2.0,249,1.7379,False
nuscenes,window5,scene-0103_029..scene-0103_033,roll_0.5deg,roll,0.5000,0.1726,0.1961,0.1361,roll-0.5,226,1.7379,False
nuscenes,window5,scene-0103_030..scene-0103_034,roll_0.5deg,roll,0.5000,0.1745,0.1995,0.1433,pitch+1.0,195,1.7379,False
nuscenes,window5,scene-0103_031..scene-0103_035,roll_0.5deg,roll,0.5000,0.1652,0.2109,0.2762,pitch+1.0,162,1.7379,False
nuscenes,window5,scene-0103_032..scene-0103_036,roll_0.5deg,roll,0.5000,0.1515,0.1891,0.2479,pitch+1.0,161,1.7379,False
nuscenes,window5,scene-0103_033..scene-0103_037,roll_0.5deg,roll,0.5000,0.1665,0.2023,0.2147,roll-1.0,145,1.7379,False
nuscenes,window5,scene-0103_034..scene-0103_038,roll_0.5deg,roll,0.5000,0.1681,0.2383,0.4174,roll-1.0,133,1.7379,False
nuscenes,window5,scene-0103_035..scene-0103_039,roll_0.5deg,roll,0.5000,0.1735,0.2364,0.3627,roll-1.0,136,1.7379,False
nuscenes,window5,scene-1094_000..scene-1094_004,roll_0.5deg,roll,0.5000,0.2804,0.3424,0.2212,roll+0.5,379,1.7379,False
nuscenes,window5,scene-1094_001..scene-1094_005,roll_0.5deg,roll,0.5000,0.2963,0.3792,0.2797,roll+1.0,367,1.7379,False
nuscenes,window5,scene-1094_002..scene-1094_006,roll_0.5deg,roll,0.5000,0.3013,0.4243,0.4080,roll+1.0,351,1.7379,False
nuscenes,window5,scene-1094_003..scene-1094_007,roll_0.5deg,roll,0.5000,0.3177,0.4394,0.3830,roll+1.0,328,1.7379,False
nuscenes,window5,scene-1094_004..scene-1094_008,roll_0.5deg,roll,0.5000,0.3405,0.4500,0.3218,roll+1.0,294,1.7379,False
nuscenes,window5,scene-1094_005..scene-1094_009,roll_0.5deg,roll,0.5000,0.3516,0.4707,0.3390,roll+1.0,268,1.7379,False
nuscenes,window5,scene-1094_006..scene-1094_010,roll_0.5deg,roll,0.5000,0.3552,0.4278,0.2045,roll+1.0,251,1.7379,False
nuscenes,window5,scene-1094_007..scene-1094_011,roll_0.5deg,roll,0.5000,0.3623,0.3990,0.1015,pitch+0.5,235,1.7379,False
nuscenes,window5,scene-1094_008..scene-1094_012,roll_0.5deg,roll,0.5000,0.3289,0.3704,0.1261,pitch+0.5,217,1.7379,False
nuscenes,window5,scene-1094_009..scene-1094_013,roll_0.5deg,roll,0.5000,0.3324,0.3435,0.0335,yaw+3.0,191,1.7379,False
nuscenes,window5,scene-1094_010..scene-1094_014,roll_0.5deg,roll,0.5000,0.3239,0.3429,0.0587,yaw+3.0,165,1.7379,False
nuscenes,window5,scene-1094_011..scene-1094_015,roll_0.5deg,roll,0.5000,0.2900,0.3021,0.0416,yaw+3.0,153,1.7379,False
nuscenes,window5,scene-1094_012..scene-1094_016,roll_0.5deg,roll,0.5000,0.2899,0.2945,0.0159,pitch-1.0,143,1.7379,False
nuscenes,window5,scene-1094_013..scene-1094_017,roll_0.5deg,roll,0.5000,0.3034,0.3261,0.0748,pitch-1.0,127,1.7379,False
nuscenes,window5,scene-1094_014..scene-1094_018,roll_0.5deg,roll,0.5000,0.2487,0.2846,0.1440,pitch-1.0,133,1.7379,False
nuscenes,window5,scene-1094_015..scene-1094_019,roll_0.5deg,roll,0.5000,0.2160,0.2456,0.1370,pitch-1.0,142,1.7379,False
nuscenes,window5,scene-1094_016..scene-1094_020,roll_0.5deg,roll,0.5000,0.2102,0.2395,0.1391,yaw-0.5,158,1.7379,False
nuscenes,window5,scene-1094_017..scene-1094_021,roll_0.5deg,roll,0.5000,0.1880,0.2528,0.3447,roll-2.0,195,1.7379,False
nuscenes,window5,scene-1094_018..scene-1094_022,roll_0.5deg,roll,0.5000,0.1508,0.2331,0.5464,roll-2.0,253,1.7379,False
nuscenes,window5,scene-1094_019..scene-1094_023,roll_0.5deg,roll,0.5000,0.1448,0.1859,0.2832,roll-2.0,304,1.7379,False
nuscenes,window5,scene-1094_020..scene-1094_024,roll_0.5deg,roll,0.5000,0.1479,0.1729,0.1693,yaw-0.5,347,1.7379,False
nuscenes,window5,scene-1094_021..scene-1094_025,roll_0.5deg,roll,0.5000,0.1397,0.1645,0.1776,yaw-0.5,366,1.7379,False
nuscenes,window5,scene-1094_022..scene-1094_026,roll_0.5deg,roll,0.5000,0.1280,0.1527,0.1928,yaw-0.5,368,1.7379,False
nuscenes,window5,scene-1094_023..scene-1094_027,roll_0.5deg,roll,0.5000,0.1370,0.1621,0.1838,yaw-0.5,367,1.7379,False
nuscenes,window5,scene-1094_024..scene-1094_028,roll_0.5deg,roll,0.5000,0.1304,0.1500,0.1506,yaw-0.5,397,1.7379,False
nuscenes,window5,scene-1094_025..scene-1094_029,roll_0.5deg,roll,0.5000,0.1214,0.1347,0.1098,yaw+1.0,401,1.7379,False
nuscenes,window5,scene-1094_026..scene-1094_030,roll_0.5deg,roll,0.5000,0.1158,0.1360,0.1743,roll-3.0,417,1.7379,False
nuscenes,window5,scene-1094_027..scene-1094_031,roll_0.5deg,roll,0.5000,0.1262,0.1658,0.3137,roll-3.0,428,1.7379,False
nuscenes,window5,scene-1094_028..scene-1094_032,roll_0.5deg,roll,0.5000,0.1245,0.1611,0.2943,roll-3.0,429,1.7379,False
nuscenes,window5,scene-1094_029..scene-1094_033,roll_0.5deg,roll,0.5000,0.1245,0.1394,0.1201,roll-3.0,408,1.7379,False
nuscenes,window5,scene-1094_030..scene-1094_034,roll_0.5deg,roll,0.5000,0.1202,0.1442,0.2000,pitch+2.0,417,1.7379,False
nuscenes,window5,scene-1094_031..scene-1094_035,roll_0.5deg,roll,0.5000,0.1149,0.1450,0.2614,pitch+2.0,425,1.7379,False
nuscenes,window5,scene-1094_032..scene-1094_036,roll_0.5deg,roll,0.5000,0.0948,0.1454,0.5329,roll+2.0,425,1.7379,False
nuscenes,window5,scene-1094_033..scene-1094_037,roll_0.5deg,roll,0.5000,0.0958,0.1463,0.5270,pitch+2.0,410,1.7379,False
nuscenes,window5,scene-1094_034..scene-1094_038,roll_0.5deg,roll,0.5000,0.0963,0.1444,0.4993,pitch+2.0,376,1.7379,False
nuscenes,window5,scene-1094_035..scene-1094_039,roll_0.5deg,roll,0.5000,0.1015,0.1277,0.2577,pitch+2.0,367,1.7379,False
nuscenes,single,scene-0103_000,yaw_1.0deg,yaw,1.0000,0.2069,0.3654,0.7663,yaw-1.0,60,6.8130,False
nuscenes,single,scene-0103_001,yaw_1.0deg,yaw,1.0000,0.2017,0.3124,0.5488,pitch-1.0,43,6.8130,False
nuscenes,single,scene-0103_002,yaw_1.0deg,yaw,1.0000,0.2545,0.3353,0.3174,yaw-1.0,33,6.8130,False
nuscenes,single,scene-0103_003,yaw_1.0deg,yaw,1.0000,0.2555,0.3292,0.2885,roll-0.5,35,6.8130,False
nuscenes,single,scene-0103_004,yaw_1.0deg,yaw,1.0000,0.1952,0.3109,0.5931,yaw-2.0,32,6.8130,False
nuscenes,single,scene-0103_005,yaw_1.0deg,yaw,1.0000,0.1443,0.3029,1.0993,yaw-2.0,25,6.8130,False
nuscenes,single,scene-0103_006,yaw_1.0deg,yaw,1.0000,0.1436,0.4030,1.8059,yaw-1.0,17,6.8130,False
nuscenes,single,scene-0103_007,yaw_1.0deg,yaw,1.0000,0.3656,0.4800,0.3130,yaw+0.5,14,6.8130,False
nuscenes,single,scene-0103_008,yaw_1.0deg,yaw,1.0000,0.0718,0.3097,3.3113,roll-3.0,27,6.8130,False
nuscenes,single,scene-0103_009,yaw_1.0deg,yaw,1.0000,0.0967,0.1707,0.7655,yaw-2.0,40,6.8130,False
nuscenes,single,scene-0103_010,yaw_1.0deg,yaw,1.0000,0.0509,0.1812,2.5599,roll-2.0,43,6.8130,False
nuscenes,single,scene-0103_011,yaw_1.0deg,yaw,1.0000,0.0449,0.2295,4.1107,roll-3.0,51,6.8130,False
nuscenes,single,scene-0103_012,yaw_1.0deg,yaw,1.0000,0.0433,0.1318,2.0442,roll+3.0,63,6.8130,False
nuscenes,single,scene-0103_013,yaw_1.0deg,yaw,1.0000,0.0353,0.1212,2.4368,roll-3.0,59,6.8130,False
nuscenes,single,scene-0103_014,yaw_1.0deg,yaw,1.0000,0.0471,0.1210,1.5674,roll+2.0,68,6.8130,False
nuscenes,single,scene-0103_015,yaw_1.0deg,yaw,1.0000,0.0908,0.1723,0.8978,roll+2.0,63,6.8130,False
nuscenes,single,scene-0103_016,yaw_1.0deg,yaw,1.0000,0.0938,0.1881,1.0048,roll-2.0,83,6.8130,False
nuscenes,single,scene-0103_017,yaw_1.0deg,yaw,1.0000,0.2019,0.2121,0.0505,pitch+0.5,113,6.8130,False
nuscenes,single,scene-0103_018,yaw_1.0deg,yaw,1.0000,0.1557,0.1665,0.0696,roll+0.5,104,6.8130,False
nuscenes,single,scene-0103_019,yaw_1.0deg,yaw,1.0000,0.0554,0.1318,1.3814,yaw-3.0,92,6.8130,False
nuscenes,single,scene-0103_020,yaw_1.0deg,yaw,1.0000,0.0995,0.1467,0.4752,roll-2.0,68,6.8130,False
nuscenes,single,scene-0103_021,yaw_1.0deg,yaw,1.0000,0.0670,0.1445,1.1559,roll+0.5,63,6.8130,False
nuscenes,single,scene-0103_022,yaw_1.0deg,yaw,1.0000,0.1100,0.1350,0.2269,yaw-0.5,67,6.8130,False
nuscenes,single,scene-0103_023,yaw_1.0deg,yaw,1.0000,0.1256,0.1345,0.0705,yaw-1.0,66,6.8130,False
nuscenes,single,scene-0103_024,yaw_1.0deg,yaw,1.0000,0.0829,0.1451,0.7496,yaw+2.0,61,6.8130,False
nuscenes,single,scene-0103_025,yaw_1.0deg,yaw,1.0000,0.0562,0.1000,0.7781,yaw-1.0,60,6.8130,False
nuscenes,single,scene-0103_026,yaw_1.0deg,yaw,1.0000,0.1079,0.1453,0.3462,yaw-1.0,57,6.8130,False
nuscenes,single,scene-0103_027,yaw_1.0deg,yaw,1.0000,0.1166,0.1805,0.5475,pitch-2.0,61,6.8130,False
nuscenes,single,scene-0103_028,yaw_1.0deg,yaw,1.0000,0.0483,0.1418,1.9357,roll-1.0,52,6.8130,False
nuscenes,single,scene-0103_029,yaw_1.0deg,yaw,1.0000,0.1580,0.1662,0.0521,roll-3.0,54,6.8130,False
nuscenes,single,scene-0103_030,yaw_1.0deg,yaw,1.0000,0.1036,0.2059,0.9884,yaw-1.0,58,6.8130,False
nuscenes,single,scene-0103_031,yaw_1.0deg,yaw,1.0000,0.1229,0.2142,0.7422,roll-2.0,41,6.8130,False
nuscenes,single,scene-0103_032,yaw_1.0deg,yaw,1.0000,0.0628,0.1985,2.1588,roll-1.0,35,6.8130,False
nuscenes,single,scene-0103_033,yaw_1.0deg,yaw,1.0000,0.1264,0.2251,0.7807,roll-1.0,31,6.8130,False
nuscenes,single,scene-0103_034,yaw_1.0deg,yaw,1.0000,0.0818,0.1783,1.1789,yaw+3.0,26,6.8130,False
nuscenes,single,scene-0103_035,yaw_1.0deg,yaw,1.0000,0.1287,0.2104,0.6346,pitch-0.5,21,6.8130,False
nuscenes,single,scene-0103_036,yaw_1.0deg,yaw,1.0000,0.1784,0.2625,0.4719,yaw+1.0,37,6.8130,False
nuscenes,single,scene-0103_037,yaw_1.0deg,yaw,1.0000,0.1875,0.3264,0.7410,pitch+3.0,24,6.8130,False
nuscenes,single,scene-0103_038,yaw_1.0deg,yaw,1.0000,0.2218,0.3797,0.7120,roll-2.0,20,6.8130,False
nuscenes,single,scene-0103_039,yaw_1.0deg,yaw,1.0000,0.1119,0.2158,0.9286,roll-2.0,28,6.8130,False
nuscenes,single,scene-1094_000,yaw_1.0deg,yaw,1.0000,0.2283,0.3584,0.5698,roll+2.0,63,6.8130,False
nuscenes,single,scene-1094_001,yaw_1.0deg,yaw,1.0000,0.2236,0.3154,0.4107,roll+3.0,67,6.8130,False
nuscenes,single,scene-1094_002,yaw_1.0deg,yaw,1.0000,0.2992,0.3424,0.1446,roll+3.0,80,6.8130,False
nuscenes,single,scene-1094_003,yaw_1.0deg,yaw,1.0000,0.2921,0.3360,0.1502,roll+1.0,85,6.8130,False
nuscenes,single,scene-1094_004,yaw_1.0deg,yaw,1.0000,0.3614,0.4142,0.1463,yaw+2.0,68,6.8130,False
nuscenes,single,scene-1094_005,yaw_1.0deg,yaw,1.0000,0.3224,0.4621,0.4336,roll+0.5,64,6.8130,False
nuscenes,single,scene-1094_006,yaw_1.0deg,yaw,1.0000,0.3555,0.4224,0.1882,roll+2.0,50,6.8130,False
nuscenes,single,scene-1094_007,yaw_1.0deg,yaw,1.0000,0.2956,0.4010,0.3567,yaw-1.0,52,6.8130,False
nuscenes,single,scene-1094_008,yaw_1.0deg,yaw,1.0000,0.3922,0.4263,0.0870,yaw-0.5,44,6.8130,False
nuscenes,single,scene-1094_009,yaw_1.0deg,yaw,1.0000,0.4078,0.4623,0.1338,roll-0.5,45,6.8130,False
nuscenes,single,scene-1094_010,yaw_1.0deg,yaw,1.0000,0.3531,0.4308,0.2203,yaw+1.0,45,6.8130,False
nuscenes,single,scene-1094_011,yaw_1.0deg,yaw,1.0000,0.2994,0.3671,0.2262,yaw+3.0,41,6.8130,False
nuscenes,single,scene-1094_012,yaw_1.0deg,yaw,1.0000,0.0828,0.3603,3.3499,roll+3.0,43,6.8130,False
nuscenes,single,scene-1094_013,yaw_1.0deg,yaw,1.0000,0.3202,0.4697,0.4671,roll+0.5,31,6.8130,False
nuscenes,single,scene-1094_014,yaw_1.0deg,yaw,1.0000,0.2170,0.4922,1.2686,roll-1.0,19,6.8130,False
nuscenes,single,scene-1094_015,yaw_1.0deg,yaw,1.0000,0.1128,0.2514,1.2291,pitch-3.0,29,6.8130,False
nuscenes,single,scene-1094_016,yaw_1.0deg,yaw,1.0000,0.1739,0.2719,0.5636,pitch+0.5,29,6.8130,False
nuscenes,single,scene-1094_017,yaw_1.0deg,yaw,1.0000,0.1315,0.3474,1.6415,pitch-3.0,21,6.8130,False
nuscenes,single,scene-1094_018,yaw_1.0deg,yaw,1.0000,0.1690,0.2725,0.6124,roll-3.0,29,6.8130,False
nuscenes,single,scene-1094_019,yaw_1.0deg,yaw,1.0000,0.2161,0.3398,0.5725,roll-3.0,27,6.8130,False
nuscenes,single,scene-1094_020,yaw_1.0deg,yaw,1.0000,0.1513,0.2593,0.7132,roll-3.0,48,6.8130,False
nuscenes,single,scene-1094_021,yaw_1.0deg,yaw,1.0000,0.1948,0.2426,0.2455,roll-2.0,65,6.8130,False
nuscenes,single,scene-1094_022,yaw_1.0deg,yaw,1.0000,0.1364,0.2147,0.5734,yaw+0.5,83,6.8130,False
nuscenes,single,scene-1094_023,yaw_1.0deg,yaw,1.0000,0.1930,0.1964,0.0177,roll+2.0,81,6.8130,False
nuscenes,single,scene-1094_024,yaw_1.0deg,yaw,1.0000,0.1433,0.1837,0.2814,pitch+1.0,67,6.8130,False
nuscenes,single,scene-1094_025,yaw_1.0deg,yaw,1.0000,0.1262,0.1636,0.2966,roll-2.0,61,6.8130,False
nuscenes,single,scene-1094_026,yaw_1.0deg,yaw,1.0000,0.0829,0.2085,1.5146,roll+2.0,71,6.8130,False
nuscenes,single,scene-1094_027,yaw_1.0deg,yaw,1.0000,0.1322,0.2215,0.6758,roll-1.0,71,6.8130,False
nuscenes,single,scene-1094_028,yaw_1.0deg,yaw,1.0000,0.1532,0.2063,0.3467,yaw+2.0,101,6.8130,False
nuscenes,single,scene-1094_029,yaw_1.0deg,yaw,1.0000,0.0962,0.1721,0.7892,pitch-3.0,69,6.8130,False
nuscenes,single,scene-1094_030,yaw_1.0deg,yaw,1.0000,0.1017,0.1241,0.2207,yaw-1.0,83,6.8130,False
nuscenes,single,scene-1094_031,yaw_1.0deg,yaw,1.0000,0.0698,0.1448,1.0760,roll-3.0,80,6.8130,False
nuscenes,single,scene-1094_032,yaw_1.0deg,yaw,1.0000,0.0815,0.1548,0.8994,roll-3.0,80,6.8130,False
nuscenes,single,scene-1094_033,yaw_1.0deg,yaw,1.0000,0.1131,0.1564,0.3827,roll+1.0,83,6.8130,False
nuscenes,single,scene-1094_034,yaw_1.0deg,yaw,1.0000,0.1042,0.1894,0.8171,roll+1.0,83,6.8130,False
nuscenes,single,scene-1094_035,yaw_1.0deg,yaw,1.0000,0.0596,0.1605,1.6946,roll+2.0,87,6.8130,False
nuscenes,single,scene-1094_036,yaw_1.0deg,yaw,1.0000,0.0668,0.1292,0.9327,pitch+2.0,77,6.8130,False
nuscenes,single,scene-1094_037,yaw_1.0deg,yaw,1.0000,0.0647,0.1657,1.5627,roll-0.5,60,6.8130,False
nuscenes,single,scene-1094_038,yaw_1.0deg,yaw,1.0000,0.0549,0.1443,1.6298,yaw+3.0,57,6.8130,False
nuscenes,single,scene-1094_039,yaw_1.0deg,yaw,1.0000,0.1520,0.1618,0.0647,yaw+0.5,76,6.8130,False
nuscenes,window5,scene-0103_000..scene-0103_004,yaw_1.0deg,yaw,1.0000,0.2201,0.3208,0.4577,yaw-1.0,203,1.7379,False
nuscenes,window5,scene-0103_001..scene-0103_005,yaw_1.0deg,yaw,1.0000,0.2135,0.2816,0.3192,yaw-1.0,168,1.7379,False
nuscenes,window5,scene-0103_002..scene-0103_006,yaw_1.0deg,yaw,1.0000,0.2087,0.2942,0.4098,yaw-1.0,142,1.7379,False
nuscenes,window5,scene-0103_003..scene-0103_007,yaw_1.0deg,yaw,1.0000,0.2143,0.2982,0.3917,yaw-1.0,123,1.7379,False
nuscenes,window5,scene-0103_004..scene-0103_008,yaw_1.0deg,yaw,1.0000,0.1683,0.2531,0.5040,yaw-2.0,115,1.7379,False
nuscenes,window5,scene-0103_005..scene-0103_009,yaw_1.0deg,yaw,1.0000,0.1380,0.2096,0.5188,yaw-2.0,123,1.7379,False
nuscenes,window5,scene-0103_006..scene-0103_010,yaw_1.0deg,yaw,1.0000,0.1103,0.1869,0.6944,roll-2.0,141,1.7379,False
nuscenes,window5,scene-0103_007..scene-0103_011,yaw_1.0deg,yaw,1.0000,0.0880,0.1876,1.1308,roll-3.0,175,1.7379,False
nuscenes,window5,scene-0103_008..scene-0103_012,yaw_1.0deg,yaw,1.0000,0.0581,0.1633,1.8111,roll-3.0,224,1.7379,True
nuscenes,window5,scene-0103_009..scene-0103_013,yaw_1.0deg,yaw,1.0000,0.0514,0.1362,1.6502,roll-3.0,256,1.7379,False
nuscenes,window5,scene-0103_010..scene-0103_014,yaw_1.0deg,yaw,1.0000,0.0440,0.1321,2.0033,roll-3.0,284,1.7379,True
nuscenes,window5,scene-0103_011..scene-0103_015,yaw_1.0deg,yaw,1.0000,0.0527,0.1421,1.6968,roll-3.0,304,1.7379,False
nuscenes,window5,scene-0103_012..scene-0103_016,yaw_1.0deg,yaw,1.0000,0.0640,0.1383,1.1589,roll-3.0,336,1.7379,False
nuscenes,window5,scene-0103_013..scene-0103_017,yaw_1.0deg,yaw,1.0000,0.1078,0.1498,0.3895,roll-2.0,386,1.7379,False
nuscenes,window5,scene-0103_014..scene-0103_018,yaw_1.0deg,yaw,1.0000,0.1293,0.1465,0.1337,roll-2.0,431,1.7379,False
nuscenes,window5,scene-0103_015..scene-0103_019,yaw_1.0deg,yaw,1.0000,0.1266,0.1471,0.1620,roll-2.0,455,1.7379,False
nuscenes,window5,scene-0103_016..scene-0103_020,yaw_1.0deg,yaw,1.0000,0.1275,0.1470,0.1532,roll-2.0,460,1.7379,False
nuscenes,window5,scene-0103_017..scene-0103_021,yaw_1.0deg,yaw,1.0000,0.1252,0.1345,0.0744,yaw-0.5,440,1.7379,False
nuscenes,window5,scene-0103_018..scene-0103_022,yaw_1.0deg,yaw,1.0000,0.1006,0.1250,0.2423,roll+0.5,394,1.7379,False
nuscenes,window5,scene-0103_019..scene-0103_023,yaw_1.0deg,yaw,1.0000,0.0892,0.1196,0.3416,yaw-1.0,356,1.7379,False
nuscenes,window5,scene-0103_020..scene-0103_024,yaw_1.0deg,yaw,1.0000,0.0976,0.1169,0.1982,yaw-1.0,325,1.7379,False
nuscenes,window5,scene-0103_021..scene-0103_025,yaw_1.0deg,yaw,1.0000,0.0893,0.1215,0.3600,yaw-1.0,317,1.7379,False
nuscenes,window5,scene-0103_022..scene-0103_026,yaw_1.0deg,yaw,1.0000,0.0973,0.1228,0.2629,yaw-1.0,311,1.7379,False
nuscenes,window5,scene-0103_023..scene-0103_027,yaw_1.0deg,yaw,1.0000,0.0983,0.1223,0.2435,yaw-1.0,305,1.7379,False
nuscenes,window5,scene-0103_024..scene-0103_028,yaw_1.0deg,yaw,1.0000,0.0832,0.1115,0.3399,yaw-2.0,291,1.7379,False
nuscenes,window5,scene-0103_025..scene-0103_029,yaw_1.0deg,yaw,1.0000,0.0975,0.1326,0.3599,pitch-2.0,284,1.7379,False
nuscenes,window5,scene-0103_026..scene-0103_030,yaw_1.0deg,yaw,1.0000,0.1075,0.1377,0.2814,pitch-2.0,282,1.7379,False
nuscenes,window5,scene-0103_027..scene-0103_031,yaw_1.0deg,yaw,1.0000,0.1098,0.1463,0.3326,roll-1.0,266,1.7379,False
nuscenes,window5,scene-0103_028..scene-0103_032,yaw_1.0deg,yaw,1.0000,0.1012,0.1501,0.4828,roll-1.0,240,1.7379,False
nuscenes,window5,scene-0103_029..scene-0103_033,yaw_1.0deg,yaw,1.0000,0.1173,0.1682,0.4334,yaw-1.0,219,1.7379,False
nuscenes,window5,scene-0103_030..scene-0103_034,yaw_1.0deg,yaw,1.0000,0.1010,0.1724,0.7072,yaw-1.0,191,1.7379,False
nuscenes,window5,scene-0103_031..scene-0103_035,yaw_1.0deg,yaw,1.0000,0.1038,0.1677,0.6158,pitch+3.0,154,1.7379,False
nuscenes,window5,scene-0103_032..scene-0103_036,yaw_1.0deg,yaw,1.0000,0.1170,0.1747,0.4932,pitch+3.0,150,1.7379,False
nuscenes,window5,scene-0103_033..scene-0103_037,yaw_1.0deg,yaw,1.0000,0.1428,0.2006,0.4051,pitch+3.0,139,1.7379,False
nuscenes,window5,scene-0103_034..scene-0103_038,yaw_1.0deg,yaw,1.0000,0.1591,0.2286,0.4368,pitch+3.0,128,1.7379,False
nuscenes,window5,scene-0103_035..scene-0103_039,yaw_1.0deg,yaw,1.0000,0.1644,0.2415,0.4691,pitch+3.0,130,1.7379,False
nuscenes,window5,scene-1094_000..scene-1094_004,yaw_1.0deg,yaw,1.0000,0.2829,0.3106,0.0980,roll+0.5,363,1.7379,False
nuscenes,window5,scene-1094_001..scene-1094_005,yaw_1.0deg,yaw,1.0000,0.2993,0.3308,0.1051,roll+0.5,364,1.7379,False
nuscenes,window5,scene-1094_002..scene-1094_006,yaw_1.0deg,yaw,1.0000,0.3220,0.3573,0.1096,pitch+0.5,347,1.7379,False
nuscenes,window5,scene-1094_003..scene-1094_007,yaw_1.0deg,yaw,1.0000,0.3234,0.3567,0.1028,roll+0.5,319,1.7379,False
nuscenes,window5,scene-1094_004..scene-1094_008,yaw_1.0deg,yaw,1.0000,0.3439,0.3800,0.1049,pitch+0.5,278,1.7379,False
nuscenes,window5,scene-1094_005..scene-1094_009,yaw_1.0deg,yaw,1.0000,0.3505,0.3878,0.1063,roll+0.5,255,1.7379,False
nuscenes,window5,scene-1094_006..scene-1094_010,yaw_1.0deg,yaw,1.0000,0.3586,0.3730,0.0400,roll+1.0,236,1.7379,False
nuscenes,window5,scene-1094_007..scene-1094_011,yaw_1.0deg,yaw,1.0000,0.3486,0.3741,0.0730,yaw-3.0,227,1.7379,False
nuscenes,window5,scene-1094_008..scene-1094_012,yaw_1.0deg,yaw,1.0000,0.3089,0.3262,0.0562,pitch+1.0,218,1.7379,False
nuscenes,window5,scene-1094_009..scene-1094_013,yaw_1.0deg,yaw,1.0000,0.2927,0.3124,0.0673,yaw-3.0,205,1.7379,False
nuscenes,window5,scene-1094_010..scene-1094_014,yaw_1.0deg,yaw,1.0000,0.2557,0.3122,0.2211,yaw+3.0,179,1.7379,False
nuscenes,window5,scene-1094_011..scene-1094_015,yaw_1.0deg,yaw,1.0000,0.2034,0.2569,0.2631,yaw-0.5,163,1.7379,False
nuscenes,window5,scene-1094_012..scene-1094_016,yaw_1.0deg,yaw,1.0000,0.1717,0.2525,0.4706,yaw-0.5,151,1.7379,False
nuscenes,window5,scene-1094_013..scene-1094_017,yaw_1.0deg,yaw,1.0000,0.1947,0.2796,0.4355,roll+0.5,129,1.7379,False
nuscenes,window5,scene-1094_014..scene-1094_018,yaw_1.0deg,yaw,1.0000,0.1583,0.2365,0.4942,pitch-3.0,127,1.7379,False
nuscenes,window5,scene-1094_015..scene-1094_019,yaw_1.0deg,yaw,1.0000,0.1616,0.2133,0.3205,pitch-3.0,135,1.7379,False
nuscenes,window5,scene-1094_016..scene-1094_020,yaw_1.0deg,yaw,1.0000,0.1676,0.2563,0.5298,roll-3.0,154,1.7379,False
nuscenes,window5,scene-1094_017..scene-1094_021,yaw_1.0deg,yaw,1.0000,0.1759,0.2352,0.3370,roll-3.0,190,1.7379,False
nuscenes,window5,scene-1094_018..scene-1094_022,yaw_1.0deg,yaw,1.0000,0.1666,0.2139,0.2838,roll-2.0,252,1.7379,False
nuscenes,window5,scene-1094_019..scene-1094_023,yaw_1.0deg,yaw,1.0000,0.1734,0.1895,0.0926,yaw+0.5,304,1.7379,False
nuscenes,window5,scene-1094_020..scene-1094_024,yaw_1.0deg,yaw,1.0000,0.1642,0.1808,0.1011,roll-2.0,344,1.7379,False
nuscenes,window5,scene-1094_021..scene-1094_025,yaw_1.0deg,yaw,1.0000,0.1594,0.1713,0.0743,yaw+0.5,357,1.7379,False
nuscenes,window5,scene-1094_022..scene-1094_026,yaw_1.0deg,yaw,1.0000,0.1381,0.1693,0.2255,roll+2.0,363,1.7379,False
nuscenes,window5,scene-1094_023..scene-1094_027,yaw_1.0deg,yaw,1.0000,0.1373,0.1711,0.2463,roll+2.0,351,1.7379,False
nuscenes,window5,scene-1094_024..scene-1094_028,yaw_1.0deg,yaw,1.0000,0.1295,0.1707,0.3181,roll+2.0,371,1.7379,False
nuscenes,window5,scene-1094_025..scene-1094_029,yaw_1.0deg,yaw,1.0000,0.1208,0.1702,0.4084,roll+2.0,373,1.7379,False
nuscenes,window5,scene-1094_026..scene-1094_030,yaw_1.0deg,yaw,1.0000,0.1160,0.1486,0.2814,roll+2.0,395,1.7379,False
nuscenes,window5,scene-1094_027..scene-1094_031,yaw_1.0deg,yaw,1.0000,0.1127,0.1579,0.4013,roll-3.0,404,1.7379,False
nuscenes,window5,scene-1094_028..scene-1094_032,yaw_1.0deg,yaw,1.0000,0.1033,0.1526,0.4780,roll-3.0,413,1.7379,False
nuscenes,window5,scene-1094_029..scene-1094_033,yaw_1.0deg,yaw,1.0000,0.0926,0.1455,0.5712,roll-3.0,395,1.7379,False
nuscenes,window5,scene-1094_030..scene-1094_034,yaw_1.0deg,yaw,1.0000,0.0943,0.1345,0.4263,roll-3.0,409,1.7379,False
nuscenes,window5,scene-1094_031..scene-1094_035,yaw_1.0deg,yaw,1.0000,0.0855,0.1364,0.5947,roll-3.0,413,1.7379,False
nuscenes,window5,scene-1094_032..scene-1094_036,yaw_1.0deg,yaw,1.0000,0.0851,0.1373,0.6129,roll+1.0,410,1.7379,False
nuscenes,window5,scene-1094_033..scene-1094_037,yaw_1.0deg,yaw,1.0000,0.0827,0.1384,0.6732,roll+1.0,390,1.7379,False
nuscenes,window5,scene-1094_034..scene-1094_038,yaw_1.0deg,yaw,1.0000,0.0714,0.1252,0.7542,roll+1.0,364,1.7379,False
nuscenes,window5,scene-1094_035..scene-1094_039,yaw_1.0deg,yaw,1.0000,0.0809,0.1155,0.4277,pitch+2.0,357,1.7379,False
nuscenes,single,scene-0103_000,pitch_1.0deg,pitch,1.0000,0.2816,0.3654,0.2978,roll+1.0,65,6.8130,False
nuscenes,single,scene-0103_001,pitch_1.0deg,pitch,1.0000,0.3522,0.3522,0.0000,none,50,6.8130,False
nuscenes,single,scene-0103_002,pitch_1.0deg,pitch,1.0000,0.2909,0.3353,0.1525,roll+1.0,37,6.8130,False
nuscenes,single,scene-0103_003,pitch_1.0deg,pitch,1.0000,0.2525,0.3494,0.3835,roll-0.5,35,6.8130,False
nuscenes,single,scene-0103_004,pitch_1.0deg,pitch,1.0000,0.2770,0.3286,0.1863,roll+0.5,35,6.8130,False
nuscenes,single,scene-0103_005,pitch_1.0deg,pitch,1.0000,0.2591,0.2804,0.0820,yaw-1.0,26,6.8130,False
nuscenes,single,scene-0103_006,pitch_1.0deg,pitch,1.0000,0.4510,0.5392,0.1958,pitch-0.5,16,6.8130,False
nuscenes,single,scene-0103_007,pitch_1.0deg,pitch,1.0000,0.2847,0.4208,0.4780,roll+1.0,17,6.8130,False
nuscenes,single,scene-0103_008,pitch_1.0deg,pitch,1.0000,0.1985,0.2838,0.4295,yaw-3.0,33,6.8130,False
nuscenes,single,scene-0103_009,pitch_1.0deg,pitch,1.0000,0.1662,0.2596,0.5623,yaw-3.0,42,6.8130,False
nuscenes,single,scene-0103_010,pitch_1.0deg,pitch,1.0000,0.0805,0.2374,1.9488,roll-1.0,45,6.8130,False
nuscenes,single,scene-0103_011,pitch_1.0deg,pitch,1.0000,0.1088,0.2796,1.5699,roll-2.0,58,6.8130,False
nuscenes,single,scene-0103_012,pitch_1.0deg,pitch,1.0000,0.0411,0.1578,2.8365,roll-3.0,63,6.8130,False
nuscenes,single,scene-0103_013,pitch_1.0deg,pitch,1.0000,0.0632,0.1812,1.8662,roll-3.0,61,6.8130,False
nuscenes,single,scene-0103_014,pitch_1.0deg,pitch,1.0000,0.1163,0.2013,0.7306,roll-3.0,73,6.8130,False
nuscenes,single,scene-0103_015,pitch_1.0deg,pitch,1.0000,0.1610,0.2291,0.4235,pitch-2.0,68,6.8130,False
nuscenes,single,scene-0103_016,pitch_1.0deg,pitch,1.0000,0.1089,0.1697,0.5587,yaw-2.0,87,6.8130,False
nuscenes,single,scene-0103_017,pitch_1.0deg,pitch,1.0000,0.1201,0.1994,0.6614,pitch-2.0,112,6.8130,False
nuscenes,single,scene-0103_018,pitch_1.0deg,pitch,1.0000,0.0811,0.1570,0.9365,roll+2.0,96,6.8130,False
nuscenes,single,scene-0103_019,pitch_1.0deg,pitch,1.0000,0.1772,0.1772,0.0000,none,96,6.8130,False
nuscenes,single,scene-0103_020,pitch_1.0deg,pitch,1.0000,0.1427,0.1748,0.2253,roll-0.5,77,6.8130,False
nuscenes,single,scene-0103_021,pitch_1.0deg,pitch,1.0000,0.0828,0.1493,0.8021,yaw-3.0,69,6.8130,False
nuscenes,single,scene-0103_022,pitch_1.0deg,pitch,1.0000,0.1001,0.1280,0.2782,yaw+0.5,74,6.8130,False
nuscenes,single,scene-0103_023,pitch_1.0deg,pitch,1.0000,0.1017,0.1696,0.6678,roll+0.5,69,6.8130,False
nuscenes,single,scene-0103_024,pitch_1.0deg,pitch,1.0000,0.1009,0.1345,0.3325,yaw-3.0,61,6.8130,False
nuscenes,single,scene-0103_025,pitch_1.0deg,pitch,1.0000,0.0854,0.1432,0.6760,pitch-2.0,62,6.8130,False
nuscenes,single,scene-0103_026,pitch_1.0deg,pitch,1.0000,0.1435,0.1453,0.0127,roll+1.0,65,6.8130,False
nuscenes,single,scene-0103_027,pitch_1.0deg,pitch,1.0000,0.1291,0.1767,0.3692,roll+0.5,62,6.8130,False
nuscenes,single,scene-0103_028,pitch_1.0deg,pitch,1.0000,0.1095,0.1349,0.2321,yaw-2.0,55,6.8130,False
nuscenes,single,scene-0103_029,pitch_1.0deg,pitch,1.0000,0.1365,0.2050,0.5014,pitch-3.0,61,6.8130,False
nuscenes,single,scene-0103_030,pitch_1.0deg,pitch,1.0000,0.1129,0.2059,0.8230,roll+1.0,52,6.8130,False
nuscenes,single,scene-0103_031,pitch_1.0deg,pitch,1.0000,0.2256,0.2669,0.1832,pitch+3.0,44,6.8130,False
nuscenes,single,scene-0103_032,pitch_1.0deg,pitch,1.0000,0.1022,0.2136,1.0901,yaw+1.0,41,6.8130,False
nuscenes,single,scene-0103_033,pitch_1.0deg,pitch,1.0000,0.2539,0.3139,0.2365,yaw-0.5,33,6.8130,False
nuscenes,single,scene-0103_034,pitch_1.0deg,pitch,1.0000,0.1234,0.2614,1.1189,roll-3.0,26,6.8130,False
nuscenes,single,scene-0103_035,pitch_1.0deg,pitch,1.0000,0.1509,0.2630,0.7434,pitch+2.0,22,6.8130,False
nuscenes,single,scene-0103_036,pitch_1.0deg,pitch,1.0000,0.1593,0.2576,0.6174,pitch+0.5,42,6.8130,False
nuscenes,single,scene-0103_037,pitch_1.0deg,pitch,1.0000,0.2310,0.2524,0.0923,pitch+3.0,22,6.8130,False
nuscenes,single,scene-0103_038,pitch_1.0deg,pitch,1.0000,0.2713,0.3912,0.4421,pitch+0.5,22,6.8130,False
nuscenes,single,scene-0103_039,pitch_1.0deg,pitch,1.0000,0.1130,0.2462,1.1784,pitch-2.0,29,6.8130,False
nuscenes,single,scene-1094_000,pitch_1.0deg,pitch,1.0000,0.1748,0.3635,1.0794,roll+3.0,71,6.8130,False
nuscenes,single,scene-1094_001,pitch_1.0deg,pitch,1.0000,0.2115,0.3029,0.4325,roll+3.0,72,6.8130,False
nuscenes,single,scene-1094_002,pitch_1.0deg,pitch,1.0000,0.2364,0.3141,0.3286,roll+2.0,90,6.8130,False
nuscenes,single,scene-1094_003,pitch_1.0deg,pitch,1.0000,0.2661,0.3598,0.3523,roll+2.0,88,6.8130,False
nuscenes,single,scene-1094_004,pitch_1.0deg,pitch,1.0000,0.3043,0.3838,0.2612,roll+2.0,70,6.8130,False
nuscenes,single,scene-1094_005,pitch_1.0deg,pitch,1.0000,0.3305,0.4568,0.3820,roll+2.0,65,6.8130,False
nuscenes,single,scene-1094_006,pitch_1.0deg,pitch,1.0000,0.3343,0.4825,0.4433,roll+2.0,47,6.8130,False
nuscenes,single,scene-1094_007,pitch_1.0deg,pitch,1.0000,0.3430,0.4324,0.2605,roll+2.0,66,6.8130,False
nuscenes,single,scene-1094_008,pitch_1.0deg,pitch,1.0000,0.3513,0.4235,0.2057,pitch+0.5,47,6.8130,False
nuscenes,single,scene-1094_009,pitch_1.0deg,pitch,1.0000,0.3709,0.4658,0.2559,roll+0.5,48,6.8130,False
nuscenes,single,scene-1094_010,pitch_1.0deg,pitch,1.0000,0.3270,0.4011,0.2264,pitch+1.0,47,6.8130,False
nuscenes,single,scene-1094_011,pitch_1.0deg,pitch,1.0000,0.2255,0.3170,0.4060,yaw+3.0,36,6.8130,False
nuscenes,single,scene-1094_012,pitch_1.0deg,pitch,1.0000,0.2484,0.2484,0.0000,none,39,6.8130,False
nuscenes,single,scene-1094_013,pitch_1.0deg,pitch,1.0000,0.3024,0.3656,0.2091,pitch+2.0,31,6.8130,False
nuscenes,single,scene-1094_014,pitch_1.0deg,pitch,1.0000,0.3106,0.5454,0.7559,yaw-2.0,17,6.8130,False
nuscenes,single,scene-1094_015,pitch_1.0deg,pitch,1.0000,0.0850,0.2456,1.8904,pitch-3.0,37,6.8130,False
nuscenes,single,scene-1094_016,pitch_1.0deg,pitch,1.0000,0.2545,0.2706,0.0631,roll+1.0,29,6.8130,False
nuscenes,single,scene-1094_017,pitch_1.0deg,pitch,1.0000,0.1579,0.3801,1.4075,yaw+2.0,22,6.8130,False
nuscenes,single,scene-1094_018,pitch_1.0deg,pitch,1.0000,0.1523,0.2886,0.8958,roll-3.0,26,6.8130,False
nuscenes,single,scene-1094_019,pitch_1.0deg,pitch,1.0000,0.2081,0.2896,0.3916,roll-1.0,29,6.8130,False
nuscenes,single,scene-1094_020,pitch_1.0deg,pitch,1.0000,0.1661,0.2971,0.7888,roll+3.0,46,6.8130,False
nuscenes,single,scene-1094_021,pitch_1.0deg,pitch,1.0000,0.2437,0.2681,0.1004,roll-1.0,67,6.8130,False
nuscenes,single,scene-1094_022,pitch_1.0deg,pitch,1.0000,0.1361,0.2020,0.4845,roll-0.5,82,6.8130,False
nuscenes,single,scene-1094_023,pitch_1.0deg,pitch,1.0000,0.1270,0.1893,0.4907,yaw-1.0,85,6.8130,False
nuscenes,single,scene-1094_024,pitch_1.0deg,pitch,1.0000,0.1094,0.1894,0.7319,roll+2.0,72,6.8130,False
nuscenes,single,scene-1094_025,pitch_1.0deg,pitch,1.0000,0.1427,0.2486,0.7420,roll+2.0,68,6.8130,False
nuscenes,single,scene-1094_026,pitch_1.0deg,pitch,1.0000,0.1129,0.1570,0.3900,roll+1.0,76,6.8130,False
nuscenes,single,scene-1094_027,pitch_1.0deg,pitch,1.0000,0.1435,0.2305,0.6064,yaw+0.5,81,6.8130,False
nuscenes,single,scene-1094_028,pitch_1.0deg,pitch,1.0000,0.1146,0.2090,0.8233,yaw-3.0,119,6.8130,False
nuscenes,single,scene-1094_029,pitch_1.0deg,pitch,1.0000,0.1054,0.1463,0.3877,yaw-3.0,70,6.8130,False
nuscenes,single,scene-1094_030,pitch_1.0deg,pitch,1.0000,0.1018,0.1701,0.6705,roll-3.0,86,6.8130,False
nuscenes,single,scene-1094_031,pitch_1.0deg,pitch,1.0000,0.1134,0.1827,0.6108,roll-2.0,88,6.8130,False
nuscenes,single,scene-1094_032,pitch_1.0deg,pitch,1.0000,0.1332,0.1587,0.1916,yaw-3.0,78,6.8130,False
nuscenes,single,scene-1094_033,pitch_1.0deg,pitch,1.0000,0.1062,0.1501,0.4130,roll-2.0,90,6.8130,False
nuscenes,single,scene-1094_034,pitch_1.0deg,pitch,1.0000,0.1069,0.1799,0.6818,roll+3.0,78,6.8130,False
nuscenes,single,scene-1094_035,pitch_1.0deg,pitch,1.0000,0.1207,0.1843,0.5265,roll+3.0,88,6.8130,False
nuscenes,single,scene-1094_036,pitch_1.0deg,pitch,1.0000,0.1036,0.1638,0.5810,yaw-2.0,78,6.8130,False
nuscenes,single,scene-1094_037,pitch_1.0deg,pitch,1.0000,0.0876,0.1712,0.9530,yaw-2.0,63,6.8130,False
nuscenes,single,scene-1094_038,pitch_1.0deg,pitch,1.0000,0.1026,0.1561,0.5219,roll-3.0,60,6.8130,False
nuscenes,single,scene-1094_039,pitch_1.0deg,pitch,1.0000,0.1064,0.1599,0.5032,roll+1.0,77,6.8130,False
nuscenes,window5,scene-0103_000..scene-0103_004,pitch_1.0deg,pitch,1.0000,0.2938,0.3208,0.0920,roll+1.0,222,1.7379,False
nuscenes,window5,scene-0103_001..scene-0103_005,pitch_1.0deg,pitch,1.0000,0.2932,0.2932,0.0000,none,183,1.7379,False
nuscenes,window5,scene-0103_002..scene-0103_006,pitch_1.0deg,pitch,1.0000,0.2903,0.3058,0.0535,pitch-0.5,149,1.7379,False
nuscenes,window5,scene-0103_003..scene-0103_007,pitch_1.0deg,pitch,1.0000,0.2893,0.3066,0.0596,roll+0.5,129,1.7379,False
nuscenes,window5,scene-0103_004..scene-0103_008,pitch_1.0deg,pitch,1.0000,0.2759,0.2950,0.0693,pitch-0.5,127,1.7379,False
nuscenes,window5,scene-0103_005..scene-0103_009,pitch_1.0deg,pitch,1.0000,0.2412,0.2619,0.0857,pitch-0.5,134,1.7379,False
nuscenes,window5,scene-0103_006..scene-0103_010,pitch_1.0deg,pitch,1.0000,0.1909,0.2377,0.2450,yaw-3.0,153,1.7379,False
nuscenes,window5,scene-0103_007..scene-0103_011,pitch_1.0deg,pitch,1.0000,0.1451,0.2049,0.4116,roll-1.0,195,1.7379,False
nuscenes,window5,scene-0103_008..scene-0103_012,pitch_1.0deg,pitch,1.0000,0.1081,0.1729,0.5997,roll-2.0,241,1.7379,False
nuscenes,window5,scene-0103_009..scene-0103_013,pitch_1.0deg,pitch,1.0000,0.0868,0.1628,0.8751,roll-1.0,269,1.7379,False
nuscenes,window5,scene-0103_010..scene-0103_014,pitch_1.0deg,pitch,1.0000,0.0829,0.1748,1.1085,roll-3.0,300,1.7379,False
nuscenes,window5,scene-0103_011..scene-0103_015,pitch_1.0deg,pitch,1.0000,0.0997,0.1785,0.7906,roll-3.0,323,1.7379,False
nuscenes,window5,scene-0103_012..scene-0103_016,pitch_1.0deg,pitch,1.0000,0.1004,0.1781,0.7734,roll-3.0,352,1.7379,False
nuscenes,window5,scene-0103_013..scene-0103_017,pitch_1.0deg,pitch,1.0000,0.1152,0.1671,0.4500,pitch-2.0,401,1.7379,False
nuscenes,window5,scene-0103_014..scene-0103_018,pitch_1.0deg,pitch,1.0000,0.1150,0.1629,0.4163,pitch-2.0,436,1.7379,False
nuscenes,window5,scene-0103_015..scene-0103_019,pitch_1.0deg,pitch,1.0000,0.1278,0.1622,0.2691,yaw-3.0,459,1.7379,False
nuscenes,window5,scene-0103_016..scene-0103_020,pitch_1.0deg,pitch,1.0000,0.1254,0.1479,0.1791,roll-0.5,468,1.7379,False
nuscenes,window5,scene-0103_017..scene-0103_021,pitch_1.0deg,pitch,1.0000,0.1221,0.1462,0.1973,yaw-3.0,450,1.7379,False
nuscenes,window5,scene-0103_018..scene-0103_022,pitch_1.0deg,pitch,1.0000,0.1187,0.1397,0.1767,roll-3.0,412,1.7379,False
nuscenes,window5,scene-0103_019..scene-0103_023,pitch_1.0deg,pitch,1.0000,0.1250,0.1301,0.0401,roll+0.5,385,1.7379,False
nuscenes,window5,scene-0103_020..scene-0103_024,pitch_1.0deg,pitch,1.0000,0.1065,0.1226,0.1513,pitch-2.0,350,1.7379,False
nuscenes,window5,scene-0103_021..scene-0103_025,pitch_1.0deg,pitch,1.0000,0.0943,0.1286,0.3639,yaw-3.0,335,1.7379,False
nuscenes,window5,scene-0103_022..scene-0103_026,pitch_1.0deg,pitch,1.0000,0.1064,0.1228,0.1548,roll+1.0,331,1.7379,False
nuscenes,window5,scene-0103_023..scene-0103_027,pitch_1.0deg,pitch,1.0000,0.1122,0.1357,0.2095,pitch-2.0,319,1.7379,False
nuscenes,window5,scene-0103_024..scene-0103_028,pitch_1.0deg,pitch,1.0000,0.1141,0.1268,0.1110,pitch-2.0,305,1.7379,False
nuscenes,window5,scene-0103_025..scene-0103_029,pitch_1.0deg,pitch,1.0000,0.1212,0.1407,0.1605,pitch-2.0,305,1.7379,False
nuscenes,window5,scene-0103_026..scene-0103_030,pitch_1.0deg,pitch,1.0000,0.1273,0.1545,0.2138,roll+0.5,295,1.7379,False
nuscenes,window5,scene-0103_027..scene-0103_031,pitch_1.0deg,pitch,1.0000,0.1392,0.1737,0.2476,roll+0.5,274,1.7379,False
nuscenes,window5,scene-0103_028..scene-0103_032,pitch_1.0deg,pitch,1.0000,0.1357,0.1753,0.2918,pitch+3.0,253,1.7379,False
nuscenes,window5,scene-0103_029..scene-0103_033,pitch_1.0deg,pitch,1.0000,0.1589,0.1874,0.1797,pitch+3.0,231,1.7379,False
nuscenes,window5,scene-0103_030..scene-0103_034,pitch_1.0deg,pitch,1.0000,0.1611,0.2003,0.2433,yaw+2.0,196,1.7379,False
nuscenes,window5,scene-0103_031..scene-0103_035,pitch_1.0deg,pitch,1.0000,0.1748,0.2141,0.2246,yaw+2.0,166,1.7379,False
nuscenes,window5,scene-0103_032..scene-0103_036,pitch_1.0deg,pitch,1.0000,0.1572,0.2131,0.3553,yaw+2.0,164,1.7379,False
nuscenes,window5,scene-0103_033..scene-0103_037,pitch_1.0deg,pitch,1.0000,0.1840,0.2240,0.2175,yaw+2.0,145,1.7379,False
nuscenes,window5,scene-0103_034..scene-0103_038,pitch_1.0deg,pitch,1.0000,0.1811,0.2364,0.3055,pitch+0.5,134,1.7379,False
nuscenes,window5,scene-0103_035..scene-0103_039,pitch_1.0deg,pitch,1.0000,0.1776,0.2331,0.3121,pitch+0.5,137,1.7379,False
nuscenes,window5,scene-1094_000..scene-1094_004,pitch_1.0deg,pitch,1.0000,0.2395,0.3169,0.3235,roll+2.0,391,1.7379,False
nuscenes,window5,scene-1094_001..scene-1094_005,pitch_1.0deg,pitch,1.0000,0.2668,0.3565,0.3365,roll+2.0,385,1.7379,False
nuscenes,window5,scene-1094_002..scene-1094_006,pitch_1.0deg,pitch,1.0000,0.2866,0.3929,0.3709,roll+2.0,360,1.7379,False
nuscenes,window5,scene-1094_003..scene-1094_007,pitch_1.0deg,pitch,1.0000,0.3112,0.4180,0.3433,roll+2.0,336,1.7379,False
nuscenes,window5,scene-1094_004..scene-1094_008,pitch_1.0deg,pitch,1.0000,0.3310,0.4292,0.2967,roll+2.0,295,1.7379,False
nuscenes,window5,scene-1094_005..scene-1094_009,pitch_1.0deg,pitch,1.0000,0.3449,0.4390,0.2729,roll+2.0,273,1.7379,False
nuscenes,window5,scene-1094_006..scene-1094_010,pitch_1.0deg,pitch,1.0000,0.3452,0.4035,0.1687,roll+2.0,255,1.7379,False
nuscenes,window5,scene-1094_007..scene-1094_011,pitch_1.0deg,pitch,1.0000,0.3297,0.3721,0.1288,roll+0.5,244,1.7379,False
nuscenes,window5,scene-1094_008..scene-1094_012,pitch_1.0deg,pitch,1.0000,0.3110,0.3385,0.0885,pitch+0.5,217,1.7379,False
nuscenes,window5,scene-1094_009..scene-1094_013,pitch_1.0deg,pitch,1.0000,0.3003,0.3122,0.0399,pitch+0.5,201,1.7379,False
nuscenes,window5,scene-1094_010..scene-1094_014,pitch_1.0deg,pitch,1.0000,0.2813,0.2930,0.0414,roll+1.0,170,1.7379,False
nuscenes,window5,scene-1094_011..scene-1094_015,pitch_1.0deg,pitch,1.0000,0.2225,0.2538,0.1406,roll+1.0,160,1.7379,False
nuscenes,window5,scene-1094_012..scene-1094_016,pitch_1.0deg,pitch,1.0000,0.2279,0.2511,0.1018,pitch-3.0,153,1.7379,False
nuscenes,window5,scene-1094_013..scene-1094_017,pitch_1.0deg,pitch,1.0000,0.2107,0.2884,0.3688,pitch-3.0,136,1.7379,False
nuscenes,window5,scene-1094_014..scene-1094_018,pitch_1.0deg,pitch,1.0000,0.1774,0.2467,0.3907,pitch-3.0,131,1.7379,False
nuscenes,window5,scene-1094_015..scene-1094_019,pitch_1.0deg,pitch,1.0000,0.1678,0.2265,0.3502,pitch-3.0,143,1.7379,False
nuscenes,window5,scene-1094_016..scene-1094_020,pitch_1.0deg,pitch,1.0000,0.1874,0.2393,0.2766,roll-1.0,152,1.7379,False
nuscenes,window5,scene-1094_017..scene-1094_021,pitch_1.0deg,pitch,1.0000,0.1970,0.2536,0.2874,roll-1.0,190,1.7379,False
nuscenes,window5,scene-1094_018..scene-1094_022,pitch_1.0deg,pitch,1.0000,0.1805,0.2197,0.2173,roll-1.0,250,1.7379,False
nuscenes,window5,scene-1094_019..scene-1094_023,pitch_1.0deg,pitch,1.0000,0.1681,0.1804,0.0731,pitch-3.0,309,1.7379,False
nuscenes,window5,scene-1094_020..scene-1094_024,pitch_1.0deg,pitch,1.0000,0.1528,0.1634,0.0691,pitch-3.0,352,1.7379,False
nuscenes,window5,scene-1094_021..scene-1094_025,pitch_1.0deg,pitch,1.0000,0.1493,0.1569,0.0508,yaw-0.5,374,1.7379,False
nuscenes,window5,scene-1094_022..scene-1094_026,pitch_1.0deg,pitch,1.0000,0.1256,0.1479,0.1774,roll+2.0,383,1.7379,False
nuscenes,window5,scene-1094_023..scene-1094_027,pitch_1.0deg,pitch,1.0000,0.1272,0.1589,0.2497,yaw-1.0,382,1.7379,False
nuscenes,window5,scene-1094_024..scene-1094_028,pitch_1.0deg,pitch,1.0000,0.1236,0.1562,0.2636,yaw-0.5,416,1.7379,False
nuscenes,window5,scene-1094_025..scene-1094_029,pitch_1.0deg,pitch,1.0000,0.1230,0.1516,0.2324,yaw-0.5,414,1.7379,False
nuscenes,window5,scene-1094_026..scene-1094_030,pitch_1.0deg,pitch,1.0000,0.1157,0.1394,0.2047,yaw-3.0,432,1.7379,False
nuscenes,window5,scene-1094_027..scene-1094_031,pitch_1.0deg,pitch,1.0000,0.1157,0.1512,0.3063,roll-3.0,444,1.7379,False
nuscenes,window5,scene-1094_028..scene-1094_032,pitch_1.0deg,pitch,1.0000,0.1137,0.1591,0.3988,yaw-3.0,441,1.7379,False
nuscenes,window5,scene-1094_029..scene-1094_033,pitch_1.0deg,pitch,1.0000,0.1118,0.1449,0.2961,roll-2.0,412,1.7379,False
nuscenes,window5,scene-1094_030..scene-1094_034,pitch_1.0deg,pitch,1.0000,0.1120,0.1409,0.2585,roll-2.0,420,1.7379,False
nuscenes,window5,scene-1094_031..scene-1094_035,pitch_1.0deg,pitch,1.0000,0.1159,0.1463,0.2627,roll+3.0,422,1.7379,False
nuscenes,window5,scene-1094_032..scene-1094_036,pitch_1.0deg,pitch,1.0000,0.1141,0.1475,0.2928,roll+3.0,412,1.7379,False
nuscenes,window5,scene-1094_033..scene-1094_037,pitch_1.0deg,pitch,1.0000,0.1061,0.1470,0.3852,roll+3.0,397,1.7379,False
nuscenes,window5,scene-1094_034..scene-1094_038,pitch_1.0deg,pitch,1.0000,0.1055,0.1379,0.3070,roll+3.0,367,1.7379,False
nuscenes,window5,scene-1094_035..scene-1094_039,pitch_1.0deg,pitch,1.0000,0.1054,0.1266,0.2015,roll-3.0,366,1.7379,False
nuscenes,single,scene-0103_000,roll_1.0deg,roll,1.0000,0.3779,0.3779,0.0000,none,61,6.8130,False
nuscenes,single,scene-0103_001,roll_1.0deg,roll,1.0000,0.3559,0.3807,0.0697,pitch-2.0,52,6.8130,False
nuscenes,single,scene-0103_002,roll_1.0deg,roll,1.0000,0.3037,0.3353,0.1041,pitch-1.0,38,6.8130,False
nuscenes,single,scene-0103_003,roll_1.0deg,roll,1.0000,0.2268,0.3171,0.3983,pitch-0.5,30,6.8130,False
nuscenes,single,scene-0103_004,roll_1.0deg,roll,1.0000,0.3167,0.3852,0.2163,pitch+3.0,33,6.8130,False
nuscenes,single,scene-0103_005,roll_1.0deg,roll,1.0000,0.2235,0.2669,0.1940,yaw-1.0,25,6.8130,False
nuscenes,single,scene-0103_006,roll_1.0deg,roll,1.0000,0.3553,0.4349,0.2242,roll-3.0,15,6.8130,False
nuscenes,single,scene-0103_007,roll_1.0deg,roll,1.0000,0.2181,0.4208,0.9292,pitch-1.0,18,6.8130,False
nuscenes,single,scene-0103_008,roll_1.0deg,roll,1.0000,0.1203,0.2261,0.8784,roll+2.0,31,6.8130,False
nuscenes,single,scene-0103_009,roll_1.0deg,roll,1.0000,0.1642,0.2579,0.5704,yaw-3.0,43,6.8130,False
nuscenes,single,scene-0103_010,roll_1.0deg,roll,1.0000,0.0914,0.1728,0.8911,roll-2.0,47,6.8130,False
nuscenes,single,scene-0103_011,roll_1.0deg,roll,1.0000,0.0943,0.1953,1.0708,roll-3.0,57,6.8130,False
nuscenes,single,scene-0103_012,roll_1.0deg,roll,1.0000,0.0814,0.1049,0.2874,yaw-1.0,63,6.8130,False
nuscenes,single,scene-0103_013,roll_1.0deg,roll,1.0000,0.0435,0.1289,1.9646,roll+3.0,60,6.8130,False
nuscenes,single,scene-0103_014,roll_1.0deg,roll,1.0000,0.0573,0.1567,1.7337,roll-3.0,69,6.8130,False
nuscenes,single,scene-0103_015,roll_1.0deg,roll,1.0000,0.1048,0.1664,0.5884,pitch-3.0,64,6.8130,False
nuscenes,single,scene-0103_016,roll_1.0deg,roll,1.0000,0.0948,0.1519,0.6018,roll-3.0,85,6.8130,False
nuscenes,single,scene-0103_017,roll_1.0deg,roll,1.0000,0.1946,0.2142,0.1008,yaw-3.0,113,6.8130,False
nuscenes,single,scene-0103_018,roll_1.0deg,roll,1.0000,0.1394,0.1661,0.1919,yaw+0.5,108,6.8130,False
nuscenes,single,scene-0103_019,roll_1.0deg,roll,1.0000,0.1403,0.1683,0.1996,pitch-3.0,90,6.8130,False
nuscenes,single,scene-0103_020,roll_1.0deg,roll,1.0000,0.0835,0.1586,0.9004,pitch-2.0,63,6.8130,False
nuscenes,single,scene-0103_021,roll_1.0deg,roll,1.0000,0.1498,0.1835,0.2251,pitch-2.0,57,6.8130,False
nuscenes,single,scene-0103_022,roll_1.0deg,roll,1.0000,0.1272,0.1444,0.1351,yaw-3.0,73,6.8130,False
nuscenes,single,scene-0103_023,roll_1.0deg,roll,1.0000,0.1675,0.1791,0.0692,pitch+0.5,68,6.8130,False
nuscenes,single,scene-0103_024,roll_1.0deg,roll,1.0000,0.0803,0.1206,0.5010,pitch-2.0,62,6.8130,False
nuscenes,single,scene-0103_025,roll_1.0deg,roll,1.0000,0.1323,0.1323,0.0000,none,61,6.8130,False
nuscenes,single,scene-0103_026,roll_1.0deg,roll,1.0000,0.1063,0.1453,0.3669,pitch-1.0,69,6.8130,False
nuscenes,single,scene-0103_027,roll_1.0deg,roll,1.0000,0.1774,0.1957,0.1033,yaw-2.0,63,6.8130,False
nuscenes,single,scene-0103_028,roll_1.0deg,roll,1.0000,0.0263,0.1261,3.7913,roll-3.0,56,6.8130,False
nuscenes,single,scene-0103_029,roll_1.0deg,roll,1.0000,0.1627,0.2500,0.5368,pitch+3.0,55,6.8130,False
nuscenes,single,scene-0103_030,roll_1.0deg,roll,1.0000,0.2039,0.2241,0.0992,pitch+2.0,58,6.8130,False
nuscenes,single,scene-0103_031,roll_1.0deg,roll,1.0000,0.2086,0.2924,0.4021,pitch+1.0,42,6.8130,False
nuscenes,single,scene-0103_032,roll_1.0deg,roll,1.0000,0.1426,0.1993,0.3978,pitch+0.5,37,6.8130,False
nuscenes,single,scene-0103_033,roll_1.0deg,roll,1.0000,0.1825,0.2309,0.2655,roll-0.5,33,6.8130,False
nuscenes,single,scene-0103_034,roll_1.0deg,roll,1.0000,0.1521,0.2179,0.4327,roll+3.0,27,6.8130,False
nuscenes,single,scene-0103_035,roll_1.0deg,roll,1.0000,0.2154,0.3139,0.4570,pitch+1.0,20,6.8130,False
nuscenes,single,scene-0103_036,roll_1.0deg,roll,1.0000,0.1704,0.2293,0.3457,yaw+3.0,39,6.8130,False
nuscenes,single,scene-0103_037,roll_1.0deg,roll,1.0000,0.2166,0.2628,0.2133,roll-2.0,28,6.8130,False
nuscenes,single,scene-0103_038,roll_1.0deg,roll,1.0000,0.1737,0.3917,1.2542,roll-1.0,17,6.8130,False
nuscenes,single,scene-0103_039,roll_1.0deg,roll,1.0000,0.2059,0.2093,0.0165,pitch+0.5,26,6.8130,False
nuscenes,single,scene-1094_000,roll_1.0deg,roll,1.0000,0.2305,0.3515,0.5249,roll+2.0,75,6.8130,False
nuscenes,single,scene-1094_001,roll_1.0deg,roll,1.0000,0.2483,0.2987,0.2031,roll+1.0,73,6.8130,False
nuscenes,single,scene-1094_002,roll_1.0deg,roll,1.0000,0.2618,0.3695,0.4113,roll+1.0,80,6.8130,False
nuscenes,single,scene-1094_003,roll_1.0deg,roll,1.0000,0.2561,0.3835,0.4975,roll+1.0,86,6.8130,False
nuscenes,single,scene-1094_004,roll_1.0deg,roll,1.0000,0.3324,0.3931,0.1826,yaw+3.0,66,6.8130,False
nuscenes,single,scene-1094_005,roll_1.0deg,roll,1.0000,0.3627,0.4748,0.3091,roll+1.0,64,6.8130,False
nuscenes,single,scene-1094_006,roll_1.0deg,roll,1.0000,0.3153,0.4726,0.4990,roll+3.0,53,6.8130,False
nuscenes,single,scene-1094_007,roll_1.0deg,roll,1.0000,0.3777,0.4503,0.1922,pitch+0.5,56,6.8130,False
nuscenes,single,scene-1094_008,roll_1.0deg,roll,1.0000,0.4529,0.4728,0.0440,yaw-3.0,45,6.8130,False
nuscenes,single,scene-1094_009,roll_1.0deg,roll,1.0000,0.4354,0.4944,0.1356,pitch-3.0,45,6.8130,False
nuscenes,single,scene-1094_010,roll_1.0deg,roll,1.0000,0.4375,0.4978,0.1378,yaw-2.0,46,6.8130,False
nuscenes,single,scene-1094_011,roll_1.0deg,roll,1.0000,0.2888,0.4323,0.4972,yaw+3.0,42,6.8130,False
nuscenes,single,scene-1094_012,roll_1.0deg,roll,1.0000,0.2049,0.3653,0.7826,pitch+2.0,38,6.8130,False
nuscenes,single,scene-1094_013,roll_1.0deg,roll,1.0000,0.3014,0.4068,0.3494,pitch-0.5,26,6.8130,False
nuscenes,single,scene-1094_014,roll_1.0deg,roll,1.0000,0.4428,0.4745,0.0716,pitch-3.0,18,6.8130,False
nuscenes,single,scene-1094_015,roll_1.0deg,roll,1.0000,0.1878,0.2356,0.2540,roll+2.0,34,6.8130,False
nuscenes,single,scene-1094_016,roll_1.0deg,roll,1.0000,0.1772,0.3042,0.7166,pitch-2.0,25,6.8130,False
nuscenes,single,scene-1094_017,roll_1.0deg,roll,1.0000,0.1816,0.2840,0.5642,yaw+3.0,22,6.8130,False
nuscenes,single,scene-1094_018,roll_1.0deg,roll,1.0000,0.2047,0.2604,0.2722,pitch+1.0,30,6.8130,False
nuscenes,single,scene-1094_019,roll_1.0deg,roll,1.0000,0.2046,0.2857,0.3961,pitch+2.0,30,6.8130,False
nuscenes,single,scene-1094_020,roll_1.0deg,roll,1.0000,0.2457,0.3012,0.2260,roll-2.0,49,6.8130,False
nuscenes,single,scene-1094_021,roll_1.0deg,roll,1.0000,0.1877,0.2585,0.3771,pitch-2.0,64,6.8130,False
nuscenes,single,scene-1094_022,roll_1.0deg,roll,1.0000,0.0871,0.1771,1.0322,roll-2.0,86,6.8130,False
nuscenes,single,scene-1094_023,roll_1.0deg,roll,1.0000,0.1385,0.1787,0.2902,yaw-0.5,84,6.8130,False
nuscenes,single,scene-1094_024,roll_1.0deg,roll,1.0000,0.1797,0.2565,0.4278,pitch+2.0,70,6.8130,False
nuscenes,single,scene-1094_025,roll_1.0deg,roll,1.0000,0.1600,0.1738,0.0862,pitch-3.0,67,6.8130,False
nuscenes,single,scene-1094_026,roll_1.0deg,roll,1.0000,0.1194,0.1596,0.3363,pitch+3.0,67,6.8130,False
nuscenes,single,scene-1094_027,roll_1.0deg,roll,1.0000,0.1450,0.1805,0.2442,yaw+1.0,83,6.8130,False
nuscenes,single,scene-1094_028,roll_1.0deg,roll,1.0000,0.0818,0.1998,1.4431,yaw+3.0,120,6.8130,False
nuscenes,single,scene-1094_029,roll_1.0deg,roll,1.0000,0.1213,0.1585,0.3069,yaw+3.0,67,6.8130,False
nuscenes,single,scene-1094_030,roll_1.0deg,roll,1.0000,0.0953,0.1580,0.6575,roll-3.0,87,6.8130,False
nuscenes,single,scene-1094_031,roll_1.0deg,roll,1.0000,0.1441,0.2018,0.4008,roll-3.0,82,6.8130,False
nuscenes,single,scene-1094_032,roll_1.0deg,roll,1.0000,0.0852,0.1610,0.8895,roll-3.0,77,6.8130,False
nuscenes,single,scene-1094_033,roll_1.0deg,roll,1.0000,0.1272,0.1746,0.3721,yaw-3.0,85,6.8130,False
nuscenes,single,scene-1094_034,roll_1.0deg,roll,1.0000,0.1095,0.1785,0.6302,pitch+2.0,86,6.8130,False
nuscenes,single,scene-1094_035,roll_1.0deg,roll,1.0000,0.1399,0.1989,0.4215,roll+3.0,93,6.8130,False
nuscenes,single,scene-1094_036,roll_1.0deg,roll,1.0000,0.0673,0.1566,1.3257,yaw+3.0,76,6.8130,False
nuscenes,single,scene-1094_037,roll_1.0deg,roll,1.0000,0.0899,0.1498,0.6654,pitch+3.0,66,6.8130,False
nuscenes,single,scene-1094_038,roll_1.0deg,roll,1.0000,0.1033,0.1917,0.8569,yaw-0.5,58,6.8130,False
nuscenes,single,scene-1094_039,roll_1.0deg,roll,1.0000,0.1435,0.1599,0.1145,pitch-1.0,76,6.8130,False
nuscenes,window5,scene-0103_000..scene-0103_004,roll_1.0deg,roll,1.0000,0.3288,0.3288,0.0000,none,214,1.7379,False
nuscenes,window5,scene-0103_001..scene-0103_005,roll_1.0deg,roll,1.0000,0.2971,0.2971,0.0000,none,178,1.7379,False
nuscenes,window5,scene-0103_002..scene-0103_006,roll_1.0deg,roll,1.0000,0.2816,0.2942,0.0446,pitch-1.0,141,1.7379,False
nuscenes,window5,scene-0103_003..scene-0103_007,roll_1.0deg,roll,1.0000,0.2653,0.2982,0.1241,pitch-1.0,121,1.7379,False
nuscenes,window5,scene-0103_004..scene-0103_008,roll_1.0deg,roll,1.0000,0.2379,0.2713,0.1403,roll-3.0,122,1.7379,False
nuscenes,window5,scene-0103_005..scene-0103_009,roll_1.0deg,roll,1.0000,0.1942,0.2646,0.3625,roll-3.0,132,1.7379,False
nuscenes,window5,scene-0103_006..scene-0103_010,roll_1.0deg,roll,1.0000,0.1581,0.2175,0.3762,roll-3.0,154,1.7379,False
nuscenes,window5,scene-0103_007..scene-0103_011,roll_1.0deg,roll,1.0000,0.1244,0.1924,0.5457,roll-3.0,196,1.7379,False
nuscenes,window5,scene-0103_008..scene-0103_012,roll_1.0deg,roll,1.0000,0.1062,0.1476,0.3894,roll-3.0,241,1.7379,False
nuscenes,window5,scene-0103_009..scene-0103_013,roll_1.0deg,roll,1.0000,0.0906,0.1371,0.5125,roll-3.0,270,1.7379,False
nuscenes,window5,scene-0103_010..scene-0103_014,roll_1.0deg,roll,1.0000,0.0722,0.1268,0.7567,roll-3.0,296,1.7379,False
nuscenes,window5,scene-0103_011..scene-0103_015,roll_1.0deg,roll,1.0000,0.0760,0.1349,0.7758,roll-3.0,313,1.7379,False
nuscenes,window5,scene-0103_012..scene-0103_016,roll_1.0deg,roll,1.0000,0.0776,0.1293,0.6665,roll-3.0,341,1.7379,False
nuscenes,window5,scene-0103_013..scene-0103_017,roll_1.0deg,roll,1.0000,0.1108,0.1305,0.1776,roll-3.0,391,1.7379,False
nuscenes,window5,scene-0103_014..scene-0103_018,roll_1.0deg,roll,1.0000,0.1270,0.1414,0.1133,yaw-3.0,439,1.7379,False
nuscenes,window5,scene-0103_015..scene-0103_019,roll_1.0deg,roll,1.0000,0.1401,0.1502,0.0722,pitch-3.0,460,1.7379,False
nuscenes,window5,scene-0103_016..scene-0103_020,roll_1.0deg,roll,1.0000,0.1372,0.1481,0.0789,pitch-3.0,459,1.7379,False
nuscenes,window5,scene-0103_017..scene-0103_021,roll_1.0deg,roll,1.0000,0.1472,0.1496,0.0163,pitch-2.0,431,1.7379,False
nuscenes,window5,scene-0103_018..scene-0103_022,roll_1.0deg,roll,1.0000,0.1298,0.1501,0.1563,pitch-2.0,391,1.7379,False
nuscenes,window5,scene-0103_019..scene-0103_023,roll_1.0deg,roll,1.0000,0.1342,0.1515,0.1291,pitch-2.0,351,1.7379,False
nuscenes,window5,scene-0103_020..scene-0103_024,roll_1.0deg,roll,1.0000,0.1221,0.1446,0.1841,pitch-2.0,323,1.7379,False
nuscenes,window5,scene-0103_021..scene-0103_025,roll_1.0deg,roll,1.0000,0.1317,0.1317,0.0000,none,321,1.7379,False
nuscenes,window5,scene-0103_022..scene-0103_026,roll_1.0deg,roll,1.0000,0.1233,0.1245,0.0098,pitch-0.5,333,1.7379,False
nuscenes,window5,scene-0103_023..scene-0103_027,roll_1.0deg,roll,1.0000,0.1330,0.1330,0.0000,none,323,1.7379,False
nuscenes,window5,scene-0103_024..scene-0103_028,roll_1.0deg,roll,1.0000,0.1062,0.1128,0.0621,pitch-2.0,311,1.7379,False
nuscenes,window5,scene-0103_025..scene-0103_029,roll_1.0deg,roll,1.0000,0.1217,0.1277,0.0492,roll-1.0,304,1.7379,False
nuscenes,window5,scene-0103_026..scene-0103_030,roll_1.0deg,roll,1.0000,0.1354,0.1485,0.0966,roll-0.5,301,1.7379,False
nuscenes,window5,scene-0103_027..scene-0103_031,roll_1.0deg,roll,1.0000,0.1540,0.1778,0.1546,pitch+1.0,274,1.7379,False
nuscenes,window5,scene-0103_028..scene-0103_032,roll_1.0deg,roll,1.0000,0.1463,0.1883,0.2872,pitch+1.0,248,1.7379,False
nuscenes,window5,scene-0103_029..scene-0103_033,roll_1.0deg,roll,1.0000,0.1815,0.2093,0.1534,pitch+1.0,225,1.7379,False
nuscenes,window5,scene-0103_030..scene-0103_034,roll_1.0deg,roll,1.0000,0.1827,0.2032,0.1121,pitch+1.0,197,1.7379,False
nuscenes,window5,scene-0103_031..scene-0103_035,roll_1.0deg,roll,1.0000,0.1791,0.2242,0.2522,pitch+1.0,159,1.7379,False
nuscenes,window5,scene-0103_032..scene-0103_036,roll_1.0deg,roll,1.0000,0.1690,0.1896,0.1222,pitch+1.0,156,1.7379,False
nuscenes,window5,scene-0103_033..scene-0103_037,roll_1.0deg,roll,1.0000,0.1847,0.2003,0.0847,pitch+1.0,147,1.7379,False
nuscenes,window5,scene-0103_034..scene-0103_038,roll_1.0deg,roll,1.0000,0.1838,0.2231,0.2138,pitch+1.0,131,1.7379,False
nuscenes,window5,scene-0103_035..scene-0103_039,roll_1.0deg,roll,1.0000,0.1948,0.2287,0.1737,pitch+1.0,130,1.7379,False
nuscenes,window5,scene-1094_000..scene-1094_004,roll_1.0deg,roll,1.0000,0.2640,0.3431,0.2997,roll+1.0,380,1.7379,False
nuscenes,window5,scene-1094_001..scene-1094_005,roll_1.0deg,roll,1.0000,0.2879,0.3802,0.3206,roll+1.0,369,1.7379,False
nuscenes,window5,scene-1094_002..scene-1094_006,roll_1.0deg,roll,1.0000,0.3004,0.4084,0.3596,roll+1.0,349,1.7379,False
nuscenes,window5,scene-1094_003..scene-1094_007,roll_1.0deg,roll,1.0000,0.3232,0.4106,0.2703,roll+1.0,325,1.7379,False
nuscenes,window5,scene-1094_004..scene-1094_008,roll_1.0deg,roll,1.0000,0.3641,0.4213,0.1572,roll+1.0,284,1.7379,False
nuscenes,window5,scene-1094_005..scene-1094_009,roll_1.0deg,roll,1.0000,0.3842,0.4408,0.1472,roll+1.0,263,1.7379,False
nuscenes,window5,scene-1094_006..scene-1094_010,roll_1.0deg,roll,1.0000,0.3998,0.4090,0.0230,pitch+0.5,245,1.7379,False
nuscenes,window5,scene-1094_007..scene-1094_011,roll_1.0deg,roll,1.0000,0.3990,0.3990,0.0000,none,234,1.7379,False
nuscenes,window5,scene-1094_008..scene-1094_012,roll_1.0deg,roll,1.0000,0.3704,0.3835,0.0353,yaw-2.0,216,1.7379,False
nuscenes,window5,scene-1094_009..scene-1094_013,roll_1.0deg,roll,1.0000,0.3425,0.3783,0.1047,yaw-2.0,197,1.7379,False
nuscenes,window5,scene-1094_010..scene-1094_014,roll_1.0deg,roll,1.0000,0.3285,0.3538,0.0771,yaw-2.0,170,1.7379,False
nuscenes,window5,scene-1094_011..scene-1094_015,roll_1.0deg,roll,1.0000,0.2665,0.2900,0.0882,pitch-0.5,158,1.7379,False
nuscenes,window5,scene-1094_012..scene-1094_016,roll_1.0deg,roll,1.0000,0.2440,0.2899,0.1879,pitch-0.5,141,1.7379,False
nuscenes,window5,scene-1094_013..scene-1094_017,roll_1.0deg,roll,1.0000,0.2450,0.3034,0.2387,pitch-0.5,125,1.7379,False
nuscenes,window5,scene-1094_014..scene-1094_018,roll_1.0deg,roll,1.0000,0.2242,0.2487,0.1095,pitch-0.5,129,1.7379,False
nuscenes,window5,scene-1094_015..scene-1094_019,roll_1.0deg,roll,1.0000,0.1921,0.2186,0.1380,pitch+2.0,141,1.7379,False
nuscenes,window5,scene-1094_016..scene-1094_020,roll_1.0deg,roll,1.0000,0.2099,0.2333,0.1115,pitch+1.0,156,1.7379,False
nuscenes,window5,scene-1094_017..scene-1094_021,roll_1.0deg,roll,1.0000,0.2068,0.2324,0.1239,roll-2.0,195,1.7379,False
nuscenes,window5,scene-1094_018..scene-1094_022,roll_1.0deg,roll,1.0000,0.1692,0.2275,0.3448,roll-2.0,259,1.7379,False
nuscenes,window5,scene-1094_019..scene-1094_023,roll_1.0deg,roll,1.0000,0.1576,0.1841,0.1682,roll-2.0,313,1.7379,False
nuscenes,window5,scene-1094_020..scene-1094_024,roll_1.0deg,roll,1.0000,0.1580,0.1745,0.1046,yaw-0.5,353,1.7379,False
nuscenes,window5,scene-1094_021..scene-1094_025,roll_1.0deg,roll,1.0000,0.1467,0.1704,0.1612,yaw-0.5,371,1.7379,False
nuscenes,window5,scene-1094_022..scene-1094_026,roll_1.0deg,roll,1.0000,0.1348,0.1552,0.1509,yaw-0.5,374,1.7379,False
nuscenes,window5,scene-1094_023..scene-1094_027,roll_1.0deg,roll,1.0000,0.1482,0.1637,0.1050,yaw-0.5,371,1.7379,False
nuscenes,window5,scene-1094_024..scene-1094_028,roll_1.0deg,roll,1.0000,0.1306,0.1500,0.1488,pitch+2.0,407,1.7379,False
nuscenes,window5,scene-1094_025..scene-1094_029,roll_1.0deg,roll,1.0000,0.1205,0.1352,0.1212,roll-3.0,404,1.7379,False
nuscenes,window5,scene-1094_026..scene-1094_030,roll_1.0deg,roll,1.0000,0.1091,0.1408,0.2907,roll-3.0,424,1.7379,False
nuscenes,window5,scene-1094_027..scene-1094_031,roll_1.0deg,roll,1.0000,0.1141,0.1623,0.4228,roll-3.0,439,1.7379,False
nuscenes,window5,scene-1094_028..scene-1094_032,roll_1.0deg,roll,1.0000,0.1030,0.1635,0.5869,roll-3.0,433,1.7379,False
nuscenes,window5,scene-1094_029..scene-1094_033,roll_1.0deg,roll,1.0000,0.1146,0.1535,0.3392,roll-3.0,398,1.7379,False
nuscenes,window5,scene-1094_030..scene-1094_034,roll_1.0deg,roll,1.0000,0.1125,0.1417,0.2597,pitch+2.0,417,1.7379,False
nuscenes,window5,scene-1094_031..scene-1094_035,roll_1.0deg,roll,1.0000,0.1220,0.1492,0.2229,pitch+2.0,423,1.7379,False
nuscenes,window5,scene-1094_032..scene-1094_036,roll_1.0deg,roll,1.0000,0.1077,0.1454,0.3493,pitch+2.0,417,1.7379,False
nuscenes,window5,scene-1094_033..scene-1094_037,roll_1.0deg,roll,1.0000,0.1091,0.1555,0.4250,pitch+2.0,406,1.7379,False
nuscenes,window5,scene-1094_034..scene-1094_038,roll_1.0deg,roll,1.0000,0.1041,0.1488,0.4284,pitch+2.0,379,1.7379,False
nuscenes,window5,scene-1094_035..scene-1094_039,roll_1.0deg,roll,1.0000,0.1110,0.1330,0.1980,pitch+3.0,369,1.7379,False
nuscenes,single,scene-0103_000,yaw_2.0deg,yaw,2.0000,0.2122,0.3654,0.7219,yaw-2.0,53,6.8130,False
nuscenes,single,scene-0103_001,yaw_2.0deg,yaw,2.0000,0.1977,0.2904,0.4691,roll-1.0,45,6.8130,False
nuscenes,single,scene-0103_002,yaw_2.0deg,yaw,2.0000,0.1701,0.3353,0.9712,yaw-2.0,33,6.8130,False
nuscenes,single,scene-0103_003,yaw_2.0deg,yaw,2.0000,0.2547,0.3043,0.1945,yaw-2.0,34,6.8130,False
nuscenes,single,scene-0103_004,yaw_2.0deg,yaw,2.0000,0.1811,0.3109,0.7165,yaw-3.0,34,6.8130,False
nuscenes,single,scene-0103_005,yaw_2.0deg,yaw,2.0000,0.2777,0.3029,0.0907,yaw-3.0,26,6.8130,False
nuscenes,single,scene-0103_006,yaw_2.0deg,yaw,2.0000,0.1982,0.4616,1.3290,pitch-2.0,14,6.8130,False
nuscenes,single,scene-0103_007,yaw_2.0deg,yaw,2.0000,0.2250,0.4800,1.1339,yaw-0.5,15,6.8130,False
nuscenes,single,scene-0103_008,yaw_2.0deg,yaw,2.0000,0.0710,0.2982,3.1991,roll-3.0,29,6.8130,False
nuscenes,single,scene-0103_009,yaw_2.0deg,yaw,2.0000,0.0979,0.2087,1.1317,roll-2.0,40,6.8130,False
nuscenes,single,scene-0103_010,yaw_2.0deg,yaw,2.0000,0.0310,0.1262,3.0728,roll-2.0,44,6.8130,False
nuscenes,single,scene-0103_011,yaw_2.0deg,yaw,2.0000,0.0438,0.1995,3.5587,roll-3.0,54,6.8130,False
nuscenes,single,scene-0103_012,yaw_2.0deg,yaw,2.0000,0.0435,0.1076,1.4726,roll-3.0,54,6.8130,False
nuscenes,single,scene-0103_013,yaw_2.0deg,yaw,2.0000,0.0374,0.0853,1.2768,roll-3.0,58,6.8130,False
nuscenes,single,scene-0103_014,yaw_2.0deg,yaw,2.0000,0.0648,0.1136,0.7529,yaw-3.0,71,6.8130,False
nuscenes,single,scene-0103_015,yaw_2.0deg,yaw,2.0000,0.0875,0.1806,1.0645,roll-3.0,61,6.8130,False
nuscenes,single,scene-0103_016,yaw_2.0deg,yaw,2.0000,0.0629,0.1504,1.3924,pitch+2.0,75,6.8130,False
nuscenes,single,scene-0103_017,yaw_2.0deg,yaw,2.0000,0.1674,0.2242,0.3395,yaw+3.0,115,6.8130,False
nuscenes,single,scene-0103_018,yaw_2.0deg,yaw,2.0000,0.1343,0.1741,0.2958,pitch+2.0,104,6.8130,False
nuscenes,single,scene-0103_019,yaw_2.0deg,yaw,2.0000,0.0785,0.1354,0.7245,roll-2.0,91,6.8130,False
nuscenes,single,scene-0103_020,yaw_2.0deg,yaw,2.0000,0.0803,0.1261,0.5718,roll-2.0,58,6.8130,False
nuscenes,single,scene-0103_021,yaw_2.0deg,yaw,2.0000,0.1138,0.1405,0.2340,pitch+0.5,63,6.8130,False
nuscenes,single,scene-0103_022,yaw_2.0deg,yaw,2.0000,0.0921,0.1159,0.2578,yaw-2.0,65,6.8130,False
nuscenes,single,scene-0103_023,yaw_2.0deg,yaw,2.0000,0.1304,0.1418,0.0875,yaw+0.5,65,6.8130,False
nuscenes,single,scene-0103_024,yaw_2.0deg,yaw,2.0000,0.0974,0.1451,0.4905,yaw+1.0,59,6.8130,False
nuscenes,single,scene-0103_025,yaw_2.0deg,yaw,2.0000,0.0672,0.1126,0.6757,roll-2.0,59,6.8130,False
nuscenes,single,scene-0103_026,yaw_2.0deg,yaw,2.0000,0.0635,0.1453,1.2897,yaw-2.0,50,6.8130,False
nuscenes,single,scene-0103_027,yaw_2.0deg,yaw,2.0000,0.0869,0.1551,0.7844,roll-0.5,63,6.8130,False
nuscenes,single,scene-0103_028,yaw_2.0deg,yaw,2.0000,0.0792,0.1293,0.6326,roll-2.0,54,6.8130,False
nuscenes,single,scene-0103_029,yaw_2.0deg,yaw,2.0000,0.1254,0.1878,0.4975,roll-3.0,53,6.8130,False
nuscenes,single,scene-0103_030,yaw_2.0deg,yaw,2.0000,0.1427,0.2059,0.4430,yaw-2.0,56,6.8130,False
nuscenes,single,scene-0103_031,yaw_2.0deg,yaw,2.0000,0.1175,0.2550,1.1699,roll-1.0,45,6.8130,False
nuscenes,single,scene-0103_032,yaw_2.0deg,yaw,2.0000,0.1114,0.2207,0.9808,roll+1.0,28,6.8130,False
nuscenes,single,scene-0103_033,yaw_2.0deg,yaw,2.0000,0.1424,0.2404,0.6884,roll-1.0,30,6.8130,False
nuscenes,single,scene-0103_034,yaw_2.0deg,yaw,2.0000,0.0980,0.1810,0.8473,roll+3.0,26,6.8130,False
nuscenes,single,scene-0103_035,yaw_2.0deg,yaw,2.0000,0.0559,0.2598,3.6487,roll+3.0,22,6.8130,False
nuscenes,single,scene-0103_036,yaw_2.0deg,yaw,2.0000,0.2625,0.2625,0.0000,none,39,6.8130,False
nuscenes,single,scene-0103_037,yaw_2.0deg,yaw,2.0000,0.1708,0.3210,0.8794,pitch+3.0,24,6.8130,False
nuscenes,single,scene-0103_038,yaw_2.0deg,yaw,2.0000,0.3120,0.4150,0.3300,yaw+0.5,17,6.8130,False
nuscenes,single,scene-0103_039,yaw_2.0deg,yaw,2.0000,0.1550,0.3055,0.9705,roll+1.0,29,6.8130,False
nuscenes,single,scene-1094_000,yaw_2.0deg,yaw,2.0000,0.1869,0.3160,0.6910,roll+2.0,72,6.8130,False
nuscenes,single,scene-1094_001,yaw_2.0deg,yaw,2.0000,0.1392,0.3046,1.1889,roll+3.0,65,6.8130,False
nuscenes,single,scene-1094_002,yaw_2.0deg,yaw,2.0000,0.2624,0.3563,0.3577,roll+3.0,81,6.8130,False
nuscenes,single,scene-1094_003,yaw_2.0deg,yaw,2.0000,0.2428,0.3156,0.2996,roll+1.0,84,6.8130,False
nuscenes,single,scene-1094_004,yaw_2.0deg,yaw,2.0000,0.2609,0.4291,0.6443,yaw+3.0,64,6.8130,False
nuscenes,single,scene-1094_005,yaw_2.0deg,yaw,2.0000,0.3668,0.4539,0.2376,pitch+1.0,63,6.8130,False
nuscenes,single,scene-1094_006,yaw_2.0deg,yaw,2.0000,0.2834,0.4200,0.4817,roll+2.0,54,6.8130,False
nuscenes,single,scene-1094_007,yaw_2.0deg,yaw,2.0000,0.2980,0.4099,0.3756,yaw+3.0,53,6.8130,False
nuscenes,single,scene-1094_008,yaw_2.0deg,yaw,2.0000,0.2814,0.4398,0.5632,pitch+3.0,42,6.8130,False
nuscenes,single,scene-1094_009,yaw_2.0deg,yaw,2.0000,0.3619,0.4677,0.2926,pitch+3.0,46,6.8130,False
nuscenes,single,scene-1094_010,yaw_2.0deg,yaw,2.0000,0.4308,0.4308,0.0000,none,47,6.8130,False
nuscenes,single,scene-1094_011,yaw_2.0deg,yaw,2.0000,0.3553,0.4146,0.1667,pitch+0.5,40,6.8130,False
nuscenes,single,scene-1094_012,yaw_2.0deg,yaw,2.0000,0.0814,0.2872,2.5272,roll+3.0,43,6.8130,False
nuscenes,single,scene-1094_013,yaw_2.0deg,yaw,2.0000,0.2681,0.4156,0.5502,yaw+2.0,27,6.8130,False
nuscenes,single,scene-1094_014,yaw_2.0deg,yaw,2.0000,0.1614,0.4180,1.5890,roll-2.0,17,6.8130,False
nuscenes,single,scene-1094_015,yaw_2.0deg,yaw,2.0000,0.1041,0.2027,0.9478,pitch-3.0,33,6.8130,False
nuscenes,single,scene-1094_016,yaw_2.0deg,yaw,2.0000,0.1755,0.3299,0.8799,pitch-1.0,30,6.8130,False
nuscenes,single,scene-1094_017,yaw_2.0deg,yaw,2.0000,0.2249,0.3854,0.7137,roll-1.0,21,6.8130,False
nuscenes,single,scene-1094_018,yaw_2.0deg,yaw,2.0000,0.1314,0.2724,1.0733,roll-3.0,27,6.8130,False
nuscenes,single,scene-1094_019,yaw_2.0deg,yaw,2.0000,0.1932,0.2877,0.4888,roll-3.0,26,6.8130,False
nuscenes,single,scene-1094_020,yaw_2.0deg,yaw,2.0000,0.2010,0.2422,0.2045,roll-2.0,45,6.8130,False
nuscenes,single,scene-1094_021,yaw_2.0deg,yaw,2.0000,0.1855,0.2721,0.4672,roll-2.0,65,6.8130,False
nuscenes,single,scene-1094_022,yaw_2.0deg,yaw,2.0000,0.1326,0.2147,0.6187,yaw-0.5,79,6.8130,False
nuscenes,single,scene-1094_023,yaw_2.0deg,yaw,2.0000,0.1458,0.1930,0.3236,yaw-1.0,78,6.8130,False
nuscenes,single,scene-1094_024,yaw_2.0deg,yaw,2.0000,0.1214,0.1900,0.5652,pitch+3.0,62,6.8130,False
nuscenes,single,scene-1094_025,yaw_2.0deg,yaw,2.0000,0.0662,0.1791,1.7053,roll-2.0,58,6.8130,False
nuscenes,single,scene-1094_026,yaw_2.0deg,yaw,2.0000,0.1313,0.1722,0.3118,roll+1.0,70,6.8130,False
nuscenes,single,scene-1094_027,yaw_2.0deg,yaw,2.0000,0.1118,0.1876,0.6785,roll-0.5,70,6.8130,False
nuscenes,single,scene-1094_028,yaw_2.0deg,yaw,2.0000,0.1739,0.2063,0.1861,yaw+1.0,90,6.8130,False
nuscenes,single,scene-1094_029,yaw_2.0deg,yaw,2.0000,0.1190,0.1765,0.4836,roll+2.0,70,6.8130,False
nuscenes,single,scene-1094_030,yaw_2.0deg,yaw,2.0000,0.0767,0.1241,0.6176,yaw-2.0,84,6.8130,False
nuscenes,single,scene-1094_031,yaw_2.0deg,yaw,2.0000,0.0950,0.1459,0.5369,roll-3.0,83,6.8130,False
nuscenes,single,scene-1094_032,yaw_2.0deg,yaw,2.0000,0.0750,0.1353,0.8038,roll-3.0,81,6.8130,False
nuscenes,single,scene-1094_033,yaw_2.0deg,yaw,2.0000,0.1057,0.1695,0.6045,roll-3.0,86,6.8130,False
nuscenes,single,scene-1094_034,yaw_2.0deg,yaw,2.0000,0.0632,0.2007,2.1761,roll+2.0,80,6.8130,False
nuscenes,single,scene-1094_035,yaw_2.0deg,yaw,2.0000,0.0687,0.1471,1.1413,roll+2.0,85,6.8130,False
nuscenes,single,scene-1094_036,yaw_2.0deg,yaw,2.0000,0.0817,0.1499,0.8334,pitch+2.0,76,6.8130,False
nuscenes,single,scene-1094_037,yaw_2.0deg,yaw,2.0000,0.0418,0.1384,2.3065,yaw+3.0,60,6.8130,False
nuscenes,single,scene-1094_038,yaw_2.0deg,yaw,2.0000,0.0463,0.1443,2.1182,yaw+2.0,57,6.8130,False
nuscenes,single,scene-1094_039,yaw_2.0deg,yaw,2.0000,0.1474,0.1618,0.0975,yaw-0.5,76,6.8130,False
nuscenes,window5,scene-0103_000..scene-0103_004,yaw_2.0deg,yaw,2.0000,0.2039,0.3208,0.5732,yaw-2.0,199,1.7379,False
nuscenes,window5,scene-0103_001..scene-0103_005,yaw_2.0deg,yaw,2.0000,0.2125,0.2816,0.3254,yaw-2.0,172,1.7379,False
nuscenes,window5,scene-0103_002..scene-0103_006,yaw_2.0deg,yaw,2.0000,0.2158,0.2942,0.3634,yaw-2.0,141,1.7379,False
nuscenes,window5,scene-0103_003..scene-0103_007,yaw_2.0deg,yaw,2.0000,0.2292,0.2982,0.3011,yaw-2.0,123,1.7379,False
nuscenes,window5,scene-0103_004..scene-0103_008,yaw_2.0deg,yaw,2.0000,0.1829,0.2531,0.3835,yaw-3.0,118,1.7379,False
nuscenes,window5,scene-0103_005..scene-0103_009,yaw_2.0deg,yaw,2.0000,0.1560,0.2096,0.3435,yaw-3.0,124,1.7379,False
nuscenes,window5,scene-0103_006..scene-0103_010,yaw_2.0deg,yaw,2.0000,0.0950,0.1728,0.8196,yaw-2.0,142,1.7379,False
nuscenes,window5,scene-0103_007..scene-0103_011,yaw_2.0deg,yaw,2.0000,0.0718,0.1785,1.4849,roll-3.0,182,1.7379,False
nuscenes,window5,scene-0103_008..scene-0103_012,yaw_2.0deg,yaw,2.0000,0.0545,0.1571,1.8807,roll-3.0,221,1.7379,True
nuscenes,window5,scene-0103_009..scene-0103_013,yaw_2.0deg,yaw,2.0000,0.0487,0.1238,1.5450,roll-3.0,250,1.7379,False
nuscenes,window5,scene-0103_010..scene-0103_014,yaw_2.0deg,yaw,2.0000,0.0457,0.1177,1.5728,roll-3.0,281,1.7379,False
nuscenes,window5,scene-0103_011..scene-0103_015,yaw_2.0deg,yaw,2.0000,0.0565,0.1304,1.3106,roll-3.0,298,1.7379,False
nuscenes,window5,scene-0103_012..scene-0103_016,yaw_2.0deg,yaw,2.0000,0.0601,0.1193,0.9843,roll-3.0,319,1.7379,False
nuscenes,window5,scene-0103_013..scene-0103_017,yaw_2.0deg,yaw,2.0000,0.0949,0.1243,0.3090,yaw+3.0,380,1.7379,False
nuscenes,window5,scene-0103_014..scene-0103_018,yaw_2.0deg,yaw,2.0000,0.1124,0.1357,0.2075,yaw+3.0,426,1.7379,False
nuscenes,window5,scene-0103_015..scene-0103_019,yaw_2.0deg,yaw,2.0000,0.1130,0.1425,0.2603,yaw+3.0,446,1.7379,False
nuscenes,window5,scene-0103_016..scene-0103_020,yaw_2.0deg,yaw,2.0000,0.1123,0.1446,0.2881,yaw+3.0,443,1.7379,False
nuscenes,window5,scene-0103_017..scene-0103_021,yaw_2.0deg,yaw,2.0000,0.1211,0.1442,0.1912,yaw+3.0,431,1.7379,False
nuscenes,window5,scene-0103_018..scene-0103_022,yaw_2.0deg,yaw,2.0000,0.1022,0.1181,0.1557,yaw-2.0,381,1.7379,False
nuscenes,window5,scene-0103_019..scene-0103_023,yaw_2.0deg,yaw,2.0000,0.0978,0.1196,0.2236,yaw-2.0,342,1.7379,False
nuscenes,window5,scene-0103_020..scene-0103_024,yaw_2.0deg,yaw,2.0000,0.1033,0.1169,0.1313,yaw-2.0,310,1.7379,False
nuscenes,window5,scene-0103_021..scene-0103_025,yaw_2.0deg,yaw,2.0000,0.1008,0.1215,0.2055,yaw-2.0,311,1.7379,False
nuscenes,window5,scene-0103_022..scene-0103_026,yaw_2.0deg,yaw,2.0000,0.0918,0.1228,0.3386,yaw-2.0,298,1.7379,False
nuscenes,window5,scene-0103_023..scene-0103_027,yaw_2.0deg,yaw,2.0000,0.0907,0.1223,0.3489,yaw-2.0,296,1.7379,False
nuscenes,window5,scene-0103_024..scene-0103_028,yaw_2.0deg,yaw,2.0000,0.0794,0.1115,0.4036,yaw-3.0,285,1.7379,False
nuscenes,window5,scene-0103_025..scene-0103_029,yaw_2.0deg,yaw,2.0000,0.0844,0.1166,0.3826,roll-2.0,279,1.7379,False
nuscenes,window5,scene-0103_026..scene-0103_030,yaw_2.0deg,yaw,2.0000,0.0999,0.1293,0.2945,yaw-2.0,276,1.7379,False
nuscenes,window5,scene-0103_027..scene-0103_031,yaw_2.0deg,yaw,2.0000,0.1095,0.1531,0.3976,roll-2.0,271,1.7379,False
nuscenes,window5,scene-0103_028..scene-0103_032,yaw_2.0deg,yaw,2.0000,0.1158,0.1598,0.3805,roll-2.0,236,1.7379,False
nuscenes,window5,scene-0103_029..scene-0103_033,yaw_2.0deg,yaw,2.0000,0.1288,0.1759,0.3649,roll-1.0,212,1.7379,False
nuscenes,window5,scene-0103_030..scene-0103_034,yaw_2.0deg,yaw,2.0000,0.1255,0.1976,0.5747,roll-1.0,185,1.7379,False
nuscenes,window5,scene-0103_031..scene-0103_035,yaw_2.0deg,yaw,2.0000,0.1090,0.2019,0.8526,roll-1.0,151,1.7379,False
nuscenes,window5,scene-0103_032..scene-0103_036,yaw_2.0deg,yaw,2.0000,0.1476,0.1942,0.3152,roll-1.0,145,1.7379,False
nuscenes,window5,scene-0103_033..scene-0103_037,yaw_2.0deg,yaw,2.0000,0.1588,0.2118,0.3337,roll-1.0,141,1.7379,False
nuscenes,window5,scene-0103_034..scene-0103_038,yaw_2.0deg,yaw,2.0000,0.1830,0.2198,0.2012,pitch+3.0,128,1.7379,False
nuscenes,window5,scene-0103_035..scene-0103_039,yaw_2.0deg,yaw,2.0000,0.1936,0.2113,0.0914,pitch+3.0,131,1.7379,False
nuscenes,window5,scene-1094_000..scene-1094_004,yaw_2.0deg,yaw,2.0000,0.2209,0.2829,0.2807,yaw-1.0,366,1.7379,False
nuscenes,window5,scene-1094_001..scene-1094_005,yaw_2.0deg,yaw,2.0000,0.2535,0.3093,0.2199,yaw+1.0,357,1.7379,False
nuscenes,window5,scene-1094_002..scene-1094_006,yaw_2.0deg,yaw,2.0000,0.2797,0.3313,0.1844,yaw+1.0,346,1.7379,False
nuscenes,window5,scene-1094_003..scene-1094_007,yaw_2.0deg,yaw,2.0000,0.2871,0.3504,0.2206,yaw+3.0,318,1.7379,False
nuscenes,window5,scene-1094_004..scene-1094_008,yaw_2.0deg,yaw,2.0000,0.2997,0.3821,0.2749,yaw+3.0,276,1.7379,False
nuscenes,window5,scene-1094_005..scene-1094_009,yaw_2.0deg,yaw,2.0000,0.3204,0.3723,0.1620,pitch+3.0,258,1.7379,False
nuscenes,window5,scene-1094_006..scene-1094_010,yaw_2.0deg,yaw,2.0000,0.3298,0.3686,0.1176,pitch+3.0,242,1.7379,False
nuscenes,window5,scene-1094_007..scene-1094_011,yaw_2.0deg,yaw,2.0000,0.3453,0.3716,0.0764,yaw-0.5,228,1.7379,False
nuscenes,window5,scene-1094_008..scene-1094_012,yaw_2.0deg,yaw,2.0000,0.3047,0.3244,0.0647,pitch+3.0,218,1.7379,False
nuscenes,window5,scene-1094_009..scene-1094_013,yaw_2.0deg,yaw,2.0000,0.3047,0.3158,0.0365,pitch+0.5,203,1.7379,False
nuscenes,window5,scene-1094_010..scene-1094_014,yaw_2.0deg,yaw,2.0000,0.2756,0.3122,0.1331,yaw+2.0,174,1.7379,False
nuscenes,window5,scene-1094_011..scene-1094_015,yaw_2.0deg,yaw,2.0000,0.1946,0.2538,0.3044,yaw-2.0,160,1.7379,False
nuscenes,window5,scene-1094_012..scene-1094_016,yaw_2.0deg,yaw,2.0000,0.1479,0.2478,0.6756,yaw-2.0,150,1.7379,False
nuscenes,window5,scene-1094_013..scene-1094_017,yaw_2.0deg,yaw,2.0000,0.1829,0.2695,0.4737,pitch-1.0,128,1.7379,False
nuscenes,window5,scene-1094_014..scene-1094_018,yaw_2.0deg,yaw,2.0000,0.1540,0.2270,0.4738,pitch-1.0,128,1.7379,False
nuscenes,window5,scene-1094_015..scene-1094_019,yaw_2.0deg,yaw,2.0000,0.1605,0.2230,0.3889,pitch-1.0,137,1.7379,False
nuscenes,window5,scene-1094_016..scene-1094_020,yaw_2.0deg,yaw,2.0000,0.1853,0.2309,0.2465,pitch-1.0,149,1.7379,False
nuscenes,window5,scene-1094_017..scene-1094_021,yaw_2.0deg,yaw,2.0000,0.1869,0.2313,0.2376,roll-2.0,184,1.7379,False
nuscenes,window5,scene-1094_018..scene-1094_022,yaw_2.0deg,yaw,2.0000,0.1659,0.2029,0.2227,roll-2.0,242,1.7379,False
nuscenes,window5,scene-1094_019..scene-1094_023,yaw_2.0deg,yaw,2.0000,0.1637,0.1895,0.1571,yaw-0.5,293,1.7379,False
nuscenes,window5,scene-1094_020..scene-1094_024,yaw_2.0deg,yaw,2.0000,0.1534,0.1797,0.1715,yaw-0.5,329,1.7379,False
nuscenes,window5,scene-1094_021..scene-1094_025,yaw_2.0deg,yaw,2.0000,0.1324,0.1713,0.2938,yaw-0.5,342,1.7379,False
nuscenes,window5,scene-1094_022..scene-1094_026,yaw_2.0deg,yaw,2.0000,0.1222,0.1573,0.2875,yaw-0.5,347,1.7379,False
nuscenes,window5,scene-1094_023..scene-1094_027,yaw_2.0deg,yaw,2.0000,0.1176,0.1509,0.2830,yaw-0.5,338,1.7379,False
nuscenes,window5,scene-1094_024..scene-1094_028,yaw_2.0deg,yaw,2.0000,0.1258,0.1541,0.2247,roll+1.0,350,1.7379,False
nuscenes,window5,scene-1094_025..scene-1094_029,yaw_2.0deg,yaw,2.0000,0.1252,0.1434,0.1454,yaw-0.5,358,1.7379,False
nuscenes,window5,scene-1094_026..scene-1094_030,yaw_2.0deg,yaw,2.0000,0.1235,0.1376,0.1139,yaw-0.5,384,1.7379,False
nuscenes,window5,scene-1094_027..scene-1094_031,yaw_2.0deg,yaw,2.0000,0.1162,0.1341,0.1538,yaw-0.5,397,1.7379,False
nuscenes,window5,scene-1094_028..scene-1094_032,yaw_2.0deg,yaw,2.0000,0.1088,0.1324,0.2176,roll-3.0,408,1.7379,False
nuscenes,window5,scene-1094_029..scene-1094_033,yaw_2.0deg,yaw,2.0000,0.0936,0.1337,0.4283,roll-3.0,404,1.7379,False
nuscenes,window5,scene-1094_030..scene-1094_034,yaw_2.0deg,yaw,2.0000,0.0834,0.1297,0.5546,pitch+3.0,414,1.7379,False
nuscenes,window5,scene-1094_031..scene-1094_035,yaw_2.0deg,yaw,2.0000,0.0818,0.1389,0.6988,pitch+3.0,415,1.7379,False
nuscenes,window5,scene-1094_032..scene-1094_036,yaw_2.0deg,yaw,2.0000,0.0791,0.1378,0.7418,roll+2.0,408,1.7379,False
nuscenes,window5,scene-1094_033..scene-1094_037,yaw_2.0deg,yaw,2.0000,0.0742,0.1396,0.8815,roll+2.0,387,1.7379,False
nuscenes,window5,scene-1094_034..scene-1094_038,yaw_2.0deg,yaw,2.0000,0.0622,0.1345,1.1630,roll+2.0,358,1.7379,False
nuscenes,window5,scene-1094_035..scene-1094_039,yaw_2.0deg,yaw,2.0000,0.0802,0.1138,0.4189,roll+2.0,354,1.7379,False
nuscenes,single,scene-0103_000,pitch_2.0deg,pitch,2.0000,0.1315,0.3654,1.7779,roll+2.0,63,6.8130,False
nuscenes,single,scene-0103_001,pitch_2.0deg,pitch,2.0000,0.2553,0.3522,0.3797,roll+1.0,59,6.8130,False
nuscenes,single,scene-0103_002,pitch_2.0deg,pitch,2.0000,0.1564,0.3353,1.1440,roll+2.0,42,6.8130,False
nuscenes,single,scene-0103_003,pitch_2.0deg,pitch,2.0000,0.2899,0.3494,0.2051,roll+0.5,36,6.8130,False
nuscenes,single,scene-0103_004,pitch_2.0deg,pitch,2.0000,0.2880,0.3002,0.0423,yaw-0.5,36,6.8130,False
nuscenes,single,scene-0103_005,pitch_2.0deg,pitch,2.0000,0.1455,0.2591,0.7807,roll+1.0,28,6.8130,False
nuscenes,single,scene-0103_006,pitch_2.0deg,pitch,2.0000,0.3285,0.4673,0.4222,roll-0.5,17,6.8130,False
nuscenes,single,scene-0103_007,pitch_2.0deg,pitch,2.0000,0.3009,0.4657,0.5476,yaw+1.0,18,6.8130,False
nuscenes,single,scene-0103_008,pitch_2.0deg,pitch,2.0000,0.1426,0.3134,1.1975,pitch-3.0,34,6.8130,False
nuscenes,single,scene-0103_009,pitch_2.0deg,pitch,2.0000,0.2032,0.2750,0.3530,yaw+3.0,43,6.8130,False
nuscenes,single,scene-0103_010,pitch_2.0deg,pitch,2.0000,0.2374,0.2665,0.1224,yaw-3.0,46,6.8130,False
nuscenes,single,scene-0103_011,pitch_2.0deg,pitch,2.0000,0.1864,0.2796,0.5001,roll-1.0,56,6.8130,False
nuscenes,single,scene-0103_012,pitch_2.0deg,pitch,2.0000,0.0702,0.2507,2.5720,roll-3.0,65,6.8130,False
nuscenes,single,scene-0103_013,pitch_2.0deg,pitch,2.0000,0.1555,0.2238,0.4395,roll-3.0,63,6.8130,False
nuscenes,single,scene-0103_014,pitch_2.0deg,pitch,2.0000,0.1512,0.2487,0.6445,roll-3.0,73,6.8130,False
nuscenes,single,scene-0103_015,pitch_2.0deg,pitch,2.0000,0.1715,0.2338,0.3632,roll-3.0,69,6.8130,False
nuscenes,single,scene-0103_016,pitch_2.0deg,pitch,2.0000,0.1446,0.1934,0.3371,yaw+1.0,86,6.8130,False
nuscenes,single,scene-0103_017,pitch_2.0deg,pitch,2.0000,0.0993,0.1965,0.9790,pitch-3.0,105,6.8130,False
nuscenes,single,scene-0103_018,pitch_2.0deg,pitch,2.0000,0.1057,0.1775,0.6785,roll-3.0,101,6.8130,False
nuscenes,single,scene-0103_019,pitch_2.0deg,pitch,2.0000,0.1620,0.1775,0.0960,yaw-2.0,100,6.8130,False
nuscenes,single,scene-0103_020,pitch_2.0deg,pitch,2.0000,0.1516,0.1783,0.1764,roll-3.0,81,6.8130,False
nuscenes,single,scene-0103_021,pitch_2.0deg,pitch,2.0000,0.0640,0.1378,1.1553,roll+2.0,69,6.8130,False
nuscenes,single,scene-0103_022,pitch_2.0deg,pitch,2.0000,0.0572,0.1440,1.5180,pitch-1.0,76,6.8130,False
nuscenes,single,scene-0103_023,pitch_2.0deg,pitch,2.0000,0.1348,0.1638,0.2152,pitch-3.0,65,6.8130,False
nuscenes,single,scene-0103_024,pitch_2.0deg,pitch,2.0000,0.1273,0.1821,0.4306,yaw-3.0,69,6.8130,False
nuscenes,single,scene-0103_025,pitch_2.0deg,pitch,2.0000,0.1217,0.1324,0.0881,pitch-3.0,72,6.8130,False
nuscenes,single,scene-0103_026,pitch_2.0deg,pitch,2.0000,0.0508,0.1453,1.8618,roll+2.0,65,6.8130,False
nuscenes,single,scene-0103_027,pitch_2.0deg,pitch,2.0000,0.1505,0.1704,0.1319,yaw-3.0,68,6.8130,False
nuscenes,single,scene-0103_028,pitch_2.0deg,pitch,2.0000,0.0964,0.1378,0.4296,yaw-0.5,56,6.8130,False
nuscenes,single,scene-0103_029,pitch_2.0deg,pitch,2.0000,0.1330,0.1817,0.3655,pitch-2.0,59,6.8130,False
nuscenes,single,scene-0103_030,pitch_2.0deg,pitch,2.0000,0.1116,0.2120,0.8991,pitch+2.0,59,6.8130,False
nuscenes,single,scene-0103_031,pitch_2.0deg,pitch,2.0000,0.2038,0.2643,0.2968,pitch+0.5,43,6.8130,False
nuscenes,single,scene-0103_032,pitch_2.0deg,pitch,2.0000,0.1695,0.2433,0.4358,roll-3.0,39,6.8130,False
nuscenes,single,scene-0103_033,pitch_2.0deg,pitch,2.0000,0.1425,0.2539,0.7813,roll+1.0,32,6.8130,False
nuscenes,single,scene-0103_034,pitch_2.0deg,pitch,2.0000,0.2353,0.2614,0.1111,roll-2.0,28,6.8130,False
nuscenes,single,scene-0103_035,pitch_2.0deg,pitch,2.0000,0.0943,0.2327,1.4669,pitch+2.0,22,6.8130,False
nuscenes,single,scene-0103_036,pitch_2.0deg,pitch,2.0000,0.1624,0.2544,0.5666,pitch-2.0,42,6.8130,False
nuscenes,single,scene-0103_037,pitch_2.0deg,pitch,2.0000,0.1991,0.2670,0.3412,pitch+0.5,29,6.8130,False
nuscenes,single,scene-0103_038,pitch_2.0deg,pitch,2.0000,0.3221,0.3633,0.1278,yaw+0.5,23,6.8130,False
nuscenes,single,scene-0103_039,pitch_2.0deg,pitch,2.0000,0.1522,0.2361,0.5517,pitch-2.0,31,6.8130,False
nuscenes,single,scene-1094_000,pitch_2.0deg,pitch,2.0000,0.1783,0.2664,0.4940,roll+3.0,64,6.8130,False
nuscenes,single,scene-1094_001,pitch_2.0deg,pitch,2.0000,0.1848,0.2804,0.5168,roll+3.0,72,6.8130,False
nuscenes,single,scene-1094_002,pitch_2.0deg,pitch,2.0000,0.2245,0.3141,0.3992,roll+3.0,89,6.8130,False
nuscenes,single,scene-1094_003,pitch_2.0deg,pitch,2.0000,0.2087,0.3598,0.7243,roll+3.0,97,6.8130,False
nuscenes,single,scene-1094_004,pitch_2.0deg,pitch,2.0000,0.3253,0.3838,0.1797,roll+3.0,80,6.8130,False
nuscenes,single,scene-1094_005,pitch_2.0deg,pitch,2.0000,0.3813,0.4568,0.1979,roll+3.0,68,6.8130,False
nuscenes,single,scene-1094_006,pitch_2.0deg,pitch,2.0000,0.3236,0.4825,0.4910,roll+3.0,57,6.8130,False
nuscenes,single,scene-1094_007,pitch_2.0deg,pitch,2.0000,0.3361,0.4324,0.2862,roll+3.0,73,6.8130,False
nuscenes,single,scene-1094_008,pitch_2.0deg,pitch,2.0000,0.3423,0.3910,0.1421,roll+3.0,53,6.8130,False
nuscenes,single,scene-1094_009,pitch_2.0deg,pitch,2.0000,0.3779,0.4382,0.1594,yaw+2.0,52,6.8130,False
nuscenes,single,scene-1094_010,pitch_2.0deg,pitch,2.0000,0.2237,0.3683,0.6466,pitch+2.0,48,6.8130,False
nuscenes,single,scene-1094_011,pitch_2.0deg,pitch,2.0000,0.1483,0.3078,1.0758,roll+0.5,34,6.8130,False
nuscenes,single,scene-1094_012,pitch_2.0deg,pitch,2.0000,0.1107,0.2858,1.5819,roll-0.5,40,6.8130,False
nuscenes,single,scene-1094_013,pitch_2.0deg,pitch,2.0000,0.2942,0.3711,0.2615,yaw-2.0,32,6.8130,False
nuscenes,single,scene-1094_014,pitch_2.0deg,pitch,2.0000,0.2325,0.4913,1.1136,yaw-1.0,18,6.8130,False
nuscenes,single,scene-1094_015,pitch_2.0deg,pitch,2.0000,0.1446,0.1870,0.2930,pitch-0.5,36,6.8130,False
nuscenes,single,scene-1094_016,pitch_2.0deg,pitch,2.0000,0.2057,0.3075,0.4946,pitch-3.0,28,6.8130,False
nuscenes,single,scene-1094_017,pitch_2.0deg,pitch,2.0000,0.1806,0.2650,0.4675,pitch-3.0,25,6.8130,False
nuscenes,single,scene-1094_018,pitch_2.0deg,pitch,2.0000,0.2120,0.3021,0.4252,roll-3.0,29,6.8130,False
nuscenes,single,scene-1094_019,pitch_2.0deg,pitch,2.0000,0.2896,0.3295,0.1379,yaw-2.0,33,6.8130,False
nuscenes,single,scene-1094_020,pitch_2.0deg,pitch,2.0000,0.2720,0.2919,0.0730,pitch+1.0,47,6.8130,False
nuscenes,single,scene-1094_021,pitch_2.0deg,pitch,2.0000,0.2681,0.2691,0.0035,yaw+2.0,68,6.8130,False
nuscenes,single,scene-1094_022,pitch_2.0deg,pitch,2.0000,0.1253,0.2020,0.6129,roll+0.5,83,6.8130,False
nuscenes,single,scene-1094_023,pitch_2.0deg,pitch,2.0000,0.0673,0.1414,1.1001,yaw-3.0,87,6.8130,False
nuscenes,single,scene-1094_024,pitch_2.0deg,pitch,2.0000,0.0674,0.1894,1.8087,roll+3.0,72,6.8130,False
nuscenes,single,scene-1094_025,pitch_2.0deg,pitch,2.0000,0.2109,0.2519,0.1942,yaw-2.0,71,6.8130,False
nuscenes,single,scene-1094_026,pitch_2.0deg,pitch,2.0000,0.0870,0.1570,0.8058,yaw-3.0,78,6.8130,False
nuscenes,single,scene-1094_027,pitch_2.0deg,pitch,2.0000,0.1243,0.1926,0.5491,pitch+2.0,78,6.8130,False
nuscenes,single,scene-1094_028,pitch_2.0deg,pitch,2.0000,0.1206,0.1848,0.5317,pitch+2.0,118,6.8130,False
nuscenes,single,scene-1094_029,pitch_2.0deg,pitch,2.0000,0.1344,0.1735,0.2917,pitch+1.0,74,6.8130,False
nuscenes,single,scene-1094_030,pitch_2.0deg,pitch,2.0000,0.0967,0.1701,0.7593,roll-2.0,85,6.8130,False
nuscenes,single,scene-1094_031,pitch_2.0deg,pitch,2.0000,0.1419,0.2051,0.4449,yaw-3.0,84,6.8130,False
nuscenes,single,scene-1094_032,pitch_2.0deg,pitch,2.0000,0.1369,0.1826,0.3343,pitch+3.0,79,6.8130,False
nuscenes,single,scene-1094_033,pitch_2.0deg,pitch,2.0000,0.1076,0.1501,0.3950,roll-1.0,88,6.8130,False
nuscenes,single,scene-1094_034,pitch_2.0deg,pitch,2.0000,0.0547,0.1357,1.4826,yaw-2.0,83,6.8130,False
nuscenes,single,scene-1094_035,pitch_2.0deg,pitch,2.0000,0.1256,0.1399,0.1142,yaw+0.5,89,6.8130,False
nuscenes,single,scene-1094_036,pitch_2.0deg,pitch,2.0000,0.0848,0.1421,0.6759,roll+0.5,85,6.8130,False
nuscenes,single,scene-1094_037,pitch_2.0deg,pitch,2.0000,0.0692,0.1742,1.5167,yaw-3.0,60,6.8130,False
nuscenes,single,scene-1094_038,pitch_2.0deg,pitch,2.0000,0.0767,0.1561,1.0359,roll-2.0,58,6.8130,False
nuscenes,single,scene-1094_039,pitch_2.0deg,pitch,2.0000,0.0998,0.1599,0.6023,roll+2.0,78,6.8130,False
nuscenes,window5,scene-0103_000..scene-0103_004,pitch_2.0deg,pitch,2.0000,0.2149,0.3208,0.4925,roll+2.0,236,1.7379,False
nuscenes,window5,scene-0103_001..scene-0103_005,pitch_2.0deg,pitch,2.0000,0.2314,0.2932,0.2669,roll+1.0,201,1.7379,False
nuscenes,window5,scene-0103_002..scene-0103_006,pitch_2.0deg,pitch,2.0000,0.2329,0.2942,0.2633,roll+2.0,159,1.7379,False
nuscenes,window5,scene-0103_003..scene-0103_007,pitch_2.0deg,pitch,2.0000,0.2658,0.2982,0.1219,roll+2.0,135,1.7379,False
nuscenes,window5,scene-0103_004..scene-0103_008,pitch_2.0deg,pitch,2.0000,0.2278,0.2759,0.2113,roll+1.0,133,1.7379,False
nuscenes,window5,scene-0103_005..scene-0103_009,pitch_2.0deg,pitch,2.0000,0.2047,0.2412,0.1781,roll+1.0,140,1.7379,False
nuscenes,window5,scene-0103_006..scene-0103_010,pitch_2.0deg,pitch,2.0000,0.2247,0.2293,0.0202,pitch+0.5,158,1.7379,False
nuscenes,window5,scene-0103_007..scene-0103_011,pitch_2.0deg,pitch,2.0000,0.2049,0.2055,0.0032,pitch-0.5,197,1.7379,False
nuscenes,window5,scene-0103_008..scene-0103_012,pitch_2.0deg,pitch,2.0000,0.1619,0.2089,0.2904,roll-3.0,244,1.7379,False
nuscenes,window5,scene-0103_009..scene-0103_013,pitch_2.0deg,pitch,2.0000,0.1628,0.2192,0.3463,roll-3.0,273,1.7379,False
nuscenes,window5,scene-0103_010..scene-0103_014,pitch_2.0deg,pitch,2.0000,0.1543,0.2263,0.4663,roll-3.0,303,1.7379,False
nuscenes,window5,scene-0103_011..scene-0103_015,pitch_2.0deg,pitch,2.0000,0.1462,0.2333,0.5954,roll-3.0,326,1.7379,False
nuscenes,window5,scene-0103_012..scene-0103_016,pitch_2.0deg,pitch,2.0000,0.1395,0.2241,0.6064,roll-3.0,356,1.7379,False
nuscenes,window5,scene-0103_013..scene-0103_017,pitch_2.0deg,pitch,2.0000,0.1402,0.2031,0.4483,roll-3.0,396,1.7379,False
nuscenes,window5,scene-0103_014..scene-0103_018,pitch_2.0deg,pitch,2.0000,0.1300,0.1942,0.4938,roll-3.0,434,1.7379,False
nuscenes,window5,scene-0103_015..scene-0103_019,pitch_2.0deg,pitch,2.0000,0.1336,0.1804,0.3502,roll-3.0,461,1.7379,False
nuscenes,window5,scene-0103_016..scene-0103_020,pitch_2.0deg,pitch,2.0000,0.1311,0.1714,0.3068,roll-3.0,473,1.7379,False
nuscenes,window5,scene-0103_017..scene-0103_021,pitch_2.0deg,pitch,2.0000,0.1184,0.1597,0.3484,roll-3.0,456,1.7379,False
nuscenes,window5,scene-0103_018..scene-0103_022,pitch_2.0deg,pitch,2.0000,0.1122,0.1519,0.3532,roll-3.0,427,1.7379,False
nuscenes,window5,scene-0103_019..scene-0103_023,pitch_2.0deg,pitch,2.0000,0.1176,0.1397,0.1878,roll-3.0,391,1.7379,False
nuscenes,window5,scene-0103_020..scene-0103_024,pitch_2.0deg,pitch,2.0000,0.1072,0.1290,0.2033,roll-3.0,360,1.7379,False
nuscenes,window5,scene-0103_021..scene-0103_025,pitch_2.0deg,pitch,2.0000,0.0999,0.1216,0.2170,yaw-3.0,351,1.7379,False
nuscenes,window5,scene-0103_022..scene-0103_026,pitch_2.0deg,pitch,2.0000,0.0978,0.1228,0.2554,roll+2.0,347,1.7379,False
nuscenes,window5,scene-0103_023..scene-0103_027,pitch_2.0deg,pitch,2.0000,0.1175,0.1399,0.1903,yaw-3.0,339,1.7379,False
nuscenes,window5,scene-0103_024..scene-0103_028,pitch_2.0deg,pitch,2.0000,0.1105,0.1338,0.2107,yaw-3.0,330,1.7379,False
nuscenes,window5,scene-0103_025..scene-0103_029,pitch_2.0deg,pitch,2.0000,0.1111,0.1288,0.1595,pitch+3.0,320,1.7379,False
nuscenes,window5,scene-0103_026..scene-0103_030,pitch_2.0deg,pitch,2.0000,0.1087,0.1414,0.3011,pitch+3.0,307,1.7379,False
nuscenes,window5,scene-0103_027..scene-0103_031,pitch_2.0deg,pitch,2.0000,0.1363,0.1641,0.2046,yaw-3.0,285,1.7379,False
nuscenes,window5,scene-0103_028..scene-0103_032,pitch_2.0deg,pitch,2.0000,0.1375,0.1667,0.2122,yaw+2.0,256,1.7379,False
nuscenes,window5,scene-0103_029..scene-0103_033,pitch_2.0deg,pitch,2.0000,0.1482,0.1716,0.1583,pitch+2.0,232,1.7379,False
nuscenes,window5,scene-0103_030..scene-0103_034,pitch_2.0deg,pitch,2.0000,0.1647,0.1802,0.0941,pitch+2.0,201,1.7379,False
nuscenes,window5,scene-0103_031..scene-0103_035,pitch_2.0deg,pitch,2.0000,0.1744,0.1770,0.0149,roll-1.0,164,1.7379,False
nuscenes,window5,scene-0103_032..scene-0103_036,pitch_2.0deg,pitch,2.0000,0.1635,0.1755,0.0731,pitch-2.0,163,1.7379,False
nuscenes,window5,scene-0103_033..scene-0103_037,pitch_2.0deg,pitch,2.0000,0.1687,0.1897,0.1242,pitch+2.0,153,1.7379,False
nuscenes,window5,scene-0103_034..scene-0103_038,pitch_2.0deg,pitch,2.0000,0.1991,0.2171,0.0908,pitch+0.5,144,1.7379,False
nuscenes,window5,scene-0103_035..scene-0103_039,pitch_2.0deg,pitch,2.0000,0.1823,0.2275,0.2480,pitch+0.5,147,1.7379,False
nuscenes,window5,scene-1094_000..scene-1094_004,pitch_2.0deg,pitch,2.0000,0.2263,0.3169,0.4006,roll+3.0,402,1.7379,False
nuscenes,window5,scene-1094_001..scene-1094_005,pitch_2.0deg,pitch,2.0000,0.2598,0.3565,0.3723,roll+3.0,406,1.7379,False
nuscenes,window5,scene-1094_002..scene-1094_006,pitch_2.0deg,pitch,2.0000,0.2829,0.3929,0.3889,roll+3.0,391,1.7379,False
nuscenes,window5,scene-1094_003..scene-1094_007,pitch_2.0deg,pitch,2.0000,0.3071,0.4180,0.3608,roll+3.0,375,1.7379,False
nuscenes,window5,scene-1094_004..scene-1094_008,pitch_2.0deg,pitch,2.0000,0.3416,0.4292,0.2564,roll+3.0,331,1.7379,False
nuscenes,window5,scene-1094_005..scene-1094_009,pitch_2.0deg,pitch,2.0000,0.3522,0.4390,0.2465,roll+3.0,303,1.7379,False
nuscenes,window5,scene-1094_006..scene-1094_010,pitch_2.0deg,pitch,2.0000,0.3234,0.4035,0.2477,roll+3.0,283,1.7379,False
nuscenes,window5,scene-1094_007..scene-1094_011,pitch_2.0deg,pitch,2.0000,0.3004,0.3640,0.2118,roll+3.0,260,1.7379,False
nuscenes,window5,scene-1094_008..scene-1094_012,pitch_2.0deg,pitch,2.0000,0.2555,0.3210,0.2564,roll+2.0,227,1.7379,False
nuscenes,window5,scene-1094_009..scene-1094_013,pitch_2.0deg,pitch,2.0000,0.2392,0.3107,0.2988,roll+2.0,206,1.7379,False
nuscenes,window5,scene-1094_010..scene-1094_014,pitch_2.0deg,pitch,2.0000,0.1965,0.2930,0.4909,roll+2.0,172,1.7379,False
nuscenes,window5,scene-1094_011..scene-1094_015,pitch_2.0deg,pitch,2.0000,0.1767,0.2538,0.4363,roll+2.0,160,1.7379,False
nuscenes,window5,scene-1094_012..scene-1094_016,pitch_2.0deg,pitch,2.0000,0.1883,0.2478,0.3163,roll+2.0,154,1.7379,False
nuscenes,window5,scene-1094_013..scene-1094_017,pitch_2.0deg,pitch,2.0000,0.2092,0.2649,0.2664,roll+2.0,139,1.7379,False
nuscenes,window5,scene-1094_014..scene-1094_018,pitch_2.0deg,pitch,2.0000,0.1898,0.2236,0.1780,roll+2.0,136,1.7379,False
nuscenes,window5,scene-1094_015..scene-1094_019,pitch_2.0deg,pitch,2.0000,0.2065,0.2163,0.0473,roll-2.0,151,1.7379,False
nuscenes,window5,scene-1094_016..scene-1094_020,pitch_2.0deg,pitch,2.0000,0.2393,0.2393,0.0000,none,162,1.7379,False
nuscenes,window5,scene-1094_017..scene-1094_021,pitch_2.0deg,pitch,2.0000,0.2536,0.2536,0.0000,none,202,1.7379,False
nuscenes,window5,scene-1094_018..scene-1094_022,pitch_2.0deg,pitch,2.0000,0.2197,0.2311,0.0520,pitch+0.5,260,1.7379,False
nuscenes,window5,scene-1094_019..scene-1094_023,pitch_2.0deg,pitch,2.0000,0.1787,0.1890,0.0575,yaw+1.0,318,1.7379,False
nuscenes,window5,scene-1094_020..scene-1094_024,pitch_2.0deg,pitch,2.0000,0.1460,0.1818,0.2449,yaw+1.0,357,1.7379,False
nuscenes,window5,scene-1094_021..scene-1094_025,pitch_2.0deg,pitch,2.0000,0.1426,0.1690,0.1857,yaw+1.0,381,1.7379,False
nuscenes,window5,scene-1094_022..scene-1094_026,pitch_2.0deg,pitch,2.0000,0.1096,0.1497,0.3654,yaw-1.0,391,1.7379,False
nuscenes,window5,scene-1094_023..scene-1094_027,pitch_2.0deg,pitch,2.0000,0.1092,0.1578,0.4443,yaw-1.0,386,1.7379,False
nuscenes,window5,scene-1094_024..scene-1094_028,pitch_2.0deg,pitch,2.0000,0.1212,0.1640,0.3533,yaw-1.0,417,1.7379,False
nuscenes,window5,scene-1094_025..scene-1094_029,pitch_2.0deg,pitch,2.0000,0.1328,0.1724,0.2985,yaw-1.0,419,1.7379,False
nuscenes,window5,scene-1094_026..scene-1094_030,pitch_2.0deg,pitch,2.0000,0.1129,0.1465,0.2977,pitch+2.0,433,1.7379,False
nuscenes,window5,scene-1094_027..scene-1094_031,pitch_2.0deg,pitch,2.0000,0.1230,0.1522,0.2365,pitch+3.0,439,1.7379,False
nuscenes,window5,scene-1094_028..scene-1094_032,pitch_2.0deg,pitch,2.0000,0.1253,0.1516,0.2103,pitch+3.0,440,1.7379,False
nuscenes,window5,scene-1094_029..scene-1094_033,pitch_2.0deg,pitch,2.0000,0.1228,0.1461,0.1889,yaw-3.0,410,1.7379,False
nuscenes,window5,scene-1094_030..scene-1094_034,pitch_2.0deg,pitch,2.0000,0.1073,0.1409,0.3133,roll-1.0,419,1.7379,False
nuscenes,window5,scene-1094_031..scene-1094_035,pitch_2.0deg,pitch,2.0000,0.1133,0.1412,0.2462,yaw-3.0,423,1.7379,False
nuscenes,window5,scene-1094_032..scene-1094_036,pitch_2.0deg,pitch,2.0000,0.1019,0.1217,0.1941,pitch+3.0,424,1.7379,False
nuscenes,window5,scene-1094_033..scene-1094_037,pitch_2.0deg,pitch,2.0000,0.0902,0.1219,0.3509,roll+3.0,405,1.7379,False
nuscenes,window5,scene-1094_034..scene-1094_038,pitch_2.0deg,pitch,2.0000,0.0841,0.1232,0.4657,yaw-2.0,375,1.7379,False
nuscenes,window5,scene-1094_035..scene-1094_039,pitch_2.0deg,pitch,2.0000,0.0940,0.1266,0.3473,roll-2.0,370,1.7379,False
nuscenes,single,scene-0103_000,roll_2.0deg,roll,2.0000,0.2883,0.3779,0.3108,pitch-1.0,59,6.8130,False
nuscenes,single,scene-0103_001,roll_2.0deg,roll,2.0000,0.2858,0.3807,0.3319,pitch-3.0,55,6.8130,False
nuscenes,single,scene-0103_002,roll_2.0deg,roll,2.0000,0.2811,0.3353,0.1927,pitch-2.0,39,6.8130,False
nuscenes,single,scene-0103_003,roll_2.0deg,roll,2.0000,0.2054,0.3509,0.7078,yaw-2.0,31,6.8130,False
nuscenes,single,scene-0103_004,roll_2.0deg,roll,2.0000,0.2732,0.3852,0.4100,pitch+2.0,32,6.8130,False
nuscenes,single,scene-0103_005,roll_2.0deg,roll,2.0000,0.2007,0.2881,0.4354,yaw-0.5,23,6.8130,False
nuscenes,single,scene-0103_006,roll_2.0deg,roll,2.0000,0.2514,0.4030,0.6033,pitch-2.0,17,6.8130,False
nuscenes,single,scene-0103_007,roll_2.0deg,roll,2.0000,0.1780,0.4388,1.4646,yaw+3.0,14,6.8130,False
nuscenes,single,scene-0103_008,roll_2.0deg,roll,2.0000,0.1308,0.2435,0.8621,roll+2.0,29,6.8130,False
nuscenes,single,scene-0103_009,roll_2.0deg,roll,2.0000,0.1501,0.2343,0.5614,yaw-3.0,41,6.8130,False
nuscenes,single,scene-0103_010,roll_2.0deg,roll,2.0000,0.0632,0.1515,1.3963,roll-3.0,42,6.8130,False
nuscenes,single,scene-0103_011,roll_2.0deg,roll,2.0000,0.0720,0.1831,1.5417,roll-3.0,53,6.8130,False
nuscenes,single,scene-0103_012,roll_2.0deg,roll,2.0000,0.0558,0.0997,0.7854,roll-0.5,63,6.8130,False
nuscenes,single,scene-0103_013,roll_2.0deg,roll,2.0000,0.0636,0.1624,1.5540,roll-3.0,61,6.8130,False
nuscenes,single,scene-0103_014,roll_2.0deg,roll,2.0000,0.0397,0.1685,3.2477,roll-3.0,68,6.8130,False
nuscenes,single,scene-0103_015,roll_2.0deg,roll,2.0000,0.1074,0.1918,0.7853,roll-3.0,64,6.8130,False
nuscenes,single,scene-0103_016,roll_2.0deg,roll,2.0000,0.1128,0.1547,0.3712,roll-3.0,84,6.8130,False
nuscenes,single,scene-0103_017,roll_2.0deg,roll,2.0000,0.1323,0.2105,0.5909,yaw-2.0,111,6.8130,False
nuscenes,single,scene-0103_018,roll_2.0deg,roll,2.0000,0.1116,0.1699,0.5216,roll+0.5,109,6.8130,False
nuscenes,single,scene-0103_019,roll_2.0deg,roll,2.0000,0.1277,0.1837,0.4388,yaw-3.0,93,6.8130,False
nuscenes,single,scene-0103_020,roll_2.0deg,roll,2.0000,0.0821,0.1586,0.9329,pitch-3.0,69,6.8130,False
nuscenes,single,scene-0103_021,roll_2.0deg,roll,2.0000,0.1339,0.1835,0.3698,pitch-3.0,60,6.8130,False
nuscenes,single,scene-0103_022,roll_2.0deg,roll,2.0000,0.0858,0.1359,0.5839,pitch+2.0,73,6.8130,False
nuscenes,single,scene-0103_023,roll_2.0deg,roll,2.0000,0.1298,0.1791,0.3800,pitch-0.5,66,6.8130,False
nuscenes,single,scene-0103_024,roll_2.0deg,roll,2.0000,0.0680,0.1206,0.7739,pitch-3.0,63,6.8130,False
nuscenes,single,scene-0103_025,roll_2.0deg,roll,2.0000,0.0867,0.1323,0.5262,pitch-1.0,64,6.8130,False
nuscenes,single,scene-0103_026,roll_2.0deg,roll,2.0000,0.0984,0.1453,0.4763,pitch-2.0,67,6.8130,False
nuscenes,single,scene-0103_027,roll_2.0deg,roll,2.0000,0.1461,0.1829,0.2522,yaw-1.0,61,6.8130,False
nuscenes,single,scene-0103_028,roll_2.0deg,roll,2.0000,0.0830,0.1132,0.3625,roll-3.0,53,6.8130,False
nuscenes,single,scene-0103_029,roll_2.0deg,roll,2.0000,0.2045,0.2500,0.2226,pitch+2.0,56,6.8130,False
nuscenes,single,scene-0103_030,roll_2.0deg,roll,2.0000,0.1829,0.2241,0.2252,pitch+1.0,57,6.8130,False
nuscenes,single,scene-0103_031,roll_2.0deg,roll,2.0000,0.2924,0.2924,0.0000,none,45,6.8130,False
nuscenes,single,scene-0103_032,roll_2.0deg,roll,2.0000,0.1961,0.1993,0.0163,pitch-0.5,38,6.8130,False
nuscenes,single,scene-0103_033,roll_2.0deg,roll,2.0000,0.1635,0.2246,0.3738,pitch+3.0,32,6.8130,False
nuscenes,single,scene-0103_034,roll_2.0deg,roll,2.0000,0.1502,0.2612,0.7386,yaw+3.0,25,6.8130,False
nuscenes,single,scene-0103_035,roll_2.0deg,roll,2.0000,0.3139,0.3139,0.0000,none,20,6.8130,False
nuscenes,single,scene-0103_036,roll_2.0deg,roll,2.0000,0.1674,0.2484,0.4838,roll-0.5,41,6.8130,False
nuscenes,single,scene-0103_037,roll_2.0deg,roll,2.0000,0.2584,0.2642,0.0225,roll-2.0,26,6.8130,False
nuscenes,single,scene-0103_038,roll_2.0deg,roll,2.0000,0.2994,0.4753,0.5878,yaw-0.5,18,6.8130,False
nuscenes,single,scene-0103_039,roll_2.0deg,roll,2.0000,0.1844,0.2093,0.1349,pitch-0.5,28,6.8130,False
nuscenes,single,scene-1094_000,roll_2.0deg,roll,2.0000,0.2415,0.3710,0.5358,roll+2.0,77,6.8130,False
nuscenes,single,scene-1094_001,roll_2.0deg,roll,2.0000,0.2385,0.2895,0.2138,roll+3.0,70,6.8130,False
nuscenes,single,scene-1094_002,roll_2.0deg,roll,2.0000,0.2283,0.3694,0.6181,roll+1.0,82,6.8130,False
nuscenes,single,scene-1094_003,roll_2.0deg,roll,2.0000,0.2477,0.3986,0.6090,roll+1.0,89,6.8130,False
nuscenes,single,scene-1094_004,roll_2.0deg,roll,2.0000,0.3220,0.3908,0.2137,roll+1.0,70,6.8130,False
nuscenes,single,scene-1094_005,roll_2.0deg,roll,2.0000,0.4091,0.4676,0.1431,roll+1.0,63,6.8130,False
nuscenes,single,scene-1094_006,roll_2.0deg,roll,2.0000,0.4246,0.4782,0.1263,roll+1.0,49,6.8130,False
nuscenes,single,scene-1094_007,roll_2.0deg,roll,2.0000,0.3983,0.4503,0.1306,pitch-0.5,53,6.8130,False
nuscenes,single,scene-1094_008,roll_2.0deg,roll,2.0000,0.3568,0.4752,0.3316,pitch+3.0,42,6.8130,False
nuscenes,single,scene-1094_009,roll_2.0deg,roll,2.0000,0.4189,0.4572,0.0914,pitch-0.5,46,6.8130,False
nuscenes,single,scene-1094_010,roll_2.0deg,roll,2.0000,0.3426,0.4375,0.2770,pitch-1.0,52,6.8130,False
nuscenes,single,scene-1094_011,roll_2.0deg,roll,2.0000,0.2757,0.3697,0.3409,yaw+3.0,44,6.8130,False
nuscenes,single,scene-1094_012,roll_2.0deg,roll,2.0000,0.2076,0.3653,0.7592,pitch+1.0,37,6.8130,False
nuscenes,single,scene-1094_013,roll_2.0deg,roll,2.0000,0.3658,0.3850,0.0524,roll-0.5,27,6.8130,False
nuscenes,single,scene-1094_014,roll_2.0deg,roll,2.0000,0.3901,0.4428,0.1351,pitch-1.0,18,6.8130,False
nuscenes,single,scene-1094_015,roll_2.0deg,roll,2.0000,0.0982,0.2300,1.3424,roll+0.5,32,6.8130,False
nuscenes,single,scene-1094_016,roll_2.0deg,roll,2.0000,0.2894,0.3042,0.0512,pitch-3.0,28,6.8130,False
nuscenes,single,scene-1094_017,roll_2.0deg,roll,2.0000,0.1883,0.2646,0.4048,pitch-3.0,22,6.8130,False
nuscenes,single,scene-1094_018,roll_2.0deg,roll,2.0000,0.2604,0.2956,0.1354,pitch+0.5,27,6.8130,False
nuscenes,single,scene-1094_019,roll_2.0deg,roll,2.0000,0.2265,0.2857,0.2612,pitch+1.0,31,6.8130,False
nuscenes,single,scene-1094_020,roll_2.0deg,roll,2.0000,0.2108,0.2484,0.1781,roll+1.0,49,6.8130,False
nuscenes,single,scene-1094_021,roll_2.0deg,roll,2.0000,0.2043,0.2585,0.2652,pitch-3.0,64,6.8130,False
nuscenes,single,scene-1094_022,roll_2.0deg,roll,2.0000,0.1046,0.1521,0.4542,roll-2.0,88,6.8130,False
nuscenes,single,scene-1094_023,roll_2.0deg,roll,2.0000,0.1272,0.1533,0.2052,yaw+2.0,86,6.8130,False
nuscenes,single,scene-1094_024,roll_2.0deg,roll,2.0000,0.2270,0.2565,0.1299,pitch+1.0,69,6.8130,False
nuscenes,single,scene-1094_025,roll_2.0deg,roll,2.0000,0.1259,0.1996,0.5858,roll-1.0,67,6.8130,False
nuscenes,single,scene-1094_026,roll_2.0deg,roll,2.0000,0.1366,0.2048,0.4991,yaw-0.5,72,6.8130,False
nuscenes,single,scene-1094_027,roll_2.0deg,roll,2.0000,0.0951,0.1652,0.7367,roll-0.5,84,6.8130,False
nuscenes,single,scene-1094_028,roll_2.0deg,roll,2.0000,0.1118,0.1809,0.6181,yaw+3.0,112,6.8130,False
nuscenes,single,scene-1094_029,roll_2.0deg,roll,2.0000,0.1080,0.1493,0.3826,roll+3.0,68,6.8130,False
nuscenes,single,scene-1094_030,roll_2.0deg,roll,2.0000,0.1130,0.1437,0.2714,yaw+3.0,79,6.8130,False
nuscenes,single,scene-1094_031,roll_2.0deg,roll,2.0000,0.1658,0.1669,0.0067,roll-3.0,82,6.8130,False
nuscenes,single,scene-1094_032,roll_2.0deg,roll,2.0000,0.0994,0.1863,0.8739,roll-2.0,81,6.8130,False
nuscenes,single,scene-1094_033,roll_2.0deg,roll,2.0000,0.1214,0.1750,0.4412,roll-0.5,83,6.8130,False
nuscenes,single,scene-1094_034,roll_2.0deg,roll,2.0000,0.1630,0.1928,0.1830,yaw-2.0,90,6.8130,False
nuscenes,single,scene-1094_035,roll_2.0deg,roll,2.0000,0.1491,0.1802,0.2083,roll+3.0,94,6.8130,False
nuscenes,single,scene-1094_036,roll_2.0deg,roll,2.0000,0.1337,0.1739,0.3004,yaw+0.5,82,6.8130,False
nuscenes,single,scene-1094_037,roll_2.0deg,roll,2.0000,0.1170,0.1559,0.3327,pitch+3.0,62,6.8130,False
nuscenes,single,scene-1094_038,roll_2.0deg,roll,2.0000,0.1348,0.1429,0.0605,yaw-0.5,59,6.8130,False
nuscenes,single,scene-1094_039,roll_2.0deg,roll,2.0000,0.1179,0.1599,0.3559,pitch-2.0,76,6.8130,False
nuscenes,window5,scene-0103_000..scene-0103_004,roll_2.0deg,roll,2.0000,0.2723,0.3288,0.2075,pitch-1.0,216,1.7379,False
nuscenes,window5,scene-0103_001..scene-0103_005,roll_2.0deg,roll,2.0000,0.2579,0.2971,0.1523,pitch-1.0,180,1.7379,False
nuscenes,window5,scene-0103_002..scene-0103_006,roll_2.0deg,roll,2.0000,0.2462,0.2942,0.1949,pitch-2.0,142,1.7379,False
nuscenes,window5,scene-0103_003..scene-0103_007,roll_2.0deg,roll,2.0000,0.2264,0.2982,0.3168,pitch-2.0,117,1.7379,False
nuscenes,window5,scene-0103_004..scene-0103_008,roll_2.0deg,roll,2.0000,0.2080,0.2582,0.2415,roll-0.5,115,1.7379,False
nuscenes,window5,scene-0103_005..scene-0103_009,roll_2.0deg,roll,2.0000,0.1720,0.2337,0.3585,roll-3.0,124,1.7379,False
nuscenes,window5,scene-0103_006..scene-0103_010,roll_2.0deg,roll,2.0000,0.1354,0.2166,0.5996,roll-3.0,143,1.7379,False
nuscenes,window5,scene-0103_007..scene-0103_011,roll_2.0deg,roll,2.0000,0.1056,0.1980,0.8740,roll-3.0,179,1.7379,False
nuscenes,window5,scene-0103_008..scene-0103_012,roll_2.0deg,roll,2.0000,0.0874,0.1595,0.8236,roll-3.0,228,1.7379,False
nuscenes,window5,scene-0103_009..scene-0103_013,roll_2.0deg,roll,2.0000,0.0770,0.1551,1.0137,roll-3.0,260,1.7379,False
nuscenes,window5,scene-0103_010..scene-0103_014,roll_2.0deg,roll,2.0000,0.0577,0.1491,1.5838,roll-3.0,287,1.7379,False
nuscenes,window5,scene-0103_011..scene-0103_015,roll_2.0deg,roll,2.0000,0.0673,0.1579,1.3477,roll-3.0,309,1.7379,False
nuscenes,window5,scene-0103_012..scene-0103_016,roll_2.0deg,roll,2.0000,0.0778,0.1534,0.9724,roll-3.0,340,1.7379,False
nuscenes,window5,scene-0103_013..scene-0103_017,roll_2.0deg,roll,2.0000,0.0970,0.1439,0.4843,roll-3.0,388,1.7379,False
nuscenes,window5,scene-0103_014..scene-0103_018,roll_2.0deg,roll,2.0000,0.1053,0.1383,0.3139,yaw-3.0,436,1.7379,False
nuscenes,window5,scene-0103_015..scene-0103_019,roll_2.0deg,roll,2.0000,0.1195,0.1546,0.2936,yaw-3.0,461,1.7379,False
nuscenes,window5,scene-0103_016..scene-0103_020,roll_2.0deg,roll,2.0000,0.1156,0.1487,0.2859,yaw-3.0,466,1.7379,False
nuscenes,window5,scene-0103_017..scene-0103_021,roll_2.0deg,roll,2.0000,0.1186,0.1512,0.2746,yaw-3.0,442,1.7379,False
nuscenes,window5,scene-0103_018..scene-0103_022,roll_2.0deg,roll,2.0000,0.1089,0.1501,0.3781,pitch-3.0,404,1.7379,False
nuscenes,window5,scene-0103_019..scene-0103_023,roll_2.0deg,roll,2.0000,0.1119,0.1515,0.3536,pitch-3.0,361,1.7379,False
nuscenes,window5,scene-0103_020..scene-0103_024,roll_2.0deg,roll,2.0000,0.0991,0.1446,0.4592,pitch-3.0,331,1.7379,False
nuscenes,window5,scene-0103_021..scene-0103_025,roll_2.0deg,roll,2.0000,0.1003,0.1317,0.3129,pitch-1.0,326,1.7379,False
nuscenes,window5,scene-0103_022..scene-0103_026,roll_2.0deg,roll,2.0000,0.0939,0.1233,0.3139,pitch-1.0,333,1.7379,False
nuscenes,window5,scene-0103_023..scene-0103_027,roll_2.0deg,roll,2.0000,0.1056,0.1330,0.2592,pitch-1.0,321,1.7379,False
nuscenes,window5,scene-0103_024..scene-0103_028,roll_2.0deg,roll,2.0000,0.0965,0.1128,0.1686,pitch-3.0,308,1.7379,False
nuscenes,window5,scene-0103_025..scene-0103_029,roll_2.0deg,roll,2.0000,0.1226,0.1302,0.0618,yaw-0.5,301,1.7379,False
nuscenes,window5,scene-0103_026..scene-0103_030,roll_2.0deg,roll,2.0000,0.1421,0.1421,0.0000,none,294,1.7379,False
nuscenes,window5,scene-0103_027..scene-0103_031,roll_2.0deg,roll,2.0000,0.1778,0.1778,0.0000,none,272,1.7379,False
nuscenes,window5,scene-0103_028..scene-0103_032,roll_2.0deg,roll,2.0000,0.1883,0.1883,0.0000,none,249,1.7379,False
nuscenes,window5,scene-0103_029..scene-0103_033,roll_2.0deg,roll,2.0000,0.2093,0.2093,0.0000,none,228,1.7379,False
nuscenes,window5,scene-0103_030..scene-0103_034,roll_2.0deg,roll,2.0000,0.2032,0.2032,0.0000,none,197,1.7379,False
nuscenes,window5,scene-0103_031..scene-0103_035,roll_2.0deg,roll,2.0000,0.2242,0.2242,0.0000,none,160,1.7379,False
nuscenes,window5,scene-0103_032..scene-0103_036,roll_2.0deg,roll,2.0000,0.1896,0.1896,0.0000,none,156,1.7379,False
nuscenes,window5,scene-0103_033..scene-0103_037,roll_2.0deg,roll,2.0000,0.2003,0.2020,0.0082,roll-0.5,144,1.7379,False
nuscenes,window5,scene-0103_034..scene-0103_038,roll_2.0deg,roll,2.0000,0.2231,0.2317,0.0386,yaw-0.5,130,1.7379,False
nuscenes,window5,scene-0103_035..scene-0103_039,roll_2.0deg,roll,2.0000,0.2287,0.2287,0.0000,none,133,1.7379,False
nuscenes,window5,scene-1094_000..scene-1094_004,roll_2.0deg,roll,2.0000,0.2541,0.3195,0.2574,roll+1.0,388,1.7379,False
nuscenes,window5,scene-1094_001..scene-1094_005,roll_2.0deg,roll,2.0000,0.2828,0.3713,0.3128,roll+1.0,374,1.7379,False
nuscenes,window5,scene-1094_002..scene-1094_006,roll_2.0deg,roll,2.0000,0.3113,0.4164,0.3377,roll+1.0,353,1.7379,False
nuscenes,window5,scene-1094_003..scene-1094_007,roll_2.0deg,roll,2.0000,0.3465,0.4243,0.2245,roll+1.0,324,1.7379,False
nuscenes,window5,scene-1094_004..scene-1094_008,roll_2.0deg,roll,2.0000,0.3798,0.4289,0.1293,roll+1.0,277,1.7379,False
nuscenes,window5,scene-1094_005..scene-1094_009,roll_2.0deg,roll,2.0000,0.4029,0.4417,0.0963,roll+1.0,253,1.7379,False
nuscenes,window5,scene-1094_006..scene-1094_010,roll_2.0deg,roll,2.0000,0.3884,0.4090,0.0532,pitch-0.5,242,1.7379,False
nuscenes,window5,scene-1094_007..scene-1094_011,roll_2.0deg,roll,2.0000,0.3600,0.3990,0.1086,pitch-1.0,237,1.7379,False
nuscenes,window5,scene-1094_008..scene-1094_012,roll_2.0deg,roll,2.0000,0.3253,0.3704,0.1388,pitch-1.0,221,1.7379,False
nuscenes,window5,scene-1094_009..scene-1094_013,roll_2.0deg,roll,2.0000,0.3241,0.3425,0.0566,pitch-1.0,206,1.7379,False
nuscenes,window5,scene-1094_010..scene-1094_014,roll_2.0deg,roll,2.0000,0.3063,0.3285,0.0724,pitch-1.0,178,1.7379,False
nuscenes,window5,scene-1094_011..scene-1094_015,roll_2.0deg,roll,2.0000,0.2522,0.2821,0.1183,pitch+1.0,158,1.7379,False
nuscenes,window5,scene-1094_012..scene-1094_016,roll_2.0deg,roll,2.0000,0.2523,0.2812,0.1144,pitch+1.0,142,1.7379,False
nuscenes,window5,scene-1094_013..scene-1094_017,roll_2.0deg,roll,2.0000,0.2542,0.2736,0.0763,pitch-3.0,127,1.7379,False
nuscenes,window5,scene-1094_014..scene-1094_018,roll_2.0deg,roll,2.0000,0.2318,0.2381,0.0269,pitch-0.5,127,1.7379,False
nuscenes,window5,scene-1094_015..scene-1094_019,roll_2.0deg,roll,2.0000,0.2103,0.2186,0.0397,pitch+1.0,140,1.7379,False
nuscenes,window5,scene-1094_016..scene-1094_020,roll_2.0deg,roll,2.0000,0.2333,0.2333,0.0000,none,157,1.7379,False
nuscenes,window5,scene-1094_017..scene-1094_021,roll_2.0deg,roll,2.0000,0.2155,0.2214,0.0273,pitch-3.0,193,1.7379,False
nuscenes,window5,scene-1094_018..scene-1094_022,roll_2.0deg,roll,2.0000,0.1802,0.1858,0.0313,roll-1.0,259,1.7379,False
nuscenes,window5,scene-1094_019..scene-1094_023,roll_2.0deg,roll,2.0000,0.1590,0.1673,0.0523,roll-1.0,318,1.7379,False
nuscenes,window5,scene-1094_020..scene-1094_024,roll_2.0deg,roll,2.0000,0.1663,0.1663,0.0000,none,356,1.7379,False
nuscenes,window5,scene-1094_021..scene-1094_025,roll_2.0deg,roll,2.0000,0.1533,0.1563,0.0197,pitch+0.5,374,1.7379,False
nuscenes,window5,scene-1094_022..scene-1094_026,roll_2.0deg,roll,2.0000,0.1416,0.1531,0.0815,yaw-0.5,382,1.7379,False
nuscenes,window5,scene-1094_023..scene-1094_027,roll_2.0deg,roll,2.0000,0.1399,0.1607,0.1494,roll-0.5,378,1.7379,False
nuscenes,window5,scene-1094_024..scene-1094_028,roll_2.0deg,roll,2.0000,0.1348,0.1500,0.1132,pitch+1.0,404,1.7379,False
nuscenes,window5,scene-1094_025..scene-1094_029,roll_2.0deg,roll,2.0000,0.1144,0.1370,0.1975,roll-2.0,403,1.7379,False
nuscenes,window5,scene-1094_026..scene-1094_030,roll_2.0deg,roll,2.0000,0.1123,0.1359,0.2100,yaw+3.0,415,1.7379,False
nuscenes,window5,scene-1094_027..scene-1094_031,roll_2.0deg,roll,2.0000,0.1185,0.1422,0.1999,roll-2.0,425,1.7379,False
nuscenes,window5,scene-1094_028..scene-1094_032,roll_2.0deg,roll,2.0000,0.1195,0.1462,0.2235,roll-2.0,422,1.7379,False
nuscenes,window5,scene-1094_029..scene-1094_033,roll_2.0deg,roll,2.0000,0.1221,0.1448,0.1857,roll-3.0,393,1.7379,False
nuscenes,window5,scene-1094_030..scene-1094_034,roll_2.0deg,roll,2.0000,0.1333,0.1495,0.1215,yaw-3.0,415,1.7379,False
nuscenes,window5,scene-1094_031..scene-1094_035,roll_2.0deg,roll,2.0000,0.1405,0.1498,0.0660,yaw-3.0,430,1.7379,False
nuscenes,window5,scene-1094_032..scene-1094_036,roll_2.0deg,roll,2.0000,0.1344,0.1454,0.0816,pitch+1.0,430,1.7379,False
nuscenes,window5,scene-1094_033..scene-1094_037,roll_2.0deg,roll,2.0000,0.1386,0.1555,0.1214,pitch+1.0,411,1.7379,False
nuscenes,window5,scene-1094_034..scene-1094_038,roll_2.0deg,roll,2.0000,0.1417,0.1488,0.0495,pitch+1.0,387,1.7379,False
nuscenes,window5,scene-1094_035..scene-1094_039,roll_2.0deg,roll,2.0000,0.1318,0.1330,0.0092,pitch+2.0,373,1.7379,False
nuscenes,single,scene-0103_000,yaw_3.0deg,yaw,3.0000,0.2330,0.3654,0.5680,yaw-3.0,57,6.8130,False
nuscenes,single,scene-0103_001,yaw_3.0deg,yaw,3.0000,0.1639,0.2855,0.7423,pitch-2.0,48,6.8130,False
nuscenes,single,scene-0103_002,yaw_3.0deg,yaw,3.0000,0.2428,0.3353,0.3809,yaw-3.0,31,6.8130,False
nuscenes,single,scene-0103_003,yaw_3.0deg,yaw,3.0000,0.1537,0.3043,0.9793,yaw-3.0,37,6.8130,False
nuscenes,single,scene-0103_004,yaw_3.0deg,yaw,3.0000,0.1885,0.2977,0.5795,yaw-3.0,35,6.8130,False
nuscenes,single,scene-0103_005,yaw_3.0deg,yaw,3.0000,0.0891,0.2777,2.1169,yaw-1.0,24,6.8130,False
nuscenes,single,scene-0103_006,yaw_3.0deg,yaw,3.0000,0.3771,0.4030,0.0687,yaw-3.0,14,6.8130,False
nuscenes,single,scene-0103_007,yaw_3.0deg,yaw,3.0000,0.3773,0.4208,0.1153,yaw-3.0,16,6.8130,False
nuscenes,single,scene-0103_008,yaw_3.0deg,yaw,3.0000,0.1131,0.3680,2.2550,roll-3.0,30,6.8130,False
nuscenes,single,scene-0103_009,yaw_3.0deg,yaw,3.0000,0.0921,0.2828,2.0696,roll-2.0,36,6.8130,False
nuscenes,single,scene-0103_010,yaw_3.0deg,yaw,3.0000,0.0542,0.2197,3.0518,roll-3.0,44,6.8130,False
nuscenes,single,scene-0103_011,yaw_3.0deg,yaw,3.0000,0.0451,0.1675,2.7178,roll-3.0,49,6.8130,False
nuscenes,single,scene-0103_012,yaw_3.0deg,yaw,3.0000,0.0603,0.1097,0.8205,pitch+2.0,53,6.8130,False
nuscenes,single,scene-0103_013,yaw_3.0deg,yaw,3.0000,0.0452,0.1068,1.3603,roll-2.0,57,6.8130,False
nuscenes,single,scene-0103_014,yaw_3.0deg,yaw,3.0000,0.0420,0.0959,1.2818,roll-1.0,68,6.8130,False
nuscenes,single,scene-0103_015,yaw_3.0deg,yaw,3.0000,0.0953,0.1613,0.6922,roll-1.0,66,6.8130,False
nuscenes,single,scene-0103_016,yaw_3.0deg,yaw,3.0000,0.1002,0.1376,0.3731,pitch-0.5,73,6.8130,False
nuscenes,single,scene-0103_017,yaw_3.0deg,yaw,3.0000,0.1755,0.2242,0.2774,yaw+2.0,116,6.8130,False
nuscenes,single,scene-0103_018,yaw_3.0deg,yaw,3.0000,0.1224,0.1643,0.3420,pitch+2.0,101,6.8130,False
nuscenes,single,scene-0103_019,yaw_3.0deg,yaw,3.0000,0.0611,0.1278,1.0910,yaw-3.0,86,6.8130,False
nuscenes,single,scene-0103_020,yaw_3.0deg,yaw,3.0000,0.0374,0.1275,2.4054,roll-2.0,59,6.8130,False
nuscenes,single,scene-0103_021,yaw_3.0deg,yaw,3.0000,0.0907,0.1383,0.5260,yaw+3.0,64,6.8130,False
nuscenes,single,scene-0103_022,yaw_3.0deg,yaw,3.0000,0.0885,0.1235,0.3967,roll-3.0,69,6.8130,False
nuscenes,single,scene-0103_023,yaw_3.0deg,yaw,3.0000,0.1236,0.1418,0.1474,yaw-0.5,62,6.8130,False
nuscenes,single,scene-0103_024,yaw_3.0deg,yaw,3.0000,0.1451,0.1508,0.0392,pitch-0.5,54,6.8130,False
nuscenes,single,scene-0103_025,yaw_3.0deg,yaw,3.0000,0.0461,0.1015,1.2032,yaw+2.0,61,6.8130,False
nuscenes,single,scene-0103_026,yaw_3.0deg,yaw,3.0000,0.0471,0.1453,2.0874,yaw-3.0,48,6.8130,False
nuscenes,single,scene-0103_027,yaw_3.0deg,yaw,3.0000,0.0586,0.1427,1.4366,roll-2.0,64,6.8130,False
nuscenes,single,scene-0103_028,yaw_3.0deg,yaw,3.0000,0.0636,0.1145,0.8009,roll-2.0,55,6.8130,False
nuscenes,single,scene-0103_029,yaw_3.0deg,yaw,3.0000,0.1060,0.1580,0.4907,yaw-2.0,55,6.8130,False
nuscenes,single,scene-0103_030,yaw_3.0deg,yaw,3.0000,0.1012,0.2059,1.0346,yaw-3.0,59,6.8130,False
nuscenes,single,scene-0103_031,yaw_3.0deg,yaw,3.0000,0.0982,0.2488,1.5343,pitch+3.0,43,6.8130,False
nuscenes,single,scene-0103_032,yaw_3.0deg,yaw,3.0000,0.0911,0.1892,1.0768,yaw+3.0,26,6.8130,False
nuscenes,single,scene-0103_033,yaw_3.0deg,yaw,3.0000,0.0852,0.2196,1.5785,roll-1.0,32,6.8130,False
nuscenes,single,scene-0103_034,yaw_3.0deg,yaw,3.0000,0.1232,0.1977,0.6052,roll-1.0,25,6.8130,False
nuscenes,single,scene-0103_035,yaw_3.0deg,yaw,3.0000,0.1752,0.2435,0.3902,roll+3.0,19,6.8130,False
nuscenes,single,scene-0103_036,yaw_3.0deg,yaw,3.0000,0.1915,0.3136,0.6371,yaw+3.0,37,6.8130,False
nuscenes,single,scene-0103_037,yaw_3.0deg,yaw,3.0000,0.1566,0.2568,0.6396,roll+2.0,22,6.8130,False
nuscenes,single,scene-0103_038,yaw_3.0deg,yaw,3.0000,0.3279,0.4150,0.2653,yaw-0.5,21,6.8130,False
nuscenes,single,scene-0103_039,yaw_3.0deg,yaw,3.0000,0.0947,0.2385,1.5186,roll+3.0,29,6.8130,False
nuscenes,single,scene-1094_000,yaw_3.0deg,yaw,3.0000,0.1911,0.2940,0.5387,roll+3.0,74,6.8130,False
nuscenes,single,scene-1094_001,yaw_3.0deg,yaw,3.0000,0.2051,0.3715,0.8113,roll+3.0,61,6.8130,False
nuscenes,single,scene-1094_002,yaw_3.0deg,yaw,3.0000,0.3153,0.3772,0.1964,roll+3.0,78,6.8130,False
nuscenes,single,scene-1094_003,yaw_3.0deg,yaw,3.0000,0.2726,0.3482,0.2775,pitch-3.0,77,6.8130,False
nuscenes,single,scene-1094_004,yaw_3.0deg,yaw,3.0000,0.4142,0.4291,0.0358,yaw+2.0,58,6.8130,False
nuscenes,single,scene-1094_005,yaw_3.0deg,yaw,3.0000,0.3516,0.4408,0.2536,roll+0.5,62,6.8130,False
nuscenes,single,scene-1094_006,yaw_3.0deg,yaw,3.0000,0.3254,0.3845,0.1815,yaw+0.5,54,6.8130,False
nuscenes,single,scene-1094_007,yaw_3.0deg,yaw,3.0000,0.2580,0.4099,0.5890,yaw+2.0,55,6.8130,False
nuscenes,single,scene-1094_008,yaw_3.0deg,yaw,3.0000,0.3311,0.4471,0.3504,yaw+3.0,42,6.8130,False
nuscenes,single,scene-1094_009,yaw_3.0deg,yaw,3.0000,0.3294,0.4661,0.4151,roll+0.5,46,6.8130,False
nuscenes,single,scene-1094_010,yaw_3.0deg,yaw,3.0000,0.3115,0.4308,0.3831,yaw-1.0,48,6.8130,False
nuscenes,single,scene-1094_011,yaw_3.0deg,yaw,3.0000,0.3588,0.4651,0.2965,pitch+0.5,44,6.8130,False
nuscenes,single,scene-1094_012,yaw_3.0deg,yaw,3.0000,0.1209,0.2602,1.1531,roll+3.0,48,6.8130,False
nuscenes,single,scene-1094_013,yaw_3.0deg,yaw,3.0000,0.3209,0.4515,0.4071,pitch+0.5,30,6.8130,False
nuscenes,single,scene-1094_014,yaw_3.0deg,yaw,3.0000,0.2078,0.4953,1.3842,roll-2.0,21,6.8130,False
nuscenes,single,scene-1094_015,yaw_3.0deg,yaw,3.0000,0.0474,0.1863,2.9275,yaw-3.0,35,6.8130,False
nuscenes,single,scene-1094_016,yaw_3.0deg,yaw,3.0000,0.1946,0.3491,0.7939,pitch+3.0,32,6.8130,False
nuscenes,single,scene-1094_017,yaw_3.0deg,yaw,3.0000,0.2089,0.3600,0.7228,roll-0.5,21,6.8130,False
nuscenes,single,scene-1094_018,yaw_3.0deg,yaw,3.0000,0.2570,0.2689,0.0462,roll-3.0,27,6.8130,False
nuscenes,single,scene-1094_019,yaw_3.0deg,yaw,3.0000,0.1608,0.2313,0.4387,yaw-0.5,26,6.8130,False
nuscenes,single,scene-1094_020,yaw_3.0deg,yaw,3.0000,0.1597,0.2304,0.4421,roll+0.5,49,6.8130,False
nuscenes,single,scene-1094_021,yaw_3.0deg,yaw,3.0000,0.1588,0.2055,0.2940,roll-0.5,62,6.8130,False
nuscenes,single,scene-1094_022,yaw_3.0deg,yaw,3.0000,0.1496,0.1536,0.0263,yaw-0.5,79,6.8130,False
nuscenes,single,scene-1094_023,yaw_3.0deg,yaw,3.0000,0.1461,0.1930,0.3212,yaw-2.0,81,6.8130,False
nuscenes,single,scene-1094_024,yaw_3.0deg,yaw,3.0000,0.1076,0.1732,0.6087,yaw+0.5,62,6.8130,False
nuscenes,single,scene-1094_025,yaw_3.0deg,yaw,3.0000,0.0651,0.1391,1.1369,yaw+2.0,60,6.8130,False
nuscenes,single,scene-1094_026,yaw_3.0deg,yaw,3.0000,0.0709,0.1570,1.2135,yaw-3.0,74,6.8130,False
nuscenes,single,scene-1094_027,yaw_3.0deg,yaw,3.0000,0.0596,0.1911,2.2061,roll-2.0,74,6.8130,False
nuscenes,single,scene-1094_028,yaw_3.0deg,yaw,3.0000,0.2063,0.2079,0.0079,roll+0.5,89,6.8130,False
nuscenes,single,scene-1094_029,yaw_3.0deg,yaw,3.0000,0.0919,0.1698,0.8481,roll+0.5,68,6.8130,False
nuscenes,single,scene-1094_030,yaw_3.0deg,yaw,3.0000,0.0679,0.1241,0.8282,yaw-3.0,86,6.8130,False
nuscenes,single,scene-1094_031,yaw_3.0deg,yaw,3.0000,0.0719,0.1517,1.1103,roll-3.0,83,6.8130,False
nuscenes,single,scene-1094_032,yaw_3.0deg,yaw,3.0000,0.1023,0.1364,0.3327,roll-3.0,84,6.8130,False
nuscenes,single,scene-1094_033,yaw_3.0deg,yaw,3.0000,0.1218,0.1862,0.5292,roll-3.0,87,6.8130,False
nuscenes,single,scene-1094_034,yaw_3.0deg,yaw,3.0000,0.0631,0.1450,1.2971,roll+2.0,84,6.8130,False
nuscenes,single,scene-1094_035,yaw_3.0deg,yaw,3.0000,0.1156,0.1615,0.3973,roll+2.0,85,6.8130,False
nuscenes,single,scene-1094_036,yaw_3.0deg,yaw,3.0000,0.0601,0.1477,1.4556,pitch+1.0,77,6.8130,False
nuscenes,single,scene-1094_037,yaw_3.0deg,yaw,3.0000,0.0463,0.1657,2.5775,roll-1.0,55,6.8130,False
nuscenes,single,scene-1094_038,yaw_3.0deg,yaw,3.0000,0.0576,0.1443,1.5052,yaw+1.0,57,6.8130,False
nuscenes,single,scene-1094_039,yaw_3.0deg,yaw,3.0000,0.1461,0.1599,0.0947,yaw-3.0,75,6.8130,False
nuscenes,window5,scene-0103_000..scene-0103_004,yaw_3.0deg,yaw,3.0000,0.1969,0.3208,0.6289,yaw-3.0,208,1.7379,False
nuscenes,window5,scene-0103_001..scene-0103_005,yaw_3.0deg,yaw,3.0000,0.1704,0.2816,0.6529,yaw-3.0,175,1.7379,False
nuscenes,window5,scene-0103_002..scene-0103_006,yaw_3.0deg,yaw,3.0000,0.1931,0.2942,0.5234,yaw-3.0,141,1.7379,False
nuscenes,window5,scene-0103_003..scene-0103_007,yaw_3.0deg,yaw,3.0000,0.2043,0.2982,0.4596,yaw-3.0,126,1.7379,False
nuscenes,window5,scene-0103_004..scene-0103_008,yaw_3.0deg,yaw,3.0000,0.1970,0.2420,0.2286,yaw-3.0,119,1.7379,False
nuscenes,window5,scene-0103_005..scene-0103_009,yaw_3.0deg,yaw,3.0000,0.1680,0.2162,0.2868,roll-3.0,120,1.7379,False
nuscenes,window5,scene-0103_006..scene-0103_010,yaw_3.0deg,yaw,3.0000,0.1458,0.2339,0.6046,roll-3.0,140,1.7379,False
nuscenes,window5,scene-0103_007..scene-0103_011,yaw_3.0deg,yaw,3.0000,0.0991,0.2187,1.2075,roll-3.0,175,1.7379,False
nuscenes,window5,scene-0103_008..scene-0103_012,yaw_3.0deg,yaw,3.0000,0.0684,0.1736,1.5391,roll-3.0,212,1.7379,False
nuscenes,window5,scene-0103_009..scene-0103_013,yaw_3.0deg,yaw,3.0000,0.0573,0.1225,1.1392,roll-2.0,239,1.7379,False
nuscenes,window5,scene-0103_010..scene-0103_014,yaw_3.0deg,yaw,3.0000,0.0488,0.1126,1.3076,roll-3.0,271,1.7379,False
nuscenes,window5,scene-0103_011..scene-0103_015,yaw_3.0deg,yaw,3.0000,0.0585,0.1045,0.7870,roll-3.0,293,1.7379,False
nuscenes,window5,scene-0103_012..scene-0103_016,yaw_3.0deg,yaw,3.0000,0.0701,0.0954,0.3609,roll-1.0,317,1.7379,False
nuscenes,window5,scene-0103_013..scene-0103_017,yaw_3.0deg,yaw,3.0000,0.1037,0.1243,0.1985,yaw+2.0,380,1.7379,False
nuscenes,window5,scene-0103_014..scene-0103_018,yaw_3.0deg,yaw,3.0000,0.1160,0.1357,0.1697,yaw+2.0,424,1.7379,False
nuscenes,window5,scene-0103_015..scene-0103_019,yaw_3.0deg,yaw,3.0000,0.1167,0.1425,0.2207,yaw+2.0,442,1.7379,False
nuscenes,window5,scene-0103_016..scene-0103_020,yaw_3.0deg,yaw,3.0000,0.1092,0.1446,0.3243,yaw+2.0,435,1.7379,False
nuscenes,window5,scene-0103_017..scene-0103_021,yaw_3.0deg,yaw,3.0000,0.1080,0.1442,0.3361,yaw+2.0,426,1.7379,False
nuscenes,window5,scene-0103_018..scene-0103_022,yaw_3.0deg,yaw,3.0000,0.0837,0.1181,0.4104,yaw-3.0,379,1.7379,False
nuscenes,window5,scene-0103_019..scene-0103_023,yaw_3.0deg,yaw,3.0000,0.0795,0.1196,0.5046,yaw-3.0,340,1.7379,False
nuscenes,window5,scene-0103_020..scene-0103_024,yaw_3.0deg,yaw,3.0000,0.0961,0.1169,0.2159,yaw-3.0,308,1.7379,False
nuscenes,window5,scene-0103_021..scene-0103_025,yaw_3.0deg,yaw,3.0000,0.0975,0.1215,0.2466,yaw-3.0,310,1.7379,False
nuscenes,window5,scene-0103_022..scene-0103_026,yaw_3.0deg,yaw,3.0000,0.0907,0.1228,0.3541,yaw-3.0,294,1.7379,False
nuscenes,window5,scene-0103_023..scene-0103_027,yaw_3.0deg,yaw,3.0000,0.0841,0.1223,0.4533,yaw-3.0,289,1.7379,False
nuscenes,window5,scene-0103_024..scene-0103_028,yaw_3.0deg,yaw,3.0000,0.0715,0.1078,0.5089,yaw-3.0,282,1.7379,False
nuscenes,window5,scene-0103_025..scene-0103_029,yaw_3.0deg,yaw,3.0000,0.0641,0.1140,0.7781,roll-2.0,283,1.7379,False
nuscenes,window5,scene-0103_026..scene-0103_030,yaw_3.0deg,yaw,3.0000,0.0758,0.1293,0.7054,yaw-3.0,281,1.7379,False
nuscenes,window5,scene-0103_027..scene-0103_031,yaw_3.0deg,yaw,3.0000,0.0843,0.1394,0.6542,roll-2.0,276,1.7379,False
nuscenes,window5,scene-0103_028..scene-0103_032,yaw_3.0deg,yaw,3.0000,0.0920,0.1429,0.5543,yaw-3.0,238,1.7379,False
nuscenes,window5,scene-0103_029..scene-0103_033,yaw_3.0deg,yaw,3.0000,0.0982,0.1682,0.7123,yaw-3.0,215,1.7379,False
nuscenes,window5,scene-0103_030..scene-0103_034,yaw_3.0deg,yaw,3.0000,0.0993,0.1724,0.7369,yaw-3.0,185,1.7379,False
nuscenes,window5,scene-0103_031..scene-0103_035,yaw_3.0deg,yaw,3.0000,0.1084,0.1686,0.5549,pitch+3.0,145,1.7379,False
nuscenes,window5,scene-0103_032..scene-0103_036,yaw_3.0deg,yaw,3.0000,0.1337,0.1876,0.4027,roll-1.0,139,1.7379,False
nuscenes,window5,scene-0103_033..scene-0103_037,yaw_3.0deg,yaw,3.0000,0.1457,0.1975,0.3557,roll-1.0,135,1.7379,False
nuscenes,window5,scene-0103_034..scene-0103_038,yaw_3.0deg,yaw,3.0000,0.1922,0.2226,0.1585,yaw+3.0,124,1.7379,False
nuscenes,window5,scene-0103_035..scene-0103_039,yaw_3.0deg,yaw,3.0000,0.1835,0.2180,0.1875,yaw+3.0,128,1.7379,False
nuscenes,window5,scene-1094_000..scene-1094_004,yaw_3.0deg,yaw,3.0000,0.2766,0.3124,0.1293,roll+3.0,348,1.7379,False
nuscenes,window5,scene-1094_001..scene-1094_005,yaw_3.0deg,yaw,3.0000,0.3093,0.3304,0.0682,roll+0.5,336,1.7379,False
nuscenes,window5,scene-1094_002..scene-1094_006,yaw_3.0deg,yaw,3.0000,0.3313,0.3449,0.0413,pitch+0.5,329,1.7379,False
nuscenes,window5,scene-1094_003..scene-1094_007,yaw_3.0deg,yaw,3.0000,0.3221,0.3512,0.0902,roll+0.5,306,1.7379,False
nuscenes,window5,scene-1094_004..scene-1094_008,yaw_3.0deg,yaw,3.0000,0.3376,0.3821,0.1318,yaw+2.0,271,1.7379,False
nuscenes,window5,scene-1094_005..scene-1094_009,yaw_3.0deg,yaw,3.0000,0.3190,0.3708,0.1624,roll+0.5,259,1.7379,False
nuscenes,window5,scene-1094_006..scene-1094_010,yaw_3.0deg,yaw,3.0000,0.3093,0.3591,0.1610,yaw+2.0,245,1.7379,False
nuscenes,window5,scene-1094_007..scene-1094_011,yaw_3.0deg,yaw,3.0000,0.3148,0.3629,0.1527,yaw-3.0,235,1.7379,False
nuscenes,window5,scene-1094_008..scene-1094_012,yaw_3.0deg,yaw,3.0000,0.2877,0.3357,0.1666,pitch+0.5,228,1.7379,False
nuscenes,window5,scene-1094_009..scene-1094_013,yaw_3.0deg,yaw,3.0000,0.2839,0.3353,0.1812,pitch+0.5,216,1.7379,False
nuscenes,window5,scene-1094_010..scene-1094_014,yaw_3.0deg,yaw,3.0000,0.2645,0.3209,0.2131,pitch+0.5,191,1.7379,False
nuscenes,window5,scene-1094_011..scene-1094_015,yaw_3.0deg,yaw,3.0000,0.2092,0.2789,0.3330,pitch+0.5,178,1.7379,False
nuscenes,window5,scene-1094_012..scene-1094_016,yaw_3.0deg,yaw,3.0000,0.1667,0.2544,0.5256,pitch+3.0,166,1.7379,False
nuscenes,window5,scene-1094_013..scene-1094_017,yaw_3.0deg,yaw,3.0000,0.1890,0.2666,0.4106,roll-0.5,139,1.7379,False
nuscenes,window5,scene-1094_014..scene-1094_018,yaw_3.0deg,yaw,3.0000,0.1734,0.2236,0.2897,yaw-3.0,136,1.7379,False
nuscenes,window5,scene-1094_015..scene-1094_019,yaw_3.0deg,yaw,3.0000,0.1659,0.2059,0.2409,yaw-3.0,141,1.7379,False
nuscenes,window5,scene-1094_016..scene-1094_020,yaw_3.0deg,yaw,3.0000,0.1907,0.2091,0.0965,pitch-0.5,155,1.7379,False
nuscenes,window5,scene-1094_017..scene-1094_021,yaw_3.0deg,yaw,3.0000,0.1794,0.1996,0.1130,pitch-0.5,185,1.7379,False
nuscenes,window5,scene-1094_018..scene-1094_022,yaw_3.0deg,yaw,3.0000,0.1671,0.1671,0.0000,none,243,1.7379,False
nuscenes,window5,scene-1094_019..scene-1094_023,yaw_3.0deg,yaw,3.0000,0.1532,0.1734,0.1317,yaw-2.0,297,1.7379,False
nuscenes,window5,scene-1094_020..scene-1094_024,yaw_3.0deg,yaw,3.0000,0.1441,0.1642,0.1391,yaw-2.0,333,1.7379,False
nuscenes,window5,scene-1094_021..scene-1094_025,yaw_3.0deg,yaw,3.0000,0.1281,0.1594,0.2441,yaw-2.0,344,1.7379,False
nuscenes,window5,scene-1094_022..scene-1094_026,yaw_3.0deg,yaw,3.0000,0.1109,0.1381,0.2455,yaw-2.0,356,1.7379,False
nuscenes,window5,scene-1094_023..scene-1094_027,yaw_3.0deg,yaw,3.0000,0.0914,0.1373,0.5031,yaw-2.0,351,1.7379,False
nuscenes,window5,scene-1094_024..scene-1094_028,yaw_3.0deg,yaw,3.0000,0.1075,0.1350,0.2552,yaw+2.0,359,1.7379,False
nuscenes,window5,scene-1094_025..scene-1094_029,yaw_3.0deg,yaw,3.0000,0.1046,0.1333,0.2746,roll+2.0,365,1.7379,False
nuscenes,window5,scene-1094_026..scene-1094_030,yaw_3.0deg,yaw,3.0000,0.1026,0.1329,0.2957,pitch+2.0,391,1.7379,False
nuscenes,window5,scene-1094_027..scene-1094_031,yaw_3.0deg,yaw,3.0000,0.1021,0.1296,0.2694,pitch+2.0,400,1.7379,False
nuscenes,window5,scene-1094_028..scene-1094_032,yaw_3.0deg,yaw,3.0000,0.1098,0.1299,0.1835,pitch+2.0,410,1.7379,False
nuscenes,window5,scene-1094_029..scene-1094_033,yaw_3.0deg,yaw,3.0000,0.0913,0.1408,0.5421,roll-3.0,408,1.7379,False
nuscenes,window5,scene-1094_030..scene-1094_034,yaw_3.0deg,yaw,3.0000,0.0856,0.1315,0.5360,roll-3.0,424,1.7379,False
nuscenes,window5,scene-1094_031..scene-1094_035,yaw_3.0deg,yaw,3.0000,0.0952,0.1250,0.3122,pitch+3.0,423,1.7379,False
nuscenes,window5,scene-1094_032..scene-1094_036,yaw_3.0deg,yaw,3.0000,0.0934,0.1322,0.4157,roll+2.0,417,1.7379,False
nuscenes,window5,scene-1094_033..scene-1094_037,yaw_3.0deg,yaw,3.0000,0.0848,0.1351,0.5937,roll+2.0,388,1.7379,False
nuscenes,window5,scene-1094_034..scene-1094_038,yaw_3.0deg,yaw,3.0000,0.0715,0.1333,0.8643,roll+2.0,358,1.7379,False
nuscenes,window5,scene-1094_035..scene-1094_039,yaw_3.0deg,yaw,3.0000,0.0895,0.1328,0.4832,roll+2.0,349,1.7379,False
nuscenes,single,scene-0103_000,pitch_3.0deg,pitch,3.0000,0.1365,0.3654,1.6770,roll+3.0,66,6.8130,False
nuscenes,single,scene-0103_001,pitch_3.0deg,pitch,3.0000,0.1866,0.3522,0.8874,roll+2.0,54,6.8130,False
nuscenes,single,scene-0103_002,pitch_3.0deg,pitch,3.0000,0.1674,0.3353,1.0029,roll+3.0,40,6.8130,False
nuscenes,single,scene-0103_003,pitch_3.0deg,pitch,3.0000,0.2386,0.3043,0.2750,roll+3.0,33,6.8130,False
nuscenes,single,scene-0103_004,pitch_3.0deg,pitch,3.0000,0.2064,0.2977,0.4426,roll+3.0,37,6.8130,False
nuscenes,single,scene-0103_005,pitch_3.0deg,pitch,3.0000,0.1375,0.2591,0.8843,roll+2.0,31,6.8130,False
nuscenes,single,scene-0103_006,pitch_3.0deg,pitch,3.0000,0.2901,0.4673,0.6109,roll+0.5,17,6.8130,False
nuscenes,single,scene-0103_007,pitch_3.0deg,pitch,3.0000,0.1442,0.4208,1.9184,roll+3.0,21,6.8130,False
nuscenes,single,scene-0103_008,pitch_3.0deg,pitch,3.0000,0.2683,0.3512,0.3091,yaw+3.0,32,6.8130,False
nuscenes,single,scene-0103_009,pitch_3.0deg,pitch,3.0000,0.0959,0.2741,1.8587,pitch+2.0,43,6.8130,False
nuscenes,single,scene-0103_010,pitch_3.0deg,pitch,3.0000,0.1267,0.2851,1.2501,roll-0.5,47,6.8130,False
nuscenes,single,scene-0103_011,pitch_3.0deg,pitch,3.0000,0.2796,0.2796,0.0000,none,57,6.8130,False
nuscenes,single,scene-0103_012,pitch_3.0deg,pitch,3.0000,0.1209,0.2507,1.0737,roll-2.0,70,6.8130,False
nuscenes,single,scene-0103_013,pitch_3.0deg,pitch,3.0000,0.1674,0.2238,0.3371,roll-2.0,66,6.8130,False
nuscenes,single,scene-0103_014,pitch_3.0deg,pitch,3.0000,0.1135,0.2487,1.1917,roll-2.0,77,6.8130,False
nuscenes,single,scene-0103_015,pitch_3.0deg,pitch,3.0000,0.1543,0.2461,0.5944,roll-3.0,74,6.8130,False
nuscenes,single,scene-0103_016,pitch_3.0deg,pitch,3.0000,0.1336,0.1954,0.4627,pitch-2.0,86,6.8130,False
nuscenes,single,scene-0103_017,pitch_3.0deg,pitch,3.0000,0.1534,0.2118,0.3805,yaw-2.0,100,6.8130,False
nuscenes,single,scene-0103_018,pitch_3.0deg,pitch,3.0000,0.1339,0.1775,0.3253,roll-2.0,101,6.8130,False
nuscenes,single,scene-0103_019,pitch_3.0deg,pitch,3.0000,0.1301,0.2274,0.7473,roll-3.0,101,6.8130,False
nuscenes,single,scene-0103_020,pitch_3.0deg,pitch,3.0000,0.1654,0.2447,0.4792,roll-3.0,83,6.8130,False
nuscenes,single,scene-0103_021,pitch_3.0deg,pitch,3.0000,0.1080,0.1650,0.5272,roll-3.0,78,6.8130,False
nuscenes,single,scene-0103_022,pitch_3.0deg,pitch,3.0000,0.1015,0.1578,0.5544,yaw-2.0,81,6.8130,False
nuscenes,single,scene-0103_023,pitch_3.0deg,pitch,3.0000,0.1363,0.1784,0.3089,yaw-3.0,72,6.8130,False
nuscenes,single,scene-0103_024,pitch_3.0deg,pitch,3.0000,0.0950,0.1626,0.7121,yaw-3.0,62,6.8130,False
nuscenes,single,scene-0103_025,pitch_3.0deg,pitch,3.0000,0.1098,0.1297,0.1807,pitch-0.5,70,6.8130,False
nuscenes,single,scene-0103_026,pitch_3.0deg,pitch,3.0000,0.0758,0.1453,0.9162,roll+3.0,70,6.8130,False
nuscenes,single,scene-0103_027,pitch_3.0deg,pitch,3.0000,0.0859,0.1505,0.7525,roll+1.0,70,6.8130,False
nuscenes,single,scene-0103_028,pitch_3.0deg,pitch,3.0000,0.0657,0.1489,1.2651,pitch+2.0,56,6.8130,False
nuscenes,single,scene-0103_029,pitch_3.0deg,pitch,3.0000,0.1217,0.1884,0.5477,yaw+1.0,62,6.8130,False
nuscenes,single,scene-0103_030,pitch_3.0deg,pitch,3.0000,0.1640,0.2090,0.2744,yaw-0.5,62,6.8130,False
nuscenes,single,scene-0103_031,pitch_3.0deg,pitch,3.0000,0.2578,0.2755,0.0687,pitch+3.0,48,6.8130,False
nuscenes,single,scene-0103_032,pitch_3.0deg,pitch,3.0000,0.1474,0.2433,0.6514,roll-2.0,39,6.8130,False
nuscenes,single,scene-0103_033,pitch_3.0deg,pitch,3.0000,0.1766,0.2539,0.4379,roll+2.0,34,6.8130,False
nuscenes,single,scene-0103_034,pitch_3.0deg,pitch,3.0000,0.1059,0.2614,1.4679,roll-1.0,28,6.8130,False
nuscenes,single,scene-0103_035,pitch_3.0deg,pitch,3.0000,0.1458,0.1907,0.3083,pitch-0.5,23,6.8130,False
nuscenes,single,scene-0103_036,pitch_3.0deg,pitch,3.0000,0.2301,0.2332,0.0136,yaw-0.5,43,6.8130,False
nuscenes,single,scene-0103_037,pitch_3.0deg,pitch,3.0000,0.1179,0.2530,1.1448,pitch+3.0,27,6.8130,False
nuscenes,single,scene-0103_038,pitch_3.0deg,pitch,3.0000,0.2153,0.3221,0.4961,roll+1.0,25,6.8130,False
nuscenes,single,scene-0103_039,pitch_3.0deg,pitch,3.0000,0.1174,0.1846,0.5715,yaw+3.0,29,6.8130,False
nuscenes,single,scene-1094_000,pitch_3.0deg,pitch,3.0000,0.1868,0.2479,0.3276,roll+3.0,61,6.8130,False
nuscenes,single,scene-1094_001,pitch_3.0deg,pitch,3.0000,0.2138,0.2524,0.1808,roll+3.0,69,6.8130,False
nuscenes,single,scene-1094_002,pitch_3.0deg,pitch,3.0000,0.2232,0.2697,0.2081,roll+3.0,87,6.8130,False
nuscenes,single,scene-1094_003,pitch_3.0deg,pitch,3.0000,0.1207,0.2661,1.2042,roll+2.0,116,6.8130,False
nuscenes,single,scene-1094_004,pitch_3.0deg,pitch,3.0000,0.1934,0.3253,0.6823,roll+1.0,90,6.8130,False
nuscenes,single,scene-1094_005,pitch_3.0deg,pitch,3.0000,0.2764,0.3813,0.3796,roll+1.0,71,6.8130,False
nuscenes,single,scene-1094_006,pitch_3.0deg,pitch,3.0000,0.1772,0.3343,0.8862,roll+2.0,58,6.8130,False
nuscenes,single,scene-1094_007,pitch_3.0deg,pitch,3.0000,0.2880,0.4010,0.3921,roll+3.0,77,6.8130,False
nuscenes,single,scene-1094_008,pitch_3.0deg,pitch,3.0000,0.2719,0.3952,0.4538,pitch-3.0,60,6.8130,False
nuscenes,single,scene-1094_009,pitch_3.0deg,pitch,3.0000,0.3071,0.4030,0.3121,pitch+2.0,56,6.8130,False
nuscenes,single,scene-1094_010,pitch_3.0deg,pitch,3.0000,0.2572,0.4061,0.5790,pitch-3.0,50,6.8130,False
nuscenes,single,scene-1094_011,pitch_3.0deg,pitch,3.0000,0.1970,0.3259,0.6542,pitch+1.0,37,6.8130,False
nuscenes,single,scene-1094_012,pitch_3.0deg,pitch,3.0000,0.0527,0.2858,4.4172,roll+0.5,34,6.8130,False
nuscenes,single,scene-1094_013,pitch_3.0deg,pitch,3.0000,0.1157,0.3486,2.0117,roll+3.0,32,6.8130,False
nuscenes,single,scene-1094_014,pitch_3.0deg,pitch,3.0000,0.2587,0.3162,0.2220,pitch+2.0,14,6.8130,False
nuscenes,single,scene-1094_015,pitch_3.0deg,pitch,3.0000,0.0615,0.1863,2.0303,roll+3.0,35,6.8130,False
nuscenes,single,scene-1094_016,pitch_3.0deg,pitch,3.0000,0.1965,0.2706,0.3773,roll+3.0,33,6.8130,False
nuscenes,single,scene-1094_017,pitch_3.0deg,pitch,3.0000,0.1220,0.3224,1.6426,pitch-3.0,26,6.8130,False
nuscenes,single,scene-1094_018,pitch_3.0deg,pitch,3.0000,0.2210,0.3021,0.3672,roll-2.0,34,6.8130,False
nuscenes,single,scene-1094_019,pitch_3.0deg,pitch,3.0000,0.2526,0.3423,0.3550,pitch-2.0,30,6.8130,False
nuscenes,single,scene-1094_020,pitch_3.0deg,pitch,3.0000,0.2826,0.3155,0.1161,pitch-1.0,51,6.8130,False
nuscenes,single,scene-1094_021,pitch_3.0deg,pitch,3.0000,0.1416,0.2681,0.8937,roll+1.0,67,6.8130,False
nuscenes,single,scene-1094_022,pitch_3.0deg,pitch,3.0000,0.1155,0.1852,0.6034,yaw-3.0,80,6.8130,False
nuscenes,single,scene-1094_023,pitch_3.0deg,pitch,3.0000,0.1055,0.1453,0.3775,roll-3.0,87,6.8130,False
nuscenes,single,scene-1094_024,pitch_3.0deg,pitch,3.0000,0.0930,0.1657,0.7816,roll+3.0,75,6.8130,False
nuscenes,single,scene-1094_025,pitch_3.0deg,pitch,3.0000,0.0828,0.2109,1.5487,roll+1.0,70,6.8130,False
nuscenes,single,scene-1094_026,pitch_3.0deg,pitch,3.0000,0.0508,0.1570,2.0925,roll+3.0,75,6.8130,False
nuscenes,single,scene-1094_027,pitch_3.0deg,pitch,3.0000,0.1237,0.2219,0.7945,roll-3.0,88,6.8130,False
nuscenes,single,scene-1094_028,pitch_3.0deg,pitch,3.0000,0.1620,0.1785,0.1017,pitch+0.5,119,6.8130,False
nuscenes,single,scene-1094_029,pitch_3.0deg,pitch,3.0000,0.1093,0.1962,0.7950,yaw-0.5,74,6.8130,False
nuscenes,single,scene-1094_030,pitch_3.0deg,pitch,3.0000,0.1373,0.1701,0.2390,roll-1.0,91,6.8130,False
nuscenes,single,scene-1094_031,pitch_3.0deg,pitch,3.0000,0.1827,0.2263,0.2387,pitch+0.5,85,6.8130,False
nuscenes,single,scene-1094_032,pitch_3.0deg,pitch,3.0000,0.1406,0.1863,0.3249,roll-0.5,89,6.8130,False
nuscenes,single,scene-1094_033,pitch_3.0deg,pitch,3.0000,0.1501,0.1878,0.2511,yaw+3.0,97,6.8130,False
nuscenes,single,scene-1094_034,pitch_3.0deg,pitch,3.0000,0.0879,0.1413,0.6079,pitch-3.0,77,6.8130,False
nuscenes,single,scene-1094_035,pitch_3.0deg,pitch,3.0000,0.0876,0.1371,0.5654,yaw-1.0,93,6.8130,False
nuscenes,single,scene-1094_036,pitch_3.0deg,pitch,3.0000,0.1210,0.1452,0.2004,roll-3.0,88,6.8130,False
nuscenes,single,scene-1094_037,pitch_3.0deg,pitch,3.0000,0.0977,0.1591,0.6276,yaw-0.5,62,6.8130,False
nuscenes,single,scene-1094_038,pitch_3.0deg,pitch,3.0000,0.1318,0.1561,0.1842,roll-1.0,61,6.8130,False
nuscenes,single,scene-1094_039,pitch_3.0deg,pitch,3.0000,0.0585,0.1599,1.7325,roll+3.0,77,6.8130,False
nuscenes,window5,scene-0103_000..scene-0103_004,pitch_3.0deg,pitch,3.0000,0.1795,0.3208,0.7866,roll+3.0,230,1.7379,False
nuscenes,window5,scene-0103_001..scene-0103_005,pitch_3.0deg,pitch,3.0000,0.1874,0.2932,0.5641,roll+2.0,195,1.7379,False
nuscenes,window5,scene-0103_002..scene-0103_006,pitch_3.0deg,pitch,3.0000,0.1987,0.2942,0.4804,roll+3.0,158,1.7379,False
nuscenes,window5,scene-0103_003..scene-0103_007,pitch_3.0deg,pitch,3.0000,0.1995,0.2982,0.4945,roll+3.0,139,1.7379,False
nuscenes,window5,scene-0103_004..scene-0103_008,pitch_3.0deg,pitch,3.0000,0.2061,0.2759,0.3386,roll+2.0,138,1.7379,False
nuscenes,window5,scene-0103_005..scene-0103_009,pitch_3.0deg,pitch,3.0000,0.1731,0.2558,0.4777,yaw-2.0,144,1.7379,False
nuscenes,window5,scene-0103_006..scene-0103_010,pitch_3.0deg,pitch,3.0000,0.1664,0.2381,0.4313,yaw-2.0,160,1.7379,False
nuscenes,window5,scene-0103_007..scene-0103_011,pitch_3.0deg,pitch,3.0000,0.1881,0.2255,0.1988,yaw-2.0,200,1.7379,False
nuscenes,window5,scene-0103_008..scene-0103_012,pitch_3.0deg,pitch,3.0000,0.1729,0.2094,0.2106,roll-0.5,249,1.7379,False
nuscenes,window5,scene-0103_009..scene-0103_013,pitch_3.0deg,pitch,3.0000,0.1609,0.2192,0.3628,roll-2.0,283,1.7379,False
nuscenes,window5,scene-0103_010..scene-0103_014,pitch_3.0deg,pitch,3.0000,0.1582,0.2263,0.4305,roll-2.0,317,1.7379,False
nuscenes,window5,scene-0103_011..scene-0103_015,pitch_3.0deg,pitch,3.0000,0.1616,0.2333,0.4433,roll-2.0,344,1.7379,False
nuscenes,window5,scene-0103_012..scene-0103_016,pitch_3.0deg,pitch,3.0000,0.1372,0.2241,0.6342,roll-2.0,373,1.7379,False
nuscenes,window5,scene-0103_013..scene-0103_017,pitch_3.0deg,pitch,3.0000,0.1440,0.2031,0.4102,roll-2.0,403,1.7379,False
nuscenes,window5,scene-0103_014..scene-0103_018,pitch_3.0deg,pitch,3.0000,0.1382,0.1942,0.4055,roll-2.0,438,1.7379,False
nuscenes,window5,scene-0103_015..scene-0103_019,pitch_3.0deg,pitch,3.0000,0.1405,0.1896,0.3492,roll-3.0,462,1.7379,False
nuscenes,window5,scene-0103_016..scene-0103_020,pitch_3.0deg,pitch,3.0000,0.1427,0.1912,0.3393,roll-3.0,471,1.7379,False
nuscenes,window5,scene-0103_017..scene-0103_021,pitch_3.0deg,pitch,3.0000,0.1386,0.1885,0.3604,roll-3.0,463,1.7379,False
nuscenes,window5,scene-0103_018..scene-0103_022,pitch_3.0deg,pitch,3.0000,0.1285,0.1867,0.4532,roll-3.0,444,1.7379,False
nuscenes,window5,scene-0103_019..scene-0103_023,pitch_3.0deg,pitch,3.0000,0.1285,0.1791,0.3934,roll-3.0,415,1.7379,False
nuscenes,window5,scene-0103_020..scene-0103_024,pitch_3.0deg,pitch,3.0000,0.1225,0.1542,0.2580,roll-3.0,376,1.7379,False
nuscenes,window5,scene-0103_021..scene-0103_025,pitch_3.0deg,pitch,3.0000,0.1103,0.1348,0.2218,yaw-2.0,363,1.7379,False
nuscenes,window5,scene-0103_022..scene-0103_026,pitch_3.0deg,pitch,3.0000,0.1040,0.1257,0.2090,yaw-3.0,355,1.7379,False
nuscenes,window5,scene-0103_023..scene-0103_027,pitch_3.0deg,pitch,3.0000,0.1009,0.1308,0.2961,yaw-3.0,344,1.7379,False
nuscenes,window5,scene-0103_024..scene-0103_028,pitch_3.0deg,pitch,3.0000,0.0871,0.1141,0.3098,roll+2.0,328,1.7379,False
nuscenes,window5,scene-0103_025..scene-0103_029,pitch_3.0deg,pitch,3.0000,0.0922,0.1212,0.3150,roll+2.0,328,1.7379,False
nuscenes,window5,scene-0103_026..scene-0103_030,pitch_3.0deg,pitch,3.0000,0.1022,0.1293,0.2645,roll+3.0,320,1.7379,False
nuscenes,window5,scene-0103_027..scene-0103_031,pitch_3.0deg,pitch,3.0000,0.1335,0.1575,0.1796,pitch+3.0,298,1.7379,False
nuscenes,window5,scene-0103_028..scene-0103_032,pitch_3.0deg,pitch,3.0000,0.1480,0.1639,0.1076,pitch+3.0,267,1.7379,False
nuscenes,window5,scene-0103_029..scene-0103_033,pitch_3.0deg,pitch,3.0000,0.1708,0.1725,0.0103,pitch+3.0,245,1.7379,False
nuscenes,window5,scene-0103_030..scene-0103_034,pitch_3.0deg,pitch,3.0000,0.1766,0.1766,0.0000,none,211,1.7379,False
nuscenes,window5,scene-0103_031..scene-0103_035,pitch_3.0deg,pitch,3.0000,0.1770,0.1773,0.0020,pitch+3.0,172,1.7379,False
nuscenes,window5,scene-0103_032..scene-0103_036,pitch_3.0deg,pitch,3.0000,0.1674,0.1674,0.0000,none,167,1.7379,False
nuscenes,window5,scene-0103_033..scene-0103_037,pitch_3.0deg,pitch,3.0000,0.1639,0.1840,0.1227,roll+2.0,155,1.7379,False
nuscenes,window5,scene-0103_034..scene-0103_038,pitch_3.0deg,pitch,3.0000,0.1697,0.1991,0.1728,roll+1.0,146,1.7379,False
nuscenes,window5,scene-0103_035..scene-0103_039,pitch_3.0deg,pitch,3.0000,0.1716,0.1878,0.0947,yaw-0.5,147,1.7379,False
nuscenes,window5,scene-1094_000..scene-1094_004,pitch_3.0deg,pitch,3.0000,0.1820,0.2604,0.4311,roll+3.0,423,1.7379,False
nuscenes,window5,scene-1094_001..scene-1094_005,pitch_3.0deg,pitch,3.0000,0.1968,0.2824,0.4351,roll+3.0,433,1.7379,False
nuscenes,window5,scene-1094_002..scene-1094_006,pitch_3.0deg,pitch,3.0000,0.1913,0.2876,0.5033,roll+3.0,422,1.7379,False
nuscenes,window5,scene-1094_003..scene-1094_007,pitch_3.0deg,pitch,3.0000,0.2026,0.3121,0.5400,roll+3.0,412,1.7379,False
nuscenes,window5,scene-1094_004..scene-1094_008,pitch_3.0deg,pitch,3.0000,0.2410,0.3449,0.4311,roll+3.0,356,1.7379,False
nuscenes,window5,scene-1094_005..scene-1094_009,pitch_3.0deg,pitch,3.0000,0.2658,0.3623,0.3631,roll+3.0,322,1.7379,False
nuscenes,window5,scene-1094_006..scene-1094_010,pitch_3.0deg,pitch,3.0000,0.2619,0.3573,0.3641,roll+3.0,301,1.7379,False
nuscenes,window5,scene-1094_007..scene-1094_011,pitch_3.0deg,pitch,3.0000,0.2709,0.3629,0.3399,roll+3.0,280,1.7379,False
nuscenes,window5,scene-1094_008..scene-1094_012,pitch_3.0deg,pitch,3.0000,0.2340,0.3210,0.3720,roll+3.0,237,1.7379,False
nuscenes,window5,scene-1094_009..scene-1094_013,pitch_3.0deg,pitch,3.0000,0.2050,0.3107,0.5154,roll+3.0,209,1.7379,False
nuscenes,window5,scene-1094_010..scene-1094_014,pitch_3.0deg,pitch,3.0000,0.1753,0.2930,0.6717,roll+3.0,167,1.7379,False
nuscenes,window5,scene-1094_011..scene-1094_015,pitch_3.0deg,pitch,3.0000,0.1221,0.2538,1.0785,roll+3.0,152,1.7379,False
nuscenes,window5,scene-1094_012..scene-1094_016,pitch_3.0deg,pitch,3.0000,0.1200,0.2478,1.0657,roll+3.0,148,1.7379,False
nuscenes,window5,scene-1094_013..scene-1094_017,pitch_3.0deg,pitch,3.0000,0.1367,0.2649,0.9386,roll+3.0,140,1.7379,False
nuscenes,window5,scene-1094_014..scene-1094_018,pitch_3.0deg,pitch,3.0000,0.1616,0.2241,0.3869,pitch-3.0,142,1.7379,False
nuscenes,window5,scene-1094_015..scene-1094_019,pitch_3.0deg,pitch,3.0000,0.1703,0.2376,0.3957,pitch-3.0,158,1.7379,False
nuscenes,window5,scene-1094_016..scene-1094_020,pitch_3.0deg,pitch,3.0000,0.2251,0.2666,0.1847,pitch-3.0,174,1.7379,False
nuscenes,window5,scene-1094_017..scene-1094_021,pitch_3.0deg,pitch,3.0000,0.2027,0.2536,0.2512,roll+1.0,208,1.7379,False
nuscenes,window5,scene-1094_018..scene-1094_022,pitch_3.0deg,pitch,3.0000,0.1841,0.2198,0.1938,yaw-1.0,262,1.7379,False
nuscenes,window5,scene-1094_019..scene-1094_023,pitch_3.0deg,pitch,3.0000,0.1584,0.1912,0.2070,roll-3.0,315,1.7379,False
nuscenes,window5,scene-1094_020..scene-1094_024,pitch_3.0deg,pitch,3.0000,0.1369,0.1747,0.2761,roll-3.0,360,1.7379,False
nuscenes,window5,scene-1094_021..scene-1094_025,pitch_3.0deg,pitch,3.0000,0.1073,0.1502,0.3995,roll-3.0,379,1.7379,False
nuscenes,window5,scene-1094_022..scene-1094_026,pitch_3.0deg,pitch,3.0000,0.0904,0.1373,0.5191,yaw-3.0,387,1.7379,False
nuscenes,window5,scene-1094_023..scene-1094_027,pitch_3.0deg,pitch,3.0000,0.0927,0.1469,0.5835,roll-3.0,395,1.7379,False
nuscenes,window5,scene-1094_024..scene-1094_028,pitch_3.0deg,pitch,3.0000,0.1095,0.1408,0.2864,roll-3.0,427,1.7379,False
nuscenes,window5,scene-1094_025..scene-1094_029,pitch_3.0deg,pitch,3.0000,0.1123,0.1525,0.3577,yaw-1.0,426,1.7379,False
nuscenes,window5,scene-1094_026..scene-1094_030,pitch_3.0deg,pitch,3.0000,0.1220,0.1436,0.1766,pitch+1.0,447,1.7379,False
nuscenes,window5,scene-1094_027..scene-1094_031,pitch_3.0deg,pitch,3.0000,0.1450,0.1686,0.1628,pitch+1.0,457,1.7379,False
nuscenes,window5,scene-1094_028..scene-1094_032,pitch_3.0deg,pitch,3.0000,0.1483,0.1725,0.1633,pitch+1.0,458,1.7379,False
nuscenes,window5,scene-1094_029..scene-1094_033,pitch_3.0deg,pitch,3.0000,0.1449,0.1582,0.0915,pitch+1.0,436,1.7379,False
nuscenes,window5,scene-1094_030..scene-1094_034,pitch_3.0deg,pitch,3.0000,0.1409,0.1461,0.0365,pitch+2.0,439,1.7379,False
nuscenes,window5,scene-1094_031..scene-1094_035,pitch_3.0deg,pitch,3.0000,0.1304,0.1495,0.1462,pitch-3.0,441,1.7379,False
nuscenes,window5,scene-1094_032..scene-1094_036,pitch_3.0deg,pitch,3.0000,0.1185,0.1342,0.1319,roll-3.0,444,1.7379,False
nuscenes,window5,scene-1094_033..scene-1094_037,pitch_3.0deg,pitch,3.0000,0.1107,0.1330,0.2009,roll-3.0,417,1.7379,False
nuscenes,window5,scene-1094_034..scene-1094_038,pitch_3.0deg,pitch,3.0000,0.1041,0.1238,0.1894,yaw-0.5,381,1.7379,False
nuscenes,window5,scene-1094_035..scene-1094_039,pitch_3.0deg,pitch,3.0000,0.0982,0.1329,0.3539,roll-3.0,381,1.7379,False
nuscenes,single,scene-0103_000,roll_3.0deg,roll,3.0000,0.2385,0.3779,0.5842,pitch-2.0,63,6.8130,False
nuscenes,single,scene-0103_001,roll_3.0deg,roll,3.0000,0.1905,0.3559,0.8683,pitch-2.0,58,6.8130,False
nuscenes,single,scene-0103_002,roll_3.0deg,roll,3.0000,0.2961,0.3353,0.1323,pitch-3.0,40,6.8130,False
nuscenes,single,scene-0103_003,roll_3.0deg,roll,3.0000,0.1950,0.3043,0.5602,pitch-3.0,33,6.8130,False
nuscenes,single,scene-0103_004,roll_3.0deg,roll,3.0000,0.2331,0.3852,0.6529,pitch+1.0,29,6.8130,False
nuscenes,single,scene-0103_005,roll_3.0deg,roll,3.0000,0.1743,0.3073,0.7632,yaw-0.5,26,6.8130,False
nuscenes,single,scene-0103_006,roll_3.0deg,roll,3.0000,0.3209,0.4121,0.2843,yaw-1.0,15,6.8130,False
nuscenes,single,scene-0103_007,roll_3.0deg,roll,3.0000,0.2237,0.4208,0.8806,pitch-3.0,16,6.8130,False
nuscenes,single,scene-0103_008,roll_3.0deg,roll,3.0000,0.1171,0.2151,0.8363,yaw-0.5,28,6.8130,False
nuscenes,single,scene-0103_009,roll_3.0deg,roll,3.0000,0.1205,0.2642,1.1928,roll-3.0,43,6.8130,False
nuscenes,single,scene-0103_010,roll_3.0deg,roll,3.0000,0.0335,0.1172,2.5024,roll+2.0,48,6.8130,False
nuscenes,single,scene-0103_011,roll_3.0deg,roll,3.0000,0.0388,0.1521,2.9155,roll-3.0,51,6.8130,False
nuscenes,single,scene-0103_012,roll_3.0deg,roll,3.0000,0.0686,0.1178,0.7168,yaw-2.0,56,6.8130,False
nuscenes,single,scene-0103_013,roll_3.0deg,roll,3.0000,0.0404,0.1500,2.7117,roll-3.0,60,6.8130,False
nuscenes,single,scene-0103_014,roll_3.0deg,roll,3.0000,0.0341,0.1390,3.0781,roll+2.0,70,6.8130,False
nuscenes,single,scene-0103_015,roll_3.0deg,roll,3.0000,0.1208,0.1818,0.5052,roll+2.0,63,6.8130,False
nuscenes,single,scene-0103_016,roll_3.0deg,roll,3.0000,0.0920,0.1643,0.7872,roll-3.0,83,6.8130,False
nuscenes,single,scene-0103_017,roll_3.0deg,roll,3.0000,0.1766,0.2252,0.2752,yaw-3.0,111,6.8130,False
nuscenes,single,scene-0103_018,roll_3.0deg,roll,3.0000,0.1284,0.1748,0.3610,roll+1.0,108,6.8130,False
nuscenes,single,scene-0103_019,roll_3.0deg,roll,3.0000,0.1447,0.1587,0.0968,roll-1.0,90,6.8130,False
nuscenes,single,scene-0103_020,roll_3.0deg,roll,3.0000,0.0938,0.1462,0.5584,roll-3.0,65,6.8130,False
nuscenes,single,scene-0103_021,roll_3.0deg,roll,3.0000,0.1249,0.1656,0.3264,pitch-0.5,60,6.8130,False
nuscenes,single,scene-0103_022,roll_3.0deg,roll,3.0000,0.1089,0.1578,0.4495,yaw-2.0,75,6.8130,False
nuscenes,single,scene-0103_023,roll_3.0deg,roll,3.0000,0.1197,0.1675,0.3999,pitch-2.0,71,6.8130,False
nuscenes,single,scene-0103_024,roll_3.0deg,roll,3.0000,0.0712,0.1374,0.9306,roll-1.0,64,6.8130,False
nuscenes,single,scene-0103_025,roll_3.0deg,roll,3.0000,0.0892,0.1392,0.5606,roll-1.0,65,6.8130,False
nuscenes,single,scene-0103_026,roll_3.0deg,roll,3.0000,0.1348,0.1453,0.0778,pitch-3.0,71,6.8130,False
nuscenes,single,scene-0103_027,roll_3.0deg,roll,3.0000,0.1052,0.1774,0.6867,pitch-2.0,63,6.8130,False
nuscenes,single,scene-0103_028,roll_3.0deg,roll,3.0000,0.0709,0.1178,0.6615,roll-2.0,55,6.8130,False
nuscenes,single,scene-0103_029,roll_3.0deg,roll,3.0000,0.1722,0.2500,0.4519,pitch+1.0,61,6.8130,False
nuscenes,single,scene-0103_030,roll_3.0deg,roll,3.0000,0.2241,0.2304,0.0279,yaw+0.5,58,6.8130,False
nuscenes,single,scene-0103_031,roll_3.0deg,roll,3.0000,0.2265,0.2924,0.2912,pitch-1.0,43,6.8130,False
nuscenes,single,scene-0103_032,roll_3.0deg,roll,3.0000,0.1489,0.1981,0.3303,yaw+0.5,34,6.8130,False
nuscenes,single,scene-0103_033,roll_3.0deg,roll,3.0000,0.1684,0.2816,0.6725,roll-0.5,35,6.8130,False
nuscenes,single,scene-0103_034,roll_3.0deg,roll,3.0000,0.0940,0.2506,1.6661,roll+0.5,25,6.8130,False
nuscenes,single,scene-0103_035,roll_3.0deg,roll,3.0000,0.2438,0.3583,0.4693,roll-0.5,17,6.8130,False
nuscenes,single,scene-0103_036,roll_3.0deg,roll,3.0000,0.1911,0.2424,0.2681,roll-1.0,39,6.8130,False
nuscenes,single,scene-0103_037,roll_3.0deg,roll,3.0000,0.2376,0.3505,0.4751,yaw-3.0,24,6.8130,False
nuscenes,single,scene-0103_038,roll_3.0deg,roll,3.0000,0.2655,0.3706,0.3960,pitch+2.0,16,6.8130,False
nuscenes,single,scene-0103_039,roll_3.0deg,roll,3.0000,0.1266,0.2059,0.6268,pitch-2.0,27,6.8130,False
nuscenes,single,scene-1094_000,roll_3.0deg,roll,3.0000,0.2355,0.3123,0.3260,roll+2.0,79,6.8130,False
nuscenes,single,scene-1094_001,roll_3.0deg,roll,3.0000,0.2291,0.3231,0.4103,roll+3.0,71,6.8130,False
nuscenes,single,scene-1094_002,roll_3.0deg,roll,3.0000,0.2321,0.3671,0.5813,yaw+2.0,81,6.8130,False
nuscenes,single,scene-1094_003,roll_3.0deg,roll,3.0000,0.2193,0.4638,1.1149,roll+1.0,85,6.8130,False
nuscenes,single,scene-1094_004,roll_3.0deg,roll,3.0000,0.3062,0.3677,0.2007,roll+1.0,66,6.8130,False
nuscenes,single,scene-1094_005,roll_3.0deg,roll,3.0000,0.3573,0.4760,0.3325,roll+1.0,63,6.8130,False
nuscenes,single,scene-1094_006,roll_3.0deg,roll,3.0000,0.4027,0.4727,0.1737,roll+0.5,49,6.8130,False
nuscenes,single,scene-1094_007,roll_3.0deg,roll,3.0000,0.3507,0.4137,0.1797,yaw+3.0,51,6.8130,False
nuscenes,single,scene-1094_008,roll_3.0deg,roll,3.0000,0.3841,0.4752,0.2372,pitch+2.0,46,6.8130,False
nuscenes,single,scene-1094_009,roll_3.0deg,roll,3.0000,0.4125,0.4713,0.1426,yaw+2.0,45,6.8130,False
nuscenes,single,scene-1094_010,roll_3.0deg,roll,3.0000,0.2611,0.4375,0.6754,pitch-2.0,50,6.8130,False
nuscenes,single,scene-1094_011,roll_3.0deg,roll,3.0000,0.2661,0.3739,0.4049,yaw-2.0,45,6.8130,False
nuscenes,single,scene-1094_012,roll_3.0deg,roll,3.0000,0.3653,0.3789,0.0372,yaw-0.5,37,6.8130,False
nuscenes,single,scene-1094_013,roll_3.0deg,roll,3.0000,0.3065,0.4938,0.6110,roll-0.5,28,6.8130,False
nuscenes,single,scene-1094_014,roll_3.0deg,roll,3.0000,0.3568,0.4428,0.2409,pitch-2.0,19,6.8130,False
nuscenes,single,scene-1094_015,roll_3.0deg,roll,3.0000,0.1646,0.2107,0.2800,roll+2.0,38,6.8130,False
nuscenes,single,scene-1094_016,roll_3.0deg,roll,3.0000,0.2543,0.3005,0.1815,yaw+3.0,31,6.8130,False
nuscenes,single,scene-1094_017,roll_3.0deg,roll,3.0000,0.1467,0.2834,0.9324,yaw+2.0,21,6.8130,False
nuscenes,single,scene-1094_018,roll_3.0deg,roll,3.0000,0.2340,0.2956,0.2635,pitch-0.5,29,6.8130,False
nuscenes,single,scene-1094_019,roll_3.0deg,roll,3.0000,0.2857,0.2857,0.0000,none,30,6.8130,False
nuscenes,single,scene-1094_020,roll_3.0deg,roll,3.0000,0.1949,0.2647,0.3582,pitch+0.5,47,6.8130,False
nuscenes,single,scene-1094_021,roll_3.0deg,roll,3.0000,0.1622,0.2623,0.6176,roll-3.0,65,6.8130,False
nuscenes,single,scene-1094_022,roll_3.0deg,roll,3.0000,0.0938,0.1668,0.7782,yaw+2.0,90,6.8130,False
nuscenes,single,scene-1094_023,roll_3.0deg,roll,3.0000,0.1173,0.1505,0.2827,yaw+0.5,86,6.8130,False
nuscenes,single,scene-1094_024,roll_3.0deg,roll,3.0000,0.2565,0.2565,0.0000,none,73,6.8130,False
nuscenes,single,scene-1094_025,roll_3.0deg,roll,3.0000,0.1461,0.2367,0.6202,roll-0.5,68,6.8130,False
nuscenes,single,scene-1094_026,roll_3.0deg,roll,3.0000,0.1133,0.1688,0.4900,roll-0.5,72,6.8130,False
nuscenes,single,scene-1094_027,roll_3.0deg,roll,3.0000,0.0813,0.1806,1.2205,roll-2.0,83,6.8130,False
nuscenes,single,scene-1094_028,roll_3.0deg,roll,3.0000,0.1570,0.1778,0.1320,yaw+3.0,119,6.8130,False
nuscenes,single,scene-1094_029,roll_3.0deg,roll,3.0000,0.0721,0.1348,0.8694,roll-2.0,71,6.8130,False
nuscenes,single,scene-1094_030,roll_3.0deg,roll,3.0000,0.1168,0.1438,0.2304,roll-3.0,82,6.8130,False
nuscenes,single,scene-1094_031,roll_3.0deg,roll,3.0000,0.1473,0.1713,0.1635,roll-3.0,83,6.8130,False
nuscenes,single,scene-1094_032,roll_3.0deg,roll,3.0000,0.0922,0.1958,1.1246,roll-3.0,79,6.8130,False
nuscenes,single,scene-1094_033,roll_3.0deg,roll,3.0000,0.1677,0.1797,0.0712,yaw+2.0,86,6.8130,False
nuscenes,single,scene-1094_034,roll_3.0deg,roll,3.0000,0.1785,0.1796,0.0065,pitch-0.5,88,6.8130,False
nuscenes,single,scene-1094_035,roll_3.0deg,roll,3.0000,0.1548,0.1952,0.2611,yaw-3.0,91,6.8130,False
nuscenes,single,scene-1094_036,roll_3.0deg,roll,3.0000,0.1256,0.1661,0.3222,yaw-2.0,76,6.8130,False
nuscenes,single,scene-1094_037,roll_3.0deg,roll,3.0000,0.1436,0.1793,0.2487,roll+1.0,63,6.8130,False
nuscenes,single,scene-1094_038,roll_3.0deg,roll,3.0000,0.1314,0.1518,0.1555,roll-0.5,62,6.8130,False
nuscenes,single,scene-1094_039,roll_3.0deg,roll,3.0000,0.1015,0.1599,0.5754,pitch-3.0,74,6.8130,False
nuscenes,window5,scene-0103_000..scene-0103_004,roll_3.0deg,roll,3.0000,0.2292,0.3288,0.4342,pitch-2.0,223,1.7379,False
nuscenes,window5,scene-0103_001..scene-0103_005,roll_3.0deg,roll,3.0000,0.2184,0.2971,0.3606,pitch-2.0,186,1.7379,False
nuscenes,window5,scene-0103_002..scene-0103_006,roll_3.0deg,roll,3.0000,0.2405,0.2942,0.2236,pitch-3.0,143,1.7379,False
nuscenes,window5,scene-0103_003..scene-0103_007,roll_3.0deg,roll,3.0000,0.2195,0.2982,0.3585,pitch-3.0,119,1.7379,False
nuscenes,window5,scene-0103_004..scene-0103_008,roll_3.0deg,roll,3.0000,0.2014,0.2491,0.2363,pitch+1.0,114,1.7379,False
nuscenes,window5,scene-0103_005..scene-0103_009,roll_3.0deg,roll,3.0000,0.1671,0.2060,0.2329,yaw-1.0,128,1.7379,False
nuscenes,window5,scene-0103_006..scene-0103_010,roll_3.0deg,roll,3.0000,0.1231,0.1943,0.5787,roll-3.0,150,1.7379,False
nuscenes,window5,scene-0103_007..scene-0103_011,roll_3.0deg,roll,3.0000,0.0840,0.1766,1.1023,roll-3.0,186,1.7379,False
nuscenes,window5,scene-0103_008..scene-0103_012,roll_3.0deg,roll,3.0000,0.0703,0.1465,1.0836,roll-3.0,226,1.7379,False
nuscenes,window5,scene-0103_009..scene-0103_013,roll_3.0deg,roll,3.0000,0.0583,0.1481,1.5416,roll-3.0,258,1.7379,False
nuscenes,window5,scene-0103_010..scene-0103_014,roll_3.0deg,roll,3.0000,0.0429,0.1219,1.8384,roll-3.0,285,1.7379,True
nuscenes,window5,scene-0103_011..scene-0103_015,roll_3.0deg,roll,3.0000,0.0608,0.1300,1.1387,roll-3.0,300,1.7379,False
nuscenes,window5,scene-0103_012..scene-0103_016,roll_3.0deg,roll,3.0000,0.0720,0.1345,0.8687,roll-3.0,332,1.7379,False
nuscenes,window5,scene-0103_013..scene-0103_017,roll_3.0deg,roll,3.0000,0.1025,0.1401,0.3674,yaw-3.0,387,1.7379,False
nuscenes,window5,scene-0103_014..scene-0103_018,roll_3.0deg,roll,3.0000,0.1175,0.1410,0.2006,yaw-3.0,435,1.7379,False
nuscenes,window5,scene-0103_015..scene-0103_019,roll_3.0deg,roll,3.0000,0.1357,0.1438,0.0597,yaw-3.0,455,1.7379,False
nuscenes,window5,scene-0103_016..scene-0103_020,roll_3.0deg,roll,3.0000,0.1318,0.1391,0.0558,yaw-3.0,457,1.7379,False
nuscenes,window5,scene-0103_017..scene-0103_021,roll_3.0deg,roll,3.0000,0.1384,0.1472,0.0636,pitch-2.0,434,1.7379,False
nuscenes,window5,scene-0103_018..scene-0103_022,roll_3.0deg,roll,3.0000,0.1222,0.1298,0.0621,pitch-2.0,398,1.7379,False
nuscenes,window5,scene-0103_019..scene-0103_023,roll_3.0deg,roll,3.0000,0.1199,0.1342,0.1193,pitch-2.0,361,1.7379,False
nuscenes,window5,scene-0103_020..scene-0103_024,roll_3.0deg,roll,3.0000,0.1039,0.1221,0.1756,pitch-2.0,335,1.7379,False
nuscenes,window5,scene-0103_021..scene-0103_025,roll_3.0deg,roll,3.0000,0.1030,0.1317,0.2783,pitch-2.0,335,1.7379,False
nuscenes,window5,scene-0103_022..scene-0103_026,roll_3.0deg,roll,3.0000,0.1057,0.1233,0.1662,pitch-2.0,346,1.7379,False
nuscenes,window5,scene-0103_023..scene-0103_027,roll_3.0deg,roll,3.0000,0.1049,0.1330,0.2672,pitch-2.0,334,1.7379,False
nuscenes,window5,scene-0103_024..scene-0103_028,roll_3.0deg,roll,3.0000,0.0958,0.1150,0.2013,roll-1.0,318,1.7379,False
nuscenes,window5,scene-0103_025..scene-0103_029,roll_3.0deg,roll,3.0000,0.1156,0.1300,0.1248,roll-2.0,315,1.7379,False
nuscenes,window5,scene-0103_026..scene-0103_030,roll_3.0deg,roll,3.0000,0.1416,0.1450,0.0242,roll-2.0,308,1.7379,False
nuscenes,window5,scene-0103_027..scene-0103_031,roll_3.0deg,roll,3.0000,0.1563,0.1778,0.1372,pitch-1.0,280,1.7379,False
nuscenes,window5,scene-0103_028..scene-0103_032,roll_3.0deg,roll,3.0000,0.1681,0.1883,0.1200,pitch-1.0,251,1.7379,False
nuscenes,window5,scene-0103_029..scene-0103_033,roll_3.0deg,roll,3.0000,0.1913,0.2121,0.1086,roll-0.5,231,1.7379,False
nuscenes,window5,scene-0103_030..scene-0103_034,roll_3.0deg,roll,3.0000,0.1848,0.2032,0.0992,pitch-1.0,195,1.7379,False
nuscenes,window5,scene-0103_031..scene-0103_035,roll_3.0deg,roll,3.0000,0.1766,0.2277,0.2896,roll-0.5,154,1.7379,False
nuscenes,window5,scene-0103_032..scene-0103_036,roll_3.0deg,roll,3.0000,0.1660,0.2094,0.2614,roll-0.5,150,1.7379,False
nuscenes,window5,scene-0103_033..scene-0103_037,roll_3.0deg,roll,3.0000,0.1824,0.2163,0.1854,roll-0.5,140,1.7379,False
nuscenes,window5,scene-0103_034..scene-0103_038,roll_3.0deg,roll,3.0000,0.1975,0.2231,0.1296,pitch-1.0,121,1.7379,False
nuscenes,window5,scene-0103_035..scene-0103_039,roll_3.0deg,roll,3.0000,0.2030,0.2386,0.1754,yaw+1.0,123,1.7379,False
nuscenes,window5,scene-1094_000..scene-1094_004,roll_3.0deg,roll,3.0000,0.2422,0.3228,0.3325,roll+1.0,382,1.7379,False
nuscenes,window5,scene-1094_001..scene-1094_005,roll_3.0deg,roll,3.0000,0.2635,0.3788,0.4377,roll+1.0,366,1.7379,False
nuscenes,window5,scene-1094_002..scene-1094_006,roll_3.0deg,roll,3.0000,0.2904,0.4080,0.4050,roll+1.0,344,1.7379,False
nuscenes,window5,scene-1094_003..scene-1094_007,roll_3.0deg,roll,3.0000,0.3152,0.4144,0.3148,roll+1.0,314,1.7379,False
nuscenes,window5,scene-1094_004..scene-1094_008,roll_3.0deg,roll,3.0000,0.3564,0.4003,0.1233,roll+1.0,275,1.7379,False
nuscenes,window5,scene-1094_005..scene-1094_009,roll_3.0deg,roll,3.0000,0.3793,0.4058,0.0698,roll+1.0,254,1.7379,False
nuscenes,window5,scene-1094_006..scene-1094_010,roll_3.0deg,roll,3.0000,0.3606,0.3998,0.1088,pitch-2.0,241,1.7379,False
nuscenes,window5,scene-1094_007..scene-1094_011,roll_3.0deg,roll,3.0000,0.3339,0.3990,0.1949,pitch-2.0,237,1.7379,False
nuscenes,window5,scene-1094_008..scene-1094_012,roll_3.0deg,roll,3.0000,0.3353,0.3704,0.1047,pitch-2.0,223,1.7379,False
nuscenes,window5,scene-1094_009..scene-1094_013,roll_3.0deg,roll,3.0000,0.3204,0.3425,0.0688,pitch-2.0,205,1.7379,False
nuscenes,window5,scene-1094_010..scene-1094_014,roll_3.0deg,roll,3.0000,0.3012,0.3285,0.0908,pitch-2.0,179,1.7379,False
nuscenes,window5,scene-1094_011..scene-1094_015,roll_3.0deg,roll,3.0000,0.2821,0.2821,0.0000,none,167,1.7379,False
nuscenes,window5,scene-1094_012..scene-1094_016,roll_3.0deg,roll,3.0000,0.2812,0.2812,0.0000,none,153,1.7379,False
nuscenes,window5,scene-1094_013..scene-1094_017,roll_3.0deg,roll,3.0000,0.2378,0.2649,0.1140,pitch-3.0,137,1.7379,False
nuscenes,window5,scene-1094_014..scene-1094_018,roll_3.0deg,roll,3.0000,0.2231,0.2318,0.0391,pitch-1.0,138,1.7379,False
nuscenes,window5,scene-1094_015..scene-1094_019,roll_3.0deg,roll,3.0000,0.2186,0.2186,0.0000,none,149,1.7379,False
nuscenes,window5,scene-1094_016..scene-1094_020,roll_3.0deg,roll,3.0000,0.2246,0.2333,0.0389,pitch-1.0,158,1.7379,False
nuscenes,window5,scene-1094_017..scene-1094_021,roll_3.0deg,roll,3.0000,0.1986,0.2281,0.1485,roll-3.0,192,1.7379,False
nuscenes,window5,scene-1094_018..scene-1094_022,roll_3.0deg,roll,3.0000,0.1667,0.1982,0.1894,roll-0.5,261,1.7379,False
nuscenes,window5,scene-1094_019..scene-1094_023,roll_3.0deg,roll,3.0000,0.1472,0.1754,0.1915,yaw+2.0,318,1.7379,False
nuscenes,window5,scene-1094_020..scene-1094_024,roll_3.0deg,roll,3.0000,0.1578,0.1754,0.1115,roll-0.5,361,1.7379,False
nuscenes,window5,scene-1094_021..scene-1094_025,roll_3.0deg,roll,3.0000,0.1511,0.1775,0.1744,roll-0.5,382,1.7379,False
nuscenes,window5,scene-1094_022..scene-1094_026,roll_3.0deg,roll,3.0000,0.1423,0.1662,0.1683,roll-0.5,389,1.7379,False
nuscenes,window5,scene-1094_023..scene-1094_027,roll_3.0deg,roll,3.0000,0.1405,0.1550,0.1034,roll-0.5,382,1.7379,False
nuscenes,window5,scene-1094_024..scene-1094_028,roll_3.0deg,roll,3.0000,0.1500,0.1517,0.0114,roll-0.5,415,1.7379,False
nuscenes,window5,scene-1094_025..scene-1094_029,roll_3.0deg,roll,3.0000,0.1178,0.1446,0.2273,roll-2.0,413,1.7379,False
nuscenes,window5,scene-1094_026..scene-1094_030,roll_3.0deg,roll,3.0000,0.1131,0.1306,0.1549,roll-2.0,427,1.7379,False
nuscenes,window5,scene-1094_027..scene-1094_031,roll_3.0deg,roll,3.0000,0.1195,0.1410,0.1797,roll-2.0,438,1.7379,False
nuscenes,window5,scene-1094_028..scene-1094_032,roll_3.0deg,roll,3.0000,0.1219,0.1514,0.2421,roll-3.0,434,1.7379,False
nuscenes,window5,scene-1094_029..scene-1094_033,roll_3.0deg,roll,3.0000,0.1213,0.1542,0.2713,roll-3.0,401,1.7379,False
nuscenes,window5,scene-1094_030..scene-1094_034,roll_3.0deg,roll,3.0000,0.1417,0.1521,0.0733,roll-3.0,418,1.7379,False
nuscenes,window5,scene-1094_031..scene-1094_035,roll_3.0deg,roll,3.0000,0.1492,0.1572,0.0532,yaw-3.0,427,1.7379,False
nuscenes,window5,scene-1094_032..scene-1094_036,roll_3.0deg,roll,3.0000,0.1454,0.1650,0.1352,yaw-3.0,420,1.7379,False
nuscenes,window5,scene-1094_033..scene-1094_037,roll_3.0deg,roll,3.0000,0.1555,0.1555,0.0000,none,404,1.7379,False
nuscenes,window5,scene-1094_034..scene-1094_038,roll_3.0deg,roll,3.0000,0.1488,0.1488,0.0000,none,380,1.7379,False
nuscenes,window5,scene-1094_035..scene-1094_039,roll_3.0deg,roll,3.0000,0.1321,0.1404,0.0631,yaw-1.0,366,1.7379,False
nuscenes,single,scene-0103_000,tleft_10cm,tleft,10.0000,0.3855,0.3855,0.0000,none,65,6.8130,False
nuscenes,single,scene-0103_001,tleft_10cm,tleft,10.0000,0.2373,0.3545,0.4942,pitch-1.0,45,6.8130,False
nuscenes,single,scene-0103_002,tleft_10cm,tleft,10.0000,0.3191,0.3718,0.1654,pitch-1.0,34,6.8130,False
nuscenes,single,scene-0103_003,tleft_10cm,tleft,10.0000,0.2442,0.2954,0.2099,pitch+0.5,31,6.8130,False
nuscenes,single,scene-0103_004,tleft_10cm,tleft,10.0000,0.1970,0.3600,0.8271,yaw-1.0,27,6.8130,False
nuscenes,single,scene-0103_005,tleft_10cm,tleft,10.0000,0.1447,0.3505,1.4217,yaw-1.0,20,6.8130,False
nuscenes,single,scene-0103_006,tleft_10cm,tleft,10.0000,0.4325,0.5246,0.2128,roll+2.0,12,6.8130,False
nuscenes,single,scene-0103_007,tleft_10cm,tleft,10.0000,0.3426,0.3695,0.0784,yaw+0.5,17,6.8130,False
nuscenes,single,scene-0103_008,tleft_10cm,tleft,10.0000,0.1157,0.3081,1.6620,roll-3.0,29,6.8130,False
nuscenes,single,scene-0103_009,tleft_10cm,tleft,10.0000,0.1390,0.1874,0.3482,yaw-3.0,43,6.8130,False
nuscenes,single,scene-0103_010,tleft_10cm,tleft,10.0000,0.0648,0.2189,2.3801,roll-2.0,49,6.8130,False
nuscenes,single,scene-0103_011,tleft_10cm,tleft,10.0000,0.0559,0.2634,3.7152,roll-3.0,57,6.8130,False
nuscenes,single,scene-0103_012,tleft_10cm,tleft,10.0000,0.0370,0.1321,2.5734,roll-3.0,62,6.8130,False
nuscenes,single,scene-0103_013,tleft_10cm,tleft,10.0000,0.0191,0.1740,8.0975,roll-3.0,63,6.8130,True
nuscenes,single,scene-0103_014,tleft_10cm,tleft,10.0000,0.0615,0.1556,1.5288,roll-2.0,69,6.8130,False
nuscenes,single,scene-0103_015,tleft_10cm,tleft,10.0000,0.1089,0.1699,0.5591,roll-1.0,66,6.8130,False
nuscenes,single,scene-0103_016,tleft_10cm,tleft,10.0000,0.0840,0.1630,0.9399,roll-2.0,86,6.8130,False
nuscenes,single,scene-0103_017,tleft_10cm,tleft,10.0000,0.1826,0.1920,0.0516,yaw+3.0,109,6.8130,False
nuscenes,single,scene-0103_018,tleft_10cm,tleft,10.0000,0.1270,0.2194,0.7274,roll+0.5,108,6.8130,False
nuscenes,single,scene-0103_019,tleft_10cm,tleft,10.0000,0.1139,0.1589,0.3954,roll-1.0,91,6.8130,False
nuscenes,single,scene-0103_020,tleft_10cm,tleft,10.0000,0.0768,0.1457,0.8968,roll-3.0,67,6.8130,False
nuscenes,single,scene-0103_021,tleft_10cm,tleft,10.0000,0.1258,0.1711,0.3599,roll+0.5,63,6.8130,False
nuscenes,single,scene-0103_022,tleft_10cm,tleft,10.0000,0.1166,0.1437,0.2316,yaw-0.5,69,6.8130,False
nuscenes,single,scene-0103_023,tleft_10cm,tleft,10.0000,0.1426,0.1543,0.0819,pitch+0.5,63,6.8130,False
nuscenes,single,scene-0103_024,tleft_10cm,tleft,10.0000,0.1077,0.1247,0.1575,yaw+3.0,59,6.8130,False
nuscenes,single,scene-0103_025,tleft_10cm,tleft,10.0000,0.1005,0.1446,0.4384,pitch+1.0,65,6.8130,False
nuscenes,single,scene-0103_026,tleft_10cm,tleft,10.0000,0.1237,0.1482,0.1985,yaw-0.5,63,6.8130,False
nuscenes,single,scene-0103_027,tleft_10cm,tleft,10.0000,0.1332,0.2047,0.5370,roll-0.5,60,6.8130,False
nuscenes,single,scene-0103_028,tleft_10cm,tleft,10.0000,0.0643,0.1254,0.9509,roll-1.0,50,6.8130,False
nuscenes,single,scene-0103_029,tleft_10cm,tleft,10.0000,0.1562,0.2097,0.3427,pitch+3.0,52,6.8130,False
nuscenes,single,scene-0103_030,tleft_10cm,tleft,10.0000,0.1692,0.2277,0.3459,pitch+3.0,53,6.8130,False
nuscenes,single,scene-0103_031,tleft_10cm,tleft,10.0000,0.1707,0.2393,0.4014,roll-2.0,44,6.8130,False
nuscenes,single,scene-0103_032,tleft_10cm,tleft,10.0000,0.1089,0.1703,0.5634,pitch+1.0,35,6.8130,False
nuscenes,single,scene-0103_033,tleft_10cm,tleft,10.0000,0.1493,0.3055,1.0467,roll-1.0,32,6.8130,False
nuscenes,single,scene-0103_034,tleft_10cm,tleft,10.0000,0.1509,0.1942,0.2875,roll-2.0,24,6.8130,False
nuscenes,single,scene-0103_035,tleft_10cm,tleft,10.0000,0.1304,0.2503,0.9198,pitch+2.0,22,6.8130,False
nuscenes,single,scene-0103_036,tleft_10cm,tleft,10.0000,0.1241,0.2395,0.9303,yaw+2.0,39,6.8130,False
nuscenes,single,scene-0103_037,tleft_10cm,tleft,10.0000,0.2577,0.3032,0.1766,pitch-1.0,24,6.8130,False
nuscenes,single,scene-0103_038,tleft_10cm,tleft,10.0000,0.3174,0.3969,0.2505,roll-2.0,17,6.8130,False
nuscenes,single,scene-0103_039,tleft_10cm,tleft,10.0000,0.0961,0.2338,1.4336,roll-0.5,26,6.8130,False
nuscenes,single,scene-1094_000,tleft_10cm,tleft,10.0000,0.2032,0.3514,0.7293,roll+2.0,75,6.8130,False
nuscenes,single,scene-1094_001,tleft_10cm,tleft,10.0000,0.2006,0.2811,0.4012,roll+3.0,73,6.8130,False
nuscenes,single,scene-1094_002,tleft_10cm,tleft,10.0000,0.2889,0.3402,0.1778,roll+3.0,78,6.8130,False
nuscenes,single,scene-1094_003,tleft_10cm,tleft,10.0000,0.2519,0.3346,0.3283,roll+1.0,82,6.8130,False
nuscenes,single,scene-1094_004,tleft_10cm,tleft,10.0000,0.2781,0.3672,0.3206,roll+0.5,70,6.8130,False
nuscenes,single,scene-1094_005,tleft_10cm,tleft,10.0000,0.3317,0.4815,0.4516,roll+0.5,60,6.8130,False
nuscenes,single,scene-1094_006,tleft_10cm,tleft,10.0000,0.3206,0.4292,0.3388,roll+1.0,57,6.8130,False
nuscenes,single,scene-1094_007,tleft_10cm,tleft,10.0000,0.4273,0.4304,0.0073,yaw-0.5,48,6.8130,False
nuscenes,single,scene-1094_008,tleft_10cm,tleft,10.0000,0.3917,0.5025,0.2831,pitch+0.5,43,6.8130,False
nuscenes,single,scene-1094_009,tleft_10cm,tleft,10.0000,0.4940,0.5317,0.0762,pitch-2.0,42,6.8130,False
nuscenes,single,scene-1094_010,tleft_10cm,tleft,10.0000,0.3369,0.4252,0.2621,yaw+2.0,46,6.8130,False
nuscenes,single,scene-1094_011,tleft_10cm,tleft,10.0000,0.2733,0.3817,0.3966,yaw+3.0,41,6.8130,False
nuscenes,single,scene-1094_012,tleft_10cm,tleft,10.0000,0.1799,0.3944,1.1926,pitch+3.0,38,6.8130,False
nuscenes,single,scene-1094_013,tleft_10cm,tleft,10.0000,0.3391,0.4108,0.2116,pitch+2.0,25,6.8130,False
nuscenes,single,scene-1094_014,tleft_10cm,tleft,10.0000,0.3650,0.4288,0.1749,yaw-1.0,15,6.8130,False
nuscenes,single,scene-1094_015,tleft_10cm,tleft,10.0000,0.1715,0.2322,0.3542,pitch-0.5,35,6.8130,False
nuscenes,single,scene-1094_016,tleft_10cm,tleft,10.0000,0.2427,0.3150,0.2981,roll+0.5,30,6.8130,False
nuscenes,single,scene-1094_017,tleft_10cm,tleft,10.0000,0.2303,0.2813,0.2218,pitch-3.0,19,6.8130,False
nuscenes,single,scene-1094_018,tleft_10cm,tleft,10.0000,0.0853,0.2690,2.1539,yaw-0.5,25,6.8130,False
nuscenes,single,scene-1094_019,tleft_10cm,tleft,10.0000,0.1812,0.2946,0.6259,yaw-2.0,28,6.8130,False
nuscenes,single,scene-1094_020,tleft_10cm,tleft,10.0000,0.1886,0.2448,0.2977,roll-2.0,51,6.8130,False
nuscenes,single,scene-1094_021,tleft_10cm,tleft,10.0000,0.2404,0.2503,0.0414,roll-0.5,66,6.8130,False
nuscenes,single,scene-1094_022,tleft_10cm,tleft,10.0000,0.0979,0.1702,0.7391,yaw+1.0,86,6.8130,False
nuscenes,single,scene-1094_023,tleft_10cm,tleft,10.0000,0.1292,0.1615,0.2497,yaw+0.5,83,6.8130,False
nuscenes,single,scene-1094_024,tleft_10cm,tleft,10.0000,0.1723,0.2092,0.2138,pitch+3.0,71,6.8130,False
nuscenes,single,scene-1094_025,tleft_10cm,tleft,10.0000,0.1149,0.2394,1.0830,roll+1.0,66,6.8130,False
nuscenes,single,scene-1094_026,tleft_10cm,tleft,10.0000,0.1480,0.1682,0.1365,yaw-1.0,71,6.8130,False
nuscenes,single,scene-1094_027,tleft_10cm,tleft,10.0000,0.0679,0.1970,1.9012,pitch-3.0,81,6.8130,False
nuscenes,single,scene-1094_028,tleft_10cm,tleft,10.0000,0.1466,0.1832,0.2503,yaw+3.0,114,6.8130,False
nuscenes,single,scene-1094_029,tleft_10cm,tleft,10.0000,0.0735,0.1295,0.7627,pitch-3.0,68,6.8130,False
nuscenes,single,scene-1094_030,tleft_10cm,tleft,10.0000,0.0967,0.1370,0.4164,roll-3.0,83,6.8130,False
nuscenes,single,scene-1094_031,tleft_10cm,tleft,10.0000,0.1242,0.1890,0.5223,roll+0.5,81,6.8130,False
nuscenes,single,scene-1094_032,tleft_10cm,tleft,10.0000,0.1164,0.1738,0.4925,roll-0.5,74,6.8130,False
nuscenes,single,scene-1094_033,tleft_10cm,tleft,10.0000,0.1020,0.1714,0.6805,pitch+3.0,81,6.8130,False
nuscenes,single,scene-1094_034,tleft_10cm,tleft,10.0000,0.1001,0.1766,0.7636,roll+2.0,86,6.8130,False
nuscenes,single,scene-1094_035,tleft_10cm,tleft,10.0000,0.0904,0.1913,1.1158,roll+2.0,88,6.8130,False
nuscenes,single,scene-1094_036,tleft_10cm,tleft,10.0000,0.0842,0.1595,0.8952,pitch+2.0,79,6.8130,False
nuscenes,single,scene-1094_037,tleft_10cm,tleft,10.0000,0.1037,0.1460,0.4088,roll-0.5,55,6.8130,False
nuscenes,single,scene-1094_038,tleft_10cm,tleft,10.0000,0.0775,0.1489,0.9205,pitch+3.0,55,6.8130,False
nuscenes,single,scene-1094_039,tleft_10cm,tleft,10.0000,0.1539,0.1650,0.0723,yaw+3.0,74,6.8130,False
nuscenes,window5,scene-0103_000..scene-0103_004,tleft_10cm,tleft,10.0000,0.2944,0.3153,0.0708,pitch+1.0,202,1.7379,False
nuscenes,window5,scene-0103_001..scene-0103_005,tleft_10cm,tleft,10.0000,0.2376,0.2923,0.2299,pitch+1.0,157,1.7379,False
nuscenes,window5,scene-0103_002..scene-0103_006,tleft_10cm,tleft,10.0000,0.2566,0.3038,0.1839,pitch+1.0,124,1.7379,False
nuscenes,window5,scene-0103_003..scene-0103_007,tleft_10cm,tleft,10.0000,0.2504,0.2899,0.1576,yaw-1.0,107,1.7379,False
nuscenes,window5,scene-0103_004..scene-0103_008,tleft_10cm,tleft,10.0000,0.2151,0.2704,0.2572,yaw-1.0,105,1.7379,False
nuscenes,window5,scene-0103_005..scene-0103_009,tleft_10cm,tleft,10.0000,0.1921,0.2187,0.1387,roll-1.0,121,1.7379,False
nuscenes,window5,scene-0103_006..scene-0103_010,tleft_10cm,tleft,10.0000,0.1568,0.2145,0.3678,roll-2.0,150,1.7379,False
nuscenes,window5,scene-0103_007..scene-0103_011,tleft_10cm,tleft,10.0000,0.1103,0.1967,0.7827,roll-2.0,195,1.7379,False
nuscenes,window5,scene-0103_008..scene-0103_012,tleft_10cm,tleft,10.0000,0.0749,0.1677,1.2374,roll-3.0,240,1.7379,False
nuscenes,window5,scene-0103_009..scene-0103_013,tleft_10cm,tleft,10.0000,0.0578,0.1542,1.6682,roll-3.0,274,1.7379,False
nuscenes,window5,scene-0103_010..scene-0103_014,tleft_10cm,tleft,10.0000,0.0470,0.1550,2.2986,roll-3.0,300,1.7379,True
nuscenes,window5,scene-0103_011..scene-0103_015,tleft_10cm,tleft,10.0000,0.0572,0.1585,1.7736,roll-3.0,317,1.7379,True
nuscenes,window5,scene-0103_012..scene-0103_016,tleft_10cm,tleft,10.0000,0.0641,0.1429,1.2315,roll-3.0,346,1.7379,False
nuscenes,window5,scene-0103_013..scene-0103_017,tleft_10cm,tleft,10.0000,0.1012,0.1501,0.4836,roll-3.0,393,1.7379,False
nuscenes,window5,scene-0103_014..scene-0103_018,tleft_10cm,tleft,10.0000,0.1194,0.1418,0.1879,roll-3.0,438,1.7379,False
nuscenes,window5,scene-0103_015..scene-0103_019,tleft_10cm,tleft,10.0000,0.1270,0.1434,0.1294,roll-3.0,460,1.7379,False
nuscenes,window5,scene-0103_016..scene-0103_020,tleft_10cm,tleft,10.0000,0.1222,0.1457,0.1921,roll-3.0,461,1.7379,False
nuscenes,window5,scene-0103_017..scene-0103_021,tleft_10cm,tleft,10.0000,0.1303,0.1552,0.1915,roll+0.5,438,1.7379,False
nuscenes,window5,scene-0103_018..scene-0103_022,tleft_10cm,tleft,10.0000,0.1136,0.1482,0.3047,roll+0.5,398,1.7379,False
nuscenes,window5,scene-0103_019..scene-0103_023,tleft_10cm,tleft,10.0000,0.1147,0.1316,0.1479,pitch-1.0,353,1.7379,False
nuscenes,window5,scene-0103_020..scene-0103_024,tleft_10cm,tleft,10.0000,0.1136,0.1267,0.1157,pitch-1.0,321,1.7379,False
nuscenes,window5,scene-0103_021..scene-0103_025,tleft_10cm,tleft,10.0000,0.1187,0.1238,0.0432,yaw-0.5,319,1.7379,False
nuscenes,window5,scene-0103_022..scene-0103_026,tleft_10cm,tleft,10.0000,0.1182,0.1276,0.0789,yaw-0.5,319,1.7379,False
nuscenes,window5,scene-0103_023..scene-0103_027,tleft_10cm,tleft,10.0000,0.1215,0.1289,0.0608,roll-0.5,310,1.7379,False
nuscenes,window5,scene-0103_024..scene-0103_028,tleft_10cm,tleft,10.0000,0.1074,0.1213,0.1297,roll-1.0,297,1.7379,False
nuscenes,window5,scene-0103_025..scene-0103_029,tleft_10cm,tleft,10.0000,0.1160,0.1392,0.1992,roll-1.0,290,1.7379,False
nuscenes,window5,scene-0103_026..scene-0103_030,tleft_10cm,tleft,10.0000,0.1298,0.1521,0.1714,roll-0.5,278,1.7379,False
nuscenes,window5,scene-0103_027..scene-0103_031,tleft_10cm,tleft,10.0000,0.1382,0.1715,0.2402,pitch+1.0,259,1.7379,False
nuscenes,window5,scene-0103_028..scene-0103_032,tleft_10cm,tleft,10.0000,0.1352,0.1768,0.3078,pitch+3.0,234,1.7379,False
nuscenes,window5,scene-0103_029..scene-0103_033,tleft_10cm,tleft,10.0000,0.1537,0.1967,0.2802,pitch+3.0,216,1.7379,False
nuscenes,window5,scene-0103_030..scene-0103_034,tleft_10cm,tleft,10.0000,0.1526,0.1937,0.2690,pitch+1.0,188,1.7379,False
nuscenes,window5,scene-0103_031..scene-0103_035,tleft_10cm,tleft,10.0000,0.1439,0.1984,0.3791,roll-1.0,157,1.7379,False
nuscenes,window5,scene-0103_032..scene-0103_036,tleft_10cm,tleft,10.0000,0.1310,0.1831,0.3971,roll-1.0,152,1.7379,False
nuscenes,window5,scene-0103_033..scene-0103_037,tleft_10cm,tleft,10.0000,0.1581,0.2074,0.3121,roll-1.0,141,1.7379,False
nuscenes,window5,scene-0103_034..scene-0103_038,tleft_10cm,tleft,10.0000,0.1818,0.2128,0.1703,pitch-0.5,126,1.7379,False
nuscenes,window5,scene-0103_035..scene-0103_039,tleft_10cm,tleft,10.0000,0.1702,0.2224,0.3067,pitch+2.0,128,1.7379,False
nuscenes,window5,scene-1094_000..scene-1094_004,tleft_10cm,tleft,10.0000,0.2448,0.2968,0.2125,roll+0.5,378,1.7379,False
nuscenes,window5,scene-1094_001..scene-1094_005,tleft_10cm,tleft,10.0000,0.2678,0.3255,0.2157,roll+0.5,363,1.7379,False
nuscenes,window5,scene-1094_002..scene-1094_006,tleft_10cm,tleft,10.0000,0.2906,0.3525,0.2130,roll+1.0,347,1.7379,False
nuscenes,window5,scene-1094_003..scene-1094_007,tleft_10cm,tleft,10.0000,0.3117,0.3743,0.2009,roll+0.5,317,1.7379,False
nuscenes,window5,scene-1094_004..scene-1094_008,tleft_10cm,tleft,10.0000,0.3417,0.4022,0.1771,roll+0.5,278,1.7379,False
nuscenes,window5,scene-1094_005..scene-1094_009,tleft_10cm,tleft,10.0000,0.3851,0.4263,0.1070,roll+0.5,250,1.7379,False
nuscenes,window5,scene-1094_006..scene-1094_010,tleft_10cm,tleft,10.0000,0.3893,0.3957,0.0166,pitch+0.5,236,1.7379,False
nuscenes,window5,scene-1094_007..scene-1094_011,tleft_10cm,tleft,10.0000,0.3855,0.4119,0.0685,pitch+0.5,220,1.7379,False
nuscenes,window5,scene-1094_008..scene-1094_012,tleft_10cm,tleft,10.0000,0.3387,0.3752,0.1076,pitch+0.5,210,1.7379,False
nuscenes,window5,scene-1094_009..scene-1094_013,tleft_10cm,tleft,10.0000,0.3269,0.3541,0.0831,pitch+3.0,192,1.7379,False
nuscenes,window5,scene-1094_010..scene-1094_014,tleft_10cm,tleft,10.0000,0.2878,0.3300,0.1468,pitch+3.0,165,1.7379,False
nuscenes,window5,scene-1094_011..scene-1094_015,tleft_10cm,tleft,10.0000,0.2467,0.2847,0.1540,pitch+3.0,154,1.7379,False
nuscenes,window5,scene-1094_012..scene-1094_016,tleft_10cm,tleft,10.0000,0.2382,0.2673,0.1220,pitch+3.0,143,1.7379,False
nuscenes,window5,scene-1094_013..scene-1094_017,tleft_10cm,tleft,10.0000,0.2549,0.2765,0.0846,pitch+0.5,124,1.7379,False
nuscenes,window5,scene-1094_014..scene-1094_018,tleft_10cm,tleft,10.0000,0.2037,0.2573,0.2631,yaw-0.5,124,1.7379,False
nuscenes,window5,scene-1094_015..scene-1094_019,tleft_10cm,tleft,10.0000,0.1815,0.2390,0.3172,yaw-0.5,137,1.7379,False
nuscenes,window5,scene-1094_016..scene-1094_020,tleft_10cm,tleft,10.0000,0.1861,0.2488,0.3364,yaw-0.5,153,1.7379,False
nuscenes,window5,scene-1094_017..scene-1094_021,tleft_10cm,tleft,10.0000,0.1961,0.2244,0.1443,yaw-0.5,189,1.7379,False
nuscenes,window5,scene-1094_018..scene-1094_022,tleft_10cm,tleft,10.0000,0.1606,0.1925,0.1990,roll-2.0,256,1.7379,False
nuscenes,window5,scene-1094_019..scene-1094_023,tleft_10cm,tleft,10.0000,0.1583,0.1756,0.1094,yaw-2.0,314,1.7379,False
nuscenes,window5,scene-1094_020..scene-1094_024,tleft_10cm,tleft,10.0000,0.1593,0.1593,0.0000,none,357,1.7379,False
nuscenes,window5,scene-1094_021..scene-1094_025,tleft_10cm,tleft,10.0000,0.1474,0.1562,0.0601,pitch-3.0,372,1.7379,False
nuscenes,window5,scene-1094_022..scene-1094_026,tleft_10cm,tleft,10.0000,0.1312,0.1465,0.1167,pitch-3.0,377,1.7379,False
nuscenes,window5,scene-1094_023..scene-1094_027,tleft_10cm,tleft,10.0000,0.1251,0.1590,0.2710,pitch-3.0,372,1.7379,False
nuscenes,window5,scene-1094_024..scene-1094_028,tleft_10cm,tleft,10.0000,0.1304,0.1502,0.1524,roll+1.0,403,1.7379,False
nuscenes,window5,scene-1094_025..scene-1094_029,tleft_10cm,tleft,10.0000,0.1132,0.1404,0.2396,yaw-3.0,400,1.7379,False
nuscenes,window5,scene-1094_026..scene-1094_030,tleft_10cm,tleft,10.0000,0.1097,0.1320,0.2037,yaw-3.0,417,1.7379,False
nuscenes,window5,scene-1094_027..scene-1094_031,tleft_10cm,tleft,10.0000,0.1061,0.1495,0.4100,roll-3.0,427,1.7379,False
nuscenes,window5,scene-1094_028..scene-1094_032,tleft_10cm,tleft,10.0000,0.1152,0.1563,0.3565,roll-3.0,420,1.7379,False
nuscenes,window5,scene-1094_029..scene-1094_033,tleft_10cm,tleft,10.0000,0.1032,0.1512,0.4649,roll-3.0,387,1.7379,False
nuscenes,window5,scene-1094_030..scene-1094_034,tleft_10cm,tleft,10.0000,0.1076,0.1465,0.3614,roll-3.0,405,1.7379,False
nuscenes,window5,scene-1094_031..scene-1094_035,tleft_10cm,tleft,10.0000,0.1061,0.1520,0.4330,roll+0.5,410,1.7379,False
nuscenes,window5,scene-1094_032..scene-1094_036,tleft_10cm,tleft,10.0000,0.0983,0.1510,0.5369,roll+2.0,408,1.7379,False
nuscenes,window5,scene-1094_033..scene-1094_037,tleft_10cm,tleft,10.0000,0.0956,0.1493,0.5620,pitch+3.0,389,1.7379,False
nuscenes,window5,scene-1094_034..scene-1094_038,tleft_10cm,tleft,10.0000,0.0914,0.1441,0.5763,pitch+3.0,363,1.7379,False
nuscenes,window5,scene-1094_035..scene-1094_039,tleft_10cm,tleft,10.0000,0.1024,0.1284,0.2533,pitch+3.0,351,1.7379,False
nuscenes,single,scene-0103_000,tup_10cm,tup,10.0000,0.4291,0.4291,0.0000,none,32,6.8130,False
nuscenes,single,scene-0103_001,tup_10cm,tup,10.0000,0.3000,0.4096,0.3652,roll-1.0,37,6.8130,False
nuscenes,single,scene-0103_002,tup_10cm,tup,10.0000,0.3159,0.3246,0.0276,roll+0.5,33,6.8130,False
nuscenes,single,scene-0103_003,tup_10cm,tup,10.0000,0.2264,0.2995,0.3230,roll-0.5,19,6.8130,False
nuscenes,single,scene-0103_004,tup_10cm,tup,10.0000,0.2547,0.2965,0.1640,pitch+1.0,23,6.8130,False
nuscenes,single,scene-0103_005,tup_10cm,tup,10.0000,0.0638,0.4529,6.1029,roll-3.0,12,6.8130,False
nuscenes,single,scene-0103_006,tup_10cm,tup,10.0000,0.3108,0.5462,0.7576,roll+1.0,7,6.8130,False
nuscenes,single,scene-0103_007,tup_10cm,tup,10.0000,0.4067,0.5263,0.2942,yaw-2.0,15,6.8130,False
nuscenes,single,scene-0103_008,tup_10cm,tup,10.0000,0.1031,0.3316,2.2157,roll-3.0,27,6.8130,False
nuscenes,single,scene-0103_009,tup_10cm,tup,10.0000,0.1266,0.1950,0.5402,roll-2.0,41,6.8130,False
nuscenes,single,scene-0103_010,tup_10cm,tup,10.0000,0.0557,0.2289,3.1090,roll-2.0,42,6.8130,False
nuscenes,single,scene-0103_011,tup_10cm,tup,10.0000,0.0693,0.2313,2.3354,roll-3.0,42,6.8130,False
nuscenes,single,scene-0103_012,tup_10cm,tup,10.0000,0.0311,0.1241,2.9934,roll-3.0,47,6.8130,False
nuscenes,single,scene-0103_013,tup_10cm,tup,10.0000,0.0455,0.1585,2.4798,roll-2.0,43,6.8130,False
nuscenes,single,scene-0103_014,tup_10cm,tup,10.0000,0.1961,0.1962,0.0006,pitch-3.0,52,6.8130,False
nuscenes,single,scene-0103_015,tup_10cm,tup,10.0000,0.1884,0.3074,0.6313,roll-2.0,72,6.8130,False
nuscenes,single,scene-0103_016,tup_10cm,tup,10.0000,0.1348,0.2335,0.7321,roll-3.0,81,6.8130,False
nuscenes,single,scene-0103_017,tup_10cm,tup,10.0000,0.1812,0.2656,0.4655,roll-0.5,80,6.8130,False
nuscenes,single,scene-0103_018,tup_10cm,tup,10.0000,0.1853,0.2385,0.2871,yaw+2.0,72,6.8130,False
nuscenes,single,scene-0103_019,tup_10cm,tup,10.0000,0.0753,0.1519,1.0172,roll-2.0,55,6.8130,False
nuscenes,single,scene-0103_020,tup_10cm,tup,10.0000,0.0822,0.1716,1.0876,roll-2.0,47,6.8130,False
nuscenes,single,scene-0103_021,tup_10cm,tup,10.0000,0.1513,0.2172,0.4354,roll-0.5,40,6.8130,False
nuscenes,single,scene-0103_022,tup_10cm,tup,10.0000,0.1185,0.1765,0.4903,pitch+0.5,57,6.8130,False
nuscenes,single,scene-0103_023,tup_10cm,tup,10.0000,0.2451,0.2982,0.2169,pitch-0.5,68,6.8130,False
nuscenes,single,scene-0103_024,tup_10cm,tup,10.0000,0.0896,0.1483,0.6550,roll-0.5,39,6.8130,False
nuscenes,single,scene-0103_025,tup_10cm,tup,10.0000,0.1010,0.1594,0.5791,pitch+0.5,42,6.8130,False
nuscenes,single,scene-0103_026,tup_10cm,tup,10.0000,0.1403,0.2168,0.5448,roll-0.5,41,6.8130,False
nuscenes,single,scene-0103_027,tup_10cm,tup,10.0000,0.1783,0.2182,0.2242,pitch+1.0,43,6.8130,False
nuscenes,single,scene-0103_028,tup_10cm,tup,10.0000,0.0272,0.1485,4.4650,pitch+3.0,28,6.8130,False
nuscenes,single,scene-0103_029,tup_10cm,tup,10.0000,0.1638,0.2365,0.4435,pitch+3.0,40,6.8130,False
nuscenes,single,scene-0103_030,tup_10cm,tup,10.0000,0.1712,0.2306,0.3472,pitch+2.0,40,6.8130,False
nuscenes,single,scene-0103_031,tup_10cm,tup,10.0000,0.3025,0.3025,0.0000,none,34,6.8130,False
nuscenes,single,scene-0103_032,tup_10cm,tup,10.0000,0.1138,0.3102,1.7260,yaw+2.0,21,6.8130,False
nuscenes,single,scene-0103_033,tup_10cm,tup,10.0000,0.2147,0.2939,0.3690,pitch-0.5,23,6.8130,False
nuscenes,single,scene-0103_034,tup_10cm,tup,10.0000,0.1857,0.2351,0.2664,pitch+0.5,18,6.8130,False
nuscenes,single,scene-0103_035,tup_10cm,tup,10.0000,0.1220,0.3470,1.8436,pitch+2.0,16,6.8130,False
nuscenes,single,scene-0103_036,tup_10cm,tup,10.0000,0.1270,0.2515,0.9804,pitch+0.5,31,6.8130,False
nuscenes,single,scene-0103_037,tup_10cm,tup,10.0000,0.3898,0.4066,0.0433,pitch-0.5,17,6.8130,False
nuscenes,single,scene-0103_038,tup_10cm,tup,10.0000,0.2068,0.3026,0.4631,pitch-0.5,26,6.8130,False
nuscenes,single,scene-0103_039,tup_10cm,tup,10.0000,0.0340,0.3093,8.1089,roll-0.5,17,6.8130,True
nuscenes,single,scene-1094_000,tup_10cm,tup,10.0000,0.2266,0.3095,0.3656,roll+1.0,68,6.8130,False
nuscenes,single,scene-1094_001,tup_10cm,tup,10.0000,0.3292,0.3934,0.1951,roll+0.5,72,6.8130,False
nuscenes,single,scene-1094_002,tup_10cm,tup,10.0000,0.2990,0.3939,0.3174,roll+1.0,96,6.8130,False
nuscenes,single,scene-1094_003,tup_10cm,tup,10.0000,0.3033,0.3827,0.2620,roll-0.5,108,6.8130,False
nuscenes,single,scene-1094_004,tup_10cm,tup,10.0000,0.2996,0.3899,0.3014,roll+0.5,93,6.8130,False
nuscenes,single,scene-1094_005,tup_10cm,tup,10.0000,0.4450,0.5451,0.2248,roll+0.5,64,6.8130,False
nuscenes,single,scene-1094_006,tup_10cm,tup,10.0000,0.4509,0.4975,0.1033,pitch+3.0,63,6.8130,False
nuscenes,single,scene-1094_007,tup_10cm,tup,10.0000,0.4051,0.5153,0.2721,roll+0.5,83,6.8130,False
nuscenes,single,scene-1094_008,tup_10cm,tup,10.0000,0.3855,0.5410,0.4035,pitch+2.0,74,6.8130,False
nuscenes,single,scene-1094_009,tup_10cm,tup,10.0000,0.4278,0.4466,0.0439,pitch-0.5,59,6.8130,False
nuscenes,single,scene-1094_010,tup_10cm,tup,10.0000,0.3316,0.4005,0.2077,pitch+2.0,48,6.8130,False
nuscenes,single,scene-1094_011,tup_10cm,tup,10.0000,0.3663,0.3892,0.0626,roll+1.0,27,6.8130,False
nuscenes,single,scene-1094_012,tup_10cm,tup,10.0000,0.2696,0.3463,0.2845,pitch-3.0,34,6.8130,False
nuscenes,single,scene-1094_013,tup_10cm,tup,10.0000,0.3590,0.4597,0.2807,yaw+1.0,25,6.8130,False
nuscenes,single,scene-1094_014,tup_10cm,tup,10.0000,0.3137,0.4634,0.4772,yaw+2.0,22,6.8130,False
nuscenes,single,scene-1094_015,tup_10cm,tup,10.0000,0.2090,0.2090,0.0000,none,17,6.8130,False
nuscenes,single,scene-1094_016,tup_10cm,tup,10.0000,0.1693,0.4068,1.4026,pitch+2.0,21,6.8130,False
nuscenes,single,scene-1094_017,tup_10cm,tup,10.0000,0.1926,0.2625,0.3628,roll-0.5,16,6.8130,False
nuscenes,single,scene-1094_018,tup_10cm,tup,10.0000,0.1566,0.2458,0.5693,roll-3.0,23,6.8130,False
nuscenes,single,scene-1094_019,tup_10cm,tup,10.0000,0.1530,0.2550,0.6671,roll-2.0,28,6.8130,False
nuscenes,single,scene-1094_020,tup_10cm,tup,10.0000,0.1339,0.2283,0.7048,roll-2.0,51,6.8130,False
nuscenes,single,scene-1094_021,tup_10cm,tup,10.0000,0.2057,0.2648,0.2870,pitch-2.0,60,6.8130,False
nuscenes,single,scene-1094_022,tup_10cm,tup,10.0000,0.0975,0.1636,0.6787,yaw+1.0,78,6.8130,False
nuscenes,single,scene-1094_023,tup_10cm,tup,10.0000,0.1255,0.1957,0.5597,pitch-1.0,69,6.8130,False
nuscenes,single,scene-1094_024,tup_10cm,tup,10.0000,0.1730,0.2047,0.1832,yaw-0.5,69,6.8130,False
nuscenes,single,scene-1094_025,tup_10cm,tup,10.0000,0.1504,0.2215,0.4729,roll+1.0,45,6.8130,False
nuscenes,single,scene-1094_026,tup_10cm,tup,10.0000,0.1663,0.1772,0.0657,pitch-0.5,69,6.8130,False
nuscenes,single,scene-1094_027,tup_10cm,tup,10.0000,0.1041,0.1511,0.4511,pitch+3.0,91,6.8130,False
nuscenes,single,scene-1094_028,tup_10cm,tup,10.0000,0.1255,0.2060,0.6421,yaw+2.0,58,6.8130,False
nuscenes,single,scene-1094_029,tup_10cm,tup,10.0000,0.1139,0.1792,0.5723,yaw+3.0,48,6.8130,False
nuscenes,single,scene-1094_030,tup_10cm,tup,10.0000,0.1077,0.1586,0.4724,roll-3.0,76,6.8130,False
nuscenes,single,scene-1094_031,tup_10cm,tup,10.0000,0.1405,0.1992,0.4180,roll-3.0,62,6.8130,False
nuscenes,single,scene-1094_032,tup_10cm,tup,10.0000,0.1039,0.1583,0.5233,yaw-3.0,46,6.8130,False
nuscenes,single,scene-1094_033,tup_10cm,tup,10.0000,0.1692,0.2044,0.2081,pitch+3.0,67,6.8130,False
nuscenes,single,scene-1094_034,tup_10cm,tup,10.0000,0.1533,0.2074,0.3529,roll+1.0,73,6.8130,False
nuscenes,single,scene-1094_035,tup_10cm,tup,10.0000,0.0907,0.2294,1.5292,roll+3.0,76,6.8130,False
nuscenes,single,scene-1094_036,tup_10cm,tup,10.0000,0.0502,0.1255,1.5014,pitch+3.0,72,6.8130,False
nuscenes,single,scene-1094_037,tup_10cm,tup,10.0000,0.1284,0.1508,0.1745,yaw-1.0,39,6.8130,False
nuscenes,single,scene-1094_038,tup_10cm,tup,10.0000,0.1167,0.1532,0.3130,yaw+2.0,46,6.8130,False
nuscenes,single,scene-1094_039,tup_10cm,tup,10.0000,0.1277,0.1869,0.4633,yaw+3.0,56,6.8130,False
nuscenes,window5,scene-0103_000..scene-0103_004,tup_10cm,tup,10.0000,0.3154,0.3372,0.0693,pitch+0.5,144,1.7379,False
nuscenes,window5,scene-0103_001..scene-0103_005,tup_10cm,tup,10.0000,0.2617,0.3072,0.1740,roll-1.0,124,1.7379,False
nuscenes,window5,scene-0103_002..scene-0103_006,tup_10cm,tup,10.0000,0.2502,0.3024,0.2083,roll-0.5,94,1.7379,False
nuscenes,window5,scene-0103_003..scene-0103_007,tup_10cm,tup,10.0000,0.2526,0.3256,0.2887,roll-0.5,76,1.7379,False
nuscenes,window5,scene-0103_004..scene-0103_008,tup_10cm,tup,10.0000,0.2105,0.3045,0.4466,roll-3.0,84,1.7379,False
nuscenes,window5,scene-0103_005..scene-0103_009,tup_10cm,tup,10.0000,0.1668,0.2591,0.5531,roll-3.0,102,1.7379,False
nuscenes,window5,scene-0103_006..scene-0103_010,tup_10cm,tup,10.0000,0.1408,0.2076,0.4737,roll-2.0,132,1.7379,False
nuscenes,window5,scene-0103_007..scene-0103_011,tup_10cm,tup,10.0000,0.1157,0.2033,0.7562,roll-3.0,167,1.7379,False
nuscenes,window5,scene-0103_008..scene-0103_012,tup_10cm,tup,10.0000,0.0738,0.1765,1.3918,roll-2.0,199,1.7379,False
nuscenes,window5,scene-0103_009..scene-0103_013,tup_10cm,tup,10.0000,0.0645,0.1744,1.7047,roll-2.0,215,1.7379,False
nuscenes,window5,scene-0103_010..scene-0103_014,tup_10cm,tup,10.0000,0.0835,0.1591,0.9059,roll-2.0,226,1.7379,False
nuscenes,window5,scene-0103_011..scene-0103_015,tup_10cm,tup,10.0000,0.1176,0.1882,0.6009,roll-2.0,256,1.7379,False
nuscenes,window5,scene-0103_012..scene-0103_016,tup_10cm,tup,10.0000,0.1292,0.1995,0.5443,roll-2.0,295,1.7379,False
nuscenes,window5,scene-0103_013..scene-0103_017,tup_10cm,tup,10.0000,0.1559,0.2053,0.3169,pitch-2.0,328,1.7379,False
nuscenes,window5,scene-0103_014..scene-0103_018,tup_10cm,tup,10.0000,0.1751,0.2102,0.2004,pitch-2.0,357,1.7379,False
nuscenes,window5,scene-0103_015..scene-0103_019,tup_10cm,tup,10.0000,0.1569,0.2033,0.2960,pitch-2.0,360,1.7379,False
nuscenes,window5,scene-0103_016..scene-0103_020,tup_10cm,tup,10.0000,0.1396,0.1790,0.2823,pitch-1.0,335,1.7379,False
nuscenes,window5,scene-0103_017..scene-0103_021,tup_10cm,tup,10.0000,0.1425,0.1910,0.3402,roll-0.5,294,1.7379,False
nuscenes,window5,scene-0103_018..scene-0103_022,tup_10cm,tup,10.0000,0.1260,0.1627,0.2910,yaw-3.0,271,1.7379,False
nuscenes,window5,scene-0103_019..scene-0103_023,tup_10cm,tup,10.0000,0.1403,0.1635,0.1649,pitch-0.5,267,1.7379,False
nuscenes,window5,scene-0103_020..scene-0103_024,tup_10cm,tup,10.0000,0.1467,0.1722,0.1740,pitch-0.5,251,1.7379,False
nuscenes,window5,scene-0103_021..scene-0103_025,tup_10cm,tup,10.0000,0.1512,0.1790,0.1836,pitch-0.5,246,1.7379,False
nuscenes,window5,scene-0103_022..scene-0103_026,tup_10cm,tup,10.0000,0.1494,0.1762,0.1791,pitch-0.5,247,1.7379,False
nuscenes,window5,scene-0103_023..scene-0103_027,tup_10cm,tup,10.0000,0.1623,0.1765,0.0872,roll-0.5,233,1.7379,False
nuscenes,window5,scene-0103_024..scene-0103_028,tup_10cm,tup,10.0000,0.1136,0.1471,0.2959,roll-0.5,193,1.7379,False
nuscenes,window5,scene-0103_025..scene-0103_029,tup_10cm,tup,10.0000,0.1287,0.1684,0.3084,pitch+1.0,194,1.7379,False
nuscenes,window5,scene-0103_026..scene-0103_030,tup_10cm,tup,10.0000,0.1436,0.1741,0.2118,roll-0.5,192,1.7379,False
nuscenes,window5,scene-0103_027..scene-0103_031,tup_10cm,tup,10.0000,0.1736,0.1967,0.1331,pitch+3.0,185,1.7379,False
nuscenes,window5,scene-0103_028..scene-0103_032,tup_10cm,tup,10.0000,0.1646,0.1982,0.2039,roll-0.5,163,1.7379,False
nuscenes,window5,scene-0103_029..scene-0103_033,tup_10cm,tup,10.0000,0.1963,0.2253,0.1476,pitch+2.0,158,1.7379,False
nuscenes,window5,scene-0103_030..scene-0103_034,tup_10cm,tup,10.0000,0.2044,0.2282,0.1163,pitch+2.0,136,1.7379,False
nuscenes,window5,scene-0103_031..scene-0103_035,tup_10cm,tup,10.0000,0.2045,0.2442,0.1941,pitch+2.0,112,1.7379,False
nuscenes,window5,scene-0103_032..scene-0103_036,tup_10cm,tup,10.0000,0.1519,0.2085,0.3727,roll-0.5,109,1.7379,False
nuscenes,window5,scene-0103_033..scene-0103_037,tup_10cm,tup,10.0000,0.1980,0.2402,0.2130,pitch+0.5,105,1.7379,False
nuscenes,window5,scene-0103_034..scene-0103_038,tup_10cm,tup,10.0000,0.1966,0.2480,0.2616,pitch+0.5,108,1.7379,False
nuscenes,window5,scene-0103_035..scene-0103_039,tup_10cm,tup,10.0000,0.1726,0.2623,0.5194,roll-0.5,107,1.7379,False
nuscenes,window5,scene-1094_000..scene-1094_004,tup_10cm,tup,10.0000,0.2939,0.3461,0.1777,roll+0.5,437,1.7379,False
nuscenes,window5,scene-1094_001..scene-1094_005,tup_10cm,tup,10.0000,0.3268,0.3859,0.1809,roll+0.5,433,1.7379,False
nuscenes,window5,scene-1094_002..scene-1094_006,tup_10cm,tup,10.0000,0.3448,0.3972,0.1518,roll+0.5,424,1.7379,False
nuscenes,window5,scene-1094_003..scene-1094_007,tup_10cm,tup,10.0000,0.3677,0.4263,0.1593,roll+0.5,411,1.7379,False
nuscenes,window5,scene-1094_004..scene-1094_008,tup_10cm,tup,10.0000,0.3897,0.4831,0.2398,roll+0.5,377,1.7379,False
nuscenes,window5,scene-1094_005..scene-1094_009,tup_10cm,tup,10.0000,0.4206,0.5008,0.1906,roll+0.5,343,1.7379,False
nuscenes,window5,scene-1094_006..scene-1094_010,tup_10cm,tup,10.0000,0.4028,0.4692,0.1648,roll+0.5,327,1.7379,False
nuscenes,window5,scene-1094_007..scene-1094_011,tup_10cm,tup,10.0000,0.3890,0.4472,0.1497,pitch+2.0,291,1.7379,False
nuscenes,window5,scene-1094_008..scene-1094_012,tup_10cm,tup,10.0000,0.3667,0.3972,0.0830,pitch+2.0,242,1.7379,False
nuscenes,window5,scene-1094_009..scene-1094_013,tup_10cm,tup,10.0000,0.3585,0.3671,0.0240,pitch-0.5,193,1.7379,False
nuscenes,window5,scene-1094_010..scene-1094_014,tup_10cm,tup,10.0000,0.3260,0.3260,0.0000,none,156,1.7379,False
nuscenes,window5,scene-1094_011..scene-1094_015,tup_10cm,tup,10.0000,0.3079,0.3142,0.0207,pitch-3.0,125,1.7379,False
nuscenes,window5,scene-1094_012..scene-1094_016,tup_10cm,tup,10.0000,0.2702,0.2954,0.0933,pitch-3.0,119,1.7379,False
nuscenes,window5,scene-1094_013..scene-1094_017,tup_10cm,tup,10.0000,0.2581,0.3115,0.2069,roll-0.5,101,1.7379,False
nuscenes,window5,scene-1094_014..scene-1094_018,tup_10cm,tup,10.0000,0.2090,0.2648,0.2670,roll-0.5,99,1.7379,False
nuscenes,window5,scene-1094_015..scene-1094_019,tup_10cm,tup,10.0000,0.1722,0.2168,0.2591,pitch+2.0,105,1.7379,False
nuscenes,window5,scene-1094_016..scene-1094_020,tup_10cm,tup,10.0000,0.1536,0.2120,0.3798,pitch+2.0,139,1.7379,False
nuscenes,window5,scene-1094_017..scene-1094_021,tup_10cm,tup,10.0000,0.1693,0.2075,0.2255,roll-2.0,178,1.7379,False
nuscenes,window5,scene-1094_018..scene-1094_022,tup_10cm,tup,10.0000,0.1444,0.1997,0.3825,roll-2.0,240,1.7379,False
nuscenes,window5,scene-1094_019..scene-1094_023,tup_10cm,tup,10.0000,0.1389,0.1793,0.2911,yaw+1.0,286,1.7379,False
nuscenes,window5,scene-1094_020..scene-1094_024,tup_10cm,tup,10.0000,0.1449,0.1689,0.1656,pitch-1.0,327,1.7379,False
nuscenes,window5,scene-1094_021..scene-1094_025,tup_10cm,tup,10.0000,0.1474,0.1710,0.1604,pitch-1.0,321,1.7379,False
nuscenes,window5,scene-1094_022..scene-1094_026,tup_10cm,tup,10.0000,0.1407,0.1565,0.1120,pitch-1.0,330,1.7379,False
nuscenes,window5,scene-1094_023..scene-1094_027,tup_10cm,tup,10.0000,0.1408,0.1609,0.1426,yaw-0.5,343,1.7379,False
nuscenes,window5,scene-1094_024..scene-1094_028,tup_10cm,tup,10.0000,0.1414,0.1505,0.0646,yaw+0.5,332,1.7379,False
nuscenes,window5,scene-1094_025..scene-1094_029,tup_10cm,tup,10.0000,0.1301,0.1413,0.0864,yaw+0.5,311,1.7379,False
nuscenes,window5,scene-1094_026..scene-1094_030,tup_10cm,tup,10.0000,0.1225,0.1280,0.0448,roll-3.0,342,1.7379,False
nuscenes,window5,scene-1094_027..scene-1094_031,tup_10cm,tup,10.0000,0.1168,0.1600,0.3702,roll-3.0,335,1.7379,False
nuscenes,window5,scene-1094_028..scene-1094_032,tup_10cm,tup,10.0000,0.1187,0.1587,0.3370,roll-3.0,290,1.7379,False
nuscenes,window5,scene-1094_029..scene-1094_033,tup_10cm,tup,10.0000,0.1287,0.1597,0.2412,roll-3.0,299,1.7379,False
nuscenes,window5,scene-1094_030..scene-1094_034,tup_10cm,tup,10.0000,0.1364,0.1578,0.1569,pitch+2.0,324,1.7379,False
nuscenes,window5,scene-1094_031..scene-1094_035,tup_10cm,tup,10.0000,0.1324,0.1745,0.3177,roll+1.0,324,1.7379,False
nuscenes,window5,scene-1094_032..scene-1094_036,tup_10cm,tup,10.0000,0.1132,0.1698,0.4995,roll+2.0,334,1.7379,False
nuscenes,window5,scene-1094_033..scene-1094_037,tup_10cm,tup,10.0000,0.1163,0.1648,0.4170,pitch+3.0,327,1.7379,False
nuscenes,window5,scene-1094_034..scene-1094_038,tup_10cm,tup,10.0000,0.1048,0.1533,0.4625,pitch+3.0,306,1.7379,False
nuscenes,window5,scene-1094_035..scene-1094_039,tup_10cm,tup,10.0000,0.0970,0.1339,0.3799,pitch+3.0,289,1.7379,False
nuscenes,single,scene-0103_000,tfwd_10cm,tfwd,10.0000,0.3405,0.3596,0.0561,pitch+1.0,65,6.8130,False
nuscenes,single,scene-0103_001,tfwd_10cm,tfwd,10.0000,0.3158,0.3730,0.1812,pitch-1.0,48,6.8130,False
nuscenes,single,scene-0103_002,tfwd_10cm,tfwd,10.0000,0.3515,0.3515,0.0000,none,40,6.8130,False
nuscenes,single,scene-0103_003,tfwd_10cm,tfwd,10.0000,0.2893,0.3295,0.1390,pitch+0.5,34,6.8130,False
nuscenes,single,scene-0103_004,tfwd_10cm,tfwd,10.0000,0.2494,0.3430,0.3753,roll-2.0,34,6.8130,False
nuscenes,single,scene-0103_005,tfwd_10cm,tfwd,10.0000,0.2144,0.3721,0.7357,yaw-3.0,23,6.8130,False
nuscenes,single,scene-0103_006,tfwd_10cm,tfwd,10.0000,0.4798,0.5254,0.0950,roll-1.0,16,6.8130,False
nuscenes,single,scene-0103_007,tfwd_10cm,tfwd,10.0000,0.3564,0.4482,0.2576,yaw+0.5,15,6.8130,False
nuscenes,single,scene-0103_008,tfwd_10cm,tfwd,10.0000,0.1299,0.2770,1.1318,roll-3.0,30,6.8130,False
nuscenes,single,scene-0103_009,tfwd_10cm,tfwd,10.0000,0.1770,0.2276,0.2855,roll-2.0,43,6.8130,False
nuscenes,single,scene-0103_010,tfwd_10cm,tfwd,10.0000,0.0806,0.2263,1.8064,roll-2.0,47,6.8130,False
nuscenes,single,scene-0103_011,tfwd_10cm,tfwd,10.0000,0.0801,0.2798,2.4931,roll-3.0,54,6.8130,False
nuscenes,single,scene-0103_012,tfwd_10cm,tfwd,10.0000,0.0803,0.1263,0.5726,roll-3.0,65,6.8130,False
nuscenes,single,scene-0103_013,tfwd_10cm,tfwd,10.0000,0.0233,0.1667,6.1607,roll-3.0,62,6.8130,False
nuscenes,single,scene-0103_014,tfwd_10cm,tfwd,10.0000,0.0694,0.1318,0.9005,roll-3.0,72,6.8130,False
nuscenes,single,scene-0103_015,tfwd_10cm,tfwd,10.0000,0.0870,0.1894,1.1777,roll-2.0,68,6.8130,False
nuscenes,single,scene-0103_016,tfwd_10cm,tfwd,10.0000,0.0905,0.1409,0.5575,roll-3.0,86,6.8130,False
nuscenes,single,scene-0103_017,tfwd_10cm,tfwd,10.0000,0.1612,0.1978,0.2269,pitch+0.5,116,6.8130,False
nuscenes,single,scene-0103_018,tfwd_10cm,tfwd,10.0000,0.1139,0.2080,0.8257,roll+0.5,111,6.8130,False
nuscenes,single,scene-0103_019,tfwd_10cm,tfwd,10.0000,0.1052,0.1667,0.5847,pitch-1.0,91,6.8130,False
nuscenes,single,scene-0103_020,tfwd_10cm,tfwd,10.0000,0.0754,0.1660,1.2011,roll-3.0,68,6.8130,False
nuscenes,single,scene-0103_021,tfwd_10cm,tfwd,10.0000,0.1216,0.1884,0.5491,roll+0.5,68,6.8130,False
nuscenes,single,scene-0103_022,tfwd_10cm,tfwd,10.0000,0.1409,0.1409,0.0000,none,69,6.8130,False
nuscenes,single,scene-0103_023,tfwd_10cm,tfwd,10.0000,0.1273,0.1667,0.3090,pitch-0.5,70,6.8130,False
nuscenes,single,scene-0103_024,tfwd_10cm,tfwd,10.0000,0.1261,0.1483,0.1756,yaw+3.0,63,6.8130,False
nuscenes,single,scene-0103_025,tfwd_10cm,tfwd,10.0000,0.0847,0.1180,0.3929,roll-2.0,69,6.8130,False
nuscenes,single,scene-0103_026,tfwd_10cm,tfwd,10.0000,0.1349,0.1628,0.2067,pitch-0.5,64,6.8130,False
nuscenes,single,scene-0103_027,tfwd_10cm,tfwd,10.0000,0.1211,0.1868,0.5434,yaw-2.0,64,6.8130,False
nuscenes,single,scene-0103_028,tfwd_10cm,tfwd,10.0000,0.0656,0.1174,0.7903,roll-1.0,51,6.8130,False
nuscenes,single,scene-0103_029,tfwd_10cm,tfwd,10.0000,0.1233,0.1963,0.5913,pitch+3.0,59,6.8130,False
nuscenes,single,scene-0103_030,tfwd_10cm,tfwd,10.0000,0.1915,0.2224,0.1614,pitch+3.0,56,6.8130,False
nuscenes,single,scene-0103_031,tfwd_10cm,tfwd,10.0000,0.1946,0.3034,0.5590,roll-3.0,45,6.8130,False
nuscenes,single,scene-0103_032,tfwd_10cm,tfwd,10.0000,0.0926,0.1994,1.1541,pitch+2.0,38,6.8130,False
nuscenes,single,scene-0103_033,tfwd_10cm,tfwd,10.0000,0.1991,0.2601,0.3068,roll-1.0,29,6.8130,False
nuscenes,single,scene-0103_034,tfwd_10cm,tfwd,10.0000,0.1267,0.2366,0.8667,roll-2.0,26,6.8130,False
nuscenes,single,scene-0103_035,tfwd_10cm,tfwd,10.0000,0.1534,0.2337,0.5234,pitch+1.0,23,6.8130,False
nuscenes,single,scene-0103_036,tfwd_10cm,tfwd,10.0000,0.2164,0.2450,0.1324,yaw+2.0,42,6.8130,False
nuscenes,single,scene-0103_037,tfwd_10cm,tfwd,10.0000,0.1458,0.2491,0.7089,roll-2.0,27,6.8130,False
nuscenes,single,scene-0103_038,tfwd_10cm,tfwd,10.0000,0.1810,0.3539,0.9549,yaw+3.0,19,6.8130,False
nuscenes,single,scene-0103_039,tfwd_10cm,tfwd,10.0000,0.1052,0.2372,1.2549,roll-0.5,29,6.8130,False
nuscenes,single,scene-1094_000,tfwd_10cm,tfwd,10.0000,0.2217,0.3093,0.3954,roll+2.0,69,6.8130,False
nuscenes,single,scene-1094_001,tfwd_10cm,tfwd,10.0000,0.2213,0.2917,0.3180,roll+0.5,70,6.8130,False
nuscenes,single,scene-1094_002,tfwd_10cm,tfwd,10.0000,0.2701,0.3480,0.2882,roll+3.0,79,6.8130,False
nuscenes,single,scene-1094_003,tfwd_10cm,tfwd,10.0000,0.2331,0.3583,0.5371,roll+0.5,87,6.8130,False
nuscenes,single,scene-1094_004,tfwd_10cm,tfwd,10.0000,0.2681,0.3894,0.4523,roll+0.5,68,6.8130,False
nuscenes,single,scene-1094_005,tfwd_10cm,tfwd,10.0000,0.3458,0.5450,0.5758,roll+0.5,59,6.8130,False
nuscenes,single,scene-1094_006,tfwd_10cm,tfwd,10.0000,0.2990,0.4807,0.6076,roll+1.0,53,6.8130,False
nuscenes,single,scene-1094_007,tfwd_10cm,tfwd,10.0000,0.4617,0.4660,0.0094,pitch+0.5,54,6.8130,False
nuscenes,single,scene-1094_008,tfwd_10cm,tfwd,10.0000,0.3725,0.4308,0.1564,yaw+0.5,46,6.8130,False
nuscenes,single,scene-1094_009,tfwd_10cm,tfwd,10.0000,0.3815,0.5264,0.3798,roll-0.5,48,6.8130,False
nuscenes,single,scene-1094_010,tfwd_10cm,tfwd,10.0000,0.3604,0.4243,0.1771,pitch+1.0,50,6.8130,False
nuscenes,single,scene-1094_011,tfwd_10cm,tfwd,10.0000,0.2844,0.3694,0.2990,yaw+3.0,42,6.8130,False
nuscenes,single,scene-1094_012,tfwd_10cm,tfwd,10.0000,0.1954,0.3784,0.9366,pitch+3.0,40,6.8130,False
nuscenes,single,scene-1094_013,tfwd_10cm,tfwd,10.0000,0.4097,0.4097,0.0000,none,26,6.8130,False
nuscenes,single,scene-1094_014,tfwd_10cm,tfwd,10.0000,0.3325,0.5039,0.5155,roll-0.5,16,6.8130,False
nuscenes,single,scene-1094_015,tfwd_10cm,tfwd,10.0000,0.1821,0.2264,0.2430,pitch-0.5,31,6.8130,False
nuscenes,single,scene-1094_016,tfwd_10cm,tfwd,10.0000,0.2855,0.3339,0.1696,pitch+0.5,27,6.8130,False
nuscenes,single,scene-1094_017,tfwd_10cm,tfwd,10.0000,0.2330,0.2757,0.1831,pitch-0.5,22,6.8130,False
nuscenes,single,scene-1094_018,tfwd_10cm,tfwd,10.0000,0.1522,0.2822,0.8544,pitch+2.0,29,6.8130,False
nuscenes,single,scene-1094_019,tfwd_10cm,tfwd,10.0000,0.1852,0.2648,0.4301,pitch+3.0,30,6.8130,False
nuscenes,single,scene-1094_020,tfwd_10cm,tfwd,10.0000,0.1620,0.3126,0.9299,roll-3.0,53,6.8130,False
nuscenes,single,scene-1094_021,tfwd_10cm,tfwd,10.0000,0.1960,0.2589,0.3208,roll-2.0,68,6.8130,False
nuscenes,single,scene-1094_022,tfwd_10cm,tfwd,10.0000,0.1035,0.1506,0.4550,yaw+3.0,85,6.8130,False
nuscenes,single,scene-1094_023,tfwd_10cm,tfwd,10.0000,0.1441,0.1795,0.2456,yaw+1.0,82,6.8130,False
nuscenes,single,scene-1094_024,tfwd_10cm,tfwd,10.0000,0.1332,0.2356,0.7685,pitch+3.0,71,6.8130,False
nuscenes,single,scene-1094_025,tfwd_10cm,tfwd,10.0000,0.1394,0.2298,0.6484,roll+1.0,69,6.8130,False
nuscenes,single,scene-1094_026,tfwd_10cm,tfwd,10.0000,0.1562,0.1562,0.0000,none,75,6.8130,False
nuscenes,single,scene-1094_027,tfwd_10cm,tfwd,10.0000,0.0944,0.1438,0.5231,roll-1.0,85,6.8130,False
nuscenes,single,scene-1094_028,tfwd_10cm,tfwd,10.0000,0.1233,0.1785,0.4479,yaw+3.0,110,6.8130,False
nuscenes,single,scene-1094_029,tfwd_10cm,tfwd,10.0000,0.1149,0.1429,0.2442,roll-2.0,72,6.8130,False
nuscenes,single,scene-1094_030,tfwd_10cm,tfwd,10.0000,0.1175,0.1212,0.0316,pitch+2.0,84,6.8130,False
nuscenes,single,scene-1094_031,tfwd_10cm,tfwd,10.0000,0.1527,0.1888,0.2361,roll-3.0,85,6.8130,False
nuscenes,single,scene-1094_032,tfwd_10cm,tfwd,10.0000,0.1038,0.1677,0.6155,roll-0.5,83,6.8130,False
nuscenes,single,scene-1094_033,tfwd_10cm,tfwd,10.0000,0.1104,0.1626,0.4731,yaw-3.0,90,6.8130,False
nuscenes,single,scene-1094_034,tfwd_10cm,tfwd,10.0000,0.1045,0.1951,0.8675,pitch+2.0,75,6.8130,False
nuscenes,single,scene-1094_035,tfwd_10cm,tfwd,10.0000,0.0994,0.1935,0.9473,roll+2.0,91,6.8130,False
nuscenes,single,scene-1094_036,tfwd_10cm,tfwd,10.0000,0.0624,0.1266,1.0288,roll-3.0,76,6.8130,False
nuscenes,single,scene-1094_037,tfwd_10cm,tfwd,10.0000,0.1040,0.1593,0.5310,roll-0.5,63,6.8130,False
nuscenes,single,scene-1094_038,tfwd_10cm,tfwd,10.0000,0.1266,0.1415,0.1178,pitch+2.0,55,6.8130,False
nuscenes,single,scene-1094_039,tfwd_10cm,tfwd,10.0000,0.1483,0.1483,0.0000,none,76,6.8130,False
nuscenes,window5,scene-0103_000..scene-0103_004,tfwd_10cm,tfwd,10.0000,0.3152,0.3204,0.0164,pitch+0.5,221,1.7379,False
nuscenes,window5,scene-0103_001..scene-0103_005,tfwd_10cm,tfwd,10.0000,0.2931,0.2993,0.0214,roll-1.0,179,1.7379,False
nuscenes,window5,scene-0103_002..scene-0103_006,tfwd_10cm,tfwd,10.0000,0.3060,0.3060,0.0000,none,147,1.7379,False
nuscenes,window5,scene-0103_003..scene-0103_007,tfwd_10cm,tfwd,10.0000,0.2973,0.2980,0.0024,roll-1.0,122,1.7379,False
nuscenes,window5,scene-0103_004..scene-0103_008,tfwd_10cm,tfwd,10.0000,0.2570,0.2860,0.1129,roll-1.0,118,1.7379,False
nuscenes,window5,scene-0103_005..scene-0103_009,tfwd_10cm,tfwd,10.0000,0.2320,0.2403,0.0356,roll-1.0,127,1.7379,False
nuscenes,window5,scene-0103_006..scene-0103_010,tfwd_10cm,tfwd,10.0000,0.1876,0.2348,0.2520,roll-2.0,151,1.7379,False
nuscenes,window5,scene-0103_007..scene-0103_011,tfwd_10cm,tfwd,10.0000,0.1321,0.2136,0.6169,roll-2.0,189,1.7379,False
nuscenes,window5,scene-0103_008..scene-0103_012,tfwd_10cm,tfwd,10.0000,0.1040,0.1795,0.7263,roll-3.0,239,1.7379,False
nuscenes,window5,scene-0103_009..scene-0103_013,tfwd_10cm,tfwd,10.0000,0.0826,0.1647,0.9926,roll-3.0,271,1.7379,False
nuscenes,window5,scene-0103_010..scene-0103_014,tfwd_10cm,tfwd,10.0000,0.0659,0.1640,1.4875,roll-3.0,300,1.7379,False
nuscenes,window5,scene-0103_011..scene-0103_015,tfwd_10cm,tfwd,10.0000,0.0682,0.1664,1.4397,roll-3.0,321,1.7379,False
nuscenes,window5,scene-0103_012..scene-0103_016,tfwd_10cm,tfwd,10.0000,0.0718,0.1433,0.9957,roll-3.0,353,1.7379,False
nuscenes,window5,scene-0103_013..scene-0103_017,tfwd_10cm,tfwd,10.0000,0.0961,0.1551,0.6133,roll-3.0,404,1.7379,False
nuscenes,window5,scene-0103_014..scene-0103_018,tfwd_10cm,tfwd,10.0000,0.1105,0.1517,0.3729,roll-3.0,453,1.7379,False
nuscenes,window5,scene-0103_015..scene-0103_019,tfwd_10cm,tfwd,10.0000,0.1157,0.1495,0.2922,roll-3.0,472,1.7379,False
nuscenes,window5,scene-0103_016..scene-0103_020,tfwd_10cm,tfwd,10.0000,0.1140,0.1520,0.3326,roll-3.0,472,1.7379,False
nuscenes,window5,scene-0103_017..scene-0103_021,tfwd_10cm,tfwd,10.0000,0.1197,0.1608,0.3439,roll+0.5,454,1.7379,False
nuscenes,window5,scene-0103_018..scene-0103_022,tfwd_10cm,tfwd,10.0000,0.1114,0.1585,0.4223,roll+0.5,407,1.7379,False
nuscenes,window5,scene-0103_019..scene-0103_023,tfwd_10cm,tfwd,10.0000,0.1137,0.1462,0.2856,pitch-1.0,366,1.7379,False
nuscenes,window5,scene-0103_020..scene-0103_024,tfwd_10cm,tfwd,10.0000,0.1183,0.1341,0.1335,pitch-1.0,338,1.7379,False
nuscenes,window5,scene-0103_021..scene-0103_025,tfwd_10cm,tfwd,10.0000,0.1200,0.1300,0.0828,pitch-0.5,339,1.7379,False
nuscenes,window5,scene-0103_022..scene-0103_026,tfwd_10cm,tfwd,10.0000,0.1226,0.1306,0.0654,pitch-0.5,335,1.7379,False
nuscenes,window5,scene-0103_023..scene-0103_027,tfwd_10cm,tfwd,10.0000,0.1184,0.1363,0.1504,pitch-0.5,330,1.7379,False
nuscenes,window5,scene-0103_024..scene-0103_028,tfwd_10cm,tfwd,10.0000,0.1078,0.1196,0.1100,roll-1.0,311,1.7379,False
nuscenes,window5,scene-0103_025..scene-0103_029,tfwd_10cm,tfwd,10.0000,0.1070,0.1278,0.1947,roll-0.5,307,1.7379,False
nuscenes,window5,scene-0103_026..scene-0103_030,tfwd_10cm,tfwd,10.0000,0.1283,0.1539,0.1995,roll-0.5,294,1.7379,False
nuscenes,window5,scene-0103_027..scene-0103_031,tfwd_10cm,tfwd,10.0000,0.1376,0.1737,0.2619,roll-0.5,275,1.7379,False
nuscenes,window5,scene-0103_028..scene-0103_032,tfwd_10cm,tfwd,10.0000,0.1350,0.1777,0.3164,pitch+3.0,249,1.7379,False
nuscenes,window5,scene-0103_029..scene-0103_033,tfwd_10cm,tfwd,10.0000,0.1588,0.1964,0.2370,pitch+3.0,227,1.7379,False
nuscenes,window5,scene-0103_030..scene-0103_034,tfwd_10cm,tfwd,10.0000,0.1653,0.1870,0.1312,pitch+2.0,194,1.7379,False
nuscenes,window5,scene-0103_031..scene-0103_035,tfwd_10cm,tfwd,10.0000,0.1545,0.1979,0.2812,pitch+2.0,161,1.7379,False
nuscenes,window5,scene-0103_032..scene-0103_036,tfwd_10cm,tfwd,10.0000,0.1595,0.1734,0.0871,pitch+3.0,158,1.7379,False
nuscenes,window5,scene-0103_033..scene-0103_037,tfwd_10cm,tfwd,10.0000,0.1743,0.1936,0.1108,pitch+3.0,147,1.7379,False
nuscenes,window5,scene-0103_034..scene-0103_038,tfwd_10cm,tfwd,10.0000,0.1700,0.2138,0.2576,roll-2.0,137,1.7379,False
nuscenes,window5,scene-0103_035..scene-0103_039,tfwd_10cm,tfwd,10.0000,0.1646,0.2215,0.3461,roll-0.5,140,1.7379,False
nuscenes,window5,scene-1094_000..scene-1094_004,tfwd_10cm,tfwd,10.0000,0.2430,0.3285,0.3519,roll+0.5,373,1.7379,False
nuscenes,window5,scene-1094_001..scene-1094_005,tfwd_10cm,tfwd,10.0000,0.2638,0.3681,0.3957,roll+0.5,363,1.7379,False
nuscenes,window5,scene-1094_002..scene-1094_006,tfwd_10cm,tfwd,10.0000,0.2778,0.3826,0.3775,roll+0.5,346,1.7379,False
nuscenes,window5,scene-1094_003..scene-1094_007,tfwd_10cm,tfwd,10.0000,0.3106,0.4117,0.3256,roll+0.5,321,1.7379,False
nuscenes,window5,scene-1094_004..scene-1094_008,tfwd_10cm,tfwd,10.0000,0.3448,0.4273,0.2393,roll+0.5,280,1.7379,False
nuscenes,window5,scene-1094_005..scene-1094_009,tfwd_10cm,tfwd,10.0000,0.3717,0.4447,0.1965,roll+0.5,260,1.7379,False
nuscenes,window5,scene-1094_006..scene-1094_010,tfwd_10cm,tfwd,10.0000,0.3755,0.4071,0.0841,roll+1.0,251,1.7379,False
nuscenes,window5,scene-1094_007..scene-1094_011,tfwd_10cm,tfwd,10.0000,0.3764,0.3835,0.0188,pitch+1.0,240,1.7379,False
nuscenes,window5,scene-1094_008..scene-1094_012,tfwd_10cm,tfwd,10.0000,0.3240,0.3496,0.0788,pitch+1.0,226,1.7379,False
nuscenes,window5,scene-1094_009..scene-1094_013,tfwd_10cm,tfwd,10.0000,0.3240,0.3366,0.0388,pitch+3.0,206,1.7379,False
nuscenes,window5,scene-1094_010..scene-1094_014,tfwd_10cm,tfwd,10.0000,0.3089,0.3217,0.0413,pitch+3.0,174,1.7379,False
nuscenes,window5,scene-1094_011..scene-1094_015,tfwd_10cm,tfwd,10.0000,0.2670,0.2891,0.0830,pitch+3.0,155,1.7379,False
nuscenes,window5,scene-1094_012..scene-1094_016,tfwd_10cm,tfwd,10.0000,0.2653,0.2831,0.0669,pitch+3.0,140,1.7379,False
nuscenes,window5,scene-1094_013..scene-1094_017,tfwd_10cm,tfwd,10.0000,0.2824,0.3056,0.0823,pitch-0.5,122,1.7379,False
nuscenes,window5,scene-1094_014..scene-1094_018,tfwd_10cm,tfwd,10.0000,0.2257,0.2624,0.1624,pitch-1.0,125,1.7379,False
nuscenes,window5,scene-1094_015..scene-1094_019,tfwd_10cm,tfwd,10.0000,0.2047,0.2320,0.1338,pitch+0.5,139,1.7379,False
nuscenes,window5,scene-1094_016..scene-1094_020,tfwd_10cm,tfwd,10.0000,0.1950,0.2352,0.2066,roll-3.0,161,1.7379,False
nuscenes,window5,scene-1094_017..scene-1094_021,tfwd_10cm,tfwd,10.0000,0.1832,0.2415,0.3178,roll-2.0,202,1.7379,False
nuscenes,window5,scene-1094_018..scene-1094_022,tfwd_10cm,tfwd,10.0000,0.1535,0.2078,0.3535,roll-2.0,265,1.7379,False
nuscenes,window5,scene-1094_019..scene-1094_023,tfwd_10cm,tfwd,10.0000,0.1512,0.1698,0.1230,roll-2.0,318,1.7379,False
nuscenes,window5,scene-1094_020..scene-1094_024,tfwd_10cm,tfwd,10.0000,0.1448,0.1632,0.1269,pitch+2.0,359,1.7379,False
nuscenes,window5,scene-1094_021..scene-1094_025,tfwd_10cm,tfwd,10.0000,0.1414,0.1556,0.1008,yaw+1.0,375,1.7379,False
nuscenes,window5,scene-1094_022..scene-1094_026,tfwd_10cm,tfwd,10.0000,0.1346,0.1497,0.1123,pitch+3.0,382,1.7379,False
nuscenes,window5,scene-1094_023..scene-1094_027,tfwd_10cm,tfwd,10.0000,0.1326,0.1507,0.1370,yaw-0.5,382,1.7379,False
nuscenes,window5,scene-1094_024..scene-1094_028,tfwd_10cm,tfwd,10.0000,0.1278,0.1492,0.1679,pitch+3.0,410,1.7379,False
nuscenes,window5,scene-1094_025..scene-1094_029,tfwd_10cm,tfwd,10.0000,0.1246,0.1395,0.1201,roll-2.0,411,1.7379,False
nuscenes,window5,scene-1094_026..scene-1094_030,tfwd_10cm,tfwd,10.0000,0.1208,0.1264,0.0462,yaw-3.0,426,1.7379,False
nuscenes,window5,scene-1094_027..scene-1094_031,tfwd_10cm,tfwd,10.0000,0.1209,0.1397,0.1556,roll-3.0,436,1.7379,False
nuscenes,window5,scene-1094_028..scene-1094_032,tfwd_10cm,tfwd,10.0000,0.1228,0.1420,0.1562,roll-3.0,434,1.7379,False
nuscenes,window5,scene-1094_029..scene-1094_033,tfwd_10cm,tfwd,10.0000,0.1200,0.1439,0.1996,roll-3.0,414,1.7379,False
nuscenes,window5,scene-1094_030..scene-1094_034,tfwd_10cm,tfwd,10.0000,0.1181,0.1427,0.2082,pitch+2.0,417,1.7379,False
nuscenes,window5,scene-1094_031..scene-1094_035,tfwd_10cm,tfwd,10.0000,0.1142,0.1486,0.3011,pitch+2.0,424,1.7379,False
nuscenes,window5,scene-1094_032..scene-1094_036,tfwd_10cm,tfwd,10.0000,0.0968,0.1468,0.5168,roll+2.0,415,1.7379,False
nuscenes,window5,scene-1094_033..scene-1094_037,tfwd_10cm,tfwd,10.0000,0.0965,0.1544,0.5999,roll+2.0,395,1.7379,False
nuscenes,window5,scene-1094_034..scene-1094_038,tfwd_10cm,tfwd,10.0000,0.0976,0.1503,0.5402,roll+2.0,360,1.7379,False
nuscenes,window5,scene-1094_035..scene-1094_039,tfwd_10cm,tfwd,10.0000,0.1068,0.1362,0.2745,roll+2.0,361,1.7379,False
