dataset,frame_id,config,axis,level,idx,type,dist_m,occluded,truncated,eval_ok,n_pts,hit_ratio,px_shift,dist_bin
kitti,000001,baseline,baseline,0.0000,0,Truck,69.4416,0,0.0000,True,70,1.0000,0.0000,far>30m
kitti,000001,baseline,baseline,0.0000,2,Cyclist,46.0692,3,0.0000,False,18,1.0000,0.0000,far>30m
kitti,000001,yaw_0.5deg,yaw,0.5000,0,Truck,69.4416,0,0.0000,True,70,0.7571,6.3239,far>30m
kitti,000001,yaw_0.5deg,yaw,0.5000,2,Cyclist,46.0692,3,0.0000,False,18,0.5556,6.3937,far>30m
kitti,000001,pitch_0.5deg,pitch,0.5000,0,Truck,69.4416,0,0.0000,True,70,0.9286,6.3241,far>30m
kitti,000001,pitch_0.5deg,pitch,0.5000,2,Cyclist,46.0692,3,0.0000,False,18,0.9444,6.3355,far>30m
kitti,000001,roll_0.5deg,roll,0.5000,0,Truck,69.4416,0,0.0000,True,70,1.0000,0.1075,far>30m
kitti,000001,roll_0.5deg,roll,0.5000,2,Cyclist,46.0692,3,0.0000,False,18,1.0000,0.6382,far>30m
kitti,000001,yaw_1.0deg,yaw,1.0000,0,Truck,69.4416,0,0.0000,True,70,0.5429,12.6481,far>30m
kitti,000001,yaw_1.0deg,yaw,1.0000,2,Cyclist,46.0692,3,0.0000,False,18,0.0000,12.7770,far>30m
kitti,000001,pitch_1.0deg,pitch,1.0000,0,Truck,69.4416,0,0.0000,True,70,0.7000,12.6491,far>30m
kitti,000001,pitch_1.0deg,pitch,1.0000,2,Cyclist,46.0692,3,0.0000,False,18,0.7222,12.6730,far>30m
kitti,000001,roll_1.0deg,roll,1.0000,0,Truck,69.4416,0,0.0000,True,70,1.0000,0.2149,far>30m
kitti,000001,roll_1.0deg,roll,1.0000,2,Cyclist,46.0692,3,0.0000,False,18,1.0000,1.2765,far>30m
kitti,000001,yaw_2.0deg,yaw,2.0000,0,Truck,69.4416,0,0.0000,True,70,0.1000,25.3018,far>30m
kitti,000001,yaw_2.0deg,yaw,2.0000,2,Cyclist,46.0692,3,0.0000,False,18,0.0000,25.5165,far>30m
kitti,000001,pitch_2.0deg,pitch,2.0000,0,Truck,69.4416,0,0.0000,True,70,0.1429,25.3056,far>30m
kitti,000001,pitch_2.0deg,pitch,2.0000,2,Cyclist,46.0692,3,0.0000,False,18,0.1111,25.3580,far>30m
kitti,000001,roll_2.0deg,roll,2.0000,0,Truck,69.4416,0,0.0000,True,70,1.0000,0.4298,far>30m
kitti,000001,roll_2.0deg,roll,2.0000,2,Cyclist,46.0692,3,0.0000,False,18,1.0000,2.5528,far>30m
kitti,000001,yaw_3.0deg,yaw,3.0000,0,Truck,69.4416,0,0.0000,True,70,0.0000,37.9687,far>30m
kitti,000001,yaw_3.0deg,yaw,3.0000,2,Cyclist,46.0692,3,0.0000,False,18,0.0000,38.2265,far>30m
kitti,000001,pitch_3.0deg,pitch,3.0000,0,Truck,69.4416,0,0.0000,True,70,0.0000,37.9774,far>30m
kitti,000001,pitch_3.0deg,pitch,3.0000,2,Cyclist,46.0692,3,0.0000,False,18,0.0000,38.0628,far>30m
kitti,000001,roll_3.0deg,roll,3.0000,0,Truck,69.4416,0,0.0000,True,70,1.0000,0.6447,far>30m
kitti,000001,roll_3.0deg,roll,3.0000,2,Cyclist,46.0692,3,0.0000,False,18,0.9444,3.8290,far>30m
kitti,000001,tfwd_2cm,tfwd,2.0000,0,Truck,69.4416,0,0.0000,True,70,1.0000,0.0041,far>30m
kitti,000001,tfwd_2cm,tfwd,2.0000,2,Cyclist,46.0692,3,0.0000,False,18,1.0000,0.0324,far>30m
kitti,000001,tleft_2cm,tleft,2.0000,0,Truck,69.4416,0,0.0000,True,70,1.0000,0.2276,far>30m
kitti,000001,tleft_2cm,tleft,2.0000,2,Cyclist,46.0692,3,0.0000,False,18,1.0000,0.3154,far>30m
kitti,000001,tup_2cm,tup,2.0000,0,Truck,69.4416,0,0.0000,True,70,1.0000,0.2276,far>30m
kitti,000001,tup_2cm,tup,2.0000,2,Cyclist,46.0692,3,0.0000,False,18,1.0000,0.3154,far>30m
kitti,000001,tfwd_5cm,tfwd,5.0000,0,Truck,69.4416,0,0.0000,True,70,1.0000,0.0102,far>30m
kitti,000001,tfwd_5cm,tfwd,5.0000,2,Cyclist,46.0692,3,0.0000,False,18,1.0000,0.0808,far>30m
kitti,000001,tleft_5cm,tleft,5.0000,0,Truck,69.4416,0,0.0000,True,70,0.9857,0.5690,far>30m
kitti,000001,tleft_5cm,tleft,5.0000,2,Cyclist,46.0692,3,0.0000,False,18,1.0000,0.7885,far>30m
kitti,000001,tup_5cm,tup,5.0000,0,Truck,69.4416,0,0.0000,True,70,1.0000,0.5690,far>30m
kitti,000001,tup_5cm,tup,5.0000,2,Cyclist,46.0692,3,0.0000,False,18,1.0000,0.7885,far>30m
kitti,000001,tfwd_10cm,tfwd,10.0000,0,Truck,69.4416,0,0.0000,True,70,1.0000,0.0203,far>30m
kitti,000001,tfwd_10cm,tfwd,10.0000,2,Cyclist,46.0692,3,0.0000,False,18,1.0000,0.1615,far>30m
kitti,000001,tleft_10cm,tleft,10.0000,0,Truck,69.4416,0,0.0000,True,70,0.9714,1.1381,far>30m
kitti,000001,tleft_10cm,tleft,10.0000,2,Cyclist,46.0692,3,0.0000,False,18,0.9444,1.5769,far>30m
kitti,000001,tup_10cm,tup,10.0000,0,Truck,69.4416,0,0.0000,True,70,1.0000,1.1380,far>30m
kitti,000001,tup_10cm,tup,10.0000,2,Cyclist,46.0692,3,0.0000,False,18,1.0000,1.5769,far>30m
kitti,000004,baseline,baseline,0.0000,0,Car,41.3598,0,0.0000,True,67,1.0000,0.0000,far>30m
kitti,000004,baseline,baseline,0.0000,1,Car,53.5804,0,0.0000,True,26,1.0000,0.0000,far>30m
kitti,000004,yaw_0.5deg,yaw,0.5000,0,Car,41.3598,0,0.0000,True,67,0.9701,7.4299,far>30m
kitti,000004,yaw_0.5deg,yaw,0.5000,1,Car,53.5804,0,0.0000,True,26,0.8462,6.9632,far>30m
kitti,000004,pitch_0.5deg,pitch,0.5000,0,Car,41.3598,0,0.0000,True,67,0.9851,6.3546,far>30m
kitti,000004,pitch_0.5deg,pitch,0.5000,1,Car,53.5804,0,0.0000,True,26,1.0000,6.3381,far>30m
kitti,000004,roll_0.5deg,roll,0.5000,0,Car,41.3598,0,0.0000,True,67,1.0000,2.5906,far>30m
kitti,000004,roll_0.5deg,roll,0.5000,1,Car,53.5804,0,0.0000,True,26,1.0000,1.9695,far>30m
kitti,000004,yaw_1.0deg,yaw,1.0000,0,Car,41.3598,0,0.0000,True,67,0.8507,14.9147,far>30m
kitti,000004,yaw_1.0deg,yaw,1.0000,1,Car,53.5804,0,0.0000,True,26,0.6538,13.9657,far>30m
kitti,000004,pitch_1.0deg,pitch,1.0000,0,Car,41.3598,0,0.0000,True,67,0.3582,12.7150,far>30m
kitti,000004,pitch_1.0deg,pitch,1.0000,1,Car,53.5804,0,0.0000,True,26,0.0385,12.6807,far>30m
kitti,000004,roll_1.0deg,roll,1.0000,0,Car,41.3598,0,0.0000,True,67,1.0000,5.1810,far>30m
kitti,000004,roll_1.0deg,roll,1.0000,1,Car,53.5804,0,0.0000,True,26,1.0000,3.9389,far>30m
kitti,000004,yaw_2.0deg,yaw,2.0000,0,Car,41.3598,0,0.0000,True,67,0.6269,30.0561,far>30m
kitti,000004,yaw_2.0deg,yaw,2.0000,1,Car,53.5804,0,0.0000,True,26,0.3462,28.0942,far>30m
kitti,000004,pitch_2.0deg,pitch,2.0000,0,Car,41.3598,0,0.0000,True,67,0.0000,25.4570,far>30m
kitti,000004,pitch_2.0deg,pitch,2.0000,1,Car,53.5804,0,0.0000,True,26,0.0000,25.3836,far>30m
kitti,000004,roll_2.0deg,roll,2.0000,0,Car,41.3598,0,0.0000,True,67,0.9403,10.3612,far>30m
kitti,000004,roll_2.0deg,roll,2.0000,1,Car,53.5804,0,0.0000,True,26,0.9615,7.8773,far>30m
kitti,000004,yaw_3.0deg,yaw,3.0000,0,Car,41.3598,0,0.0000,True,67,0.2985,45.4389,far>30m
kitti,000004,yaw_3.0deg,yaw,3.0000,1,Car,53.5804,0,0.0000,True,26,0.0000,42.3971,far>30m
kitti,000004,pitch_3.0deg,pitch,3.0000,0,Car,41.3598,0,0.0000,True,67,0.0000,38.2344,far>30m
kitti,000004,pitch_3.0deg,pitch,3.0000,1,Car,53.5804,0,0.0000,True,26,0.0000,38.1167,far>30m
kitti,000004,roll_3.0deg,roll,3.0000,0,Car,41.3598,0,0.0000,True,67,0.6418,15.5403,far>30m
kitti,000004,roll_3.0deg,roll,3.0000,1,Car,53.5804,0,0.0000,True,26,0.5000,11.8148,far>30m
kitti,000004,tfwd_2cm,tfwd,2.0000,0,Car,41.3598,0,0.0000,True,67,1.0000,0.1584,far>30m
kitti,000004,tfwd_2cm,tfwd,2.0000,1,Car,53.5804,0,0.0000,True,26,1.0000,0.0894,far>30m
kitti,000004,tleft_2cm,tleft,2.0000,0,Car,41.3598,0,0.0000,True,67,1.0000,0.3864,far>30m
kitti,000004,tleft_2cm,tleft,2.0000,1,Car,53.5804,0,0.0000,True,26,1.0000,0.2868,far>30m
kitti,000004,tup_2cm,tup,2.0000,0,Car,41.3598,0,0.0000,True,67,1.0000,0.3865,far>30m
kitti,000004,tup_2cm,tup,2.0000,1,Car,53.5804,0,0.0000,True,26,1.0000,0.2869,far>30m
kitti,000004,tfwd_5cm,tfwd,5.0000,0,Car,41.3598,0,0.0000,True,67,1.0000,0.3958,far>30m
kitti,000004,tfwd_5cm,tfwd,5.0000,1,Car,53.5804,0,0.0000,True,26,1.0000,0.2233,far>30m
kitti,000004,tleft_5cm,tleft,5.0000,0,Car,41.3598,0,0.0000,True,67,1.0000,0.9660,far>30m
kitti,000004,tleft_5cm,tleft,5.0000,1,Car,53.5804,0,0.0000,True,26,1.0000,0.7170,far>30m
kitti,000004,tup_5cm,tup,5.0000,0,Car,41.3598,0,0.0000,True,67,1.0000,0.9663,far>30m
kitti,000004,tup_5cm,tup,5.0000,1,Car,53.5804,0,0.0000,True,26,1.0000,0.7172,far>30m
kitti,000004,tfwd_10cm,tfwd,10.0000,0,Car,41.3598,0,0.0000,True,67,1.0000,0.7904,far>30m
kitti,000004,tfwd_10cm,tfwd,10.0000,1,Car,53.5804,0,0.0000,True,26,1.0000,0.4462,far>30m
kitti,000004,tleft_10cm,tleft,10.0000,0,Car,41.3598,0,0.0000,True,67,1.0000,1.9319,far>30m
kitti,000004,tleft_10cm,tleft,10.0000,1,Car,53.5804,0,0.0000,True,26,1.0000,1.4339,far>30m
kitti,000004,tup_10cm,tup,10.0000,0,Car,41.3598,0,0.0000,True,67,1.0000,1.9326,far>30m
kitti,000004,tup_10cm,tup,10.0000,1,Car,53.5804,0,0.0000,True,26,1.0000,1.4343,far>30m
kitti,000007,baseline,baseline,0.0000,0,Car,25.0195,0,0.0000,True,170,1.0000,0.0000,mid15-30m
kitti,000007,baseline,baseline,0.0000,1,Car,48.1270,0,0.0000,True,18,1.0000,0.0000,far>30m
kitti,000007,baseline,baseline,0.0000,3,Cyclist,36.3544,0,0.0000,True,24,1.0000,0.0000,far>30m
kitti,000007,yaw_0.5deg,yaw,0.5000,0,Car,25.0195,0,0.0000,True,170,0.9000,6.3797,mid15-30m
kitti,000007,yaw_0.5deg,yaw,0.5000,1,Car,48.1270,0,0.0000,True,18,0.7222,6.5058,far>30m
kitti,000007,yaw_0.5deg,yaw,0.5000,3,Cyclist,36.3544,0,0.0000,True,24,0.9583,7.2259,far>30m
kitti,000007,pitch_0.5deg,pitch,0.5000,0,Car,25.0195,0,0.0000,True,170,1.0000,6.3827,mid15-30m
kitti,000007,pitch_0.5deg,pitch,0.5000,1,Car,48.1270,0,0.0000,True,18,0.3889,6.3409,far>30m
kitti,000007,pitch_0.5deg,pitch,0.5000,3,Cyclist,36.3544,0,0.0000,True,24,0.9583,6.3538,far>30m
kitti,000007,roll_0.5deg,roll,0.5000,0,Car,25.0195,0,0.0000,True,170,1.0000,0.2986,mid15-30m
kitti,000007,roll_0.5deg,roll,0.5000,1,Car,48.1270,0,0.0000,True,18,1.0000,1.0186,far>30m
kitti,000007,roll_0.5deg,roll,0.5000,3,Cyclist,36.3544,0,0.0000,True,24,1.0000,2.3292,far>30m
kitti,000007,yaw_1.0deg,yaw,1.0000,0,Car,25.0195,0,0.0000,True,170,0.7882,12.7637,mid15-30m
kitti,000007,yaw_1.0deg,yaw,1.0000,1,Car,48.1270,0,0.0000,True,18,0.5556,13.0308,far>30m
kitti,000007,yaw_1.0deg,yaw,1.0000,3,Cyclist,36.3544,0,0.0000,True,24,0.4583,14.4999,far>30m
kitti,000007,pitch_1.0deg,pitch,1.0000,0,Car,25.0195,0,0.0000,True,170,0.7529,12.7710,mid15-30m
kitti,000007,pitch_1.0deg,pitch,1.0000,1,Car,48.1270,0,0.0000,True,18,0.0000,12.6860,far>30m
kitti,000007,pitch_1.0deg,pitch,1.0000,3,Cyclist,36.3544,0,0.0000,True,24,0.7083,12.7118,far>30m
kitti,000007,roll_1.0deg,roll,1.0000,0,Car,25.0195,0,0.0000,True,170,1.0000,0.5971,mid15-30m
kitti,000007,roll_1.0deg,roll,1.0000,1,Car,48.1270,0,0.0000,True,18,1.0000,2.0371,far>30m
kitti,000007,roll_1.0deg,roll,1.0000,3,Cyclist,36.3544,0,0.0000,True,24,0.9583,4.6582,far>30m
kitti,000007,yaw_2.0deg,yaw,2.0000,0,Car,25.0195,0,0.0000,True,170,0.5176,25.5481,mid15-30m
kitti,000007,yaw_2.0deg,yaw,2.0000,1,Car,48.1270,0,0.0000,True,18,0.0556,26.1430,far>30m
kitti,000007,yaw_2.0deg,yaw,2.0000,3,Cyclist,36.3544,0,0.0000,True,24,0.0000,29.1985,far>30m
kitti,000007,pitch_2.0deg,pitch,2.0000,0,Car,25.0195,0,0.0000,True,170,0.3706,25.5683,mid15-30m
kitti,000007,pitch_2.0deg,pitch,2.0000,1,Car,48.1270,0,0.0000,True,18,0.0000,25.3934,far>30m
kitti,000007,pitch_2.0deg,pitch,2.0000,3,Cyclist,36.3544,0,0.0000,True,24,0.2083,25.4449,far>30m
kitti,000007,roll_2.0deg,roll,2.0000,0,Car,25.0195,0,0.0000,True,170,1.0000,1.1942,mid15-30m
kitti,000007,roll_2.0deg,roll,2.0000,1,Car,48.1270,0,0.0000,True,18,1.0000,4.0740,far>30m
kitti,000007,roll_2.0deg,roll,2.0000,3,Cyclist,36.3544,0,0.0000,True,24,0.8333,9.3157,far>30m
kitti,000007,yaw_3.0deg,yaw,3.0000,0,Car,25.0195,0,0.0000,True,170,0.2176,38.3614,mid15-30m
kitti,000007,yaw_3.0deg,yaw,3.0000,1,Car,48.1270,0,0.0000,True,18,0.0000,39.3456,far>30m
kitti,000007,yaw_3.0deg,yaw,3.0000,3,Cyclist,36.3544,0,0.0000,True,24,0.0000,44.1092,far>30m
kitti,000007,pitch_3.0deg,pitch,3.0000,0,Car,25.0195,0,0.0000,True,170,0.1176,38.3999,mid15-30m
kitti,000007,pitch_3.0deg,pitch,3.0000,1,Car,48.1270,0,0.0000,True,18,0.0000,38.1300,far>30m
kitti,000007,pitch_3.0deg,pitch,3.0000,3,Cyclist,36.3544,0,0.0000,True,24,0.0000,38.2076,far>30m
kitti,000007,roll_3.0deg,roll,3.0000,0,Car,25.0195,0,0.0000,True,170,0.9941,1.7911,mid15-30m
kitti,000007,roll_3.0deg,roll,3.0000,1,Car,48.1270,0,0.0000,True,18,1.0000,6.1105,far>30m
kitti,000007,roll_3.0deg,roll,3.0000,3,Cyclist,36.3544,0,0.0000,True,24,0.6667,13.9722,far>30m
kitti,000007,tfwd_2cm,tfwd,2.0000,0,Car,25.0195,0,0.0000,True,170,1.0000,0.0267,mid15-30m
kitti,000007,tfwd_2cm,tfwd,2.0000,1,Car,48.1270,0,0.0000,True,18,1.0000,0.0502,far>30m
kitti,000007,tfwd_2cm,tfwd,2.0000,3,Cyclist,36.3544,0,0.0000,True,24,1.0000,0.1559,far>30m
kitti,000007,tleft_2cm,tleft,2.0000,0,Car,25.0195,0,0.0000,True,170,1.0000,0.6090,mid15-30m
kitti,000007,tleft_2cm,tleft,2.0000,1,Car,48.1270,0,0.0000,True,18,1.0000,0.3134,far>30m
kitti,000007,tleft_2cm,tleft,2.0000,3,Cyclist,36.3544,0,0.0000,True,24,1.0000,0.4236,far>30m
kitti,000007,tup_2cm,tup,2.0000,0,Car,25.0195,0,0.0000,True,170,1.0000,0.6093,mid15-30m
kitti,000007,tup_2cm,tup,2.0000,1,Car,48.1270,0,0.0000,True,18,1.0000,0.3134,far>30m
kitti,000007,tup_2cm,tup,2.0000,3,Cyclist,36.3544,0,0.0000,True,24,1.0000,0.4238,far>30m
kitti,000007,tfwd_5cm,tfwd,5.0000,0,Car,25.0195,0,0.0000,True,170,1.0000,0.0668,mid15-30m
kitti,000007,tfwd_5cm,tfwd,5.0000,1,Car,48.1270,0,0.0000,True,18,1.0000,0.1255,far>30m
kitti,000007,tfwd_5cm,tfwd,5.0000,3,Cyclist,36.3544,0,0.0000,True,24,1.0000,0.3893,far>30m
kitti,000007,tleft_5cm,tleft,5.0000,0,Car,25.0195,0,0.0000,True,170,1.0000,1.5226,mid15-30m
kitti,000007,tleft_5cm,tleft,5.0000,1,Car,48.1270,0,0.0000,True,18,0.9444,0.7834,far>30m
kitti,000007,tleft_5cm,tleft,5.0000,3,Cyclist,36.3544,0,0.0000,True,24,1.0000,1.0591,far>30m
kitti,000007,tup_5cm,tup,5.0000,0,Car,25.0195,0,0.0000,True,170,1.0000,1.5231,mid15-30m
kitti,000007,tup_5cm,tup,5.0000,1,Car,48.1270,0,0.0000,True,18,1.0000,0.7836,far>30m
kitti,000007,tup_5cm,tup,5.0000,3,Cyclist,36.3544,0,0.0000,True,24,1.0000,1.0594,far>30m
kitti,000007,tfwd_10cm,tfwd,10.0000,0,Car,25.0195,0,0.0000,True,170,1.0000,0.1333,mid15-30m
kitti,000007,tfwd_10cm,tfwd,10.0000,1,Car,48.1270,0,0.0000,True,18,1.0000,0.2508,far>30m
kitti,000007,tfwd_10cm,tfwd,10.0000,3,Cyclist,36.3544,0,0.0000,True,24,1.0000,0.7775,far>30m
kitti,000007,tleft_10cm,tleft,10.0000,0,Car,25.0195,0,0.0000,True,170,0.9706,3.0452,mid15-30m
kitti,000007,tleft_10cm,tleft,10.0000,1,Car,48.1270,0,0.0000,True,18,0.9444,1.5668,far>30m
kitti,000007,tleft_10cm,tleft,10.0000,3,Cyclist,36.3544,0,0.0000,True,24,1.0000,2.1182,far>30m
kitti,000007,tup_10cm,tup,10.0000,0,Car,25.0195,0,0.0000,True,170,1.0000,3.0462,mid15-30m
kitti,000007,tup_10cm,tup,10.0000,1,Car,48.1270,0,0.0000,True,18,1.0000,1.5672,far>30m
kitti,000007,tup_10cm,tup,10.0000,3,Cyclist,36.3544,0,0.0000,True,24,1.0000,2.1188,far>30m
kitti,000008,baseline,baseline,0.0000,0,Car,4.5643,3,0.8800,False,5610,0.2517,0.0000,near<15m
kitti,000008,baseline,baseline,0.0000,1,Car,7.9466,1,0.0000,True,1570,1.0000,0.0000,near<15m
kitti,000008,baseline,baseline,0.0000,2,Car,7.2345,3,0.3400,False,995,0.8673,0.0000,near<15m
kitti,000008,baseline,baseline,0.0000,3,Car,14.4796,1,0.0000,True,620,1.0000,0.0000,near<15m
kitti,000008,baseline,baseline,0.0000,4,Car,33.9803,0,0.0000,True,41,1.0000,0.0000,far>30m
kitti,000008,baseline,baseline,0.0000,5,Car,21.6867,0,0.0000,True,164,1.0000,0.0000,mid15-30m
kitti,000008,yaw_0.5deg,yaw,0.5000,0,Car,4.5643,3,0.8800,False,5610,0.2444,12.8343,near<15m
kitti,000008,yaw_0.5deg,yaw,0.5000,1,Car,7.9466,1,0.0000,True,1570,1.0000,6.7816,near<15m
kitti,000008,yaw_0.5deg,yaw,0.5000,2,Car,7.2345,3,0.3400,False,995,0.8894,9.6700,near<15m
kitti,000008,yaw_0.5deg,yaw,0.5000,3,Car,14.4796,1,0.0000,True,620,1.0000,6.4634,near<15m
kitti,000008,yaw_0.5deg,yaw,0.5000,4,Car,33.9803,0,0.0000,True,41,0.9268,6.6309,far>30m
kitti,000008,yaw_0.5deg,yaw,0.5000,5,Car,21.6867,0,0.0000,True,164,0.9878,7.5305,mid15-30m
kitti,000008,pitch_0.5deg,pitch,0.5000,0,Car,4.5643,3,0.8800,False,5610,0.2367,8.1266,near<15m
kitti,000008,pitch_0.5deg,pitch,0.5000,1,Car,7.9466,1,0.0000,True,1570,1.0000,6.6759,near<15m
kitti,000008,pitch_0.5deg,pitch,0.5000,2,Car,7.2345,3,0.3400,False,995,0.8111,7.0666,near<15m
kitti,000008,pitch_0.5deg,pitch,0.5000,3,Car,14.4796,1,0.0000,True,620,1.0000,6.4590,near<15m
kitti,000008,pitch_0.5deg,pitch,0.5000,4,Car,33.9803,0,0.0000,True,41,0.9512,6.3592,far>30m
kitti,000008,pitch_0.5deg,pitch,0.5000,5,Car,21.6867,0,0.0000,True,164,0.9634,6.4168,mid15-30m
kitti,000008,roll_0.5deg,roll,0.5000,0,Car,4.5643,3,0.8800,False,5610,0.2588,6.0826,near<15m
kitti,000008,roll_0.5deg,roll,0.5000,1,Car,7.9466,1,0.0000,True,1570,1.0000,1.3789,near<15m
kitti,000008,roll_0.5deg,roll,0.5000,2,Car,7.2345,3,0.3400,False,995,0.8362,4.5192,near<15m
kitti,000008,roll_0.5deg,roll,0.5000,3,Car,14.4796,1,0.0000,True,620,1.0000,0.5802,near<15m
kitti,000008,roll_0.5deg,roll,0.5000,4,Car,33.9803,0,0.0000,True,41,1.0000,1.3531,far>30m
kitti,000008,roll_0.5deg,roll,0.5000,5,Car,21.6867,0,0.0000,True,164,1.0000,2.7184,mid15-30m
kitti,000008,yaw_1.0deg,yaw,1.0000,0,Car,4.5643,3,0.8800,False,5610,0.2362,25.9066,near<15m
kitti,000008,yaw_1.0deg,yaw,1.0000,1,Car,7.9466,1,0.0000,True,1570,1.0000,13.5847,near<15m
kitti,000008,yaw_1.0deg,yaw,1.0000,2,Car,7.2345,3,0.3400,False,995,0.8955,19.2225,near<15m
kitti,000008,yaw_1.0deg,yaw,1.0000,3,Car,14.4796,1,0.0000,True,620,0.9790,12.9201,near<15m
kitti,000008,yaw_1.0deg,yaw,1.0000,4,Car,33.9803,0,0.0000,True,41,0.8049,13.2379,far>30m
kitti,000008,yaw_1.0deg,yaw,1.0000,5,Car,21.6867,0,0.0000,True,164,0.8659,15.0056,mid15-30m
kitti,000008,pitch_1.0deg,pitch,1.0000,0,Car,4.5643,3,0.8800,False,5610,0.2184,16.3212,near<15m
kitti,000008,pitch_1.0deg,pitch,1.0000,1,Car,7.9466,1,0.0000,True,1570,1.0000,13.3687,near<15m
kitti,000008,pitch_1.0deg,pitch,1.0000,2,Car,7.2345,3,0.3400,False,995,0.7497,14.1689,near<15m
kitti,000008,pitch_1.0deg,pitch,1.0000,3,Car,14.4796,1,0.0000,True,620,0.9887,12.9264,near<15m
kitti,000008,pitch_1.0deg,pitch,1.0000,4,Car,33.9803,0,0.0000,True,41,0.5610,12.7231,far>30m
kitti,000008,pitch_1.0deg,pitch,1.0000,5,Car,21.6867,0,0.0000,True,164,0.8659,12.8420,mid15-30m
kitti,000008,roll_1.0deg,roll,1.0000,0,Car,4.5643,3,0.8800,False,5610,0.2633,12.1644,near<15m
kitti,000008,roll_1.0deg,roll,1.0000,1,Car,7.9466,1,0.0000,True,1570,0.9936,2.7578,near<15m
kitti,000008,roll_1.0deg,roll,1.0000,2,Car,7.2345,3,0.3400,False,995,0.8040,9.0386,near<15m
kitti,000008,roll_1.0deg,roll,1.0000,3,Car,14.4796,1,0.0000,True,620,1.0000,1.1605,near<15m
kitti,000008,roll_1.0deg,roll,1.0000,4,Car,33.9803,0,0.0000,True,41,0.9512,2.7061,far>30m
kitti,000008,roll_1.0deg,roll,1.0000,5,Car,21.6867,0,0.0000,True,164,0.9817,5.4369,mid15-30m
kitti,000008,yaw_2.0deg,yaw,2.0000,0,Car,4.5643,3,0.8800,False,5610,0.2217,52.8046,near<15m
kitti,000008,yaw_2.0deg,yaw,2.0000,1,Car,7.9466,1,0.0000,True,1570,0.9924,27.2606,near<15m
kitti,000008,yaw_2.0deg,yaw,2.0000,2,Car,7.2345,3,0.3400,False,995,0.8854,37.9896,near<15m
kitti,000008,yaw_2.0deg,yaw,2.0000,3,Car,14.4796,1,0.0000,True,620,0.8742,25.8179,near<15m
kitti,000008,yaw_2.0deg,yaw,2.0000,4,Car,33.9803,0,0.0000,True,41,0.3902,26.3851,far>30m
kitti,000008,yaw_2.0deg,yaw,2.0000,5,Car,21.6867,0,0.0000,True,164,0.6037,29.7968,mid15-30m
kitti,000008,pitch_2.0deg,pitch,2.0000,0,Car,4.5643,3,0.8800,False,5610,0.1768,32.9249,near<15m
kitti,000008,pitch_2.0deg,pitch,2.0000,1,Car,7.9466,1,0.0000,True,1570,1.0000,26.8099,near<15m
kitti,000008,pitch_2.0deg,pitch,2.0000,2,Car,7.2345,3,0.3400,False,995,0.6151,28.4866,near<15m
kitti,000008,pitch_2.0deg,pitch,2.0000,3,Car,14.4796,1,0.0000,True,620,0.8000,25.8904,near<15m
kitti,000008,pitch_2.0deg,pitch,2.0000,4,Car,33.9803,0,0.0000,True,41,0.0488,25.4688,far>30m
kitti,000008,pitch_2.0deg,pitch,2.0000,5,Car,21.6867,0,0.0000,True,164,0.5732,25.7216,mid15-30m
kitti,000008,roll_2.0deg,roll,2.0000,0,Car,4.5643,3,0.8800,False,5610,0.2665,24.3256,near<15m
kitti,000008,roll_2.0deg,roll,2.0000,1,Car,7.9466,1,0.0000,True,1570,0.9809,5.5152,near<15m
kitti,000008,roll_2.0deg,roll,2.0000,2,Car,7.2345,3,0.3400,False,995,0.7276,18.0777,near<15m
kitti,000008,roll_2.0deg,roll,2.0000,3,Car,14.4796,1,0.0000,True,620,1.0000,2.3208,near<15m
kitti,000008,roll_2.0deg,roll,2.0000,4,Car,33.9803,0,0.0000,True,41,0.9512,5.4121,far>30m
kitti,000008,roll_2.0deg,roll,2.0000,5,Car,21.6867,0,0.0000,True,164,0.8902,10.8739,mid15-30m
kitti,000008,yaw_3.0deg,yaw,3.0000,0,Car,4.5643,3,0.8800,False,5610,0.2091,80.7767,near<15m
kitti,000008,yaw_3.0deg,yaw,3.0000,1,Car,7.9466,1,0.0000,True,1570,0.9707,41.0377,near<15m
kitti,000008,yaw_3.0deg,yaw,3.0000,2,Car,7.2345,3,0.3400,False,995,0.8814,56.3293,near<15m
kitti,000008,yaw_3.0deg,yaw,3.0000,3,Car,14.4796,1,0.0000,True,620,0.7548,38.7016,near<15m
kitti,000008,yaw_3.0deg,yaw,3.0000,4,Car,33.9803,0,0.0000,True,41,0.0732,39.4504,far>30m
kitti,000008,yaw_3.0deg,yaw,3.0000,5,Car,21.6867,0,0.0000,True,164,0.3780,44.3872,mid15-30m
kitti,000008,pitch_3.0deg,pitch,3.0000,0,Car,4.5643,3,0.8800,False,5610,0.1426,49.8322,near<15m
kitti,000008,pitch_3.0deg,pitch,3.0000,1,Car,7.9466,1,0.0000,True,1570,0.9605,40.3329,near<15m
kitti,000008,pitch_3.0deg,pitch,3.0000,2,Car,7.2345,3,0.3400,False,995,0.5136,42.9663,near<15m
kitti,000008,pitch_3.0deg,pitch,3.0000,3,Car,14.4796,1,0.0000,True,620,0.5758,38.9005,near<15m
kitti,000008,pitch_3.0deg,pitch,3.0000,4,Car,33.9803,0,0.0000,True,41,0.0000,38.2451,far>30m
kitti,000008,pitch_3.0deg,pitch,3.0000,5,Car,21.6867,0,0.0000,True,164,0.2317,38.6476,mid15-30m
kitti,000008,roll_3.0deg,roll,3.0000,0,Car,4.5643,3,0.8800,False,5610,0.2570,36.4826,near<15m
kitti,000008,roll_3.0deg,roll,3.0000,1,Car,7.9466,1,0.0000,True,1570,0.9707,8.2722,near<15m
kitti,000008,roll_3.0deg,roll,3.0000,2,Car,7.2345,3,0.3400,False,995,0.6472,27.1165,near<15m
kitti,000008,roll_3.0deg,roll,3.0000,3,Car,14.4796,1,0.0000,True,620,1.0000,3.4811,near<15m
kitti,000008,roll_3.0deg,roll,3.0000,4,Car,33.9803,0,0.0000,True,41,0.8293,8.1179,far>30m
kitti,000008,roll_3.0deg,roll,3.0000,5,Car,21.6867,0,0.0000,True,164,0.7439,16.3104,mid15-30m
kitti,000008,tfwd_2cm,tfwd,2.0000,0,Car,4.5643,3,0.8800,False,5610,0.2560,5.2973,near<15m
kitti,000008,tfwd_2cm,tfwd,2.0000,1,Car,7.9466,1,0.0000,True,1570,1.0000,0.4433,near<15m
kitti,000008,tfwd_2cm,tfwd,2.0000,2,Car,7.2345,3,0.3400,False,995,0.8774,2.0960,near<15m
kitti,000008,tfwd_2cm,tfwd,2.0000,3,Car,14.4796,1,0.0000,True,620,1.0000,0.0995,near<15m
kitti,000008,tfwd_2cm,tfwd,2.0000,4,Car,33.9803,0,0.0000,True,41,1.0000,0.0983,far>30m
kitti,000008,tfwd_2cm,tfwd,2.0000,5,Car,21.6867,0,0.0000,True,164,1.0000,0.3310,mid15-30m
kitti,000008,tleft_2cm,tleft,2.0000,0,Car,4.5643,3,0.8800,False,5610,0.2496,5.3000,near<15m
kitti,000008,tleft_2cm,tleft,2.0000,1,Car,7.9466,1,0.0000,True,1570,1.0000,2.0707,near<15m
kitti,000008,tleft_2cm,tleft,2.0000,2,Car,7.2345,3,0.3400,False,995,0.8734,2.8796,near<15m
kitti,000008,tleft_2cm,tleft,2.0000,3,Car,14.4796,1,0.0000,True,620,1.0000,1.0909,near<15m
kitti,000008,tleft_2cm,tleft,2.0000,4,Car,33.9803,0,0.0000,True,41,1.0000,0.4545,far>30m
kitti,000008,tleft_2cm,tleft,2.0000,5,Car,21.6867,0,0.0000,True,164,1.0000,0.7627,mid15-30m
kitti,000008,tup_2cm,tup,2.0000,0,Car,4.5643,3,0.8800,False,5610,0.2599,5.3183,near<15m
kitti,000008,tup_2cm,tup,2.0000,1,Car,7.9466,1,0.0000,True,1570,1.0000,2.0733,near<15m
kitti,000008,tup_2cm,tup,2.0000,2,Car,7.2345,3,0.3400,False,995,0.8854,2.8856,near<15m
kitti,000008,tup_2cm,tup,2.0000,3,Car,14.4796,1,0.0000,True,620,1.0000,1.0915,near<15m
kitti,000008,tup_2cm,tup,2.0000,4,Car,33.9803,0,0.0000,True,41,1.0000,0.4546,far>30m
kitti,000008,tup_2cm,tup,2.0000,5,Car,21.6867,0,0.0000,True,164,1.0000,0.7630,mid15-30m
kitti,000008,tfwd_5cm,tfwd,5.0000,0,Car,4.5643,3,0.8800,False,5610,0.2633,13.0841,near<15m
kitti,000008,tfwd_5cm,tfwd,5.0000,1,Car,7.9466,1,0.0000,True,1570,1.0000,1.1033,near<15m
kitti,000008,tfwd_5cm,tfwd,5.0000,2,Car,7.2345,3,0.3400,False,995,0.8884,5.2084,near<15m
kitti,000008,tfwd_5cm,tfwd,5.0000,3,Car,14.4796,1,0.0000,True,620,1.0000,0.2481,near<15m
kitti,000008,tfwd_5cm,tfwd,5.0000,4,Car,33.9803,0,0.0000,True,41,1.0000,0.2455,far>30m
kitti,000008,tfwd_5cm,tfwd,5.0000,5,Car,21.6867,0,0.0000,True,164,1.0000,0.8263,mid15-30m
kitti,000008,tleft_5cm,tleft,5.0000,0,Car,4.5643,3,0.8800,False,5610,0.2462,13.2500,near<15m
kitti,000008,tleft_5cm,tleft,5.0000,1,Car,7.9466,1,0.0000,True,1570,1.0000,5.1767,near<15m
kitti,000008,tleft_5cm,tleft,5.0000,2,Car,7.2345,3,0.3400,False,995,0.8804,7.1989,near<15m
kitti,000008,tleft_5cm,tleft,5.0000,3,Car,14.4796,1,0.0000,True,620,1.0000,2.7272,near<15m
kitti,000008,tleft_5cm,tleft,5.0000,4,Car,33.9803,0,0.0000,True,41,1.0000,1.1362,far>30m
kitti,000008,tleft_5cm,tleft,5.0000,5,Car,21.6867,0,0.0000,True,164,1.0000,1.9067,mid15-30m
kitti,000008,tup_5cm,tup,5.0000,0,Car,4.5643,3,0.8800,False,5610,0.2734,13.2940,near<15m
kitti,000008,tup_5cm,tup,5.0000,1,Car,7.9466,1,0.0000,True,1570,0.9790,5.1831,near<15m
kitti,000008,tup_5cm,tup,5.0000,2,Car,7.2345,3,0.3400,False,995,0.9126,7.2136,near<15m
kitti,000008,tup_5cm,tup,5.0000,3,Car,14.4796,1,0.0000,True,620,1.0000,2.7287,near<15m
kitti,000008,tup_5cm,tup,5.0000,4,Car,33.9803,0,0.0000,True,41,1.0000,1.1365,far>30m
kitti,000008,tup_5cm,tup,5.0000,5,Car,21.6867,0,0.0000,True,164,1.0000,1.9075,mid15-30m
kitti,000008,tfwd_10cm,tfwd,10.0000,0,Car,4.5643,3,0.8800,False,5610,0.2725,25.6542,near<15m
kitti,000008,tfwd_10cm,tfwd,10.0000,1,Car,7.9466,1,0.0000,True,1570,1.0000,2.1902,near<15m
kitti,000008,tfwd_10cm,tfwd,10.0000,2,Car,7.2345,3,0.3400,False,995,0.9075,10.3136,near<15m
kitti,000008,tfwd_10cm,tfwd,10.0000,3,Car,14.4796,1,0.0000,True,620,1.0000,0.4943,near<15m
kitti,000008,tfwd_10cm,tfwd,10.0000,4,Car,33.9803,0,0.0000,True,41,1.0000,0.4902,far>30m
kitti,000008,tfwd_10cm,tfwd,10.0000,5,Car,21.6867,0,0.0000,True,164,1.0000,1.6482,mid15-30m
kitti,000008,tleft_10cm,tleft,10.0000,0,Car,4.5643,3,0.8800,False,5610,0.2392,26.4998,near<15m
kitti,000008,tleft_10cm,tleft,10.0000,1,Car,7.9466,1,0.0000,True,1570,1.0000,10.3534,near<15m
kitti,000008,tleft_10cm,tleft,10.0000,2,Car,7.2345,3,0.3400,False,995,0.8854,14.3979,near<15m
kitti,000008,tleft_10cm,tleft,10.0000,3,Car,14.4796,1,0.0000,True,620,1.0000,5.4545,near<15m
kitti,000008,tleft_10cm,tleft,10.0000,4,Car,33.9803,0,0.0000,True,41,1.0000,2.2724,far>30m
kitti,000008,tleft_10cm,tleft,10.0000,5,Car,21.6867,0,0.0000,True,164,1.0000,3.8133,mid15-30m
kitti,000008,tup_10cm,tup,10.0000,0,Car,4.5643,3,0.8800,False,5610,0.2676,26.5827,near<15m
kitti,000008,tup_10cm,tup,10.0000,1,Car,7.9466,1,0.0000,True,1570,0.9446,10.3654,near<15m
kitti,000008,tup_10cm,tup,10.0000,2,Car,7.2345,3,0.3400,False,995,0.9487,14.4257,near<15m
kitti,000008,tup_10cm,tup,10.0000,3,Car,14.4796,1,0.0000,True,620,0.9694,5.4572,near<15m
kitti,000008,tup_10cm,tup,10.0000,4,Car,33.9803,0,0.0000,True,41,0.9756,2.2729,far>30m
kitti,000008,tup_10cm,tup,10.0000,5,Car,21.6867,0,0.0000,True,164,1.0000,3.8150,mid15-30m
kitti,000009,baseline,baseline,0.0000,0,Car,23.8903,0,0.0000,True,185,1.0000,0.0000,mid15-30m
kitti,000009,yaw_0.5deg,yaw,0.5000,0,Car,23.8903,0,0.0000,True,185,0.9243,6.3808,mid15-30m
kitti,000009,pitch_0.5deg,pitch,0.5000,0,Car,23.8903,0,0.0000,True,185,0.9838,6.3893,mid15-30m
kitti,000009,roll_0.5deg,roll,0.5000,0,Car,23.8903,0,0.0000,True,185,1.0000,0.3090,mid15-30m
kitti,000009,yaw_1.0deg,yaw,1.0000,0,Car,23.8903,0,0.0000,True,185,0.8162,12.7594,mid15-30m
kitti,000009,pitch_1.0deg,pitch,1.0000,0,Car,23.8903,0,0.0000,True,185,0.8811,12.7848,mid15-30m
kitti,000009,roll_1.0deg,roll,1.0000,0,Car,23.8903,0,0.0000,True,185,1.0000,0.6180,mid15-30m
kitti,000009,yaw_2.0deg,yaw,2.0000,0,Car,23.8903,0,0.0000,True,185,0.5405,25.5146,mid15-30m
kitti,000009,pitch_2.0deg,pitch,2.0000,0,Car,23.8903,0,0.0000,True,185,0.4919,25.5980,mid15-30m
kitti,000009,roll_2.0deg,roll,2.0000,0,Car,23.8903,0,0.0000,True,185,1.0000,1.2359,mid15-30m
kitti,000009,yaw_3.0deg,yaw,3.0000,0,Car,23.8903,0,0.0000,True,185,0.3135,38.2733,mid15-30m
kitti,000009,pitch_3.0deg,pitch,3.0000,0,Car,23.8903,0,0.0000,True,185,0.1459,38.4477,mid15-30m
kitti,000009,roll_3.0deg,roll,3.0000,0,Car,23.8903,0,0.0000,True,185,1.0000,1.8538,mid15-30m
kitti,000009,tfwd_2cm,tfwd,2.0000,0,Car,23.8903,0,0.0000,True,185,1.0000,0.0308,mid15-30m
kitti,000009,tleft_2cm,tleft,2.0000,0,Car,23.8903,0,0.0000,True,185,1.0000,0.6407,mid15-30m
kitti,000009,tup_2cm,tup,2.0000,0,Car,23.8903,0,0.0000,True,185,1.0000,0.6409,mid15-30m
kitti,000009,tfwd_5cm,tfwd,5.0000,0,Car,23.8903,0,0.0000,True,185,1.0000,0.0769,mid15-30m
kitti,000009,tleft_5cm,tleft,5.0000,0,Car,23.8903,0,0.0000,True,185,1.0000,1.6017,mid15-30m
kitti,000009,tup_5cm,tup,5.0000,0,Car,23.8903,0,0.0000,True,185,1.0000,1.6023,mid15-30m
kitti,000009,tfwd_10cm,tfwd,10.0000,0,Car,23.8903,0,0.0000,True,185,1.0000,0.1534,mid15-30m
kitti,000009,tleft_10cm,tleft,10.0000,0,Car,23.8903,0,0.0000,True,185,0.9892,3.2033,mid15-30m
kitti,000009,tup_10cm,tup,10.0000,0,Car,23.8903,0,0.0000,True,185,1.0000,3.2045,mid15-30m
kitti,000010,baseline,baseline,0.0000,0,Car,6.8312,0,0.8000,False,1511,0.1714,0.0000,near<15m
kitti,000010,baseline,baseline,0.0000,1,Car,12.0396,0,0.0000,True,998,1.0000,0.0000,near<15m
kitti,000010,baseline,baseline,0.0000,2,Pedestrian,24.9421,2,0.0000,False,23,1.0000,0.0000,mid15-30m
kitti,000010,baseline,baseline,0.0000,3,Car,17.5064,0,0.0000,True,327,1.0000,0.0000,mid15-30m
kitti,000010,baseline,baseline,0.0000,4,Car,23.0954,2,0.0000,False,47,1.0000,0.0000,mid15-30m
kitti,000010,baseline,baseline,0.0000,5,Car,23.6431,0,0.0000,True,205,1.0000,0.0000,mid15-30m
kitti,000010,baseline,baseline,0.0000,6,Car,29.0770,2,0.0000,False,45,1.0000,0.0000,mid15-30m
kitti,000010,baseline,baseline,0.0000,7,Car,29.5982,1,0.0000,True,22,1.0000,0.0000,mid15-30m
kitti,000010,baseline,baseline,0.0000,8,Car,43.0856,1,0.0000,True,15,1.0000,0.0000,far>30m
kitti,000010,yaw_0.5deg,yaw,0.5000,0,Car,6.8312,0,0.8000,False,1511,0.1860,13.2607,near<15m
kitti,000010,yaw_0.5deg,yaw,0.5000,1,Car,12.0396,0,0.0000,True,998,1.0000,6.7726,near<15m
kitti,000010,yaw_0.5deg,yaw,0.5000,2,Pedestrian,24.9421,2,0.0000,False,23,0.8261,7.1686,mid15-30m
kitti,000010,yaw_0.5deg,yaw,0.5000,3,Car,17.5064,0,0.0000,True,327,0.9969,7.2418,mid15-30m
kitti,000010,yaw_0.5deg,yaw,0.5000,4,Car,23.0954,2,0.0000,False,47,0.9787,6.9060,mid15-30m
kitti,000010,yaw_0.5deg,yaw,0.5000,5,Car,23.6431,0,0.0000,True,205,1.0000,6.3815,mid15-30m
kitti,000010,yaw_0.5deg,yaw,0.5000,6,Car,29.0770,2,0.0000,False,45,1.0000,6.3660,mid15-30m
kitti,000010,yaw_0.5deg,yaw,0.5000,7,Car,29.5982,1,0.0000,True,22,0.8636,6.7877,mid15-30m
kitti,000010,yaw_0.5deg,yaw,0.5000,8,Car,43.0856,1,0.0000,True,15,1.0000,6.4007,far>30m
kitti,000010,pitch_0.5deg,pitch,0.5000,0,Car,6.8312,0,0.8000,False,1511,0.1542,7.4301,near<15m
kitti,000010,pitch_0.5deg,pitch,0.5000,1,Car,12.0396,0,0.0000,True,998,1.0000,6.5281,near<15m
kitti,000010,pitch_0.5deg,pitch,0.5000,2,Pedestrian,24.9421,2,0.0000,False,23,1.0000,6.3721,mid15-30m
kitti,000010,pitch_0.5deg,pitch,0.5000,3,Car,17.5064,0,0.0000,True,327,0.9908,6.4462,mid15-30m
kitti,000010,pitch_0.5deg,pitch,0.5000,4,Car,23.0954,2,0.0000,False,47,0.8936,6.3964,mid15-30m
kitti,000010,pitch_0.5deg,pitch,0.5000,5,Car,23.6431,0,0.0000,True,205,0.9854,6.3908,mid15-30m
kitti,000010,pitch_0.5deg,pitch,0.5000,6,Car,29.0770,2,0.0000,False,45,0.9556,6.3672,mid15-30m
kitti,000010,pitch_0.5deg,pitch,0.5000,7,Car,29.5982,1,0.0000,True,22,0.9545,6.3733,mid15-30m
kitti,000010,pitch_0.5deg,pitch,0.5000,8,Car,43.0856,1,0.0000,True,15,0.8000,6.3442,far>30m
kitti,000010,roll_0.5deg,roll,0.5000,0,Car,6.8312,0,0.8000,False,1511,0.1635,6.4888,near<15m
kitti,000010,roll_0.5deg,roll,0.5000,1,Car,12.0396,0,0.0000,True,998,1.0000,1.4653,near<15m
kitti,000010,roll_0.5deg,roll,0.5000,2,Pedestrian,24.9421,2,0.0000,False,23,1.0000,2.2657,mid15-30m
kitti,000010,roll_0.5deg,roll,0.5000,3,Car,17.5064,0,0.0000,True,327,1.0000,2.3291,mid15-30m
kitti,000010,roll_0.5deg,roll,0.5000,4,Car,23.0954,2,0.0000,False,47,1.0000,1.8553,mid15-30m
kitti,000010,roll_0.5deg,roll,0.5000,5,Car,23.6431,0,0.0000,True,205,1.0000,0.3100,mid15-30m
kitti,000010,roll_0.5deg,roll,0.5000,6,Car,29.0770,2,0.0000,False,45,1.0000,0.2966,mid15-30m
kitti,000010,roll_0.5deg,roll,0.5000,7,Car,29.5982,1,0.0000,True,22,1.0000,1.6740,mid15-30m
kitti,000010,roll_0.5deg,roll,0.5000,8,Car,43.0856,1,0.0000,True,15,1.0000,0.6558,far>30m
kitti,000010,yaw_1.0deg,yaw,1.0000,0,Car,6.8312,0,0.8000,False,1511,0.1952,26.2833,near<15m
kitti,000010,yaw_1.0deg,yaw,1.0000,1,Car,12.0396,0,0.0000,True,998,1.0000,13.5718,near<15m
kitti,000010,yaw_1.0deg,yaw,1.0000,2,Pedestrian,24.9421,2,0.0000,False,23,0.3043,14.2932,mid15-30m
kitti,000010,yaw_1.0deg,yaw,1.0000,3,Car,17.5064,0,0.0000,True,327,0.9664,14.4382,mid15-30m
kitti,000010,yaw_1.0deg,yaw,1.0000,4,Car,23.0954,2,0.0000,False,47,0.6383,13.7778,mid15-30m
kitti,000010,yaw_1.0deg,yaw,1.0000,5,Car,23.6431,0,0.0000,True,205,0.9415,12.7658,mid15-30m
kitti,000010,yaw_1.0deg,yaw,1.0000,6,Car,29.0770,2,0.0000,False,45,1.0000,12.7286,mid15-30m
kitti,000010,yaw_1.0deg,yaw,1.0000,7,Car,29.5982,1,0.0000,True,22,0.5909,13.5450,mid15-30m
kitti,000010,yaw_1.0deg,yaw,1.0000,8,Car,43.0856,1,0.0000,True,15,0.8000,12.7909,far>30m
kitti,000010,pitch_1.0deg,pitch,1.0000,0,Car,6.8312,0,0.8000,False,1511,0.1436,14.9110,near<15m
kitti,000010,pitch_1.0deg,pitch,1.0000,1,Car,12.0396,0,0.0000,True,998,0.9910,13.0689,near<15m
kitti,000010,pitch_1.0deg,pitch,1.0000,2,Pedestrian,24.9421,2,0.0000,False,23,1.0000,12.7466,mid15-30m
kitti,000010,pitch_1.0deg,pitch,1.0000,3,Car,17.5064,0,0.0000,True,327,0.9052,12.9016,mid15-30m
kitti,000010,pitch_1.0deg,pitch,1.0000,4,Car,23.0954,2,0.0000,False,47,0.7872,12.7991,mid15-30m
kitti,000010,pitch_1.0deg,pitch,1.0000,5,Car,23.6431,0,0.0000,True,205,0.8634,12.7879,mid15-30m
kitti,000010,pitch_1.0deg,pitch,1.0000,6,Car,29.0770,2,0.0000,False,45,0.7556,12.7393,mid15-30m
kitti,000010,pitch_1.0deg,pitch,1.0000,7,Car,29.5982,1,0.0000,True,22,0.6364,12.7522,mid15-30m
kitti,000010,pitch_1.0deg,pitch,1.0000,8,Car,43.0856,1,0.0000,True,15,0.4000,12.6925,far>30m
kitti,000010,roll_1.0deg,roll,1.0000,0,Car,6.8312,0,0.8000,False,1511,0.1496,12.9781,near<15m
kitti,000010,roll_1.0deg,roll,1.0000,1,Car,12.0396,0,0.0000,True,998,1.0000,2.9306,near<15m
kitti,000010,roll_1.0deg,roll,1.0000,2,Pedestrian,24.9421,2,0.0000,False,23,1.0000,4.5315,mid15-30m
kitti,000010,roll_1.0deg,roll,1.0000,3,Car,17.5064,0,0.0000,True,327,1.0000,4.6583,mid15-30m
kitti,000010,roll_1.0deg,roll,1.0000,4,Car,23.0954,2,0.0000,False,47,1.0000,3.7105,mid15-30m
kitti,000010,roll_1.0deg,roll,1.0000,5,Car,23.6431,0,0.0000,True,205,1.0000,0.6200,mid15-30m
kitti,000010,roll_1.0deg,roll,1.0000,6,Car,29.0770,2,0.0000,False,45,1.0000,0.5932,mid15-30m
kitti,000010,roll_1.0deg,roll,1.0000,7,Car,29.5982,1,0.0000,True,22,1.0000,3.3481,mid15-30m
kitti,000010,roll_1.0deg,roll,1.0000,8,Car,43.0856,1,0.0000,True,15,1.0000,1.3116,far>30m
kitti,000010,yaw_2.0deg,yaw,2.0000,0,Car,6.8312,0,0.8000,False,1511,0.2197,51.6480,near<15m
kitti,000010,yaw_2.0deg,yaw,2.0000,1,Car,12.0396,0,0.0000,True,998,0.9709,27.2545,near<15m
kitti,000010,yaw_2.0deg,yaw,2.0000,2,Pedestrian,24.9421,2,0.0000,False,23,0.0000,28.4163,mid15-30m
kitti,000010,yaw_2.0deg,yaw,2.0000,3,Car,17.5064,0,0.0000,True,327,0.8807,28.7010,mid15-30m
kitti,000010,yaw_2.0deg,yaw,2.0000,4,Car,23.0954,2,0.0000,False,47,0.2553,27.4235,mid15-30m
kitti,000010,yaw_2.0deg,yaw,2.0000,5,Car,23.6431,0,0.0000,True,205,0.7512,25.5471,mid15-30m
kitti,000010,yaw_2.0deg,yaw,2.0000,6,Car,29.0770,2,0.0000,False,45,0.9556,25.4477,mid15-30m
kitti,000010,yaw_2.0deg,yaw,2.0000,7,Car,29.5982,1,0.0000,True,22,0.1818,26.9737,mid15-30m
kitti,000010,yaw_2.0deg,yaw,2.0000,8,Car,43.0856,1,0.0000,True,15,0.2667,25.5436,far>30m
kitti,000010,pitch_2.0deg,pitch,2.0000,0,Car,6.8312,0,0.8000,False,1511,0.0860,30.0339,near<15m
kitti,000010,pitch_2.0deg,pitch,2.0000,1,Car,12.0396,0,0.0000,True,998,0.8397,26.1929,near<15m
kitti,000010,pitch_2.0deg,pitch,2.0000,2,Pedestrian,24.9421,2,0.0000,False,23,1.0000,25.5071,mid15-30m
kitti,000010,pitch_2.0deg,pitch,2.0000,3,Car,17.5064,0,0.0000,True,327,0.6239,25.8445,mid15-30m
kitti,000010,pitch_2.0deg,pitch,2.0000,4,Car,23.0954,2,0.0000,False,47,0.6383,25.6276,mid15-30m
kitti,000010,pitch_2.0deg,pitch,2.0000,5,Car,23.6431,0,0.0000,True,205,0.4683,25.6054,mid15-30m
kitti,000010,pitch_2.0deg,pitch,2.0000,6,Car,29.0770,2,0.0000,False,45,0.3333,25.5022,mid15-30m
kitti,000010,pitch_2.0deg,pitch,2.0000,7,Car,29.5982,1,0.0000,True,22,0.2273,25.5311,mid15-30m
kitti,000010,pitch_2.0deg,pitch,2.0000,8,Car,43.0856,1,0.0000,True,15,0.0000,25.4057,far>30m
kitti,000010,roll_2.0deg,roll,2.0000,0,Car,6.8312,0,0.8000,False,1511,0.1330,25.9576,near<15m
kitti,000010,roll_2.0deg,roll,2.0000,1,Car,12.0396,0,0.0000,True,998,0.9890,5.8608,near<15m
kitti,000010,roll_2.0deg,roll,2.0000,2,Pedestrian,24.9421,2,0.0000,False,23,1.0000,9.0629,mid15-30m
kitti,000010,roll_2.0deg,roll,2.0000,3,Car,17.5064,0,0.0000,True,327,0.9633,9.3165,mid15-30m
kitti,000010,roll_2.0deg,roll,2.0000,4,Car,23.0954,2,0.0000,False,47,0.8936,7.4210,mid15-30m
kitti,000010,roll_2.0deg,roll,2.0000,5,Car,23.6431,0,0.0000,True,205,1.0000,1.2400,mid15-30m
kitti,000010,roll_2.0deg,roll,2.0000,6,Car,29.0770,2,0.0000,False,45,1.0000,1.1863,mid15-30m
kitti,000010,roll_2.0deg,roll,2.0000,7,Car,29.5982,1,0.0000,True,22,0.9091,6.6961,mid15-30m
kitti,000010,roll_2.0deg,roll,2.0000,8,Car,43.0856,1,0.0000,True,15,1.0000,2.6231,far>30m
kitti,000010,yaw_3.0deg,yaw,3.0000,0,Car,6.8312,0,0.8000,False,1511,0.2614,76.1580,near<15m
kitti,000010,yaw_3.0deg,yaw,3.0000,1,Car,12.0396,0,0.0000,True,998,0.9098,41.0584,near<15m
kitti,000010,yaw_3.0deg,yaw,3.0000,2,Pedestrian,24.9421,2,0.0000,False,23,0.0000,42.3809,mid15-30m
kitti,000010,yaw_3.0deg,yaw,3.0000,3,Car,17.5064,0,0.0000,True,327,0.6972,42.8003,mid15-30m
kitti,000010,yaw_3.0deg,yaw,3.0000,4,Car,23.0954,2,0.0000,False,47,0.1277,40.9473,mid15-30m
kitti,000010,yaw_3.0deg,yaw,3.0000,5,Car,23.6431,0,0.0000,True,205,0.5171,38.3519,mid15-30m
kitti,000010,yaw_3.0deg,yaw,3.0000,6,Car,29.0770,2,0.0000,False,45,0.6444,38.1653,mid15-30m
kitti,000010,yaw_3.0deg,yaw,3.0000,7,Car,29.5982,1,0.0000,True,22,0.0000,40.2957,mid15-30m
kitti,000010,yaw_3.0deg,yaw,3.0000,8,Car,43.0856,1,0.0000,True,15,0.1333,38.2662,far>30m
kitti,000010,pitch_3.0deg,pitch,3.0000,0,Car,6.8312,0,0.8000,False,1511,0.0543,45.3853,near<15m
kitti,000010,pitch_3.0deg,pitch,3.0000,1,Car,12.0396,0,0.0000,True,998,0.6413,39.3808,near<15m
kitti,000010,pitch_3.0deg,pitch,3.0000,2,Pedestrian,24.9421,2,0.0000,False,23,0.7391,38.2897,mid15-30m
kitti,000010,pitch_3.0deg,pitch,3.0000,3,Car,17.5064,0,0.0000,True,327,0.4281,38.8374,mid15-30m
kitti,000010,pitch_3.0deg,pitch,3.0000,4,Car,23.0954,2,0.0000,False,47,0.3404,38.4939,mid15-30m
kitti,000010,pitch_3.0deg,pitch,3.0000,5,Car,23.6431,0,0.0000,True,205,0.1317,38.4605,mid15-30m
kitti,000010,pitch_3.0deg,pitch,3.0000,6,Car,29.0770,2,0.0000,False,45,0.1556,38.2967,mid15-30m
kitti,000010,pitch_3.0deg,pitch,3.0000,7,Car,29.5982,1,0.0000,True,22,0.2273,38.3450,mid15-30m
kitti,000010,pitch_3.0deg,pitch,3.0000,8,Car,43.0856,1,0.0000,True,15,0.0000,38.1474,far>30m
kitti,000010,roll_3.0deg,roll,3.0000,0,Car,6.8312,0,0.8000,False,1511,0.1013,38.9374,near<15m
kitti,000010,roll_3.0deg,roll,3.0000,1,Car,12.0396,0,0.0000,True,998,0.9880,8.7904,near<15m
kitti,000010,roll_3.0deg,roll,3.0000,2,Pedestrian,24.9421,2,0.0000,False,23,1.0000,13.5940,mid15-30m
kitti,000010,roll_3.0deg,roll,3.0000,3,Car,17.5064,0,0.0000,True,327,0.9052,13.9743,mid15-30m
kitti,000010,roll_3.0deg,roll,3.0000,4,Car,23.0954,2,0.0000,False,47,0.7872,11.1310,mid15-30m
kitti,000010,roll_3.0deg,roll,3.0000,5,Car,23.6431,0,0.0000,True,205,1.0000,1.8599,mid15-30m
kitti,000010,roll_3.0deg,roll,3.0000,6,Car,29.0770,2,0.0000,False,45,1.0000,1.7794,mid15-30m
kitti,000010,roll_3.0deg,roll,3.0000,7,Car,29.5982,1,0.0000,True,22,0.8636,10.0437,mid15-30m
kitti,000010,roll_3.0deg,roll,3.0000,8,Car,43.0856,1,0.0000,True,15,1.0000,3.9344,far>30m
kitti,000010,tfwd_2cm,tfwd,2.0000,0,Car,6.8312,0,0.8000,False,1511,0.1767,3.8283,near<15m
kitti,000010,tfwd_2cm,tfwd,2.0000,1,Car,12.0396,0,0.0000,True,998,1.0000,0.3057,near<15m
kitti,000010,tfwd_2cm,tfwd,2.0000,2,Pedestrian,24.9421,2,0.0000,False,23,1.0000,0.2246,mid15-30m
kitti,000010,tfwd_2cm,tfwd,2.0000,3,Car,17.5064,0,0.0000,True,327,1.0000,0.3526,mid15-30m
kitti,000010,tfwd_2cm,tfwd,2.0000,4,Car,23.0954,2,0.0000,False,47,1.0000,0.2041,mid15-30m
kitti,000010,tfwd_2cm,tfwd,2.0000,5,Car,23.6431,0,0.0000,True,205,1.0000,0.0296,mid15-30m
kitti,000010,tfwd_2cm,tfwd,2.0000,6,Car,29.0770,2,0.0000,False,45,1.0000,0.0240,mid15-30m
kitti,000010,tfwd_2cm,tfwd,2.0000,7,Car,29.5982,1,0.0000,True,22,1.0000,0.1409,mid15-30m
kitti,000010,tfwd_2cm,tfwd,2.0000,8,Car,43.0856,1,0.0000,True,15,1.0000,0.0359,far>30m
kitti,000010,tleft_2cm,tleft,2.0000,0,Car,6.8312,0,0.8000,False,1511,0.1747,3.6295,near<15m
kitti,000010,tleft_2cm,tleft,2.0000,1,Car,12.0396,0,0.0000,True,998,1.0000,1.3367,near<15m
kitti,000010,tleft_2cm,tleft,2.0000,2,Pedestrian,24.9421,2,0.0000,False,23,1.0000,0.6205,mid15-30m
kitti,000010,tleft_2cm,tleft,2.0000,3,Car,17.5064,0,0.0000,True,327,1.0000,0.9454,mid15-30m
kitti,000010,tleft_2cm,tleft,2.0000,4,Car,23.0954,2,0.0000,False,47,1.0000,0.6870,mid15-30m
kitti,000010,tleft_2cm,tleft,2.0000,5,Car,23.6431,0,0.0000,True,205,1.0000,0.6401,mid15-30m
kitti,000010,tleft_2cm,tleft,2.0000,6,Car,29.0770,2,0.0000,False,45,1.0000,0.5040,mid15-30m
kitti,000010,tleft_2cm,tleft,2.0000,7,Car,29.5982,1,0.0000,True,22,1.0000,0.5262,mid15-30m
kitti,000010,tleft_2cm,tleft,2.0000,8,Car,43.0856,1,0.0000,True,15,1.0000,0.3425,far>30m
kitti,000010,tup_2cm,tup,2.0000,0,Car,6.8312,0,0.8000,False,1511,0.1760,3.6384,near<15m
kitti,000010,tup_2cm,tup,2.0000,1,Car,12.0396,0,0.0000,True,998,1.0000,1.3380,near<15m
kitti,000010,tup_2cm,tup,2.0000,2,Pedestrian,24.9421,2,0.0000,False,23,1.0000,0.6205,mid15-30m
kitti,000010,tup_2cm,tup,2.0000,3,Car,17.5064,0,0.0000,True,327,1.0000,0.9459,mid15-30m
kitti,000010,tup_2cm,tup,2.0000,4,Car,23.0954,2,0.0000,False,47,1.0000,0.6873,mid15-30m
kitti,000010,tup_2cm,tup,2.0000,5,Car,23.6431,0,0.0000,True,205,1.0000,0.6404,mid15-30m
kitti,000010,tup_2cm,tup,2.0000,6,Car,29.0770,2,0.0000,False,45,0.9111,0.5042,mid15-30m
kitti,000010,tup_2cm,tup,2.0000,7,Car,29.5982,1,0.0000,True,22,1.0000,0.5264,mid15-30m
kitti,000010,tup_2cm,tup,2.0000,8,Car,43.0856,1,0.0000,True,15,1.0000,0.3426,far>30m
kitti,000010,tfwd_5cm,tfwd,5.0000,0,Car,6.8312,0,0.8000,False,1511,0.1833,9.4973,near<15m
kitti,000010,tfwd_5cm,tfwd,5.0000,1,Car,12.0396,0,0.0000,True,998,1.0000,0.7621,near<15m
kitti,000010,tfwd_5cm,tfwd,5.0000,2,Pedestrian,24.9421,2,0.0000,False,23,1.0000,0.5608,mid15-30m
kitti,000010,tfwd_5cm,tfwd,5.0000,3,Car,17.5064,0,0.0000,True,327,1.0000,0.8797,mid15-30m
kitti,000010,tfwd_5cm,tfwd,5.0000,4,Car,23.0954,2,0.0000,False,47,1.0000,0.5094,mid15-30m
kitti,000010,tfwd_5cm,tfwd,5.0000,5,Car,23.6431,0,0.0000,True,205,1.0000,0.0739,mid15-30m
kitti,000010,tfwd_5cm,tfwd,5.0000,6,Car,29.0770,2,0.0000,False,45,1.0000,0.0599,mid15-30m
kitti,000010,tfwd_5cm,tfwd,5.0000,7,Car,29.5982,1,0.0000,True,22,1.0000,0.3518,mid15-30m
kitti,000010,tfwd_5cm,tfwd,5.0000,8,Car,43.0856,1,0.0000,True,15,1.0000,0.0898,far>30m
kitti,000010,tleft_5cm,tleft,5.0000,0,Car,6.8312,0,0.8000,False,1511,0.1800,9.0737,near<15m
kitti,000010,tleft_5cm,tleft,5.0000,1,Car,12.0396,0,0.0000,True,998,1.0000,3.3417,near<15m
kitti,000010,tleft_5cm,tleft,5.0000,2,Pedestrian,24.9421,2,0.0000,False,23,1.0000,1.5513,mid15-30m
kitti,000010,tleft_5cm,tleft,5.0000,3,Car,17.5064,0,0.0000,True,327,1.0000,2.3635,mid15-30m
kitti,000010,tleft_5cm,tleft,5.0000,4,Car,23.0954,2,0.0000,False,47,1.0000,1.7176,mid15-30m
kitti,000010,tleft_5cm,tleft,5.0000,5,Car,23.6431,0,0.0000,True,205,1.0000,1.6003,mid15-30m
kitti,000010,tleft_5cm,tleft,5.0000,6,Car,29.0770,2,0.0000,False,45,1.0000,1.2600,mid15-30m
kitti,000010,tleft_5cm,tleft,5.0000,7,Car,29.5982,1,0.0000,True,22,1.0000,1.3156,mid15-30m
kitti,000010,tleft_5cm,tleft,5.0000,8,Car,43.0856,1,0.0000,True,15,1.0000,0.8563,far>30m
kitti,000010,tup_5cm,tup,5.0000,0,Car,6.8312,0,0.8000,False,1511,0.1780,9.0952,near<15m
kitti,000010,tup_5cm,tup,5.0000,1,Car,12.0396,0,0.0000,True,998,1.0000,3.3448,near<15m
kitti,000010,tup_5cm,tup,5.0000,2,Pedestrian,24.9421,2,0.0000,False,23,1.0000,1.5513,mid15-30m
kitti,000010,tup_5cm,tup,5.0000,3,Car,17.5064,0,0.0000,True,327,1.0000,2.3648,mid15-30m
kitti,000010,tup_5cm,tup,5.0000,4,Car,23.0954,2,0.0000,False,47,1.0000,1.7181,mid15-30m
kitti,000010,tup_5cm,tup,5.0000,5,Car,23.6431,0,0.0000,True,205,1.0000,1.6010,mid15-30m
kitti,000010,tup_5cm,tup,5.0000,6,Car,29.0770,2,0.0000,False,45,0.8444,1.2604,mid15-30m
kitti,000010,tup_5cm,tup,5.0000,7,Car,29.5982,1,0.0000,True,22,1.0000,1.3159,mid15-30m
kitti,000010,tup_5cm,tup,5.0000,8,Car,43.0856,1,0.0000,True,15,1.0000,0.8565,far>30m
kitti,000010,tfwd_10cm,tfwd,10.0000,0,Car,6.8312,0,0.8000,False,1511,0.1946,18.7547,near<15m
kitti,000010,tfwd_10cm,tfwd,10.0000,1,Car,12.0396,0,0.0000,True,998,1.0000,1.5170,near<15m
kitti,000010,tfwd_10cm,tfwd,10.0000,2,Pedestrian,24.9421,2,0.0000,False,23,1.0000,1.1191,mid15-30m
kitti,000010,tfwd_10cm,tfwd,10.0000,3,Car,17.5064,0,0.0000,True,327,1.0000,1.7536,mid15-30m
kitti,000010,tfwd_10cm,tfwd,10.0000,4,Car,23.0954,2,0.0000,False,47,1.0000,1.0165,mid15-30m
kitti,000010,tfwd_10cm,tfwd,10.0000,5,Car,23.6431,0,0.0000,True,205,1.0000,0.1474,mid15-30m
kitti,000010,tfwd_10cm,tfwd,10.0000,6,Car,29.0770,2,0.0000,False,45,1.0000,0.1195,mid15-30m
kitti,000010,tfwd_10cm,tfwd,10.0000,7,Car,29.5982,1,0.0000,True,22,1.0000,0.7023,mid15-30m
kitti,000010,tfwd_10cm,tfwd,10.0000,8,Car,43.0856,1,0.0000,True,15,1.0000,0.1794,far>30m
kitti,000010,tleft_10cm,tleft,10.0000,0,Car,6.8312,0,0.8000,False,1511,0.1886,18.1475,near<15m
kitti,000010,tleft_10cm,tleft,10.0000,1,Car,12.0396,0,0.0000,True,998,1.0000,6.6834,near<15m
kitti,000010,tleft_10cm,tleft,10.0000,2,Pedestrian,24.9421,2,0.0000,False,23,1.0000,3.1026,mid15-30m
kitti,000010,tleft_10cm,tleft,10.0000,3,Car,17.5064,0,0.0000,True,327,1.0000,4.7269,mid15-30m
kitti,000010,tleft_10cm,tleft,10.0000,4,Car,23.0954,2,0.0000,False,47,1.0000,3.4351,mid15-30m
kitti,000010,tleft_10cm,tleft,10.0000,5,Car,23.6431,0,0.0000,True,205,1.0000,3.2006,mid15-30m
kitti,000010,tleft_10cm,tleft,10.0000,6,Car,29.0770,2,0.0000,False,45,1.0000,2.5201,mid15-30m
kitti,000010,tleft_10cm,tleft,10.0000,7,Car,29.5982,1,0.0000,True,22,1.0000,2.6311,mid15-30m
kitti,000010,tleft_10cm,tleft,10.0000,8,Car,43.0856,1,0.0000,True,15,1.0000,1.7126,far>30m
kitti,000010,tup_10cm,tup,10.0000,0,Car,6.8312,0,0.8000,False,1511,0.1880,18.1880,near<15m
kitti,000010,tup_10cm,tup,10.0000,1,Car,12.0396,0,0.0000,True,998,0.9880,6.6892,near<15m
kitti,000010,tup_10cm,tup,10.0000,2,Pedestrian,24.9421,2,0.0000,False,23,1.0000,3.1025,mid15-30m
kitti,000010,tup_10cm,tup,10.0000,3,Car,17.5064,0,0.0000,True,327,1.0000,4.7294,mid15-30m
kitti,000010,tup_10cm,tup,10.0000,4,Car,23.0954,2,0.0000,False,47,1.0000,3.4362,mid15-30m
kitti,000010,tup_10cm,tup,10.0000,5,Car,23.6431,0,0.0000,True,205,1.0000,3.2019,mid15-30m
kitti,000010,tup_10cm,tup,10.0000,6,Car,29.0770,2,0.0000,False,45,0.8444,2.5207,mid15-30m
kitti,000010,tup_10cm,tup,10.0000,7,Car,29.5982,1,0.0000,True,22,1.0000,2.6318,mid15-30m
kitti,000010,tup_10cm,tup,10.0000,8,Car,43.0856,1,0.0000,True,15,1.0000,1.7130,far>30m
kitti,000011,baseline,baseline,0.0000,0,Pedestrian,13.4112,1,0.0000,True,141,1.0000,0.0000,near<15m
kitti,000011,baseline,baseline,0.0000,1,Pedestrian,14.4824,2,0.0000,False,23,1.0000,0.0000,near<15m
kitti,000011,baseline,baseline,0.0000,2,Car,27.0960,0,0.0000,True,176,1.0000,0.0000,mid15-30m
kitti,000011,baseline,baseline,0.0000,3,Pedestrian,34.1509,0,0.0000,True,40,1.0000,0.0000,far>30m
kitti,000011,baseline,baseline,0.0000,4,Car,6.5781,0,0.9800,False,2751,0.0752,0.0000,near<15m
kitti,000011,baseline,baseline,0.0000,5,Pedestrian,17.8081,0,0.0000,True,74,1.0000,0.0000,mid15-30m
kitti,000011,yaw_0.5deg,yaw,0.5000,0,Pedestrian,13.4112,1,0.0000,True,141,0.9504,7.4737,near<15m
kitti,000011,yaw_0.5deg,yaw,0.5000,1,Pedestrian,14.4824,2,0.0000,False,23,1.0000,7.4835,near<15m
kitti,000011,yaw_0.5deg,yaw,0.5000,2,Car,27.0960,0,0.0000,True,176,0.9602,6.5953,mid15-30m
kitti,000011,yaw_0.5deg,yaw,0.5000,3,Pedestrian,34.1509,0,0.0000,True,40,0.5250,6.3695,far>30m
kitti,000011,yaw_0.5deg,yaw,0.5000,4,Car,6.5781,0,0.9800,False,2751,0.0625,19.7717,near<15m
kitti,000011,yaw_0.5deg,yaw,0.5000,5,Pedestrian,17.8081,0,0.0000,True,74,0.8378,7.9876,mid15-30m
kitti,000011,pitch_0.5deg,pitch,0.5000,0,Pedestrian,13.4112,1,0.0000,True,141,1.0000,6.4632,near<15m
kitti,000011,pitch_0.5deg,pitch,0.5000,1,Pedestrian,14.4824,2,0.0000,False,23,1.0000,6.4699,near<15m
kitti,000011,pitch_0.5deg,pitch,0.5000,2,Car,27.0960,0,0.0000,True,176,0.9432,6.3755,mid15-30m
kitti,000011,pitch_0.5deg,pitch,0.5000,3,Pedestrian,34.1509,0,0.0000,True,40,0.9000,6.3513,far>30m
kitti,000011,pitch_0.5deg,pitch,0.5000,4,Car,6.5781,0,0.9800,False,2751,0.0705,8.3681,near<15m
kitti,000011,pitch_0.5deg,pitch,0.5000,5,Pedestrian,17.8081,0,0.0000,True,74,1.0000,6.4419,mid15-30m
kitti,000011,roll_0.5deg,roll,0.5000,0,Pedestrian,13.4112,1,0.0000,True,141,1.0000,2.5938,near<15m
kitti,000011,roll_0.5deg,roll,0.5000,1,Pedestrian,14.4824,2,0.0000,False,23,1.0000,2.6317,near<15m
kitti,000011,roll_0.5deg,roll,0.5000,2,Car,27.0960,0,0.0000,True,176,1.0000,1.1945,mid15-30m
kitti,000011,roll_0.5deg,roll,0.5000,3,Pedestrian,34.1509,0,0.0000,True,40,1.0000,0.4052,far>30m
kitti,000011,roll_0.5deg,roll,0.5000,4,Car,6.5781,0,0.9800,False,2751,0.0785,8.7932,near<15m
kitti,000011,roll_0.5deg,roll,0.5000,5,Pedestrian,17.8081,0,0.0000,True,74,0.9730,3.1536,mid15-30m
kitti,000011,yaw_1.0deg,yaw,1.0000,0,Pedestrian,13.4112,1,0.0000,True,141,0.8369,14.8949,near<15m
kitti,000011,yaw_1.0deg,yaw,1.0000,1,Pedestrian,14.4824,2,0.0000,False,23,1.0000,14.9140,near<15m
kitti,000011,yaw_1.0deg,yaw,1.0000,2,Car,27.0960,0,0.0000,True,176,0.8580,13.2132,mid15-30m
kitti,000011,yaw_1.0deg,yaw,1.0000,3,Pedestrian,34.1509,0,0.0000,True,40,0.0750,12.7329,far>30m
kitti,000011,yaw_1.0deg,yaw,1.0000,4,Car,6.5781,0,0.9800,False,2751,0.0509,40.0961,near<15m
kitti,000011,yaw_1.0deg,yaw,1.0000,5,Pedestrian,17.8081,0,0.0000,True,74,0.3514,16.0467,mid15-30m
kitti,000011,pitch_1.0deg,pitch,1.0000,0,Pedestrian,13.4112,1,0.0000,True,141,0.9787,12.9337,near<15m
kitti,000011,pitch_1.0deg,pitch,1.0000,1,Pedestrian,14.4824,2,0.0000,False,23,0.8261,12.9494,near<15m
kitti,000011,pitch_1.0deg,pitch,1.0000,2,Car,27.0960,0,0.0000,True,176,0.8295,12.7562,mid15-30m
kitti,000011,pitch_1.0deg,pitch,1.0000,3,Pedestrian,34.1509,0,0.0000,True,40,0.8000,12.7059,far>30m
kitti,000011,pitch_1.0deg,pitch,1.0000,4,Car,6.5781,0,0.9800,False,2751,0.0658,16.8230,near<15m
kitti,000011,pitch_1.0deg,pitch,1.0000,5,Pedestrian,17.8081,0,0.0000,True,74,0.9730,12.8935,mid15-30m
kitti,000011,roll_1.0deg,roll,1.0000,0,Pedestrian,13.4112,1,0.0000,True,141,1.0000,5.1875,near<15m
kitti,000011,roll_1.0deg,roll,1.0000,1,Pedestrian,14.4824,2,0.0000,False,23,1.0000,5.2635,near<15m
kitti,000011,roll_1.0deg,roll,1.0000,2,Car,27.0960,0,0.0000,True,176,1.0000,2.3889,mid15-30m
kitti,000011,roll_1.0deg,roll,1.0000,3,Pedestrian,34.1509,0,0.0000,True,40,1.0000,0.8104,far>30m
kitti,000011,roll_1.0deg,roll,1.0000,4,Car,6.5781,0,0.9800,False,2751,0.0811,17.5851,near<15m
kitti,000011,roll_1.0deg,roll,1.0000,5,Pedestrian,17.8081,0,0.0000,True,74,0.9730,6.3070,mid15-30m
kitti,000011,yaw_2.0deg,yaw,2.0000,0,Pedestrian,13.4112,1,0.0000,True,141,0.2695,29.5864,near<15m
kitti,000011,yaw_2.0deg,yaw,2.0000,1,Pedestrian,14.4824,2,0.0000,False,23,0.6087,29.6226,near<15m
kitti,000011,yaw_2.0deg,yaw,2.0000,2,Car,27.0960,0,0.0000,True,176,0.6250,26.5214,mid15-30m
kitti,000011,yaw_2.0deg,yaw,2.0000,3,Pedestrian,34.1509,0,0.0000,True,40,0.0000,25.4455,far>30m
kitti,000011,yaw_2.0deg,yaw,2.0000,4,Car,6.5781,0,0.9800,False,2751,0.0280,82.5209,near<15m
kitti,000011,yaw_2.0deg,yaw,2.0000,5,Pedestrian,17.8081,0,0.0000,True,74,0.0000,32.3884,mid15-30m
kitti,000011,pitch_2.0deg,pitch,2.0000,0,Pedestrian,13.4112,1,0.0000,True,141,0.8085,25.9005,near<15m
kitti,000011,pitch_2.0deg,pitch,2.0000,1,Pedestrian,14.4824,2,0.0000,False,23,0.4783,25.9417,near<15m
kitti,000011,pitch_2.0deg,pitch,2.0000,2,Car,27.0960,0,0.0000,True,176,0.4432,25.5371,mid15-30m
kitti,000011,pitch_2.0deg,pitch,2.0000,3,Pedestrian,34.1509,0,0.0000,True,40,0.3750,25.4286,far>30m
kitti,000011,pitch_2.0deg,pitch,2.0000,4,Car,6.5781,0,0.9800,False,2751,0.0582,34.0050,near<15m
kitti,000011,pitch_2.0deg,pitch,2.0000,5,Pedestrian,17.8081,0,0.0000,True,74,0.7297,25.8300,mid15-30m
kitti,000011,roll_2.0deg,roll,2.0000,0,Pedestrian,13.4112,1,0.0000,True,141,0.9716,10.3751,near<15m
kitti,000011,roll_2.0deg,roll,2.0000,1,Pedestrian,14.4824,2,0.0000,False,23,1.0000,10.5270,near<15m
kitti,000011,roll_2.0deg,roll,2.0000,2,Car,27.0960,0,0.0000,True,176,0.9261,4.7776,mid15-30m
kitti,000011,roll_2.0deg,roll,2.0000,3,Pedestrian,34.1509,0,0.0000,True,40,1.0000,1.6208,far>30m
kitti,000011,roll_2.0deg,roll,2.0000,4,Car,6.5781,0,0.9800,False,2751,0.0840,35.1640,near<15m
kitti,000011,roll_2.0deg,roll,2.0000,5,Pedestrian,17.8081,0,0.0000,True,74,0.9189,12.6129,mid15-30m
kitti,000011,yaw_3.0deg,yaw,3.0000,0,Pedestrian,13.4112,1,0.0000,True,141,0.0426,44.0877,near<15m
kitti,000011,yaw_3.0deg,yaw,3.0000,1,Pedestrian,14.4824,2,0.0000,False,23,0.2174,44.1390,near<15m
kitti,000011,yaw_3.0deg,yaw,3.0000,2,Car,27.0960,0,0.0000,True,176,0.3750,39.9339,mid15-30m
kitti,000011,yaw_3.0deg,yaw,3.0000,3,Pedestrian,34.1509,0,0.0000,True,40,0.0000,38.1456,far>30m
kitti,000011,yaw_3.0deg,yaw,3.0000,4,Car,6.5781,0,0.9800,False,2751,0.0080,127.5316,near<15m
kitti,000011,yaw_3.0deg,yaw,3.0000,5,Pedestrian,17.8081,0,0.0000,True,74,0.0000,49.0438,mid15-30m
kitti,000011,pitch_3.0deg,pitch,3.0000,0,Pedestrian,13.4112,1,0.0000,True,141,0.7092,38.9092,near<15m
kitti,000011,pitch_3.0deg,pitch,3.0000,1,Pedestrian,14.4824,2,0.0000,False,23,0.3478,38.9858,near<15m
kitti,000011,pitch_3.0deg,pitch,3.0000,2,Car,27.0960,0,0.0000,True,176,0.2557,38.3507,mid15-30m
kitti,000011,pitch_3.0deg,pitch,3.0000,3,Pedestrian,34.1509,0,0.0000,True,40,0.0000,38.1761,far>30m
kitti,000011,pitch_3.0deg,pitch,3.0000,4,Car,6.5781,0,0.9800,False,2751,0.0480,51.5705,near<15m
kitti,000011,pitch_3.0deg,pitch,3.0000,5,Pedestrian,17.8081,0,0.0000,True,74,0.5270,38.8186,mid15-30m
kitti,000011,roll_3.0deg,roll,3.0000,0,Pedestrian,13.4112,1,0.0000,True,141,0.9291,15.5622,near<15m
kitti,000011,roll_3.0deg,roll,3.0000,1,Pedestrian,14.4824,2,0.0000,False,23,0.8261,15.7901,near<15m
kitti,000011,roll_3.0deg,roll,3.0000,2,Car,27.0960,0,0.0000,True,176,0.9034,7.1658,mid15-30m
kitti,000011,roll_3.0deg,roll,3.0000,3,Pedestrian,34.1509,0,0.0000,True,40,1.0000,2.4311,far>30m
kitti,000011,roll_3.0deg,roll,3.0000,4,Car,6.5781,0,0.9800,False,2751,0.0851,52.7353,near<15m
kitti,000011,roll_3.0deg,roll,3.0000,5,Pedestrian,17.8081,0,0.0000,True,74,0.7703,18.9173,mid15-30m
kitti,000011,tfwd_2cm,tfwd,2.0000,0,Pedestrian,13.4112,1,0.0000,True,141,1.0000,0.4840,near<15m
kitti,000011,tfwd_2cm,tfwd,2.0000,1,Pedestrian,14.4824,2,0.0000,False,23,1.0000,0.4547,near<15m
kitti,000011,tfwd_2cm,tfwd,2.0000,2,Car,27.0960,0,0.0000,True,176,1.0000,0.1052,mid15-30m
kitti,000011,tfwd_2cm,tfwd,2.0000,3,Pedestrian,34.1509,0,0.0000,True,40,1.0000,0.0278,far>30m
kitti,000011,tfwd_2cm,tfwd,2.0000,4,Car,6.5781,0,0.9800,False,2751,0.0789,6.0704,near<15m
kitti,000011,tfwd_2cm,tfwd,2.0000,5,Pedestrian,17.8081,0,0.0000,True,74,1.0000,0.4493,mid15-30m
kitti,000011,tleft_2cm,tleft,2.0000,0,Pedestrian,13.4112,1,0.0000,True,141,1.0000,1.1651,near<15m
kitti,000011,tleft_2cm,tleft,2.0000,1,Pedestrian,14.4824,2,0.0000,False,23,1.0000,1.0804,near<15m
kitti,000011,tleft_2cm,tleft,2.0000,2,Car,27.0960,0,0.0000,True,176,1.0000,0.5611,mid15-30m
kitti,000011,tleft_2cm,tleft,2.0000,3,Pedestrian,34.1509,0,0.0000,True,40,0.9500,0.4241,far>30m
kitti,000011,tleft_2cm,tleft,2.0000,4,Car,6.5781,0,0.9800,False,2751,0.0731,4.1167,near<15m
kitti,000011,tleft_2cm,tleft,2.0000,5,Pedestrian,17.8081,0,0.0000,True,74,1.0000,0.9056,mid15-30m
kitti,000011,tup_2cm,tup,2.0000,0,Pedestrian,13.4112,1,0.0000,True,141,1.0000,1.1655,near<15m
kitti,000011,tup_2cm,tup,2.0000,1,Pedestrian,14.4824,2,0.0000,False,23,1.0000,1.0811,near<15m
kitti,000011,tup_2cm,tup,2.0000,2,Car,27.0960,0,0.0000,True,176,1.0000,0.5613,mid15-30m
kitti,000011,tup_2cm,tup,2.0000,3,Pedestrian,34.1509,0,0.0000,True,40,1.0000,0.4242,far>30m
kitti,000011,tup_2cm,tup,2.0000,4,Car,6.5781,0,0.9800,False,2751,0.0778,4.1323,near<15m
kitti,000011,tup_2cm,tup,2.0000,5,Pedestrian,17.8081,0,0.0000,True,74,1.0000,0.9062,mid15-30m
kitti,000011,tfwd_5cm,tfwd,5.0000,0,Pedestrian,13.4112,1,0.0000,True,141,1.0000,1.2072,near<15m
kitti,000011,tfwd_5cm,tfwd,5.0000,1,Pedestrian,14.4824,2,0.0000,False,23,1.0000,1.1342,near<15m
kitti,000011,tfwd_5cm,tfwd,5.0000,2,Car,27.0960,0,0.0000,True,176,1.0000,0.2627,mid15-30m
kitti,000011,tfwd_5cm,tfwd,5.0000,3,Pedestrian,34.1509,0,0.0000,True,40,0.9750,0.0696,far>30m
kitti,000011,tfwd_5cm,tfwd,5.0000,4,Car,6.5781,0,0.9800,False,2751,0.0847,15.0296,near<15m
kitti,000011,tfwd_5cm,tfwd,5.0000,5,Pedestrian,17.8081,0,0.0000,True,74,1.0000,1.1211,mid15-30m
kitti,000011,tleft_5cm,tleft,5.0000,0,Pedestrian,13.4112,1,0.0000,True,141,0.9929,2.9127,near<15m
kitti,000011,tleft_5cm,tleft,5.0000,1,Pedestrian,14.4824,2,0.0000,False,23,1.0000,2.7011,near<15m
kitti,000011,tleft_5cm,tleft,5.0000,2,Car,27.0960,0,0.0000,True,176,1.0000,1.4028,mid15-30m
kitti,000011,tleft_5cm,tleft,5.0000,3,Pedestrian,34.1509,0,0.0000,True,40,0.9500,1.0604,far>30m
kitti,000011,tleft_5cm,tleft,5.0000,4,Car,6.5781,0,0.9800,False,2751,0.0683,10.2917,near<15m
kitti,000011,tleft_5cm,tleft,5.0000,5,Pedestrian,17.8081,0,0.0000,True,74,1.0000,2.2639,mid15-30m
kitti,000011,tup_5cm,tup,5.0000,0,Pedestrian,13.4112,1,0.0000,True,141,1.0000,2.9137,near<15m
kitti,000011,tup_5cm,tup,5.0000,1,Pedestrian,14.4824,2,0.0000,False,23,1.0000,2.7026,near<15m
kitti,000011,tup_5cm,tup,5.0000,2,Car,27.0960,0,0.0000,True,176,1.0000,1.4032,mid15-30m
kitti,000011,tup_5cm,tup,5.0000,3,Pedestrian,34.1509,0,0.0000,True,40,1.0000,1.0605,far>30m
kitti,000011,tup_5cm,tup,5.0000,4,Car,6.5781,0,0.9800,False,2751,0.0792,10.3298,near<15m
kitti,000011,tup_5cm,tup,5.0000,5,Pedestrian,17.8081,0,0.0000,True,74,1.0000,2.2654,mid15-30m
kitti,000011,tfwd_10cm,tfwd,10.0000,0,Pedestrian,13.4112,1,0.0000,True,141,0.9929,2.4047,near<15m
kitti,000011,tfwd_10cm,tfwd,10.0000,1,Pedestrian,14.4824,2,0.0000,False,23,1.0000,2.2600,near<15m
kitti,000011,tfwd_10cm,tfwd,10.0000,2,Car,27.0960,0,0.0000,True,176,1.0000,0.5243,mid15-30m
kitti,000011,tfwd_10cm,tfwd,10.0000,3,Pedestrian,34.1509,0,0.0000,True,40,0.9750,0.1389,far>30m
kitti,000011,tfwd_10cm,tfwd,10.0000,4,Car,6.5781,0,0.9800,False,2751,0.0916,29.5842,near<15m
kitti,000011,tfwd_10cm,tfwd,10.0000,5,Pedestrian,17.8081,0,0.0000,True,74,0.9865,2.2351,mid15-30m
kitti,000011,tleft_10cm,tleft,10.0000,0,Pedestrian,13.4112,1,0.0000,True,141,0.9787,5.8255,near<15m
kitti,000011,tleft_10cm,tleft,10.0000,1,Pedestrian,14.4824,2,0.0000,False,23,1.0000,5.4021,near<15m
kitti,000011,tleft_10cm,tleft,10.0000,2,Car,27.0960,0,0.0000,True,176,1.0000,2.8055,mid15-30m
kitti,000011,tleft_10cm,tleft,10.0000,3,Pedestrian,34.1509,0,0.0000,True,40,0.8750,2.1207,far>30m
kitti,000011,tleft_10cm,tleft,10.0000,4,Car,6.5781,0,0.9800,False,2751,0.0611,20.5834,near<15m
kitti,000011,tleft_10cm,tleft,10.0000,5,Pedestrian,17.8081,0,0.0000,True,74,0.9865,4.5278,mid15-30m
kitti,000011,tup_10cm,tup,10.0000,0,Pedestrian,13.4112,1,0.0000,True,141,1.0000,5.8272,near<15m
kitti,000011,tup_10cm,tup,10.0000,1,Pedestrian,14.4824,2,0.0000,False,23,1.0000,5.4049,near<15m
kitti,000011,tup_10cm,tup,10.0000,2,Car,27.0960,0,0.0000,True,176,1.0000,2.8063,mid15-30m
kitti,000011,tup_10cm,tup,10.0000,3,Pedestrian,34.1509,0,0.0000,True,40,1.0000,2.1209,far>30m
kitti,000011,tup_10cm,tup,10.0000,4,Car,6.5781,0,0.9800,False,2751,0.0851,20.6562,near<15m
kitti,000011,tup_10cm,tup,10.0000,5,Pedestrian,17.8081,0,0.0000,True,74,0.9730,4.5306,mid15-30m
kitti,000012,baseline,baseline,0.0000,0,Car,59.0827,0,0.0000,True,13,1.0000,0.0000,far>30m
kitti,000012,baseline,baseline,0.0000,1,Van,66.3108,0,0.0000,True,39,1.0000,0.0000,far>30m
kitti,000012,yaw_0.5deg,yaw,0.5000,0,Car,59.0827,0,0.0000,True,13,1.0000,6.3823,far>30m
kitti,000012,yaw_0.5deg,yaw,0.5000,1,Van,66.3108,0,0.0000,True,39,0.8974,6.5923,far>30m
kitti,000012,pitch_0.5deg,pitch,0.5000,0,Car,59.0827,0,0.0000,True,13,0.6923,6.3358,far>30m
kitti,000012,pitch_0.5deg,pitch,0.5000,1,Van,66.3108,0,0.0000,True,39,1.0000,6.3284,far>30m
kitti,000012,roll_0.5deg,roll,0.5000,0,Car,59.0827,0,0.0000,True,13,1.0000,0.6254,far>30m
kitti,000012,roll_0.5deg,roll,0.5000,1,Van,66.3108,0,0.0000,True,39,1.0000,1.2756,far>30m
kitti,000012,yaw_1.0deg,yaw,1.0000,0,Car,59.0827,0,0.0000,True,13,0.8462,12.7548,far>30m
kitti,000012,yaw_1.0deg,yaw,1.0000,1,Van,66.3108,0,0.0000,True,39,0.5897,13.2090,far>30m
kitti,000012,pitch_1.0deg,pitch,1.0000,0,Car,59.0827,0,0.0000,True,13,0.0769,12.6764,far>30m
kitti,000012,pitch_1.0deg,pitch,1.0000,1,Van,66.3108,0,0.0000,True,39,0.4615,12.6603,far>30m
kitti,000012,roll_1.0deg,roll,1.0000,0,Car,59.0827,0,0.0000,True,13,1.0000,1.2508,far>30m
kitti,000012,roll_1.0deg,roll,1.0000,1,Van,66.3108,0,0.0000,True,39,1.0000,2.5512,far>30m
kitti,000012,yaw_2.0deg,yaw,2.0000,0,Car,59.0827,0,0.0000,True,13,0.0769,25.4743,far>30m
kitti,000012,yaw_2.0deg,yaw,2.0000,1,Van,66.3108,0,0.0000,True,39,0.1026,26.5199,far>30m
kitti,000012,pitch_2.0deg,pitch,2.0000,0,Car,59.0827,0,0.0000,True,13,0.0000,25.3757,far>30m
kitti,000012,pitch_2.0deg,pitch,2.0000,1,Van,66.3108,0,0.0000,True,39,0.2821,25.3386,far>30m
kitti,000012,roll_2.0deg,roll,2.0000,0,Car,59.0827,0,0.0000,True,13,1.0000,2.5015,far>30m
kitti,000012,roll_2.0deg,roll,2.0000,1,Van,66.3108,0,0.0000,True,39,0.7179,5.1021,far>30m
kitti,000012,yaw_3.0deg,yaw,3.0000,0,Car,59.0827,0,0.0000,True,13,0.0000,38.1664,far>30m
kitti,000012,yaw_3.0deg,yaw,3.0000,1,Van,66.3108,0,0.0000,True,39,0.0000,39.9422,far>30m
kitti,000012,pitch_3.0deg,pitch,3.0000,0,Car,59.0827,0,0.0000,True,13,0.0000,38.1060,far>30m
kitti,000012,pitch_3.0deg,pitch,3.0000,1,Van,66.3108,0,0.0000,True,39,0.0000,38.0429,far>30m
kitti,000012,roll_3.0deg,roll,3.0000,0,Car,59.0827,0,0.0000,True,13,1.0000,3.7521,far>30m
kitti,000012,roll_3.0deg,roll,3.0000,1,Van,66.3108,0,0.0000,True,39,0.7179,7.6525,far>30m
kitti,000012,tfwd_2cm,tfwd,2.0000,0,Car,59.0827,0,0.0000,True,13,1.0000,0.0252,far>30m
kitti,000012,tfwd_2cm,tfwd,2.0000,1,Van,66.3108,0,0.0000,True,39,1.0000,0.0458,far>30m
kitti,000012,tleft_2cm,tleft,2.0000,0,Car,59.0827,0,0.0000,True,13,1.0000,0.2523,far>30m
kitti,000012,tleft_2cm,tleft,2.0000,1,Van,66.3108,0,0.0000,True,39,1.0000,0.2271,far>30m
kitti,000012,tup_2cm,tup,2.0000,0,Car,59.0827,0,0.0000,True,13,1.0000,0.2523,far>30m
kitti,000012,tup_2cm,tup,2.0000,1,Van,66.3108,0,0.0000,True,39,1.0000,0.2272,far>30m
kitti,000012,tfwd_5cm,tfwd,5.0000,0,Car,59.0827,0,0.0000,True,13,1.0000,0.0630,far>30m
kitti,000012,tfwd_5cm,tfwd,5.0000,1,Van,66.3108,0,0.0000,True,39,1.0000,0.1144,far>30m
kitti,000012,tleft_5cm,tleft,5.0000,0,Car,59.0827,0,0.0000,True,13,1.0000,0.6307,far>30m
kitti,000012,tleft_5cm,tleft,5.0000,1,Van,66.3108,0,0.0000,True,39,1.0000,0.5679,far>30m
kitti,000012,tup_5cm,tup,5.0000,0,Car,59.0827,0,0.0000,True,13,1.0000,0.6309,far>30m
kitti,000012,tup_5cm,tup,5.0000,1,Van,66.3108,0,0.0000,True,39,1.0000,0.5680,far>30m
kitti,000012,tfwd_10cm,tfwd,10.0000,0,Car,59.0827,0,0.0000,True,13,1.0000,0.1259,far>30m
kitti,000012,tfwd_10cm,tfwd,10.0000,1,Van,66.3108,0,0.0000,True,39,1.0000,0.2287,far>30m
kitti,000012,tleft_10cm,tleft,10.0000,0,Car,59.0827,0,0.0000,True,13,1.0000,1.2614,far>30m
kitti,000012,tleft_10cm,tleft,10.0000,1,Van,66.3108,0,0.0000,True,39,1.0000,1.1357,far>30m
kitti,000012,tup_10cm,tup,10.0000,0,Car,59.0827,0,0.0000,True,13,1.0000,1.2617,far>30m
kitti,000012,tup_10cm,tup,10.0000,1,Van,66.3108,0,0.0000,True,39,1.0000,1.1359,far>30m
kitti,000015,baseline,baseline,0.0000,0,Car,4.9369,0,0.8900,False,5445,0.3006,0.0000,near<15m
kitti,000015,baseline,baseline,0.0000,1,Pedestrian,8.9538,1,0.0000,True,357,0.9748,0.0000,near<15m
kitti,000015,baseline,baseline,0.0000,2,Pedestrian,24.2650,0,0.0000,True,51,0.8824,0.0000,mid15-30m
kitti,000015,baseline,baseline,0.0000,3,Pedestrian,24.4438,0,0.0000,True,68,0.8382,0.0000,mid15-30m
kitti,000015,baseline,baseline,0.0000,4,Pedestrian,23.3687,0,0.0000,True,63,1.0000,0.0000,mid15-30m
kitti,000015,yaw_0.5deg,yaw,0.5000,0,Car,4.9369,0,0.8900,False,5445,0.2961,12.0302,near<15m
kitti,000015,yaw_0.5deg,yaw,0.5000,1,Pedestrian,8.9538,1,0.0000,True,357,0.8627,8.8529,near<15m
kitti,000015,yaw_0.5deg,yaw,0.5000,2,Pedestrian,24.2650,0,0.0000,True,51,0.3529,6.4011,mid15-30m
kitti,000015,yaw_0.5deg,yaw,0.5000,3,Pedestrian,24.4438,0,0.0000,True,68,0.4412,6.4439,mid15-30m
kitti,000015,yaw_0.5deg,yaw,0.5000,4,Pedestrian,23.3687,0,0.0000,True,63,0.7460,6.3793,mid15-30m
kitti,000015,pitch_0.5deg,pitch,0.5000,0,Car,4.9369,0,0.8900,False,5445,0.2821,8.0961,near<15m
kitti,000015,pitch_0.5deg,pitch,0.5000,1,Pedestrian,8.9538,1,0.0000,True,357,0.9776,6.5769,near<15m
kitti,000015,pitch_0.5deg,pitch,0.5000,2,Pedestrian,24.2650,0,0.0000,True,51,0.8824,6.3464,mid15-30m
kitti,000015,pitch_0.5deg,pitch,0.5000,3,Pedestrian,24.4438,0,0.0000,True,68,0.8529,6.3476,mid15-30m
kitti,000015,pitch_0.5deg,pitch,0.5000,4,Pedestrian,23.3687,0,0.0000,True,63,1.0000,6.3426,mid15-30m
kitti,000015,roll_0.5deg,roll,0.5000,0,Car,4.9369,0,0.8900,False,5445,0.3100,5.7357,near<15m
kitti,000015,roll_0.5deg,roll,0.5000,1,Pedestrian,8.9538,1,0.0000,True,357,0.9720,3.8781,near<15m
kitti,000015,roll_0.5deg,roll,0.5000,2,Pedestrian,24.2650,0,0.0000,True,51,0.8824,0.6524,mid15-30m
kitti,000015,roll_0.5deg,roll,0.5000,3,Pedestrian,24.4438,0,0.0000,True,68,0.8382,0.8326,mid15-30m
kitti,000015,roll_0.5deg,roll,0.5000,4,Pedestrian,23.3687,0,0.0000,True,63,1.0000,0.5381,mid15-30m
kitti,000015,yaw_1.0deg,yaw,1.0000,0,Car,4.9369,0,0.8900,False,5445,0.2918,24.2712,near<15m
kitti,000015,yaw_1.0deg,yaw,1.0000,1,Pedestrian,8.9538,1,0.0000,True,357,0.6919,17.6112,near<15m
kitti,000015,yaw_1.0deg,yaw,1.0000,2,Pedestrian,24.2650,0,0.0000,True,51,0.0000,12.7914,mid15-30m
kitti,000015,yaw_1.0deg,yaw,1.0000,3,Pedestrian,24.4438,0,0.0000,True,68,0.0882,12.8735,mid15-30m
kitti,000015,yaw_1.0deg,yaw,1.0000,4,Pedestrian,23.3687,0,0.0000,True,63,0.2540,12.7681,mid15-30m
kitti,000015,pitch_1.0deg,pitch,1.0000,0,Car,4.9369,0,0.8900,False,5445,0.2623,16.2628,near<15m
kitti,000015,pitch_1.0deg,pitch,1.0000,1,Pedestrian,8.9538,1,0.0000,True,357,0.9804,13.1656,near<15m
kitti,000015,pitch_1.0deg,pitch,1.0000,2,Pedestrian,24.2650,0,0.0000,True,51,0.7647,12.6964,mid15-30m
kitti,000015,pitch_1.0deg,pitch,1.0000,3,Pedestrian,24.4438,0,0.0000,True,68,0.7059,12.6988,mid15-30m
kitti,000015,pitch_1.0deg,pitch,1.0000,4,Pedestrian,23.3687,0,0.0000,True,63,0.8889,12.6883,mid15-30m
kitti,000015,roll_1.0deg,roll,1.0000,0,Car,4.9369,0,0.8900,False,5445,0.3177,11.4714,near<15m
kitti,000015,roll_1.0deg,roll,1.0000,1,Pedestrian,8.9538,1,0.0000,True,357,0.9692,7.7561,near<15m
kitti,000015,roll_1.0deg,roll,1.0000,2,Pedestrian,24.2650,0,0.0000,True,51,0.8824,1.3048,mid15-30m
kitti,000015,roll_1.0deg,roll,1.0000,3,Pedestrian,24.4438,0,0.0000,True,68,0.8382,1.6652,mid15-30m
kitti,000015,roll_1.0deg,roll,1.0000,4,Pedestrian,23.3687,0,0.0000,True,63,1.0000,1.0762,mid15-30m
kitti,000015,yaw_2.0deg,yaw,2.0000,0,Car,4.9369,0,0.8900,False,5445,0.2841,49.4189,near<15m
kitti,000015,yaw_2.0deg,yaw,2.0000,1,Pedestrian,8.9538,1,0.0000,True,357,0.3025,34.8555,near<15m
kitti,000015,yaw_2.0deg,yaw,2.0000,2,Pedestrian,24.2650,0,0.0000,True,51,0.0000,25.5434,mid15-30m
kitti,000015,yaw_2.0deg,yaw,2.0000,3,Pedestrian,24.4438,0,0.0000,True,68,0.0000,25.6941,mid15-30m
kitti,000015,yaw_2.0deg,yaw,2.0000,4,Pedestrian,23.3687,0,0.0000,True,63,0.0000,25.5779,mid15-30m
kitti,000015,pitch_2.0deg,pitch,2.0000,0,Car,4.9369,0,0.8900,False,5445,0.2250,32.8180,near<15m
kitti,000015,pitch_2.0deg,pitch,2.0000,1,Pedestrian,8.9538,1,0.0000,True,357,0.9384,26.3838,near<15m
kitti,000015,pitch_2.0deg,pitch,2.0000,2,Pedestrian,24.2650,0,0.0000,True,51,0.5490,25.4110,mid15-30m
kitti,000015,pitch_2.0deg,pitch,2.0000,3,Pedestrian,24.4438,0,0.0000,True,68,0.4559,25.4162,mid15-30m
kitti,000015,pitch_2.0deg,pitch,2.0000,4,Pedestrian,23.3687,0,0.0000,True,63,0.5873,25.3931,mid15-30m
kitti,000015,roll_2.0deg,roll,2.0000,0,Car,4.9369,0,0.8900,False,5445,0.3339,22.9422,near<15m
kitti,000015,roll_2.0deg,roll,2.0000,1,Pedestrian,8.9538,1,0.0000,True,357,0.9580,15.5113,near<15m
kitti,000015,roll_2.0deg,roll,2.0000,2,Pedestrian,24.2650,0,0.0000,True,51,0.8431,2.6095,mid15-30m
kitti,000015,roll_2.0deg,roll,2.0000,3,Pedestrian,24.4438,0,0.0000,True,68,0.8088,3.3302,mid15-30m
kitti,000015,roll_2.0deg,roll,2.0000,4,Pedestrian,23.3687,0,0.0000,True,63,1.0000,2.1522,mid15-30m
kitti,000015,yaw_3.0deg,yaw,3.0000,0,Car,4.9369,0,0.8900,False,5445,0.2777,75.5151,near<15m
kitti,000015,yaw_3.0deg,yaw,3.0000,1,Pedestrian,8.9538,1,0.0000,True,357,0.0364,51.7549,near<15m
kitti,000015,yaw_3.0deg,yaw,3.0000,2,Pedestrian,24.2650,0,0.0000,True,51,0.0000,38.2641,mid15-30m
kitti,000015,yaw_3.0deg,yaw,3.0000,3,Pedestrian,24.4438,0,0.0000,True,68,0.0000,38.4701,mid15-30m
kitti,000015,yaw_3.0deg,yaw,3.0000,4,Pedestrian,23.3687,0,0.0000,True,63,0.0000,38.4375,mid15-30m
kitti,000015,pitch_3.0deg,pitch,3.0000,0,Car,4.9369,0,0.8900,False,5445,0.1881,49.6864,near<15m
kitti,000015,pitch_3.0deg,pitch,3.0000,1,Pedestrian,8.9538,1,0.0000,True,357,0.8852,39.6645,near<15m
kitti,000015,pitch_3.0deg,pitch,3.0000,2,Pedestrian,24.2650,0,0.0000,True,51,0.2157,38.1518,mid15-30m
kitti,000015,pitch_3.0deg,pitch,3.0000,3,Pedestrian,24.4438,0,0.0000,True,68,0.2059,38.1603,mid15-30m
kitti,000015,pitch_3.0deg,pitch,3.0000,4,Pedestrian,23.3687,0,0.0000,True,63,0.1905,38.1224,mid15-30m
kitti,000015,roll_3.0deg,roll,3.0000,0,Car,4.9369,0,0.8900,False,5445,0.3363,34.4115,near<15m
kitti,000015,roll_3.0deg,roll,3.0000,1,Pedestrian,8.9538,1,0.0000,True,357,0.9272,23.2651,near<15m
kitti,000015,roll_3.0deg,roll,3.0000,2,Pedestrian,24.2650,0,0.0000,True,51,0.8039,3.9139,mid15-30m
kitti,000015,roll_3.0deg,roll,3.0000,3,Pedestrian,24.4438,0,0.0000,True,68,0.8088,4.9950,mid15-30m
kitti,000015,roll_3.0deg,roll,3.0000,4,Pedestrian,23.3687,0,0.0000,True,63,1.0000,3.2281,mid15-30m
kitti,000015,tfwd_2cm,tfwd,2.0000,0,Car,4.9369,0,0.8900,False,5445,0.3038,4.6790,near<15m
kitti,000015,tfwd_2cm,tfwd,2.0000,1,Pedestrian,8.9538,1,0.0000,True,357,0.9720,1.1862,near<15m
kitti,000015,tfwd_2cm,tfwd,2.0000,2,Pedestrian,24.2650,0,0.0000,True,51,0.8824,0.0627,mid15-30m
kitti,000015,tfwd_2cm,tfwd,2.0000,3,Pedestrian,24.4438,0,0.0000,True,68,0.8382,0.0796,mid15-30m
kitti,000015,tfwd_2cm,tfwd,2.0000,4,Pedestrian,23.3687,0,0.0000,True,63,1.0000,0.0510,mid15-30m
kitti,000015,tleft_2cm,tleft,2.0000,0,Car,4.9369,0,0.8900,False,5445,0.2995,4.7884,near<15m
kitti,000015,tleft_2cm,tleft,2.0000,1,Pedestrian,8.9538,1,0.0000,True,357,0.9664,1.9096,near<15m
kitti,000015,tleft_2cm,tleft,2.0000,2,Pedestrian,24.2650,0,0.0000,True,51,0.8627,0.5944,mid15-30m
kitti,000015,tleft_2cm,tleft,2.0000,3,Pedestrian,24.4438,0,0.0000,True,68,0.8235,0.5929,mid15-30m
kitti,000015,tleft_2cm,tleft,2.0000,4,Pedestrian,23.3687,0,0.0000,True,63,1.0000,0.6161,mid15-30m
kitti,000015,tup_2cm,tup,2.0000,0,Car,4.9369,0,0.8900,False,5445,0.3107,4.8044,near<15m
kitti,000015,tup_2cm,tup,2.0000,1,Pedestrian,8.9538,1,0.0000,True,357,0.9748,1.9034,near<15m
kitti,000015,tup_2cm,tup,2.0000,2,Pedestrian,24.2650,0,0.0000,True,51,0.8824,0.5940,mid15-30m
kitti,000015,tup_2cm,tup,2.0000,3,Pedestrian,24.4438,0,0.0000,True,68,0.8382,0.5925,mid15-30m
kitti,000015,tup_2cm,tup,2.0000,4,Pedestrian,23.3687,0,0.0000,True,63,1.0000,0.6163,mid15-30m
kitti,000015,tfwd_5cm,tfwd,5.0000,0,Car,4.9369,0,0.8900,False,5445,0.3091,11.5641,near<15m
kitti,000015,tfwd_5cm,tfwd,5.0000,1,Pedestrian,8.9538,1,0.0000,True,357,0.9580,2.9538,near<15m
kitti,000015,tfwd_5cm,tfwd,5.0000,2,Pedestrian,24.2650,0,0.0000,True,51,0.8824,0.1565,mid15-30m
kitti,000015,tfwd_5cm,tfwd,5.0000,3,Pedestrian,24.4438,0,0.0000,True,68,0.8382,0.1988,mid15-30m
kitti,000015,tfwd_5cm,tfwd,5.0000,4,Pedestrian,23.3687,0,0.0000,True,63,1.0000,0.1275,mid15-30m
kitti,000015,tleft_5cm,tleft,5.0000,0,Car,4.9369,0,0.8900,False,5445,0.2988,11.9703,near<15m
kitti,000015,tleft_5cm,tleft,5.0000,1,Pedestrian,8.9538,1,0.0000,True,357,0.9328,4.7738,near<15m
kitti,000015,tleft_5cm,tleft,5.0000,2,Pedestrian,24.2650,0,0.0000,True,51,0.8039,1.4860,mid15-30m
kitti,000015,tleft_5cm,tleft,5.0000,3,Pedestrian,24.4438,0,0.0000,True,68,0.7647,1.4823,mid15-30m
kitti,000015,tleft_5cm,tleft,5.0000,4,Pedestrian,23.3687,0,0.0000,True,63,0.9524,1.5402,mid15-30m
kitti,000015,tup_5cm,tup,5.0000,0,Car,4.9369,0,0.8900,False,5445,0.3258,12.0114,near<15m
kitti,000015,tup_5cm,tup,5.0000,1,Pedestrian,8.9538,1,0.0000,True,357,0.9748,4.7586,near<15m
kitti,000015,tup_5cm,tup,5.0000,2,Pedestrian,24.2650,0,0.0000,True,51,0.8824,1.4851,mid15-30m
kitti,000015,tup_5cm,tup,5.0000,3,Pedestrian,24.4438,0,0.0000,True,68,0.8382,1.4812,mid15-30m
kitti,000015,tup_5cm,tup,5.0000,4,Pedestrian,23.3687,0,0.0000,True,63,1.0000,1.5407,mid15-30m
kitti,000015,tfwd_10cm,tfwd,10.0000,0,Car,4.9369,0,0.8900,False,5445,0.3183,22.6971,near<15m
kitti,000015,tfwd_10cm,tfwd,10.0000,1,Pedestrian,8.9538,1,0.0000,True,357,0.9188,5.8689,near<15m
kitti,000015,tfwd_10cm,tfwd,10.0000,2,Pedestrian,24.2650,0,0.0000,True,51,0.8627,0.3124,mid15-30m
kitti,000015,tfwd_10cm,tfwd,10.0000,3,Pedestrian,24.4438,0,0.0000,True,68,0.8382,0.3969,mid15-30m
kitti,000015,tfwd_10cm,tfwd,10.0000,4,Pedestrian,23.3687,0,0.0000,True,63,1.0000,0.2544,mid15-30m
kitti,000015,tleft_10cm,tleft,10.0000,0,Car,4.9369,0,0.8900,False,5445,0.2972,23.9384,near<15m
kitti,000015,tleft_10cm,tleft,10.0000,1,Pedestrian,8.9538,1,0.0000,True,357,0.8459,9.5474,near<15m
kitti,000015,tleft_10cm,tleft,10.0000,2,Pedestrian,24.2650,0,0.0000,True,51,0.6863,2.9719,mid15-30m
kitti,000015,tleft_10cm,tleft,10.0000,3,Pedestrian,24.4438,0,0.0000,True,68,0.6765,2.9645,mid15-30m
kitti,000015,tleft_10cm,tleft,10.0000,4,Pedestrian,23.3687,0,0.0000,True,63,0.9206,3.0804,mid15-30m
kitti,000015,tup_10cm,tup,10.0000,0,Car,4.9369,0,0.8900,False,5445,0.3434,24.0241,near<15m
kitti,000015,tup_10cm,tup,10.0000,1,Pedestrian,8.9538,1,0.0000,True,357,0.9748,9.5174,near<15m
kitti,000015,tup_10cm,tup,10.0000,2,Pedestrian,24.2650,0,0.0000,True,51,0.8824,2.9703,mid15-30m
kitti,000015,tup_10cm,tup,10.0000,3,Pedestrian,24.4438,0,0.0000,True,68,0.8382,2.9624,mid15-30m
kitti,000015,tup_10cm,tup,10.0000,4,Pedestrian,23.3687,0,0.0000,True,63,1.0000,3.0814,mid15-30m
kitti,000016,baseline,baseline,0.0000,0,Car,44.6072,2,0.0000,False,24,1.0000,0.0000,far>30m
kitti,000016,baseline,baseline,0.0000,1,Truck,28.0599,2,0.0000,False,1973,1.0000,0.0000,mid15-30m
kitti,000016,baseline,baseline,0.0000,2,Car,33.4451,0,0.0000,True,46,1.0000,0.0000,far>30m
kitti,000016,baseline,baseline,0.0000,3,Car,7.0761,0,0.5000,False,1993,0.8680,0.0000,near<15m
kitti,000016,baseline,baseline,0.0000,4,Car,47.1775,0,0.0000,True,10,1.0000,0.0000,far>30m
kitti,000016,yaw_0.5deg,yaw,0.5000,0,Car,44.6072,2,0.0000,False,24,0.7500,6.3831,far>30m
kitti,000016,yaw_0.5deg,yaw,0.5000,1,Truck,28.0599,2,0.0000,False,1973,0.9954,7.6079,mid15-30m
kitti,000016,yaw_0.5deg,yaw,0.5000,2,Car,33.4451,0,0.0000,True,46,0.8913,6.4554,far>30m
kitti,000016,yaw_0.5deg,yaw,0.5000,3,Car,7.0761,0,0.5000,False,1993,0.8404,9.3601,near<15m
kitti,000016,yaw_0.5deg,yaw,0.5000,4,Car,47.1775,0,0.0000,True,10,0.8000,6.4663,far>30m
kitti,000016,pitch_0.5deg,pitch,0.5000,0,Car,44.6072,2,0.0000,False,24,0.6250,6.3424,far>30m
kitti,000016,pitch_0.5deg,pitch,0.5000,1,Truck,28.0599,2,0.0000,False,1973,1.0000,6.3813,mid15-30m
kitti,000016,pitch_0.5deg,pitch,0.5000,2,Car,33.4451,0,0.0000,True,46,0.9130,6.3573,far>30m
kitti,000016,pitch_0.5deg,pitch,0.5000,3,Car,7.0761,0,0.5000,False,1993,0.8404,6.9291,near<15m
kitti,000016,pitch_0.5deg,pitch,0.5000,4,Car,47.1775,0,0.0000,True,10,0.4000,6.3439,far>30m
kitti,000016,roll_0.5deg,roll,0.5000,0,Car,44.6072,2,0.0000,False,24,1.0000,0.5621,far>30m
kitti,000016,roll_0.5deg,roll,0.5000,1,Truck,28.0599,2,0.0000,False,1973,1.0000,2.6585,mid15-30m
kitti,000016,roll_0.5deg,roll,0.5000,2,Car,33.4451,0,0.0000,True,46,1.0000,0.8311,far>30m
kitti,000016,roll_0.5deg,roll,0.5000,3,Car,7.0761,0,0.5000,False,1993,0.8796,4.1825,near<15m
kitti,000016,roll_0.5deg,roll,0.5000,4,Car,47.1775,0,0.0000,True,10,1.0000,0.8952,far>30m
kitti,000016,yaw_1.0deg,yaw,1.0000,0,Car,44.6072,2,0.0000,False,24,0.4583,12.7573,far>30m
kitti,000016,yaw_1.0deg,yaw,1.0000,1,Truck,28.0599,2,0.0000,False,1973,0.9792,15.2750,mid15-30m
kitti,000016,yaw_1.0deg,yaw,1.0000,2,Car,33.4451,0,0.0000,True,46,0.7174,12.8970,far>30m
kitti,000016,yaw_1.0deg,yaw,1.0000,3,Car,7.0761,0,0.5000,False,1993,0.8083,18.8324,near<15m
kitti,000016,yaw_1.0deg,yaw,1.0000,4,Car,47.1775,0,0.0000,True,10,0.7000,12.9495,far>30m
kitti,000016,pitch_1.0deg,pitch,1.0000,0,Car,44.6072,2,0.0000,False,24,0.0000,12.6886,far>30m
kitti,000016,pitch_1.0deg,pitch,1.0000,1,Truck,28.0599,2,0.0000,False,1973,1.0000,12.7654,mid15-30m
kitti,000016,pitch_1.0deg,pitch,1.0000,2,Car,33.4451,0,0.0000,True,46,0.8261,12.7185,far>30m
kitti,000016,pitch_1.0deg,pitch,1.0000,3,Car,7.0761,0,0.5000,False,1993,0.8093,13.8869,near<15m
kitti,000016,pitch_1.0deg,pitch,1.0000,4,Car,47.1775,0,0.0000,True,10,0.0000,12.6927,far>30m
kitti,000016,roll_1.0deg,roll,1.0000,0,Car,44.6072,2,0.0000,False,24,1.0000,1.1243,far>30m
kitti,000016,roll_1.0deg,roll,1.0000,1,Truck,28.0599,2,0.0000,False,1973,1.0000,5.3168,mid15-30m
kitti,000016,roll_1.0deg,roll,1.0000,2,Car,33.4451,0,0.0000,True,46,1.0000,1.6622,far>30m
kitti,000016,roll_1.0deg,roll,1.0000,3,Car,7.0761,0,0.5000,False,1993,0.8886,8.3646,near<15m
kitti,000016,roll_1.0deg,roll,1.0000,4,Car,47.1775,0,0.0000,True,10,1.0000,1.7903,far>30m
kitti,000016,yaw_2.0deg,yaw,2.0000,0,Car,44.6072,2,0.0000,False,24,0.0000,25.4830,far>30m
kitti,000016,yaw_2.0deg,yaw,2.0000,1,Truck,28.0599,2,0.0000,False,1973,0.9488,30.7948,mid15-30m
kitti,000016,yaw_2.0deg,yaw,2.0000,2,Car,33.4451,0,0.0000,True,46,0.4130,25.7426,far>30m
kitti,000016,yaw_2.0deg,yaw,2.0000,3,Car,7.0761,0,0.5000,False,1993,0.7451,38.1283,near<15m
kitti,000016,yaw_2.0deg,yaw,2.0000,4,Car,47.1775,0,0.0000,True,10,0.1000,25.9703,far>30m
kitti,000016,pitch_2.0deg,pitch,2.0000,0,Car,44.6072,2,0.0000,False,24,0.0000,25.3964,far>30m
kitti,000016,pitch_2.0deg,pitch,2.0000,1,Truck,28.0599,2,0.0000,False,1973,0.9792,25.5469,mid15-30m
kitti,000016,pitch_2.0deg,pitch,2.0000,2,Car,33.4451,0,0.0000,True,46,0.0870,25.4566,far>30m
kitti,000016,pitch_2.0deg,pitch,2.0000,3,Car,7.0761,0,0.5000,False,1993,0.7396,27.8947,near<15m
kitti,000016,pitch_2.0deg,pitch,2.0000,4,Car,47.1775,0,0.0000,True,10,0.0000,25.4091,far>30m
kitti,000016,roll_2.0deg,roll,2.0000,0,Car,44.6072,2,0.0000,False,24,1.0000,2.2485,far>30m
kitti,000016,roll_2.0deg,roll,2.0000,1,Truck,28.0599,2,0.0000,False,1973,1.0000,10.6328,mid15-30m
kitti,000016,roll_2.0deg,roll,2.0000,2,Car,33.4451,0,0.0000,True,46,1.0000,3.3244,far>30m
kitti,000016,roll_2.0deg,roll,2.0000,3,Car,7.0761,0,0.5000,False,1993,0.8976,16.7275,near<15m
kitti,000016,roll_2.0deg,roll,2.0000,4,Car,47.1775,0,0.0000,True,10,1.0000,3.5805,far>30m
kitti,000016,yaw_3.0deg,yaw,3.0000,0,Car,44.6072,2,0.0000,False,24,0.0000,38.1849,far>30m
kitti,000016,yaw_3.0deg,yaw,3.0000,1,Truck,28.0599,2,0.0000,False,1973,0.9133,46.5755,mid15-30m
kitti,000016,yaw_3.0deg,yaw,3.0000,2,Car,33.4451,0,0.0000,True,46,0.0000,38.5450,far>30m
kitti,000016,yaw_3.0deg,yaw,3.0000,3,Car,7.0761,0,0.5000,False,1993,0.6854,57.9191,near<15m
kitti,000016,yaw_3.0deg,yaw,3.0000,4,Car,47.1775,0,0.0000,True,10,0.0000,39.0713,far>30m
kitti,000016,pitch_3.0deg,pitch,3.0000,0,Car,44.6072,2,0.0000,False,24,0.0000,38.1311,far>30m
kitti,000016,pitch_3.0deg,pitch,3.0000,1,Truck,28.0599,2,0.0000,False,1973,0.8784,38.3528,mid15-30m
kitti,000016,pitch_3.0deg,pitch,3.0000,2,Car,33.4451,0,0.0000,True,46,0.0000,38.2225,far>30m
kitti,000016,pitch_3.0deg,pitch,3.0000,3,Car,7.0761,0,0.5000,False,1993,0.6533,42.0354,near<15m
kitti,000016,pitch_3.0deg,pitch,3.0000,4,Car,47.1775,0,0.0000,True,10,0.0000,38.1573,far>30m
kitti,000016,roll_3.0deg,roll,3.0000,0,Car,44.6072,2,0.0000,False,24,0.8750,3.3725,far>30m
kitti,000016,roll_3.0deg,roll,3.0000,1,Truck,28.0599,2,0.0000,False,1973,1.0000,15.9475,mid15-30m
kitti,000016,roll_3.0deg,roll,3.0000,2,Car,33.4451,0,0.0000,True,46,0.9130,4.9864,far>30m
kitti,000016,roll_3.0deg,roll,3.0000,3,Car,7.0761,0,0.5000,False,1993,0.8675,25.0881,near<15m
kitti,000016,roll_3.0deg,roll,3.0000,4,Car,47.1775,0,0.0000,True,10,1.0000,5.3703,far>30m
kitti,000016,tfwd_2cm,tfwd,2.0000,0,Car,44.6072,2,0.0000,False,24,1.0000,0.0307,far>30m
kitti,000016,tfwd_2cm,tfwd,2.0000,1,Truck,28.0599,2,0.0000,False,1973,1.0000,0.2830,mid15-30m
kitti,000016,tfwd_2cm,tfwd,2.0000,2,Car,33.4451,0,0.0000,True,46,1.0000,0.0615,far>30m
kitti,000016,tfwd_2cm,tfwd,2.0000,3,Car,7.0761,0,0.5000,False,1993,0.8736,1.8510,near<15m
kitti,000016,tfwd_2cm,tfwd,2.0000,4,Car,47.1775,0,0.0000,True,10,1.0000,0.0446,far>30m
kitti,000016,tleft_2cm,tleft,2.0000,0,Car,44.6072,2,0.0000,False,24,1.0000,0.3397,far>30m
kitti,000016,tleft_2cm,tleft,2.0000,1,Truck,28.0599,2,0.0000,False,1973,1.0000,0.6408,mid15-30m
kitti,000016,tleft_2cm,tleft,2.0000,2,Car,33.4451,0,0.0000,True,46,1.0000,0.4609,far>30m
kitti,000016,tleft_2cm,tleft,2.0000,3,Car,7.0761,0,0.5000,False,1993,0.8625,2.7650,near<15m
kitti,000016,tleft_2cm,tleft,2.0000,4,Car,47.1775,0,0.0000,True,10,1.0000,0.3169,far>30m
kitti,000016,tup_2cm,tup,2.0000,0,Car,44.6072,2,0.0000,False,24,1.0000,0.3398,far>30m
kitti,000016,tup_2cm,tup,2.0000,1,Truck,28.0599,2,0.0000,False,1973,1.0000,0.6409,mid15-30m
kitti,000016,tup_2cm,tup,2.0000,2,Car,33.4451,0,0.0000,True,46,1.0000,0.4610,far>30m
kitti,000016,tup_2cm,tup,2.0000,3,Car,7.0761,0,0.5000,False,1993,0.8761,2.7702,near<15m
kitti,000016,tup_2cm,tup,2.0000,4,Car,47.1775,0,0.0000,True,10,1.0000,0.3170,far>30m
kitti,000016,tfwd_5cm,tfwd,5.0000,0,Car,44.6072,2,0.0000,False,24,1.0000,0.0766,far>30m
kitti,000016,tfwd_5cm,tfwd,5.0000,1,Truck,28.0599,2,0.0000,False,1973,1.0000,0.7064,mid15-30m
kitti,000016,tfwd_5cm,tfwd,5.0000,2,Car,33.4451,0,0.0000,True,46,1.0000,0.1537,far>30m
kitti,000016,tfwd_5cm,tfwd,5.0000,3,Car,7.0761,0,0.5000,False,1993,0.8836,4.5996,near<15m
kitti,000016,tfwd_5cm,tfwd,5.0000,4,Car,47.1775,0,0.0000,True,10,1.0000,0.1114,far>30m
kitti,000016,tleft_5cm,tleft,5.0000,0,Car,44.6072,2,0.0000,False,24,1.0000,0.8494,far>30m
kitti,000016,tleft_5cm,tleft,5.0000,1,Truck,28.0599,2,0.0000,False,1973,1.0000,1.6020,mid15-30m
kitti,000016,tleft_5cm,tleft,5.0000,2,Car,33.4451,0,0.0000,True,46,1.0000,1.1524,far>30m
kitti,000016,tleft_5cm,tleft,5.0000,3,Car,7.0761,0,0.5000,False,1993,0.8505,6.9125,near<15m
kitti,000016,tleft_5cm,tleft,5.0000,4,Car,47.1775,0,0.0000,True,10,1.0000,0.7923,far>30m
kitti,000016,tup_5cm,tup,5.0000,0,Car,44.6072,2,0.0000,False,24,1.0000,0.8495,far>30m
kitti,000016,tup_5cm,tup,5.0000,1,Truck,28.0599,2,0.0000,False,1973,1.0000,1.6022,mid15-30m
kitti,000016,tup_5cm,tup,5.0000,2,Car,33.4451,0,0.0000,True,46,1.0000,1.1526,far>30m
kitti,000016,tup_5cm,tup,5.0000,3,Car,7.0761,0,0.5000,False,1993,0.8871,6.9251,near<15m
kitti,000016,tup_5cm,tup,5.0000,4,Car,47.1775,0,0.0000,True,10,1.0000,0.7925,far>30m
kitti,000016,tfwd_10cm,tfwd,10.0000,0,Car,44.6072,2,0.0000,False,24,1.0000,0.1531,far>30m
kitti,000016,tfwd_10cm,tfwd,10.0000,1,Truck,28.0599,2,0.0000,False,1973,1.0000,1.4094,mid15-30m
kitti,000016,tfwd_10cm,tfwd,10.0000,2,Car,33.4451,0,0.0000,True,46,1.0000,0.3069,far>30m
kitti,000016,tfwd_10cm,tfwd,10.0000,3,Car,7.0761,0,0.5000,False,1993,0.8976,9.1082,near<15m
kitti,000016,tfwd_10cm,tfwd,10.0000,4,Car,47.1775,0,0.0000,True,10,1.0000,0.2225,far>30m
kitti,000016,tleft_10cm,tleft,10.0000,0,Car,44.6072,2,0.0000,False,24,1.0000,1.6987,far>30m
kitti,000016,tleft_10cm,tleft,10.0000,1,Truck,28.0599,2,0.0000,False,1973,1.0000,3.2041,mid15-30m
kitti,000016,tleft_10cm,tleft,10.0000,2,Car,33.4451,0,0.0000,True,46,1.0000,2.3047,far>30m
kitti,000016,tleft_10cm,tleft,10.0000,3,Car,7.0761,0,0.5000,False,1993,0.8299,13.8250,near<15m
kitti,000016,tleft_10cm,tleft,10.0000,4,Car,47.1775,0,0.0000,True,10,1.0000,1.5846,far>30m
kitti,000016,tup_10cm,tup,10.0000,0,Car,44.6072,2,0.0000,False,24,1.0000,1.6990,far>30m
kitti,000016,tup_10cm,tup,10.0000,1,Truck,28.0599,2,0.0000,False,1973,1.0000,3.2044,mid15-30m
kitti,000016,tup_10cm,tup,10.0000,2,Car,33.4451,0,0.0000,True,46,1.0000,2.3051,far>30m
kitti,000016,tup_10cm,tup,10.0000,3,Car,7.0761,0,0.5000,False,1993,0.9077,13.8488,near<15m
kitti,000016,tup_10cm,tup,10.0000,4,Car,47.1775,0,0.0000,True,10,1.0000,1.5851,far>30m
kitti,000019,baseline,baseline,0.0000,0,Truck,6.3135,1,0.7400,False,7484,0.6475,0.0000,near<15m
kitti,000019,baseline,baseline,0.0000,1,Car,10.1264,0,0.0000,True,1064,1.0000,0.0000,near<15m
kitti,000019,baseline,baseline,0.0000,2,Van,35.4228,0,0.0000,True,98,1.0000,0.0000,far>30m
kitti,000019,baseline,baseline,0.0000,3,Car,59.7142,0,0.0000,True,19,1.0000,0.0000,far>30m
kitti,000019,yaw_0.5deg,yaw,0.5000,0,Truck,6.3135,1,0.7400,False,7484,0.6346,10.5351,near<15m
kitti,000019,yaw_0.5deg,yaw,0.5000,1,Car,10.1264,0,0.0000,True,1064,1.0000,7.1369,near<15m
kitti,000019,yaw_0.5deg,yaw,0.5000,2,Van,35.4228,0,0.0000,True,98,0.9388,6.3794,far>30m
kitti,000019,yaw_0.5deg,yaw,0.5000,3,Car,59.7142,0,0.0000,True,19,0.6842,6.3611,far>30m
kitti,000019,pitch_0.5deg,pitch,0.5000,0,Truck,6.3135,1,0.7400,False,7484,0.6418,7.0659,near<15m
kitti,000019,pitch_0.5deg,pitch,0.5000,1,Car,10.1264,0,0.0000,True,1064,1.0000,6.5872,near<15m
kitti,000019,pitch_0.5deg,pitch,0.5000,2,Van,35.4228,0,0.0000,True,98,0.9898,6.3572,far>30m
kitti,000019,pitch_0.5deg,pitch,0.5000,3,Car,59.7142,0,0.0000,True,19,0.7895,6.3339,far>30m
kitti,000019,roll_0.5deg,roll,0.5000,0,Truck,6.3135,1,0.7400,False,7484,0.6522,4.6323,near<15m
kitti,000019,roll_0.5deg,roll,0.5000,1,Car,10.1264,0,0.0000,True,1064,1.0000,2.0739,near<15m
kitti,000019,roll_0.5deg,roll,0.5000,2,Van,35.4228,0,0.0000,True,98,1.0000,0.4750,far>30m
kitti,000019,roll_0.5deg,roll,0.5000,3,Car,59.7142,0,0.0000,True,19,1.0000,0.4531,far>30m
kitti,000019,yaw_1.0deg,yaw,1.0000,0,Truck,6.3135,1,0.7400,False,7484,0.6236,21.2246,near<15m
kitti,000019,yaw_1.0deg,yaw,1.0000,1,Car,10.1264,0,0.0000,True,1064,0.9906,14.2350,near<15m
kitti,000019,yaw_1.0deg,yaw,1.0000,2,Van,35.4228,0,0.0000,True,98,0.7551,12.7517,far>30m
kitti,000019,yaw_1.0deg,yaw,1.0000,3,Car,59.7142,0,0.0000,True,19,0.3158,12.7308,far>30m
kitti,000019,pitch_1.0deg,pitch,1.0000,0,Truck,6.3135,1,0.7400,False,7484,0.6340,14.1570,near<15m
kitti,000019,pitch_1.0deg,pitch,1.0000,1,Car,10.1264,0,0.0000,True,1064,1.0000,13.1886,near<15m
kitti,000019,pitch_1.0deg,pitch,1.0000,2,Van,35.4228,0,0.0000,True,98,0.6633,12.7192,far>30m
kitti,000019,pitch_1.0deg,pitch,1.0000,3,Car,59.7142,0,0.0000,True,19,0.0526,12.6722,far>30m
kitti,000019,roll_1.0deg,roll,1.0000,0,Truck,6.3135,1,0.7400,False,7484,0.6527,9.2642,near<15m
kitti,000019,roll_1.0deg,roll,1.0000,1,Car,10.1264,0,0.0000,True,1064,1.0000,4.1479,near<15m
kitti,000019,roll_1.0deg,roll,1.0000,2,Van,35.4228,0,0.0000,True,98,1.0000,0.9499,far>30m
kitti,000019,roll_1.0deg,roll,1.0000,3,Car,59.7142,0,0.0000,True,19,1.0000,0.9062,far>30m
kitti,000019,yaw_2.0deg,yaw,2.0000,0,Truck,6.3135,1,0.7400,False,7484,0.5974,43.0902,near<15m
kitti,000019,yaw_2.0deg,yaw,2.0000,1,Car,10.1264,0,0.0000,True,1064,0.9361,28.3203,near<15m
kitti,000019,yaw_2.0deg,yaw,2.0000,2,Van,35.4228,0,0.0000,True,98,0.4184,25.4794,far>30m
kitti,000019,yaw_2.0deg,yaw,2.0000,3,Car,59.7142,0,0.0000,True,19,0.0000,25.4999,far>30m
kitti,000019,pitch_2.0deg,pitch,2.0000,0,Truck,6.3135,1,0.7400,False,7484,0.6112,28.4212,near<15m
kitti,000019,pitch_2.0deg,pitch,2.0000,1,Car,10.1264,0,0.0000,True,1064,0.9859,26.4381,near<15m
kitti,000019,pitch_2.0deg,pitch,2.0000,2,Van,35.4228,0,0.0000,True,98,0.1224,25.4610,far>30m
kitti,000019,pitch_2.0deg,pitch,2.0000,3,Car,59.7142,0,0.0000,True,19,0.0000,25.3658,far>30m
kitti,000019,roll_2.0deg,roll,2.0000,0,Truck,6.3135,1,0.7400,False,7484,0.6597,18.5263,near<15m
kitti,000019,roll_2.0deg,roll,2.0000,1,Car,10.1264,0,0.0000,True,1064,1.0000,8.2957,near<15m
kitti,000019,roll_2.0deg,roll,2.0000,2,Van,35.4228,0,0.0000,True,98,1.0000,1.8998,far>30m
kitti,000019,roll_2.0deg,roll,2.0000,3,Car,59.7142,0,0.0000,True,19,1.0000,1.8123,far>30m
kitti,000019,yaw_3.0deg,yaw,3.0000,0,Truck,6.3135,1,0.7400,False,7484,0.5701,65.6459,near<15m
kitti,000019,yaw_3.0deg,yaw,3.0000,1,Car,10.1264,0,0.0000,True,1064,0.8769,42.2673,near<15m
kitti,000019,yaw_3.0deg,yaw,3.0000,2,Van,35.4228,0,0.0000,True,98,0.1224,38.1908,far>30m
kitti,000019,yaw_3.0deg,yaw,3.0000,3,Car,59.7142,0,0.0000,True,19,0.0000,38.3152,far>30m
kitti,000019,pitch_3.0deg,pitch,3.0000,0,Truck,6.3135,1,0.7400,False,7484,0.5873,42.8056,near<15m
kitti,000019,pitch_3.0deg,pitch,3.0000,1,Car,10.1264,0,0.0000,True,1064,0.9051,39.7579,near<15m
kitti,000019,pitch_3.0deg,pitch,3.0000,2,Van,35.4228,0,0.0000,True,98,0.0000,38.2334,far>30m
kitti,000019,pitch_3.0deg,pitch,3.0000,3,Car,59.7142,0,0.0000,True,19,0.0000,38.0888,far>30m
kitti,000019,roll_3.0deg,roll,3.0000,0,Truck,6.3135,1,0.7400,False,7484,0.6656,27.7854,near<15m
kitti,000019,roll_3.0deg,roll,3.0000,1,Car,10.1264,0,0.0000,True,1064,1.0000,12.4431,near<15m
kitti,000019,roll_3.0deg,roll,3.0000,2,Van,35.4228,0,0.0000,True,98,0.9898,2.8495,far>30m
kitti,000019,roll_3.0deg,roll,3.0000,3,Car,59.7142,0,0.0000,True,19,1.0000,2.7182,far>30m
kitti,000019,tfwd_2cm,tfwd,2.0000,0,Truck,6.3135,1,0.7400,False,7484,0.6518,2.9175,near<15m
kitti,000019,tfwd_2cm,tfwd,2.0000,1,Car,10.1264,0,0.0000,True,1064,1.0000,0.5705,near<15m
kitti,000019,tfwd_2cm,tfwd,2.0000,2,Van,35.4228,0,0.0000,True,98,1.0000,0.0330,far>30m
kitti,000019,tfwd_2cm,tfwd,2.0000,3,Car,59.7142,0,0.0000,True,19,1.0000,0.0176,far>30m
kitti,000019,tleft_2cm,tleft,2.0000,0,Truck,6.3135,1,0.7400,False,7484,0.6435,3.7237,near<15m
kitti,000019,tleft_2cm,tleft,2.0000,1,Car,10.1264,0,0.0000,True,1064,1.0000,1.6996,near<15m
kitti,000019,tleft_2cm,tleft,2.0000,2,Van,35.4228,0,0.0000,True,98,1.0000,0.4327,far>30m
kitti,000019,tleft_2cm,tleft,2.0000,3,Car,59.7142,0,0.0000,True,19,1.0000,0.2496,far>30m
kitti,000019,tup_2cm,tup,2.0000,0,Truck,6.3135,1,0.7400,False,7484,0.6522,3.7294,near<15m
kitti,000019,tup_2cm,tup,2.0000,1,Car,10.1264,0,0.0000,True,1064,1.0000,1.7012,near<15m
kitti,000019,tup_2cm,tup,2.0000,2,Van,35.4228,0,0.0000,True,98,1.0000,0.4328,far>30m
kitti,000019,tup_2cm,tup,2.0000,3,Car,59.7142,0,0.0000,True,19,1.0000,0.2497,far>30m
kitti,000019,tfwd_5cm,tfwd,5.0000,0,Truck,6.3135,1,0.7400,False,7484,0.6597,7.2295,near<15m
kitti,000019,tfwd_5cm,tfwd,5.0000,1,Car,10.1264,0,0.0000,True,1064,1.0000,1.4212,near<15m
kitti,000019,tfwd_5cm,tfwd,5.0000,2,Van,35.4228,0,0.0000,True,98,1.0000,0.0825,far>30m
kitti,000019,tfwd_5cm,tfwd,5.0000,3,Car,59.7142,0,0.0000,True,19,1.0000,0.0440,far>30m
kitti,000019,tleft_5cm,tleft,5.0000,0,Truck,6.3135,1,0.7400,False,7484,0.6371,9.3093,near<15m
kitti,000019,tleft_5cm,tleft,5.0000,1,Car,10.1264,0,0.0000,True,1064,1.0000,4.2490,near<15m
kitti,000019,tleft_5cm,tleft,5.0000,2,Van,35.4228,0,0.0000,True,98,1.0000,1.0817,far>30m
kitti,000019,tleft_5cm,tleft,5.0000,3,Car,59.7142,0,0.0000,True,19,1.0000,0.6240,far>30m
kitti,000019,tup_5cm,tup,5.0000,0,Truck,6.3135,1,0.7400,False,7484,0.6550,9.3226,near<15m
kitti,000019,tup_5cm,tup,5.0000,1,Car,10.1264,0,0.0000,True,1064,0.9793,4.2529,near<15m
kitti,000019,tup_5cm,tup,5.0000,2,Van,35.4228,0,0.0000,True,98,1.0000,1.0820,far>30m
kitti,000019,tup_5cm,tup,5.0000,3,Car,59.7142,0,0.0000,True,19,1.0000,0.6241,far>30m
kitti,000019,tfwd_10cm,tfwd,10.0000,0,Truck,6.3135,1,0.7400,False,7484,0.6696,14.2500,near<15m
kitti,000019,tfwd_10cm,tfwd,10.0000,1,Car,10.1264,0,0.0000,True,1064,1.0000,2.8257,near<15m
kitti,000019,tfwd_10cm,tfwd,10.0000,2,Van,35.4228,0,0.0000,True,98,1.0000,0.1648,far>30m
kitti,000019,tfwd_10cm,tfwd,10.0000,3,Car,59.7142,0,0.0000,True,19,1.0000,0.0880,far>30m
kitti,000019,tleft_10cm,tleft,10.0000,0,Truck,6.3135,1,0.7400,False,7484,0.6269,18.6186,near<15m
kitti,000019,tleft_10cm,tleft,10.0000,1,Car,10.1264,0,0.0000,True,1064,1.0000,8.4980,near<15m
kitti,000019,tleft_10cm,tleft,10.0000,2,Van,35.4228,0,0.0000,True,98,1.0000,2.1634,far>30m
kitti,000019,tleft_10cm,tleft,10.0000,3,Car,59.7142,0,0.0000,True,19,1.0000,1.2480,far>30m
kitti,000019,tup_10cm,tup,10.0000,0,Truck,6.3135,1,0.7400,False,7484,0.6639,18.6426,near<15m
kitti,000019,tup_10cm,tup,10.0000,1,Car,10.1264,0,0.0000,True,1064,0.9436,8.5052,near<15m
kitti,000019,tup_10cm,tup,10.0000,2,Van,35.4228,0,0.0000,True,98,1.0000,2.1639,far>30m
kitti,000019,tup_10cm,tup,10.0000,3,Car,59.7142,0,0.0000,True,19,1.0000,1.2483,far>30m
kitti,000021,baseline,baseline,0.0000,0,Cyclist,4.1740,0,0.8900,False,1206,0.1459,0.0000,near<15m
kitti,000021,baseline,baseline,0.0000,1,Car,13.6408,0,0.0000,True,778,1.0000,0.0000,near<15m
kitti,000021,baseline,baseline,0.0000,2,Car,17.7795,1,0.0000,True,204,1.0000,0.0000,mid15-30m
kitti,000021,baseline,baseline,0.0000,3,Van,23.9270,1,0.0000,True,933,1.0000,0.0000,mid15-30m
kitti,000021,baseline,baseline,0.0000,4,Car,26.4816,0,0.0000,True,146,1.0000,0.0000,mid15-30m
kitti,000021,baseline,baseline,0.0000,5,Car,26.8789,1,0.0000,True,107,1.0000,0.0000,mid15-30m
kitti,000021,baseline,baseline,0.0000,6,Car,32.6092,2,0.0000,False,45,1.0000,0.0000,far>30m
kitti,000021,baseline,baseline,0.0000,7,Car,31.8004,2,0.0000,False,26,1.0000,0.0000,far>30m
kitti,000021,yaw_0.5deg,yaw,0.5000,0,Cyclist,4.1740,0,0.8900,False,1206,0.1899,12.5355,near<15m
kitti,000021,yaw_0.5deg,yaw,0.5000,1,Car,13.6408,0,0.0000,True,778,1.0000,6.7961,near<15m
kitti,000021,yaw_0.5deg,yaw,0.5000,2,Car,17.7795,1,0.0000,True,204,1.0000,6.5065,mid15-30m
kitti,000021,yaw_0.5deg,yaw,0.5000,3,Van,23.9270,1,0.0000,True,933,0.9989,8.0301,mid15-30m
kitti,000021,yaw_0.5deg,yaw,0.5000,4,Car,26.4816,0,0.0000,True,146,0.9932,6.6275,mid15-30m
kitti,000021,yaw_0.5deg,yaw,0.5000,5,Car,26.8789,1,0.0000,True,107,1.0000,6.3891,mid15-30m
kitti,000021,yaw_0.5deg,yaw,0.5000,6,Car,32.6092,2,0.0000,False,45,0.9778,6.5279,far>30m
kitti,000021,yaw_0.5deg,yaw,0.5000,7,Car,31.8004,2,0.0000,False,26,1.0000,6.3558,far>30m
kitti,000021,pitch_0.5deg,pitch,0.5000,0,Cyclist,4.1740,0,0.8900,False,1206,0.1277,7.9808,near<15m
kitti,000021,pitch_0.5deg,pitch,0.5000,1,Car,13.6408,0,0.0000,True,778,1.0000,6.4759,near<15m
kitti,000021,pitch_0.5deg,pitch,0.5000,2,Car,17.7795,1,0.0000,True,204,1.0000,6.4068,mid15-30m
kitti,000021,pitch_0.5deg,pitch,0.5000,3,Van,23.9270,1,0.0000,True,933,0.9839,6.3859,mid15-30m
kitti,000021,pitch_0.5deg,pitch,0.5000,4,Car,26.4816,0,0.0000,True,146,1.0000,6.3759,mid15-30m
kitti,000021,pitch_0.5deg,pitch,0.5000,5,Car,26.8789,1,0.0000,True,107,1.0000,6.3731,mid15-30m
kitti,000021,pitch_0.5deg,pitch,0.5000,6,Car,32.6092,2,0.0000,False,45,0.9333,6.3565,far>30m
kitti,000021,pitch_0.5deg,pitch,0.5000,7,Car,31.8004,2,0.0000,False,26,0.9231,6.3548,far>30m
kitti,000021,roll_0.5deg,roll,0.5000,0,Cyclist,4.1740,0,0.8900,False,1206,0.1418,6.2204,near<15m
kitti,000021,roll_0.5deg,roll,0.5000,1,Car,13.6408,0,0.0000,True,778,1.0000,1.5232,near<15m
kitti,000021,roll_0.5deg,roll,0.5000,2,Car,17.7795,1,0.0000,True,204,1.0000,0.8409,mid15-30m
kitti,000021,roll_0.5deg,roll,0.5000,3,Van,23.9270,1,0.0000,True,933,1.0000,3.2164,mid15-30m
kitti,000021,roll_0.5deg,roll,0.5000,4,Car,26.4816,0,0.0000,True,146,1.0000,1.3038,mid15-30m
kitti,000021,roll_0.5deg,roll,0.5000,5,Car,26.8789,1,0.0000,True,107,1.0000,0.4061,mid15-30m
kitti,000021,roll_0.5deg,roll,0.5000,6,Car,32.6092,2,0.0000,False,45,1.0000,1.0725,far>30m
kitti,000021,roll_0.5deg,roll,0.5000,7,Car,31.8004,2,0.0000,False,26,1.0000,0.1620,far>30m
kitti,000021,yaw_1.0deg,yaw,1.0000,0,Cyclist,4.1740,0,0.8900,False,1206,0.2272,24.8621,near<15m
kitti,000021,yaw_1.0deg,yaw,1.0000,1,Car,13.6408,0,0.0000,True,778,1.0000,13.6209,near<15m
kitti,000021,yaw_1.0deg,yaw,1.0000,2,Car,17.7795,1,0.0000,True,204,1.0000,13.0285,mid15-30m
kitti,000021,yaw_1.0deg,yaw,1.0000,3,Van,23.9270,1,0.0000,True,933,0.9561,15.9894,mid15-30m
kitti,000021,yaw_1.0deg,yaw,1.0000,4,Car,26.4816,0,0.0000,True,146,0.9110,13.2321,mid15-30m
kitti,000021,yaw_1.0deg,yaw,1.0000,5,Car,26.8789,1,0.0000,True,107,1.0000,12.7854,mid15-30m
kitti,000021,yaw_1.0deg,yaw,1.0000,6,Car,32.6092,2,0.0000,False,45,0.8889,13.0374,far>30m
kitti,000021,yaw_1.0deg,yaw,1.0000,7,Car,31.8004,2,0.0000,False,26,1.0000,12.7148,far>30m
kitti,000021,pitch_1.0deg,pitch,1.0000,0,Cyclist,4.1740,0,0.8900,False,1206,0.1169,16.0268,near<15m
kitti,000021,pitch_1.0deg,pitch,1.0000,1,Car,13.6408,0,0.0000,True,778,0.9486,12.9614,near<15m
kitti,000021,pitch_1.0deg,pitch,1.0000,2,Car,17.7795,1,0.0000,True,204,0.9755,12.8181,mid15-30m
kitti,000021,pitch_1.0deg,pitch,1.0000,3,Van,23.9270,1,0.0000,True,933,0.9196,12.7739,mid15-30m
kitti,000021,pitch_1.0deg,pitch,1.0000,4,Car,26.4816,0,0.0000,True,146,0.7534,12.7566,mid15-30m
kitti,000021,pitch_1.0deg,pitch,1.0000,5,Car,26.8789,1,0.0000,True,107,0.6729,12.7510,mid15-30m
kitti,000021,pitch_1.0deg,pitch,1.0000,6,Car,32.6092,2,0.0000,False,45,0.8000,12.7156,far>30m
kitti,000021,pitch_1.0deg,pitch,1.0000,7,Car,31.8004,2,0.0000,False,26,0.8462,12.7123,far>30m
kitti,000021,roll_1.0deg,roll,1.0000,0,Cyclist,4.1740,0,0.8900,False,1206,0.1310,12.4413,near<15m
kitti,000021,roll_1.0deg,roll,1.0000,1,Car,13.6408,0,0.0000,True,778,1.0000,3.0463,near<15m
kitti,000021,roll_1.0deg,roll,1.0000,2,Car,17.7795,1,0.0000,True,204,1.0000,1.6818,mid15-30m
kitti,000021,roll_1.0deg,roll,1.0000,3,Van,23.9270,1,0.0000,True,933,0.9882,6.4330,mid15-30m
kitti,000021,roll_1.0deg,roll,1.0000,4,Car,26.4816,0,0.0000,True,146,1.0000,2.6076,mid15-30m
kitti,000021,roll_1.0deg,roll,1.0000,5,Car,26.8789,1,0.0000,True,107,1.0000,0.8122,mid15-30m
kitti,000021,roll_1.0deg,roll,1.0000,6,Car,32.6092,2,0.0000,False,45,1.0000,2.1450,far>30m
kitti,000021,roll_1.0deg,roll,1.0000,7,Car,31.8004,2,0.0000,False,26,1.0000,0.3240,far>30m
kitti,000021,yaw_2.0deg,yaw,2.0000,0,Cyclist,4.1740,0,0.8900,False,1206,0.3151,48.9171,near<15m
kitti,000021,yaw_2.0deg,yaw,2.0000,1,Car,13.6408,0,0.0000,True,778,0.9486,27.3623,near<15m
kitti,000021,yaw_2.0deg,yaw,2.0000,2,Car,17.7795,1,0.0000,True,204,1.0000,26.1234,mid15-30m
kitti,000021,yaw_2.0deg,yaw,2.0000,3,Van,23.9270,1,0.0000,True,933,0.9357,31.7042,mid15-30m
kitti,000021,yaw_2.0deg,yaw,2.0000,4,Car,26.4816,0,0.0000,True,146,0.6712,26.3771,mid15-30m
kitti,000021,yaw_2.0deg,yaw,2.0000,5,Car,26.8789,1,0.0000,True,107,0.7664,25.6039,mid15-30m
kitti,000021,yaw_2.0deg,yaw,2.0000,6,Car,32.6092,2,0.0000,False,45,0.3111,26.0054,far>30m
kitti,000021,yaw_2.0deg,yaw,2.0000,7,Car,31.8004,2,0.0000,False,26,1.0000,25.4465,far>30m
kitti,000021,pitch_2.0deg,pitch,2.0000,0,Cyclist,4.1740,0,0.8900,False,1206,0.1036,32.3241,near<15m
kitti,000021,pitch_2.0deg,pitch,2.0000,1,Car,13.6408,0,0.0000,True,778,0.8008,25.9654,near<15m
kitti,000021,pitch_2.0deg,pitch,2.0000,2,Car,17.7795,1,0.0000,True,204,0.8431,25.6582,mid15-30m
kitti,000021,pitch_2.0deg,pitch,2.0000,3,Van,23.9270,1,0.0000,True,933,0.7610,25.5605,mid15-30m
kitti,000021,pitch_2.0deg,pitch,2.0000,4,Car,26.4816,0,0.0000,True,146,0.2808,25.5361,mid15-30m
kitti,000021,pitch_2.0deg,pitch,2.0000,5,Car,26.8789,1,0.0000,True,107,0.2150,25.5248,mid15-30m
kitti,000021,pitch_2.0deg,pitch,2.0000,6,Car,32.6092,2,0.0000,False,45,0.4889,25.4452,far>30m
kitti,000021,pitch_2.0deg,pitch,2.0000,7,Car,31.8004,2,0.0000,False,26,0.5000,25.4396,far>30m
kitti,000021,roll_2.0deg,roll,2.0000,0,Cyclist,4.1740,0,0.8900,False,1206,0.1285,24.8838,near<15m
kitti,000021,roll_2.0deg,roll,2.0000,1,Car,13.6408,0,0.0000,True,778,0.9692,6.0922,near<15m
kitti,000021,roll_2.0deg,roll,2.0000,2,Car,17.7795,1,0.0000,True,204,0.9608,3.3635,mid15-30m
kitti,000021,roll_2.0deg,roll,2.0000,3,Van,23.9270,1,0.0000,True,933,0.9143,12.8661,mid15-30m
kitti,000021,roll_2.0deg,roll,2.0000,4,Car,26.4816,0,0.0000,True,146,1.0000,5.2150,mid15-30m
kitti,000021,roll_2.0deg,roll,2.0000,5,Car,26.8789,1,0.0000,True,107,1.0000,1.6244,mid15-30m
kitti,000021,roll_2.0deg,roll,2.0000,6,Car,32.6092,2,0.0000,False,45,1.0000,4.2899,far>30m
kitti,000021,roll_2.0deg,roll,2.0000,7,Car,31.8004,2,0.0000,False,26,1.0000,0.6480,far>30m
kitti,000021,yaw_3.0deg,yaw,3.0000,0,Cyclist,4.1740,0,0.8900,False,1206,0.3922,72.2187,near<15m
kitti,000021,yaw_3.0deg,yaw,3.0000,1,Car,13.6408,0,0.0000,True,778,0.8779,41.2345,near<15m
kitti,000021,yaw_3.0deg,yaw,3.0000,2,Car,17.7795,1,0.0000,True,204,0.9853,39.2934,mid15-30m
kitti,000021,yaw_3.0deg,yaw,3.0000,3,Van,23.9270,1,0.0000,True,933,0.8574,47.1608,mid15-30m
kitti,000021,yaw_3.0deg,yaw,3.0000,4,Car,26.4816,0,0.0000,True,146,0.4110,39.4437,mid15-30m
kitti,000021,yaw_3.0deg,yaw,3.0000,5,Car,26.8789,1,0.0000,True,107,0.4206,38.4636,mid15-30m
kitti,000021,yaw_3.0deg,yaw,3.0000,6,Car,32.6092,2,0.0000,False,45,0.1556,38.9123,far>30m
kitti,000021,yaw_3.0deg,yaw,3.0000,7,Car,31.8004,2,0.0000,False,26,0.1154,38.2030,far>30m
kitti,000021,pitch_3.0deg,pitch,3.0000,0,Cyclist,4.1740,0,0.8900,False,1206,0.0929,48.9119,near<15m
kitti,000021,pitch_3.0deg,pitch,3.0000,1,Car,13.6408,0,0.0000,True,778,0.6195,39.0205,near<15m
kitti,000021,pitch_3.0deg,pitch,3.0000,2,Car,17.7795,1,0.0000,True,204,0.6716,38.5283,mid15-30m
kitti,000021,pitch_3.0deg,pitch,3.0000,3,Van,23.9270,1,0.0000,True,933,0.5413,38.3686,mid15-30m
kitti,000021,pitch_3.0deg,pitch,3.0000,4,Car,26.4816,0,0.0000,True,146,0.0959,38.3467,mid15-30m
kitti,000021,pitch_3.0deg,pitch,3.0000,5,Car,26.8789,1,0.0000,True,107,0.1121,38.3296,mid15-30m
kitti,000021,pitch_3.0deg,pitch,3.0000,6,Car,32.6092,2,0.0000,False,45,0.3111,38.1969,far>30m
kitti,000021,pitch_3.0deg,pitch,3.0000,7,Car,31.8004,2,0.0000,False,26,0.0000,38.1897,far>30m
kitti,000021,roll_3.0deg,roll,3.0000,0,Cyclist,4.1740,0,0.8900,False,1206,0.1285,37.3264,near<15m
kitti,000021,roll_3.0deg,roll,3.0000,1,Car,13.6408,0,0.0000,True,778,0.9383,9.1375,near<15m
kitti,000021,roll_3.0deg,roll,3.0000,2,Car,17.7795,1,0.0000,True,204,0.8922,5.0449,mid15-30m
kitti,000021,roll_3.0deg,roll,3.0000,3,Van,23.9270,1,0.0000,True,933,0.8339,19.2988,mid15-30m
kitti,000021,roll_3.0deg,roll,3.0000,4,Car,26.4816,0,0.0000,True,146,0.9452,7.8222,mid15-30m
kitti,000021,roll_3.0deg,roll,3.0000,5,Car,26.8789,1,0.0000,True,107,1.0000,2.4364,mid15-30m
kitti,000021,roll_3.0deg,roll,3.0000,6,Car,32.6092,2,0.0000,False,45,0.9333,6.4345,far>30m
kitti,000021,roll_3.0deg,roll,3.0000,7,Car,31.8004,2,0.0000,False,26,1.0000,0.9719,far>30m
kitti,000021,tfwd_2cm,tfwd,2.0000,0,Cyclist,4.1740,0,0.8900,False,1206,0.1625,4.8807,near<15m
kitti,000021,tfwd_2cm,tfwd,2.0000,1,Car,13.6408,0,0.0000,True,778,1.0000,0.2749,near<15m
kitti,000021,tfwd_2cm,tfwd,2.0000,2,Car,17.7795,1,0.0000,True,204,1.0000,0.1072,mid15-30m
kitti,000021,tfwd_2cm,tfwd,2.0000,3,Van,23.9270,1,0.0000,True,933,1.0000,0.3608,mid15-30m
kitti,000021,tfwd_2cm,tfwd,2.0000,4,Car,26.4816,0,0.0000,True,146,1.0000,0.1232,mid15-30m
kitti,000021,tfwd_2cm,tfwd,2.0000,5,Car,26.8789,1,0.0000,True,107,1.0000,0.0346,mid15-30m
kitti,000021,tfwd_2cm,tfwd,2.0000,6,Car,32.6092,2,0.0000,False,45,1.0000,0.0816,far>30m
kitti,000021,tfwd_2cm,tfwd,2.0000,7,Car,31.8004,2,0.0000,False,26,1.0000,0.0110,far>30m
kitti,000021,tleft_2cm,tleft,2.0000,0,Cyclist,4.1740,0,0.8900,False,1206,0.1650,4.8575,near<15m
kitti,000021,tleft_2cm,tleft,2.0000,1,Car,13.6408,0,0.0000,True,778,1.0000,1.1539,near<15m
kitti,000021,tleft_2cm,tleft,2.0000,2,Car,17.7795,1,0.0000,True,204,1.0000,0.8247,mid15-30m
kitti,000021,tleft_2cm,tleft,2.0000,3,Van,23.9270,1,0.0000,True,933,1.0000,0.7027,mid15-30m
kitti,000021,tleft_2cm,tleft,2.0000,4,Car,26.4816,0,0.0000,True,146,1.0000,0.5889,mid15-30m
kitti,000021,tleft_2cm,tleft,2.0000,5,Car,26.8789,1,0.0000,True,107,1.0000,0.5605,mid15-30m
kitti,000021,tleft_2cm,tleft,2.0000,6,Car,32.6092,2,0.0000,False,45,1.0000,0.4736,far>30m
kitti,000021,tleft_2cm,tleft,2.0000,7,Car,31.8004,2,0.0000,False,26,1.0000,0.4630,far>30m
kitti,000021,tup_2cm,tup,2.0000,0,Cyclist,4.1740,0,0.8900,False,1206,0.1559,4.8725,near<15m
kitti,000021,tup_2cm,tup,2.0000,1,Car,13.6408,0,0.0000,True,778,1.0000,1.1547,near<15m
kitti,000021,tup_2cm,tup,2.0000,2,Car,17.7795,1,0.0000,True,204,1.0000,0.8249,mid15-30m
kitti,000021,tup_2cm,tup,2.0000,3,Van,23.9270,1,0.0000,True,933,1.0000,0.7027,mid15-30m
kitti,000021,tup_2cm,tup,2.0000,4,Car,26.4816,0,0.0000,True,146,1.0000,0.5891,mid15-30m
kitti,000021,tup_2cm,tup,2.0000,5,Car,26.8789,1,0.0000,True,107,1.0000,0.5606,mid15-30m
kitti,000021,tup_2cm,tup,2.0000,6,Car,32.6092,2,0.0000,False,45,1.0000,0.4736,far>30m
kitti,000021,tup_2cm,tup,2.0000,7,Car,31.8004,2,0.0000,False,26,1.0000,0.4631,far>30m
kitti,000021,tfwd_5cm,tfwd,5.0000,0,Cyclist,4.1740,0,0.8900,False,1206,0.1857,12.0777,near<15m
kitti,000021,tfwd_5cm,tfwd,5.0000,1,Car,13.6408,0,0.0000,True,778,1.0000,0.6857,near<15m
kitti,000021,tfwd_5cm,tfwd,5.0000,2,Car,17.7795,1,0.0000,True,204,1.0000,0.2675,mid15-30m
kitti,000021,tfwd_5cm,tfwd,5.0000,3,Van,23.9270,1,0.0000,True,933,1.0000,0.9007,mid15-30m
kitti,000021,tfwd_5cm,tfwd,5.0000,4,Car,26.4816,0,0.0000,True,146,1.0000,0.3076,mid15-30m
kitti,000021,tfwd_5cm,tfwd,5.0000,5,Car,26.8789,1,0.0000,True,107,1.0000,0.0864,mid15-30m
kitti,000021,tfwd_5cm,tfwd,5.0000,6,Car,32.6092,2,0.0000,False,45,1.0000,0.2037,far>30m
kitti,000021,tfwd_5cm,tfwd,5.0000,7,Car,31.8004,2,0.0000,False,26,1.0000,0.0275,far>30m
kitti,000021,tleft_5cm,tleft,5.0000,0,Cyclist,4.1740,0,0.8900,False,1206,0.1882,12.1437,near<15m
kitti,000021,tleft_5cm,tleft,5.0000,1,Car,13.6408,0,0.0000,True,778,1.0000,2.8848,near<15m
kitti,000021,tleft_5cm,tleft,5.0000,2,Car,17.7795,1,0.0000,True,204,1.0000,2.0617,mid15-30m
kitti,000021,tleft_5cm,tleft,5.0000,3,Van,23.9270,1,0.0000,True,933,1.0000,1.7568,mid15-30m
kitti,000021,tleft_5cm,tleft,5.0000,4,Car,26.4816,0,0.0000,True,146,1.0000,1.4723,mid15-30m
kitti,000021,tleft_5cm,tleft,5.0000,5,Car,26.8789,1,0.0000,True,107,1.0000,1.4012,mid15-30m
kitti,000021,tleft_5cm,tleft,5.0000,6,Car,32.6092,2,0.0000,False,45,1.0000,1.1840,far>30m
kitti,000021,tleft_5cm,tleft,5.0000,7,Car,31.8004,2,0.0000,False,26,1.0000,1.1576,far>30m
kitti,000021,tup_5cm,tup,5.0000,0,Cyclist,4.1740,0,0.8900,False,1206,0.1575,12.1799,near<15m
kitti,000021,tup_5cm,tup,5.0000,1,Car,13.6408,0,0.0000,True,778,1.0000,2.8867,near<15m
kitti,000021,tup_5cm,tup,5.0000,2,Car,17.7795,1,0.0000,True,204,1.0000,2.0622,mid15-30m
kitti,000021,tup_5cm,tup,5.0000,3,Van,23.9270,1,0.0000,True,933,1.0000,1.7567,mid15-30m
kitti,000021,tup_5cm,tup,5.0000,4,Car,26.4816,0,0.0000,True,146,0.9863,1.4726,mid15-30m
kitti,000021,tup_5cm,tup,5.0000,5,Car,26.8789,1,0.0000,True,107,1.0000,1.4015,mid15-30m
kitti,000021,tup_5cm,tup,5.0000,6,Car,32.6092,2,0.0000,False,45,1.0000,1.1840,far>30m
kitti,000021,tup_5cm,tup,5.0000,7,Car,31.8004,2,0.0000,False,26,1.0000,1.1577,far>30m
kitti,000021,tfwd_10cm,tfwd,10.0000,0,Cyclist,4.1740,0,0.8900,False,1206,0.2289,23.7531,near<15m
kitti,000021,tfwd_10cm,tfwd,10.0000,1,Car,13.6408,0,0.0000,True,778,1.0000,1.3658,near<15m
kitti,000021,tfwd_10cm,tfwd,10.0000,2,Car,17.7795,1,0.0000,True,204,1.0000,0.5335,mid15-30m
kitti,000021,tfwd_10cm,tfwd,10.0000,3,Van,23.9270,1,0.0000,True,933,1.0000,1.7971,mid15-30m
kitti,000021,tfwd_10cm,tfwd,10.0000,4,Car,26.4816,0,0.0000,True,146,1.0000,0.6140,mid15-30m
kitti,000021,tfwd_10cm,tfwd,10.0000,5,Car,26.8789,1,0.0000,True,107,1.0000,0.1725,mid15-30m
kitti,000021,tfwd_10cm,tfwd,10.0000,6,Car,32.6092,2,0.0000,False,45,1.0000,0.4067,far>30m
kitti,000021,tfwd_10cm,tfwd,10.0000,7,Car,31.8004,2,0.0000,False,26,1.0000,0.0549,far>30m
kitti,000021,tleft_10cm,tleft,10.0000,0,Cyclist,4.1740,0,0.8900,False,1206,0.2255,24.2874,near<15m
kitti,000021,tleft_10cm,tleft,10.0000,1,Car,13.6408,0,0.0000,True,778,1.0000,5.7696,near<15m
kitti,000021,tleft_10cm,tleft,10.0000,2,Car,17.7795,1,0.0000,True,204,1.0000,4.1234,mid15-30m
kitti,000021,tleft_10cm,tleft,10.0000,3,Van,23.9270,1,0.0000,True,933,1.0000,3.5136,mid15-30m
kitti,000021,tleft_10cm,tleft,10.0000,4,Car,26.4816,0,0.0000,True,146,1.0000,2.9446,mid15-30m
kitti,000021,tleft_10cm,tleft,10.0000,5,Car,26.8789,1,0.0000,True,107,1.0000,2.8023,mid15-30m
kitti,000021,tleft_10cm,tleft,10.0000,6,Car,32.6092,2,0.0000,False,45,1.0000,2.3679,far>30m
kitti,000021,tleft_10cm,tleft,10.0000,7,Car,31.8004,2,0.0000,False,26,1.0000,2.3152,far>30m
kitti,000021,tup_10cm,tup,10.0000,0,Cyclist,4.1740,0,0.8900,False,1206,0.1642,24.3555,near<15m
kitti,000021,tup_10cm,tup,10.0000,1,Car,13.6408,0,0.0000,True,778,0.9692,5.7732,near<15m
kitti,000021,tup_10cm,tup,10.0000,2,Car,17.7795,1,0.0000,True,204,0.9020,4.1243,mid15-30m
kitti,000021,tup_10cm,tup,10.0000,3,Van,23.9270,1,0.0000,True,933,1.0000,3.5133,mid15-30m
kitti,000021,tup_10cm,tup,10.0000,4,Car,26.4816,0,0.0000,True,146,0.9863,2.9452,mid15-30m
kitti,000021,tup_10cm,tup,10.0000,5,Car,26.8789,1,0.0000,True,107,1.0000,2.8030,mid15-30m
kitti,000021,tup_10cm,tup,10.0000,6,Car,32.6092,2,0.0000,False,45,0.8222,2.3680,far>30m
kitti,000021,tup_10cm,tup,10.0000,7,Car,31.8004,2,0.0000,False,26,1.0000,2.3153,far>30m
kitti,000023,baseline,baseline,0.0000,0,Truck,69.2913,0,0.0000,True,74,1.0000,0.0000,far>30m
kitti,000023,baseline,baseline,0.0000,1,Car,57.5184,0,0.0000,True,13,1.0000,0.0000,far>30m
kitti,000023,baseline,baseline,0.0000,2,Cyclist,44.9937,3,0.0000,False,18,1.0000,0.0000,far>30m
kitti,000023,yaw_0.5deg,yaw,0.5000,0,Truck,69.2913,0,0.0000,True,74,0.8243,6.3240,far>30m
kitti,000023,yaw_0.5deg,yaw,0.5000,1,Car,57.5184,0,0.0000,True,13,0.8462,6.9536,far>30m
kitti,000023,yaw_0.5deg,yaw,0.5000,2,Cyclist,44.9937,3,0.0000,False,18,0.5556,6.3970,far>30m
kitti,000023,pitch_0.5deg,pitch,0.5000,0,Truck,69.2913,0,0.0000,True,74,0.9324,6.3243,far>30m
kitti,000023,pitch_0.5deg,pitch,0.5000,1,Car,57.5184,0,0.0000,True,13,1.0000,6.3362,far>30m
kitti,000023,pitch_0.5deg,pitch,0.5000,2,Cyclist,44.9937,3,0.0000,False,18,0.8889,6.3367,far>30m
kitti,000023,roll_0.5deg,roll,0.5000,0,Truck,69.2913,0,0.0000,True,74,1.0000,0.1093,far>30m
kitti,000023,roll_0.5deg,roll,0.5000,1,Car,57.5184,0,0.0000,True,13,1.0000,1.9591,far>30m
kitti,000023,roll_0.5deg,roll,0.5000,2,Cyclist,44.9937,3,0.0000,False,18,1.0000,0.6506,far>30m
kitti,000023,yaw_1.0deg,yaw,1.0000,0,Truck,69.2913,0,0.0000,True,74,0.5811,12.6482,far>30m
kitti,000023,yaw_1.0deg,yaw,1.0000,1,Car,57.5184,0,0.0000,True,13,0.5385,13.9462,far>30m
kitti,000023,yaw_1.0deg,yaw,1.0000,2,Cyclist,44.9937,3,0.0000,False,18,0.0000,12.7835,far>30m
kitti,000023,pitch_1.0deg,pitch,1.0000,0,Truck,69.2913,0,0.0000,True,74,0.6622,12.6496,far>30m
kitti,000023,pitch_1.0deg,pitch,1.0000,1,Car,57.5184,0,0.0000,True,13,0.0000,12.6771,far>30m
kitti,000023,pitch_1.0deg,pitch,1.0000,2,Cyclist,44.9937,3,0.0000,False,18,0.6667,12.6755,far>30m
kitti,000023,roll_1.0deg,roll,1.0000,0,Truck,69.2913,0,0.0000,True,74,1.0000,0.2187,far>30m
kitti,000023,roll_1.0deg,roll,1.0000,1,Car,57.5184,0,0.0000,True,13,1.0000,3.9181,far>30m
kitti,000023,roll_1.0deg,roll,1.0000,2,Cyclist,44.9937,3,0.0000,False,18,1.0000,1.3013,far>30m
kitti,000023,yaw_2.0deg,yaw,2.0000,0,Truck,69.2913,0,0.0000,True,74,0.1351,25.3015,far>30m
kitti,000023,yaw_2.0deg,yaw,2.0000,1,Car,57.5184,0,0.0000,True,13,0.0000,28.0540,far>30m
kitti,000023,yaw_2.0deg,yaw,2.0000,2,Cyclist,44.9937,3,0.0000,False,18,0.0000,25.5285,far>30m
kitti,000023,pitch_2.0deg,pitch,2.0000,0,Truck,69.2913,0,0.0000,True,74,0.1351,25.3072,far>30m
kitti,000023,pitch_2.0deg,pitch,2.0000,1,Car,57.5184,0,0.0000,True,13,0.0000,25.3764,far>30m
kitti,000023,pitch_2.0deg,pitch,2.0000,2,Cyclist,44.9937,3,0.0000,False,18,0.1111,25.3634,far>30m
kitti,000023,roll_2.0deg,roll,2.0000,0,Truck,69.2913,0,0.0000,True,74,1.0000,0.4374,far>30m
kitti,000023,roll_2.0deg,roll,2.0000,1,Car,57.5184,0,0.0000,True,13,1.0000,7.8356,far>30m
kitti,000023,roll_2.0deg,roll,2.0000,2,Cyclist,44.9937,3,0.0000,False,18,1.0000,2.6024,far>30m
kitti,000023,yaw_3.0deg,yaw,3.0000,0,Truck,69.2913,0,0.0000,True,74,0.0000,37.9677,far>30m
kitti,000023,yaw_3.0deg,yaw,3.0000,1,Car,57.5184,0,0.0000,True,13,0.0000,42.3350,far>30m
kitti,000023,yaw_3.0deg,yaw,3.0000,2,Cyclist,44.9937,3,0.0000,False,18,0.0000,38.2432,far>30m
kitti,000023,pitch_3.0deg,pitch,3.0000,0,Truck,69.2913,0,0.0000,True,74,0.0000,37.9806,far>30m
kitti,000023,pitch_3.0deg,pitch,3.0000,1,Car,57.5184,0,0.0000,True,13,0.0000,38.1062,far>30m
kitti,000023,pitch_3.0deg,pitch,3.0000,2,Cyclist,44.9937,3,0.0000,False,18,0.0000,38.0716,far>30m
kitti,000023,roll_3.0deg,roll,3.0000,0,Truck,69.2913,0,0.0000,True,74,1.0000,0.6560,far>30m
kitti,000023,roll_3.0deg,roll,3.0000,1,Car,57.5184,0,0.0000,True,13,1.0000,11.7523,far>30m
kitti,000023,roll_3.0deg,roll,3.0000,2,Cyclist,44.9937,3,0.0000,False,18,1.0000,3.9034,far>30m
kitti,000023,tfwd_2cm,tfwd,2.0000,0,Truck,69.2913,0,0.0000,True,74,1.0000,0.0041,far>30m
kitti,000023,tfwd_2cm,tfwd,2.0000,1,Car,57.5184,0,0.0000,True,13,1.0000,0.0837,far>30m
kitti,000023,tfwd_2cm,tfwd,2.0000,2,Cyclist,44.9937,3,0.0000,False,18,1.0000,0.0338,far>30m
kitti,000023,tleft_2cm,tleft,2.0000,0,Truck,69.2913,0,0.0000,True,74,1.0000,0.2277,far>30m
kitti,000023,tleft_2cm,tleft,2.0000,1,Car,57.5184,0,0.0000,True,13,1.0000,0.2701,far>30m
kitti,000023,tleft_2cm,tleft,2.0000,2,Cyclist,44.9937,3,0.0000,False,18,1.0000,0.3232,far>30m
kitti,000023,tup_2cm,tup,2.0000,0,Truck,69.2913,0,0.0000,True,74,1.0000,0.2277,far>30m
kitti,000023,tup_2cm,tup,2.0000,1,Car,57.5184,0,0.0000,True,13,1.0000,0.2702,far>30m
kitti,000023,tup_2cm,tup,2.0000,2,Cyclist,44.9937,3,0.0000,False,18,1.0000,0.3232,far>30m
kitti,000023,tfwd_5cm,tfwd,5.0000,0,Truck,69.2913,0,0.0000,True,74,1.0000,0.0103,far>30m
kitti,000023,tfwd_5cm,tfwd,5.0000,1,Car,57.5184,0,0.0000,True,13,1.0000,0.2091,far>30m
kitti,000023,tfwd_5cm,tfwd,5.0000,2,Cyclist,44.9937,3,0.0000,False,18,1.0000,0.0844,far>30m
kitti,000023,tleft_5cm,tleft,5.0000,0,Truck,69.2913,0,0.0000,True,74,1.0000,0.5693,far>30m
kitti,000023,tleft_5cm,tleft,5.0000,1,Car,57.5184,0,0.0000,True,13,1.0000,0.6752,far>30m
kitti,000023,tleft_5cm,tleft,5.0000,2,Cyclist,44.9937,3,0.0000,False,18,1.0000,0.8080,far>30m
kitti,000023,tup_5cm,tup,5.0000,0,Truck,69.2913,0,0.0000,True,74,1.0000,0.5693,far>30m
kitti,000023,tup_5cm,tup,5.0000,1,Car,57.5184,0,0.0000,True,13,1.0000,0.6754,far>30m
kitti,000023,tup_5cm,tup,5.0000,2,Cyclist,44.9937,3,0.0000,False,18,1.0000,0.8081,far>30m
kitti,000023,tfwd_10cm,tfwd,10.0000,0,Truck,69.2913,0,0.0000,True,74,1.0000,0.0206,far>30m
kitti,000023,tfwd_10cm,tfwd,10.0000,1,Car,57.5184,0,0.0000,True,13,1.0000,0.4178,far>30m
kitti,000023,tfwd_10cm,tfwd,10.0000,2,Cyclist,44.9937,3,0.0000,False,18,1.0000,0.1687,far>30m
kitti,000023,tleft_10cm,tleft,10.0000,0,Truck,69.2913,0,0.0000,True,74,0.9730,1.1386,far>30m
kitti,000023,tleft_10cm,tleft,10.0000,1,Car,57.5184,0,0.0000,True,13,1.0000,1.3504,far>30m
kitti,000023,tleft_10cm,tleft,10.0000,2,Cyclist,44.9937,3,0.0000,False,18,1.0000,1.6161,far>30m
kitti,000023,tup_10cm,tup,10.0000,0,Truck,69.2913,0,0.0000,True,74,1.0000,1.1385,far>30m
kitti,000023,tup_10cm,tup,10.0000,1,Car,57.5184,0,0.0000,True,13,1.0000,1.3507,far>30m
kitti,000023,tup_10cm,tup,10.0000,2,Cyclist,44.9937,3,0.0000,False,18,1.0000,1.6161,far>30m
kitti,000025,baseline,baseline,0.0000,0,Car,3.9705,3,0.9400,False,1286,0.1073,0.0000,near<15m
kitti,000025,baseline,baseline,0.0000,1,Car,10.6518,0,0.0000,True,1088,1.0000,0.0000,near<15m
kitti,000025,baseline,baseline,0.0000,2,Car,30.1901,0,0.0000,True,54,1.0000,0.0000,far>30m
kitti,000025,baseline,baseline,0.0000,3,Car,17.8550,0,0.0000,True,311,1.0000,0.0000,mid15-30m
kitti,000025,baseline,baseline,0.0000,4,Cyclist,44.7159,3,0.0000,False,17,1.0000,0.0000,far>30m
kitti,000025,baseline,baseline,0.0000,5,Car,22.6976,1,0.0000,True,27,1.0000,0.0000,mid15-30m
kitti,000025,yaw_0.5deg,yaw,0.5000,0,Car,3.9705,3,0.9400,False,1286,0.1135,16.4316,near<15m
kitti,000025,yaw_0.5deg,yaw,0.5000,1,Car,10.6518,0,0.0000,True,1088,0.9991,6.8693,near<15m
kitti,000025,yaw_0.5deg,yaw,0.5000,2,Car,30.1901,0,0.0000,True,54,0.9074,6.3692,far>30m
kitti,000025,yaw_0.5deg,yaw,0.5000,3,Car,17.8550,0,0.0000,True,311,0.9871,6.6825,mid15-30m
kitti,000025,yaw_0.5deg,yaw,0.5000,4,Cyclist,44.7159,3,0.0000,False,17,0.1765,6.3562,far>30m
kitti,000025,yaw_0.5deg,yaw,0.5000,5,Car,22.6976,1,0.0000,True,27,0.5185,6.5377,mid15-30m
kitti,000025,pitch_0.5deg,pitch,0.5000,0,Car,3.9705,3,0.9400,False,1286,0.0933,9.7342,near<15m
kitti,000025,pitch_0.5deg,pitch,0.5000,1,Car,10.6518,0,0.0000,True,1088,1.0000,6.5574,near<15m
kitti,000025,pitch_0.5deg,pitch,0.5000,2,Car,30.1901,0,0.0000,True,54,1.0000,6.3695,far>30m
kitti,000025,pitch_0.5deg,pitch,0.5000,3,Car,17.8550,0,0.0000,True,311,0.9775,6.4364,mid15-30m
kitti,000025,pitch_0.5deg,pitch,0.5000,4,Cyclist,44.7159,3,0.0000,False,17,1.0000,6.3391,far>30m
kitti,000025,pitch_0.5deg,pitch,0.5000,5,Car,22.6976,1,0.0000,True,27,1.0000,6.3976,mid15-30m
kitti,000025,roll_0.5deg,roll,0.5000,0,Car,3.9705,3,0.9400,False,1286,0.1011,7.6947,near<15m
kitti,000025,roll_0.5deg,roll,0.5000,1,Car,10.6518,0,0.0000,True,1088,1.0000,1.6162,near<15m
kitti,000025,roll_0.5deg,roll,0.5000,2,Car,30.1901,0,0.0000,True,54,1.0000,0.3083,far>30m
kitti,000025,roll_0.5deg,roll,0.5000,3,Car,17.8550,0,0.0000,True,311,1.0000,1.3902,mid15-30m
kitti,000025,roll_0.5deg,roll,0.5000,4,Cyclist,44.7159,3,0.0000,False,17,1.0000,0.3918,far>30m
kitti,000025,roll_0.5deg,roll,0.5000,5,Car,22.6976,1,0.0000,True,27,1.0000,1.0546,mid15-30m
kitti,000025,yaw_1.0deg,yaw,1.0000,0,Car,3.9705,3,0.9400,False,1286,0.1213,32.4985,near<15m
kitti,000025,yaw_1.0deg,yaw,1.0000,1,Car,10.6518,0,0.0000,True,1088,0.9807,13.7684,near<15m
kitti,000025,yaw_1.0deg,yaw,1.0000,2,Car,30.1901,0,0.0000,True,54,0.8148,12.7432,far>30m
kitti,000025,yaw_1.0deg,yaw,1.0000,3,Car,17.8550,0,0.0000,True,311,0.9293,13.3410,mid15-30m
kitti,000025,yaw_1.0deg,yaw,1.0000,4,Cyclist,44.7159,3,0.0000,False,17,0.0000,12.7066,far>30m
kitti,000025,yaw_1.0deg,yaw,1.0000,5,Car,22.6976,1,0.0000,True,27,0.0741,13.0577,mid15-30m
kitti,000025,pitch_1.0deg,pitch,1.0000,0,Car,3.9705,3,0.9400,False,1286,0.0809,19.5919,near<15m
kitti,000025,pitch_1.0deg,pitch,1.0000,1,Car,10.6518,0,0.0000,True,1088,1.0000,13.1277,near<15m
kitti,000025,pitch_1.0deg,pitch,1.0000,2,Car,30.1901,0,0.0000,True,54,0.6111,12.7445,far>30m
kitti,000025,pitch_1.0deg,pitch,1.0000,3,Car,17.8550,0,0.0000,True,311,0.8907,12.8816,mid15-30m
kitti,000025,pitch_1.0deg,pitch,1.0000,4,Cyclist,44.7159,3,0.0000,False,17,0.7647,12.6815,far>30m
kitti,000025,pitch_1.0deg,pitch,1.0000,5,Car,22.6976,1,0.0000,True,27,0.8519,12.8019,mid15-30m
kitti,000025,roll_1.0deg,roll,1.0000,0,Car,3.9705,3,0.9400,False,1286,0.0941,15.3901,near<15m
kitti,000025,roll_1.0deg,roll,1.0000,1,Car,10.6518,0,0.0000,True,1088,1.0000,3.2323,near<15m
kitti,000025,roll_1.0deg,roll,1.0000,2,Car,30.1901,0,0.0000,True,54,1.0000,0.6166,far>30m
kitti,000025,roll_1.0deg,roll,1.0000,3,Car,17.8550,0,0.0000,True,311,1.0000,2.7803,mid15-30m
kitti,000025,roll_1.0deg,roll,1.0000,4,Cyclist,44.7159,3,0.0000,False,17,1.0000,0.7835,far>30m
kitti,000025,roll_1.0deg,roll,1.0000,5,Car,22.6976,1,0.0000,True,27,1.0000,2.1091,mid15-30m
kitti,000025,yaw_2.0deg,yaw,2.0000,0,Car,3.9705,3,0.9400,False,1286,0.1205,63.5980,near<15m
kitti,000025,yaw_2.0deg,yaw,2.0000,1,Car,10.6518,0,0.0000,True,1088,0.9099,27.6618,near<15m
kitti,000025,yaw_2.0deg,yaw,2.0000,2,Car,30.1901,0,0.0000,True,54,0.4259,25.5095,far>30m
kitti,000025,yaw_2.0deg,yaw,2.0000,3,Car,17.8550,0,0.0000,True,311,0.7395,26.5907,mid15-30m
kitti,000025,yaw_2.0deg,yaw,2.0000,4,Cyclist,44.7159,3,0.0000,False,17,0.0000,25.3937,far>30m
kitti,000025,yaw_2.0deg,yaw,2.0000,5,Car,22.6976,1,0.0000,True,27,0.0000,26.0492,mid15-30m
kitti,000025,pitch_2.0deg,pitch,2.0000,0,Car,3.9705,3,0.9400,False,1286,0.0770,39.6949,near<15m
kitti,000025,pitch_2.0deg,pitch,2.0000,1,Car,10.6518,0,0.0000,True,1088,0.9724,26.3112,near<15m
kitti,000025,pitch_2.0deg,pitch,2.0000,2,Car,30.1901,0,0.0000,True,54,0.0741,25.5151,far>30m
kitti,000025,pitch_2.0deg,pitch,2.0000,3,Car,17.8550,0,0.0000,True,311,0.5884,25.8028,mid15-30m
kitti,000025,pitch_2.0deg,pitch,2.0000,4,Cyclist,44.7159,3,0.0000,False,17,0.1765,25.3799,far>30m
kitti,000025,pitch_2.0deg,pitch,2.0000,5,Car,22.6976,1,0.0000,True,27,0.5185,25.6345,mid15-30m
kitti,000025,roll_2.0deg,roll,2.0000,0,Car,3.9705,3,0.9400,False,1286,0.0855,30.7825,near<15m
kitti,000025,roll_2.0deg,roll,2.0000,1,Car,10.6518,0,0.0000,True,1088,1.0000,6.4642,near<15m
kitti,000025,roll_2.0deg,roll,2.0000,2,Car,30.1901,0,0.0000,True,54,1.0000,1.2331,far>30m
kitti,000025,roll_2.0deg,roll,2.0000,3,Car,17.8550,0,0.0000,True,311,0.9904,5.5606,mid15-30m
kitti,000025,roll_2.0deg,roll,2.0000,4,Cyclist,44.7159,3,0.0000,False,17,1.0000,1.5670,far>30m
kitti,000025,roll_2.0deg,roll,2.0000,5,Car,22.6976,1,0.0000,True,27,1.0000,4.2182,mid15-30m
kitti,000025,yaw_3.0deg,yaw,3.0000,0,Car,3.9705,3,0.9400,False,1286,0.1244,93.4115,near<15m
kitti,000025,yaw_3.0deg,yaw,3.0000,1,Car,10.6518,0,0.0000,True,1088,0.8336,41.6908,near<15m
kitti,000025,yaw_3.0deg,yaw,3.0000,2,Car,30.1901,0,0.0000,True,54,0.1111,38.3069,far>30m
kitti,000025,yaw_3.0deg,yaw,3.0000,3,Car,17.8550,0,0.0000,True,311,0.5209,39.7581,mid15-30m
kitti,000025,yaw_3.0deg,yaw,3.0000,4,Cyclist,44.7159,3,0.0000,False,17,0.0000,38.0691,far>30m
kitti,000025,yaw_3.0deg,yaw,3.0000,5,Car,22.6976,1,0.0000,True,27,0.0000,38.9829,mid15-30m
kitti,000025,pitch_3.0deg,pitch,3.0000,0,Car,3.9705,3,0.9400,False,1286,0.0607,60.3448,near<15m
kitti,000025,pitch_3.0deg,pitch,3.0000,1,Car,10.6518,0,0.0000,True,1088,0.8309,39.5596,near<15m
kitti,000025,pitch_3.0deg,pitch,3.0000,2,Car,30.1901,0,0.0000,True,54,0.0000,38.3200,far>30m
kitti,000025,pitch_3.0deg,pitch,3.0000,3,Car,17.8550,0,0.0000,True,311,0.3312,38.7721,mid15-30m
kitti,000025,pitch_3.0deg,pitch,3.0000,4,Cyclist,44.7159,3,0.0000,False,17,0.0000,38.1031,far>30m
kitti,000025,pitch_3.0deg,pitch,3.0000,5,Car,22.6976,1,0.0000,True,27,0.3333,38.5059,mid15-30m
kitti,000025,roll_3.0deg,roll,3.0000,0,Car,3.9705,3,0.9400,False,1286,0.0840,46.1760,near<15m
kitti,000025,roll_3.0deg,roll,3.0000,1,Car,10.6518,0,0.0000,True,1088,0.9807,9.6954,near<15m
kitti,000025,roll_3.0deg,roll,3.0000,2,Car,30.1901,0,0.0000,True,54,1.0000,1.8495,far>30m
kitti,000025,roll_3.0deg,roll,3.0000,3,Car,17.8550,0,0.0000,True,311,0.9646,8.3405,mid15-30m
kitti,000025,roll_3.0deg,roll,3.0000,4,Cyclist,44.7159,3,0.0000,False,17,1.0000,2.3504,far>30m
kitti,000025,roll_3.0deg,roll,3.0000,5,Car,22.6976,1,0.0000,True,27,1.0000,6.3270,mid15-30m
kitti,000025,tfwd_2cm,tfwd,2.0000,0,Car,3.9705,3,0.9400,False,1286,0.1104,9.4122,near<15m
kitti,000025,tfwd_2cm,tfwd,2.0000,1,Car,10.6518,0,0.0000,True,1088,1.0000,0.3929,near<15m
kitti,000025,tfwd_2cm,tfwd,2.0000,2,Car,30.1901,0,0.0000,True,54,1.0000,0.0232,far>30m
kitti,000025,tfwd_2cm,tfwd,2.0000,3,Car,17.8550,0,0.0000,True,311,1.0000,0.1952,mid15-30m
kitti,000025,tfwd_2cm,tfwd,2.0000,4,Cyclist,44.7159,3,0.0000,False,17,1.0000,0.0205,far>30m
kitti,000025,tfwd_2cm,tfwd,2.0000,5,Car,22.6976,1,0.0000,True,27,1.0000,0.1151,mid15-30m
kitti,000025,tleft_2cm,tleft,2.0000,0,Car,3.9705,3,0.9400,False,1286,0.1096,7.1656,near<15m
kitti,000025,tleft_2cm,tleft,2.0000,1,Car,10.6518,0,0.0000,True,1088,1.0000,1.5696,near<15m
kitti,000025,tleft_2cm,tleft,2.0000,2,Car,30.1901,0,0.0000,True,54,1.0000,0.5049,far>30m
kitti,000025,tleft_2cm,tleft,2.0000,3,Car,17.8550,0,0.0000,True,311,1.0000,0.8753,mid15-30m
kitti,000025,tleft_2cm,tleft,2.0000,4,Cyclist,44.7159,3,0.0000,False,17,1.0000,0.3236,far>30m
kitti,000025,tleft_2cm,tleft,2.0000,5,Car,22.6976,1,0.0000,True,27,1.0000,0.6805,mid15-30m
kitti,000025,tup_2cm,tup,2.0000,0,Car,3.9705,3,0.9400,False,1286,0.1135,7.1993,near<15m
kitti,000025,tup_2cm,tup,2.0000,1,Car,10.6518,0,0.0000,True,1088,1.0000,1.5710,near<15m
kitti,000025,tup_2cm,tup,2.0000,2,Car,30.1901,0,0.0000,True,54,1.0000,0.5051,far>30m
kitti,000025,tup_2cm,tup,2.0000,3,Car,17.8550,0,0.0000,True,311,1.0000,0.8758,mid15-30m
kitti,000025,tup_2cm,tup,2.0000,4,Cyclist,44.7159,3,0.0000,False,17,1.0000,0.3237,far>30m
kitti,000025,tup_2cm,tup,2.0000,5,Car,22.6976,1,0.0000,True,27,1.0000,0.6808,mid15-30m
kitti,000025,tfwd_5cm,tfwd,5.0000,0,Car,3.9705,3,0.9400,False,1286,0.1143,23.1506,near<15m
kitti,000025,tfwd_5cm,tfwd,5.0000,1,Car,10.6518,0,0.0000,True,1088,1.0000,0.9791,near<15m
kitti,000025,tfwd_5cm,tfwd,5.0000,2,Car,30.1901,0,0.0000,True,54,1.0000,0.0579,far>30m
kitti,000025,tfwd_5cm,tfwd,5.0000,3,Car,17.8550,0,0.0000,True,311,1.0000,0.4871,mid15-30m
kitti,000025,tfwd_5cm,tfwd,5.0000,4,Cyclist,44.7159,3,0.0000,False,17,1.0000,0.0511,far>30m
kitti,000025,tfwd_5cm,tfwd,5.0000,5,Car,22.6976,1,0.0000,True,27,1.0000,0.2874,mid15-30m
kitti,000025,tleft_5cm,tleft,5.0000,0,Car,3.9705,3,0.9400,False,1286,0.1135,17.9141,near<15m
kitti,000025,tleft_5cm,tleft,5.0000,1,Car,10.6518,0,0.0000,True,1088,1.0000,3.9239,near<15m
kitti,000025,tleft_5cm,tleft,5.0000,2,Car,30.1901,0,0.0000,True,54,1.0000,1.2622,far>30m
kitti,000025,tleft_5cm,tleft,5.0000,3,Car,17.8550,0,0.0000,True,311,1.0000,2.1883,mid15-30m
kitti,000025,tleft_5cm,tleft,5.0000,4,Cyclist,44.7159,3,0.0000,False,17,1.0000,0.8091,far>30m
kitti,000025,tleft_5cm,tleft,5.0000,5,Car,22.6976,1,0.0000,True,27,1.0000,1.7013,mid15-30m
kitti,000025,tup_5cm,tup,5.0000,0,Car,3.9705,3,0.9400,False,1286,0.1174,17.9953,near<15m
kitti,000025,tup_5cm,tup,5.0000,1,Car,10.6518,0,0.0000,True,1088,1.0000,3.9275,near<15m
kitti,000025,tup_5cm,tup,5.0000,2,Car,30.1901,0,0.0000,True,54,1.0000,1.2626,far>30m
kitti,000025,tup_5cm,tup,5.0000,3,Car,17.8550,0,0.0000,True,311,1.0000,2.1896,mid15-30m
kitti,000025,tup_5cm,tup,5.0000,4,Cyclist,44.7159,3,0.0000,False,17,1.0000,0.8092,far>30m
kitti,000025,tup_5cm,tup,5.0000,5,Car,22.6976,1,0.0000,True,27,1.0000,1.7020,mid15-30m
kitti,000025,tfwd_10cm,tfwd,10.0000,0,Car,3.9705,3,0.9400,False,1286,0.1299,45.0893,near<15m
kitti,000025,tfwd_10cm,tfwd,10.0000,1,Car,10.6518,0,0.0000,True,1088,1.0000,1.9474,near<15m
kitti,000025,tfwd_10cm,tfwd,10.0000,2,Car,30.1901,0,0.0000,True,54,1.0000,0.1157,far>30m
kitti,000025,tfwd_10cm,tfwd,10.0000,3,Car,17.8550,0,0.0000,True,311,1.0000,0.9713,mid15-30m
kitti,000025,tfwd_10cm,tfwd,10.0000,4,Cyclist,44.7159,3,0.0000,False,17,1.0000,0.1021,far>30m
kitti,000025,tfwd_10cm,tfwd,10.0000,5,Car,22.6976,1,0.0000,True,27,1.0000,0.5735,mid15-30m
kitti,000025,tleft_10cm,tleft,10.0000,0,Car,3.9705,3,0.9400,False,1286,0.1213,35.8280,near<15m
kitti,000025,tleft_10cm,tleft,10.0000,1,Car,10.6518,0,0.0000,True,1088,0.9982,7.8478,near<15m
kitti,000025,tleft_10cm,tleft,10.0000,2,Car,30.1901,0,0.0000,True,54,1.0000,2.5244,far>30m
kitti,000025,tleft_10cm,tleft,10.0000,3,Car,17.8550,0,0.0000,True,311,1.0000,4.3766,mid15-30m
kitti,000025,tleft_10cm,tleft,10.0000,4,Cyclist,44.7159,3,0.0000,False,17,0.9412,1.6182,far>30m
kitti,000025,tleft_10cm,tleft,10.0000,5,Car,22.6976,1,0.0000,True,27,0.9630,3.4026,mid15-30m
kitti,000025,tup_10cm,tup,10.0000,0,Car,3.9705,3,0.9400,False,1286,0.1415,35.9807,near<15m
kitti,000025,tup_10cm,tup,10.0000,1,Car,10.6518,0,0.0000,True,1088,1.0000,7.8545,near<15m
kitti,000025,tup_10cm,tup,10.0000,2,Car,30.1901,0,0.0000,True,54,1.0000,2.5253,far>30m
kitti,000025,tup_10cm,tup,10.0000,3,Car,17.8550,0,0.0000,True,311,1.0000,4.3790,mid15-30m
kitti,000025,tup_10cm,tup,10.0000,4,Cyclist,44.7159,3,0.0000,False,17,0.8235,1.6184,far>30m
kitti,000025,tup_10cm,tup,10.0000,5,Car,22.6976,1,0.0000,True,27,0.7407,3.4039,mid15-30m
kitti,000031,baseline,baseline,0.0000,0,Car,12.6076,0,0.0000,True,984,1.0000,0.0000,near<15m
kitti,000031,baseline,baseline,0.0000,1,Car,9.0379,0,0.0000,True,932,1.0000,0.0000,near<15m
kitti,000031,baseline,baseline,0.0000,2,Car,13.4562,1,0.0000,True,501,1.0000,0.0000,near<15m
kitti,000031,baseline,baseline,0.0000,3,Truck,22.5403,2,0.0000,False,323,1.0000,0.0000,mid15-30m
kitti,000031,baseline,baseline,0.0000,4,Car,26.5487,0,0.0000,True,141,1.0000,0.0000,mid15-30m
kitti,000031,baseline,baseline,0.0000,5,Van,51.9295,0,0.0000,True,31,1.0000,0.0000,far>30m
kitti,000031,yaw_0.5deg,yaw,0.5000,0,Car,12.6076,0,0.0000,True,984,0.9970,6.9751,near<15m
kitti,000031,yaw_0.5deg,yaw,0.5000,1,Car,9.0379,0,0.0000,True,932,1.0000,7.6723,near<15m
kitti,000031,yaw_0.5deg,yaw,0.5000,2,Car,13.4562,1,0.0000,True,501,0.9840,6.7256,near<15m
kitti,000031,yaw_0.5deg,yaw,0.5000,3,Truck,22.5403,2,0.0000,False,323,0.9752,6.5534,mid15-30m
kitti,000031,yaw_0.5deg,yaw,0.5000,4,Car,26.5487,0,0.0000,True,141,0.9291,6.4323,mid15-30m
kitti,000031,yaw_0.5deg,yaw,0.5000,5,Van,51.9295,0,0.0000,True,31,0.9032,6.3388,far>30m
kitti,000031,pitch_0.5deg,pitch,0.5000,0,Car,12.6076,0,0.0000,True,984,1.0000,6.5174,near<15m
kitti,000031,pitch_0.5deg,pitch,0.5000,1,Car,9.0379,0,0.0000,True,932,1.0000,6.6719,near<15m
kitti,000031,pitch_0.5deg,pitch,0.5000,2,Car,13.4562,1,0.0000,True,501,1.0000,6.4864,near<15m
kitti,000031,pitch_0.5deg,pitch,0.5000,3,Truck,22.5403,2,0.0000,False,323,0.9876,6.3823,mid15-30m
kitti,000031,pitch_0.5deg,pitch,0.5000,4,Car,26.5487,0,0.0000,True,141,0.8794,6.3813,mid15-30m
kitti,000031,pitch_0.5deg,pitch,0.5000,5,Van,51.9295,0,0.0000,True,31,0.7419,6.3359,far>30m
kitti,000031,roll_0.5deg,roll,0.5000,0,Car,12.6076,0,0.0000,True,984,1.0000,1.8454,near<15m
kitti,000031,roll_0.5deg,roll,0.5000,1,Car,9.0379,0,0.0000,True,932,1.0000,2.7644,near<15m
kitti,000031,roll_0.5deg,roll,0.5000,2,Car,13.4562,1,0.0000,True,501,1.0000,1.4164,near<15m
kitti,000031,roll_0.5deg,roll,0.5000,3,Truck,22.5403,2,0.0000,False,323,1.0000,1.0291,mid15-30m
kitti,000031,roll_0.5deg,roll,0.5000,4,Car,26.5487,0,0.0000,True,141,1.0000,0.6925,mid15-30m
kitti,000031,roll_0.5deg,roll,0.5000,5,Van,51.9295,0,0.0000,True,31,1.0000,0.2437,far>30m
kitti,000031,yaw_1.0deg,yaw,1.0000,0,Car,12.6076,0,0.0000,True,984,0.9715,13.9858,near<15m
kitti,000031,yaw_1.0deg,yaw,1.0000,1,Car,9.0379,0,0.0000,True,932,0.9893,15.2881,near<15m
kitti,000031,yaw_1.0deg,yaw,1.0000,2,Car,13.4562,1,0.0000,True,501,0.9521,13.4269,near<15m
kitti,000031,yaw_1.0deg,yaw,1.0000,3,Truck,22.5403,2,0.0000,False,323,0.9257,13.1263,mid15-30m
kitti,000031,yaw_1.0deg,yaw,1.0000,4,Car,26.5487,0,0.0000,True,141,0.7801,12.8538,mid15-30m
kitti,000031,yaw_1.0deg,yaw,1.0000,5,Van,51.9295,0,0.0000,True,31,0.6129,12.6747,far>30m
kitti,000031,pitch_1.0deg,pitch,1.0000,0,Car,12.6076,0,0.0000,True,984,1.0000,13.0465,near<15m
kitti,000031,pitch_1.0deg,pitch,1.0000,1,Car,9.0379,0,0.0000,True,932,1.0000,13.3619,near<15m
kitti,000031,pitch_1.0deg,pitch,1.0000,2,Car,13.4562,1,0.0000,True,501,1.0000,12.9829,near<15m
kitti,000031,pitch_1.0deg,pitch,1.0000,3,Truck,22.5403,2,0.0000,False,323,0.9412,12.7651,mid15-30m
kitti,000031,pitch_1.0deg,pitch,1.0000,4,Car,26.5487,0,0.0000,True,141,0.7163,12.7687,mid15-30m
kitti,000031,pitch_1.0deg,pitch,1.0000,5,Van,51.9295,0,0.0000,True,31,0.4516,12.6755,far>30m
kitti,000031,roll_1.0deg,roll,1.0000,0,Car,12.6076,0,0.0000,True,984,1.0000,3.6908,near<15m
kitti,000031,roll_1.0deg,roll,1.0000,1,Car,9.0379,0,0.0000,True,932,1.0000,5.5288,near<15m
kitti,000031,roll_1.0deg,roll,1.0000,2,Car,13.4562,1,0.0000,True,501,1.0000,2.8327,near<15m
kitti,000031,roll_1.0deg,roll,1.0000,3,Truck,22.5403,2,0.0000,False,323,1.0000,2.0582,mid15-30m
kitti,000031,roll_1.0deg,roll,1.0000,4,Car,26.5487,0,0.0000,True,141,1.0000,1.3850,mid15-30m
kitti,000031,roll_1.0deg,roll,1.0000,5,Van,51.9295,0,0.0000,True,31,1.0000,0.4875,far>30m
kitti,000031,yaw_2.0deg,yaw,2.0000,0,Car,12.6076,0,0.0000,True,984,0.8780,28.1198,near<15m
kitti,000031,yaw_2.0deg,yaw,2.0000,1,Car,9.0379,0,0.0000,True,932,0.9517,30.3576,near<15m
kitti,000031,yaw_2.0deg,yaw,2.0000,2,Car,13.4562,1,0.0000,True,501,0.8343,26.7612,near<15m
kitti,000031,yaw_2.0deg,yaw,2.0000,3,Truck,22.5403,2,0.0000,False,323,0.7740,26.3348,mid15-30m
kitti,000031,yaw_2.0deg,yaw,2.0000,4,Car,26.5487,0,0.0000,True,141,0.4823,25.6685,mid15-30m
kitti,000031,yaw_2.0deg,yaw,2.0000,5,Van,51.9295,0,0.0000,True,31,0.0968,25.3411,far>30m
kitti,000031,pitch_2.0deg,pitch,2.0000,0,Car,12.6076,0,0.0000,True,984,0.8974,26.1440,near<15m
kitti,000031,pitch_2.0deg,pitch,2.0000,1,Car,9.0379,0,0.0000,True,932,0.9807,26.8010,near<15m
kitti,000031,pitch_2.0deg,pitch,2.0000,2,Car,13.4562,1,0.0000,True,501,0.8782,26.0108,near<15m
kitti,000031,pitch_2.0deg,pitch,2.0000,3,Truck,22.5403,2,0.0000,False,323,0.9009,25.5365,mid15-30m
kitti,000031,pitch_2.0deg,pitch,2.0000,4,Car,26.5487,0,0.0000,True,141,0.2837,25.5657,mid15-30m
kitti,000031,pitch_2.0deg,pitch,2.0000,5,Van,51.9295,0,0.0000,True,31,0.0323,25.3692,far>30m
kitti,000031,roll_2.0deg,roll,2.0000,0,Car,12.6076,0,0.0000,True,984,0.9705,7.3810,near<15m
kitti,000031,roll_2.0deg,roll,2.0000,1,Car,9.0379,0,0.0000,True,932,1.0000,11.0576,near<15m
kitti,000031,roll_2.0deg,roll,2.0000,2,Car,13.4562,1,0.0000,True,501,1.0000,5.6654,near<15m
kitti,000031,roll_2.0deg,roll,2.0000,3,Truck,22.5403,2,0.0000,False,323,1.0000,4.1161,mid15-30m
kitti,000031,roll_2.0deg,roll,2.0000,4,Car,26.5487,0,0.0000,True,141,1.0000,2.7700,mid15-30m
kitti,000031,roll_2.0deg,roll,2.0000,5,Van,51.9295,0,0.0000,True,31,1.0000,0.9750,far>30m
kitti,000031,yaw_3.0deg,yaw,3.0000,0,Car,12.6076,0,0.0000,True,984,0.7754,42.4134,near<15m
kitti,000031,yaw_3.0deg,yaw,3.0000,1,Car,9.0379,0,0.0000,True,932,0.9260,45.2229,near<15m
kitti,000031,yaw_3.0deg,yaw,3.0000,2,Car,13.4562,1,0.0000,True,501,0.6846,40.0123,near<15m
kitti,000031,yaw_3.0deg,yaw,3.0000,3,Truck,22.5403,2,0.0000,False,323,0.6316,39.6347,mid15-30m
kitti,000031,yaw_3.0deg,yaw,3.0000,4,Car,26.5487,0,0.0000,True,141,0.2057,38.4524,mid15-30m
kitti,000031,yaw_3.0deg,yaw,3.0000,5,Van,51.9295,0,0.0000,True,31,0.0000,38.0070,far>30m
kitti,000031,pitch_3.0deg,pitch,3.0000,0,Car,12.6076,0,0.0000,True,984,0.7530,39.3014,near<15m
kitti,000031,pitch_3.0deg,pitch,3.0000,1,Car,9.0379,0,0.0000,True,932,0.8573,40.3271,near<15m
kitti,000031,pitch_3.0deg,pitch,3.0000,2,Car,13.4562,1,0.0000,True,501,0.6806,39.0921,near<15m
kitti,000031,pitch_3.0deg,pitch,3.0000,3,Truck,22.5403,2,0.0000,False,323,0.8700,38.3222,mid15-30m
kitti,000031,pitch_3.0deg,pitch,3.0000,4,Car,26.5487,0,0.0000,True,141,0.0496,38.3989,mid15-30m
kitti,000031,pitch_3.0deg,pitch,3.0000,5,Van,51.9295,0,0.0000,True,31,0.0000,38.0891,far>30m
kitti,000031,roll_3.0deg,roll,3.0000,0,Car,12.6076,0,0.0000,True,984,0.9350,11.0705,near<15m
kitti,000031,roll_3.0deg,roll,3.0000,1,Car,9.0379,0,0.0000,True,932,0.9979,16.5860,near<15m
kitti,000031,roll_3.0deg,roll,3.0000,2,Car,13.4562,1,0.0000,True,501,0.9960,8.4977,near<15m
kitti,000031,roll_3.0deg,roll,3.0000,3,Truck,22.5403,2,0.0000,False,323,1.0000,6.1737,mid15-30m
kitti,000031,roll_3.0deg,roll,3.0000,4,Car,26.5487,0,0.0000,True,141,0.9929,4.1548,mid15-30m
kitti,000031,roll_3.0deg,roll,3.0000,5,Van,51.9295,0,0.0000,True,31,1.0000,1.4623,far>30m
kitti,000031,tfwd_2cm,tfwd,2.0000,0,Car,12.6076,0,0.0000,True,984,1.0000,0.3819,near<15m
kitti,000031,tfwd_2cm,tfwd,2.0000,1,Car,9.0379,0,0.0000,True,932,1.0000,0.8803,near<15m
kitti,000031,tfwd_2cm,tfwd,2.0000,2,Car,13.4562,1,0.0000,True,501,1.0000,0.2730,near<15m
kitti,000031,tfwd_2cm,tfwd,2.0000,3,Truck,22.5403,2,0.0000,False,323,1.0000,0.1117,mid15-30m
kitti,000031,tfwd_2cm,tfwd,2.0000,4,Car,26.5487,0,0.0000,True,141,1.0000,0.0644,mid15-30m
kitti,000031,tfwd_2cm,tfwd,2.0000,5,Van,51.9295,0,0.0000,True,31,1.0000,0.0114,far>30m
kitti,000031,tleft_2cm,tleft,2.0000,0,Car,12.6076,0,0.0000,True,984,1.0000,1.3256,near<15m
kitti,000031,tleft_2cm,tleft,2.0000,1,Car,9.0379,0,0.0000,True,932,1.0000,1.9727,near<15m
kitti,000031,tleft_2cm,tleft,2.0000,2,Car,13.4562,1,0.0000,True,501,1.0000,1.1942,near<15m
kitti,000031,tleft_2cm,tleft,2.0000,3,Truck,22.5403,2,0.0000,False,323,1.0000,0.6922,mid15-30m
kitti,000031,tleft_2cm,tleft,2.0000,4,Car,26.5487,0,0.0000,True,141,1.0000,0.5791,mid15-30m
kitti,000031,tleft_2cm,tleft,2.0000,5,Van,51.9295,0,0.0000,True,31,1.0000,0.2893,far>30m
kitti,000031,tup_2cm,tup,2.0000,0,Car,12.6076,0,0.0000,True,984,1.0000,1.3268,near<15m
kitti,000031,tup_2cm,tup,2.0000,1,Car,9.0379,0,0.0000,True,932,1.0000,1.9751,near<15m
kitti,000031,tup_2cm,tup,2.0000,2,Car,13.4562,1,0.0000,True,501,1.0000,1.1950,near<15m
kitti,000031,tup_2cm,tup,2.0000,3,Truck,22.5403,2,0.0000,False,323,1.0000,0.6921,mid15-30m
kitti,000031,tup_2cm,tup,2.0000,4,Car,26.5487,0,0.0000,True,141,1.0000,0.5793,mid15-30m
kitti,000031,tup_2cm,tup,2.0000,5,Van,51.9295,0,0.0000,True,31,1.0000,0.2894,far>30m
kitti,000031,tfwd_5cm,tfwd,5.0000,0,Car,12.6076,0,0.0000,True,984,1.0000,0.9521,near<15m
kitti,000031,tfwd_5cm,tfwd,5.0000,1,Car,9.0379,0,0.0000,True,932,1.0000,2.1918,near<15m
kitti,000031,tfwd_5cm,tfwd,5.0000,2,Car,13.4562,1,0.0000,True,501,1.0000,0.6807,near<15m
kitti,000031,tfwd_5cm,tfwd,5.0000,3,Truck,22.5403,2,0.0000,False,323,1.0000,0.2788,mid15-30m
kitti,000031,tfwd_5cm,tfwd,5.0000,4,Car,26.5487,0,0.0000,True,141,1.0000,0.1609,mid15-30m
kitti,000031,tfwd_5cm,tfwd,5.0000,5,Van,51.9295,0,0.0000,True,31,1.0000,0.0284,far>30m
kitti,000031,tleft_5cm,tleft,5.0000,0,Car,12.6076,0,0.0000,True,984,1.0000,3.3140,near<15m
kitti,000031,tleft_5cm,tleft,5.0000,1,Car,9.0379,0,0.0000,True,932,1.0000,4.9319,near<15m
kitti,000031,tleft_5cm,tleft,5.0000,2,Car,13.4562,1,0.0000,True,501,0.9980,2.9854,near<15m
kitti,000031,tleft_5cm,tleft,5.0000,3,Truck,22.5403,2,0.0000,False,323,1.0000,1.7304,mid15-30m
kitti,000031,tleft_5cm,tleft,5.0000,4,Car,26.5487,0,0.0000,True,141,1.0000,1.4476,mid15-30m
kitti,000031,tleft_5cm,tleft,5.0000,5,Van,51.9295,0,0.0000,True,31,1.0000,0.7234,far>30m
kitti,000031,tup_5cm,tup,5.0000,0,Car,12.6076,0,0.0000,True,984,1.0000,3.3168,near<15m
kitti,000031,tup_5cm,tup,5.0000,1,Car,9.0379,0,0.0000,True,932,0.9582,4.9375,near<15m
kitti,000031,tup_5cm,tup,5.0000,2,Car,13.4562,1,0.0000,True,501,1.0000,2.9874,near<15m
kitti,000031,tup_5cm,tup,5.0000,3,Truck,22.5403,2,0.0000,False,323,1.0000,1.7302,mid15-30m
kitti,000031,tup_5cm,tup,5.0000,4,Car,26.5487,0,0.0000,True,141,1.0000,1.4482,mid15-30m
kitti,000031,tup_5cm,tup,5.0000,5,Van,51.9295,0,0.0000,True,31,1.0000,0.7235,far>30m
kitti,000031,tfwd_10cm,tfwd,10.0000,0,Car,12.6076,0,0.0000,True,984,1.0000,1.8953,near<15m
kitti,000031,tfwd_10cm,tfwd,10.0000,1,Car,9.0379,0,0.0000,True,932,1.0000,4.3537,near<15m
kitti,000031,tfwd_10cm,tfwd,10.0000,2,Car,13.4562,1,0.0000,True,501,1.0000,1.3558,near<15m
kitti,000031,tfwd_10cm,tfwd,10.0000,3,Truck,22.5403,2,0.0000,False,323,1.0000,0.5564,mid15-30m
kitti,000031,tfwd_10cm,tfwd,10.0000,4,Car,26.5487,0,0.0000,True,141,1.0000,0.3212,mid15-30m
kitti,000031,tfwd_10cm,tfwd,10.0000,5,Van,51.9295,0,0.0000,True,31,1.0000,0.0567,far>30m
kitti,000031,tleft_10cm,tleft,10.0000,0,Car,12.6076,0,0.0000,True,984,0.9970,6.6281,near<15m
kitti,000031,tleft_10cm,tleft,10.0000,1,Car,9.0379,0,0.0000,True,932,1.0000,9.8637,near<15m
kitti,000031,tleft_10cm,tleft,10.0000,2,Car,13.4562,1,0.0000,True,501,0.9880,5.9709,near<15m
kitti,000031,tleft_10cm,tleft,10.0000,3,Truck,22.5403,2,0.0000,False,323,0.9969,3.4608,mid15-30m
kitti,000031,tleft_10cm,tleft,10.0000,4,Car,26.5487,0,0.0000,True,141,0.9929,2.8953,mid15-30m
kitti,000031,tleft_10cm,tleft,10.0000,5,Van,51.9295,0,0.0000,True,31,1.0000,1.4467,far>30m
kitti,000031,tup_10cm,tup,10.0000,0,Car,12.6076,0,0.0000,True,984,0.9705,6.6333,near<15m
kitti,000031,tup_10cm,tup,10.0000,1,Car,9.0379,0,0.0000,True,932,0.9056,9.8743,near<15m
kitti,000031,tup_10cm,tup,10.0000,2,Car,13.4562,1,0.0000,True,501,1.0000,5.9746,near<15m
kitti,000031,tup_10cm,tup,10.0000,3,Truck,22.5403,2,0.0000,False,323,1.0000,3.4604,mid15-30m
kitti,000031,tup_10cm,tup,10.0000,4,Car,26.5487,0,0.0000,True,141,1.0000,2.8963,mid15-30m
kitti,000031,tup_10cm,tup,10.0000,5,Van,51.9295,0,0.0000,True,31,1.0000,1.4470,far>30m
kitti,000032,baseline,baseline,0.0000,0,Car,9.6530,0,0.0000,True,1409,1.0000,0.0000,near<15m
kitti,000032,baseline,baseline,0.0000,1,Car,9.1383,0,0.0000,True,1273,1.0000,0.0000,near<15m
kitti,000032,baseline,baseline,0.0000,2,Van,14.8072,1,0.0000,True,790,1.0000,0.0000,near<15m
kitti,000032,baseline,baseline,0.0000,3,Car,13.8088,1,0.0000,True,401,1.0000,0.0000,near<15m
kitti,000032,baseline,baseline,0.0000,4,Car,20.1738,2,0.0000,False,68,1.0000,0.0000,mid15-30m
kitti,000032,baseline,baseline,0.0000,5,Van,25.4107,2,0.0000,False,584,1.0000,0.0000,mid15-30m
kitti,000032,baseline,baseline,0.0000,6,Car,25.8442,2,0.0000,False,75,1.0000,0.0000,mid15-30m
kitti,000032,baseline,baseline,0.0000,7,Van,44.7219,0,0.0000,True,62,1.0000,0.0000,far>30m
kitti,000032,baseline,baseline,0.0000,8,Van,41.0910,2,0.0000,False,154,1.0000,0.0000,far>30m
kitti,000032,baseline,baseline,0.0000,9,Car,45.1465,0,0.0000,True,38,1.0000,0.0000,far>30m
kitti,000032,yaw_0.5deg,yaw,0.5000,0,Car,9.6530,0,0.0000,True,1409,1.0000,7.5781,near<15m
kitti,000032,yaw_0.5deg,yaw,0.5000,1,Car,9.1383,0,0.0000,True,1273,1.0000,7.5135,near<15m
kitti,000032,yaw_0.5deg,yaw,0.5000,2,Van,14.8072,1,0.0000,True,790,1.0000,6.8371,near<15m
kitti,000032,yaw_0.5deg,yaw,0.5000,3,Car,13.8088,1,0.0000,True,401,1.0000,6.7308,near<15m
kitti,000032,yaw_0.5deg,yaw,0.5000,4,Car,20.1738,2,0.0000,False,68,0.8529,6.5553,mid15-30m
kitti,000032,yaw_0.5deg,yaw,0.5000,5,Van,25.4107,2,0.0000,False,584,1.0000,7.7256,mid15-30m
kitti,000032,yaw_0.5deg,yaw,0.5000,6,Car,25.8442,2,0.0000,False,75,1.0000,6.6486,mid15-30m
kitti,000032,yaw_0.5deg,yaw,0.5000,7,Van,44.7219,0,0.0000,True,62,0.9032,6.3408,far>30m
kitti,000032,yaw_0.5deg,yaw,0.5000,8,Van,41.0910,2,0.0000,False,154,0.9935,6.8812,far>30m
kitti,000032,yaw_0.5deg,yaw,0.5000,9,Car,45.1465,0,0.0000,True,38,0.8684,6.4650,far>30m
kitti,000032,pitch_0.5deg,pitch,0.5000,0,Car,9.6530,0,0.0000,True,1409,1.0000,6.6158,near<15m
kitti,000032,pitch_0.5deg,pitch,0.5000,1,Car,9.1383,0,0.0000,True,1273,1.0000,6.6456,near<15m
kitti,000032,pitch_0.5deg,pitch,0.5000,2,Van,14.8072,1,0.0000,True,790,1.0000,6.4450,near<15m
kitti,000032,pitch_0.5deg,pitch,0.5000,3,Car,13.8088,1,0.0000,True,401,1.0000,6.4788,near<15m
kitti,000032,pitch_0.5deg,pitch,0.5000,4,Car,20.1738,2,0.0000,False,68,0.9559,6.4018,mid15-30m
kitti,000032,pitch_0.5deg,pitch,0.5000,5,Van,25.4107,2,0.0000,False,584,1.0000,6.3768,mid15-30m
kitti,000032,pitch_0.5deg,pitch,0.5000,6,Car,25.8442,2,0.0000,False,75,1.0000,6.3711,mid15-30m
kitti,000032,pitch_0.5deg,pitch,0.5000,7,Van,44.7219,0,0.0000,True,62,0.8226,6.3392,far>30m
kitti,000032,pitch_0.5deg,pitch,0.5000,8,Van,41.0910,2,0.0000,False,154,1.0000,6.3422,far>30m
kitti,000032,pitch_0.5deg,pitch,0.5000,9,Car,45.1465,0,0.0000,True,38,0.6842,6.3421,far>30m
kitti,000032,roll_0.5deg,roll,0.5000,0,Car,9.6530,0,0.0000,True,1409,1.0000,2.6386,near<15m
kitti,000032,roll_0.5deg,roll,0.5000,1,Car,9.1383,0,0.0000,True,1273,1.0000,2.5615,near<15m
kitti,000032,roll_0.5deg,roll,0.5000,2,Van,14.8072,1,0.0000,True,790,1.0000,1.6033,near<15m
kitti,000032,roll_0.5deg,roll,0.5000,3,Car,13.8088,1,0.0000,True,401,1.0000,1.4177,near<15m
kitti,000032,roll_0.5deg,roll,0.5000,4,Car,20.1738,2,0.0000,False,68,1.0000,1.0532,mid15-30m
kitti,000032,roll_0.5deg,roll,0.5000,5,Van,25.4107,2,0.0000,False,584,1.0000,2.8714,mid15-30m
kitti,000032,roll_0.5deg,roll,0.5000,6,Car,25.8442,2,0.0000,False,75,1.0000,1.3432,mid15-30m
kitti,000032,roll_0.5deg,roll,0.5000,7,Van,44.7219,0,0.0000,True,62,1.0000,0.1841,far>30m
kitti,000032,roll_0.5deg,roll,0.5000,8,Van,41.0910,2,0.0000,False,154,1.0000,1.8626,far>30m
kitti,000032,roll_0.5deg,roll,0.5000,9,Car,45.1465,0,0.0000,True,38,1.0000,0.8751,far>30m
kitti,000032,yaw_1.0deg,yaw,1.0000,0,Car,9.6530,0,0.0000,True,1409,1.0000,15.2122,near<15m
kitti,000032,yaw_1.0deg,yaw,1.0000,1,Car,9.1383,0,0.0000,True,1273,0.9866,14.9758,near<15m
kitti,000032,yaw_1.0deg,yaw,1.0000,2,Van,14.8072,1,0.0000,True,790,1.0000,13.7053,near<15m
kitti,000032,yaw_1.0deg,yaw,1.0000,3,Car,13.8088,1,0.0000,True,401,0.9651,13.4369,near<15m
kitti,000032,yaw_1.0deg,yaw,1.0000,4,Car,20.1738,2,0.0000,False,68,0.6765,13.0927,mid15-30m
kitti,000032,yaw_1.0deg,yaw,1.0000,5,Van,25.4107,2,0.0000,False,584,1.0000,15.5148,mid15-30m
kitti,000032,yaw_1.0deg,yaw,1.0000,6,Car,25.8442,2,0.0000,False,75,0.9733,13.2732,mid15-30m
kitti,000032,yaw_1.0deg,yaw,1.0000,7,Van,44.7219,0,0.0000,True,62,0.6613,12.6796,far>30m
kitti,000032,yaw_1.0deg,yaw,1.0000,8,Van,41.0910,2,0.0000,False,154,0.8766,13.7279,far>30m
kitti,000032,yaw_1.0deg,yaw,1.0000,9,Car,45.1465,0,0.0000,True,38,0.6316,12.9466,far>30m
kitti,000032,pitch_1.0deg,pitch,1.0000,0,Car,9.6530,0,0.0000,True,1409,1.0000,13.2476,near<15m
kitti,000032,pitch_1.0deg,pitch,1.0000,1,Car,9.1383,0,0.0000,True,1273,1.0000,13.3078,near<15m
kitti,000032,pitch_1.0deg,pitch,1.0000,2,Van,14.8072,1,0.0000,True,790,1.0000,12.8956,near<15m
kitti,000032,pitch_1.0deg,pitch,1.0000,3,Car,13.8088,1,0.0000,True,401,1.0000,12.9669,near<15m
kitti,000032,pitch_1.0deg,pitch,1.0000,4,Car,20.1738,2,0.0000,False,68,0.9559,12.8091,mid15-30m
kitti,000032,pitch_1.0deg,pitch,1.0000,5,Van,25.4107,2,0.0000,False,584,1.0000,12.7540,mid15-30m
kitti,000032,pitch_1.0deg,pitch,1.0000,6,Car,25.8442,2,0.0000,False,75,1.0000,12.7448,mid15-30m
kitti,000032,pitch_1.0deg,pitch,1.0000,7,Van,44.7219,0,0.0000,True,62,0.5323,12.6810,far>30m
kitti,000032,pitch_1.0deg,pitch,1.0000,8,Van,41.0910,2,0.0000,False,154,1.0000,12.6847,far>30m
kitti,000032,pitch_1.0deg,pitch,1.0000,9,Car,45.1465,0,0.0000,True,38,0.0263,12.6879,far>30m
kitti,000032,roll_1.0deg,roll,1.0000,0,Car,9.6530,0,0.0000,True,1409,0.9858,5.2771,near<15m
kitti,000032,roll_1.0deg,roll,1.0000,1,Car,9.1383,0,0.0000,True,1273,1.0000,5.1230,near<15m
kitti,000032,roll_1.0deg,roll,1.0000,2,Van,14.8072,1,0.0000,True,790,1.0000,3.2066,near<15m
kitti,000032,roll_1.0deg,roll,1.0000,3,Car,13.8088,1,0.0000,True,401,1.0000,2.8354,near<15m
kitti,000032,roll_1.0deg,roll,1.0000,4,Car,20.1738,2,0.0000,False,68,1.0000,2.1065,mid15-30m
kitti,000032,roll_1.0deg,roll,1.0000,5,Van,25.4107,2,0.0000,False,584,0.9606,5.7427,mid15-30m
kitti,000032,roll_1.0deg,roll,1.0000,6,Car,25.8442,2,0.0000,False,75,1.0000,2.6864,mid15-30m
kitti,000032,roll_1.0deg,roll,1.0000,7,Van,44.7219,0,0.0000,True,62,1.0000,0.3682,far>30m
kitti,000032,roll_1.0deg,roll,1.0000,8,Van,41.0910,2,0.0000,False,154,1.0000,3.7253,far>30m
kitti,000032,roll_1.0deg,roll,1.0000,9,Car,45.1465,0,0.0000,True,38,1.0000,1.7502,far>30m
kitti,000032,yaw_2.0deg,yaw,2.0000,0,Car,9.6530,0,0.0000,True,1409,0.9894,30.6557,near<15m
kitti,000032,yaw_2.0deg,yaw,2.0000,1,Car,9.1383,0,0.0000,True,1273,0.9427,29.7535,near<15m
kitti,000032,yaw_2.0deg,yaw,2.0000,2,Van,14.8072,1,0.0000,True,790,0.9810,27.5403,near<15m
kitti,000032,yaw_2.0deg,yaw,2.0000,3,Car,13.8088,1,0.0000,True,401,0.8653,26.7801,near<15m
kitti,000032,yaw_2.0deg,yaw,2.0000,4,Car,20.1738,2,0.0000,False,68,0.2647,26.1177,mid15-30m
kitti,000032,yaw_2.0deg,yaw,2.0000,5,Van,25.4107,2,0.0000,False,584,1.0000,31.2925,mid15-30m
kitti,000032,yaw_2.0deg,yaw,2.0000,6,Car,25.8442,2,0.0000,False,75,0.7467,26.4555,mid15-30m
kitti,000032,yaw_2.0deg,yaw,2.0000,7,Van,44.7219,0,0.0000,True,62,0.2419,25.3552,far>30m
kitti,000032,yaw_2.0deg,yaw,2.0000,8,Van,41.0910,2,0.0000,False,154,0.7143,27.3230,far>30m
kitti,000032,yaw_2.0deg,yaw,2.0000,9,Car,45.1465,0,0.0000,True,38,0.1842,25.9637,far>30m
kitti,000032,pitch_2.0deg,pitch,2.0000,0,Car,9.6530,0,0.0000,True,1409,0.9823,26.5637,near<15m
kitti,000032,pitch_2.0deg,pitch,2.0000,1,Car,9.1383,0,0.0000,True,1273,0.9694,26.6870,near<15m
kitti,000032,pitch_2.0deg,pitch,2.0000,2,Van,14.8072,1,0.0000,True,790,0.9570,25.8177,near<15m
kitti,000032,pitch_2.0deg,pitch,2.0000,3,Car,13.8088,1,0.0000,True,401,0.8653,25.9749,near<15m
kitti,000032,pitch_2.0deg,pitch,2.0000,4,Car,20.1738,2,0.0000,False,68,0.8235,25.6439,mid15-30m
kitti,000032,pitch_2.0deg,pitch,2.0000,5,Van,25.4107,2,0.0000,False,584,0.9949,25.5138,mid15-30m
kitti,000032,pitch_2.0deg,pitch,2.0000,6,Car,25.8442,2,0.0000,False,75,0.9733,25.5036,mid15-30m
kitti,000032,pitch_2.0deg,pitch,2.0000,7,Van,44.7219,0,0.0000,True,62,0.1774,25.3758,far>30m
kitti,000032,pitch_2.0deg,pitch,2.0000,8,Van,41.0910,2,0.0000,False,154,0.8636,25.3745,far>30m
kitti,000032,pitch_2.0deg,pitch,2.0000,9,Car,45.1465,0,0.0000,True,38,0.0000,25.3950,far>30m
kitti,000032,roll_2.0deg,roll,2.0000,0,Car,9.6530,0,0.0000,True,1409,0.9603,10.5534,near<15m
kitti,000032,roll_2.0deg,roll,2.0000,1,Car,9.1383,0,0.0000,True,1273,1.0000,10.2460,near<15m
kitti,000032,roll_2.0deg,roll,2.0000,2,Van,14.8072,1,0.0000,True,790,0.9759,6.4127,near<15m
kitti,000032,roll_2.0deg,roll,2.0000,3,Car,13.8088,1,0.0000,True,401,1.0000,5.6707,near<15m
kitti,000032,roll_2.0deg,roll,2.0000,4,Car,20.1738,2,0.0000,False,68,1.0000,4.2129,mid15-30m
kitti,000032,roll_2.0deg,roll,2.0000,5,Van,25.4107,2,0.0000,False,584,0.8408,11.4844,mid15-30m
kitti,000032,roll_2.0deg,roll,2.0000,6,Car,25.8442,2,0.0000,False,75,1.0000,5.3726,mid15-30m
kitti,000032,roll_2.0deg,roll,2.0000,7,Van,44.7219,0,0.0000,True,62,1.0000,0.7364,far>30m
kitti,000032,roll_2.0deg,roll,2.0000,8,Van,41.0910,2,0.0000,False,154,1.0000,7.4505,far>30m
kitti,000032,roll_2.0deg,roll,2.0000,9,Car,45.1465,0,0.0000,True,38,1.0000,3.5002,far>30m
kitti,000032,yaw_3.0deg,yaw,3.0000,0,Car,9.6530,0,0.0000,True,1409,0.9517,46.3462,near<15m
kitti,000032,yaw_3.0deg,yaw,3.0000,1,Car,9.1383,0,0.0000,True,1273,0.8963,44.3463,near<15m
kitti,000032,yaw_3.0deg,yaw,3.0000,2,Van,14.8072,1,0.0000,True,790,0.9380,41.5159,near<15m
kitti,000032,yaw_3.0deg,yaw,3.0000,3,Car,13.8088,1,0.0000,True,401,0.7332,40.0390,near<15m
kitti,000032,yaw_3.0deg,yaw,3.0000,4,Car,20.1738,2,0.0000,False,68,0.1176,39.0838,mid15-30m
kitti,000032,yaw_3.0deg,yaw,3.0000,5,Van,25.4107,2,0.0000,False,584,1.0000,47.3497,mid15-30m
kitti,000032,yaw_3.0deg,yaw,3.0000,6,Car,25.8442,2,0.0000,False,75,0.5600,39.5557,mid15-30m
kitti,000032,yaw_3.0deg,yaw,3.0000,7,Van,44.7219,0,0.0000,True,62,0.0000,38.0345,far>30m
kitti,000032,yaw_3.0deg,yaw,3.0000,8,Van,41.0910,2,0.0000,False,154,0.5260,40.7956,far>30m
kitti,000032,yaw_3.0deg,yaw,3.0000,9,Car,45.1465,0,0.0000,True,38,0.0000,39.0601,far>30m
kitti,000032,pitch_3.0deg,pitch,3.0000,0,Car,9.6530,0,0.0000,True,1409,0.9028,39.9578,near<15m
kitti,000032,pitch_3.0deg,pitch,3.0000,1,Car,9.1383,0,0.0000,True,1273,0.8712,40.1475,near<15m
kitti,000032,pitch_3.0deg,pitch,3.0000,2,Van,14.8072,1,0.0000,True,790,0.8570,38.7746,near<15m
kitti,000032,pitch_3.0deg,pitch,3.0000,3,Car,13.8088,1,0.0000,True,401,0.6933,39.0327,near<15m
kitti,000032,pitch_3.0deg,pitch,3.0000,4,Car,20.1738,2,0.0000,False,68,0.4412,38.5126,mid15-30m
kitti,000032,pitch_3.0deg,pitch,3.0000,5,Van,25.4107,2,0.0000,False,584,0.8836,38.2881,mid15-30m
kitti,000032,pitch_3.0deg,pitch,3.0000,6,Car,25.8442,2,0.0000,False,75,0.5200,38.2845,mid15-30m
kitti,000032,pitch_3.0deg,pitch,3.0000,7,Van,44.7219,0,0.0000,True,62,0.0000,38.0923,far>30m
kitti,000032,pitch_3.0deg,pitch,3.0000,8,Van,41.0910,2,0.0000,False,154,0.3377,38.0776,far>30m
kitti,000032,pitch_3.0deg,pitch,3.0000,9,Car,45.1465,0,0.0000,True,38,0.0000,38.1292,far>30m
kitti,000032,roll_3.0deg,roll,3.0000,0,Car,9.6530,0,0.0000,True,1409,0.9312,15.8285,near<15m
kitti,000032,roll_3.0deg,roll,3.0000,1,Car,9.1383,0,0.0000,True,1273,0.9969,15.3686,near<15m
kitti,000032,roll_3.0deg,roll,3.0000,2,Van,14.8072,1,0.0000,True,790,0.9367,9.6182,near<15m
kitti,000032,roll_3.0deg,roll,3.0000,3,Car,13.8088,1,0.0000,True,401,1.0000,8.5057,near<15m
kitti,000032,roll_3.0deg,roll,3.0000,4,Car,20.1738,2,0.0000,False,68,1.0000,6.3190,mid15-30m
kitti,000032,roll_3.0deg,roll,3.0000,5,Van,25.4107,2,0.0000,False,584,0.7226,17.2248,mid15-30m
kitti,000032,roll_3.0deg,roll,3.0000,6,Car,25.8442,2,0.0000,False,75,1.0000,8.0586,mid15-30m
kitti,000032,roll_3.0deg,roll,3.0000,7,Van,44.7219,0,0.0000,True,62,1.0000,1.1046,far>30m
kitti,000032,roll_3.0deg,roll,3.0000,8,Van,41.0910,2,0.0000,False,154,1.0000,11.1754,far>30m
kitti,000032,roll_3.0deg,roll,3.0000,9,Car,45.1465,0,0.0000,True,38,1.0000,5.2500,far>30m
kitti,000032,tfwd_2cm,tfwd,2.0000,0,Car,9.6530,0,0.0000,True,1409,1.0000,0.7272,near<15m
kitti,000032,tfwd_2cm,tfwd,2.0000,1,Car,9.1383,0,0.0000,True,1273,1.0000,0.7983,near<15m
kitti,000032,tfwd_2cm,tfwd,2.0000,2,Van,14.8072,1,0.0000,True,790,1.0000,0.2713,near<15m
kitti,000032,tfwd_2cm,tfwd,2.0000,3,Car,13.8088,1,0.0000,True,401,1.0000,0.2734,near<15m
kitti,000032,tfwd_2cm,tfwd,2.0000,4,Car,20.1738,2,0.0000,False,68,1.0000,0.1320,mid15-30m
kitti,000032,tfwd_2cm,tfwd,2.0000,5,Van,25.4107,2,0.0000,False,584,1.0000,0.2978,mid15-30m
kitti,000032,tfwd_2cm,tfwd,2.0000,6,Car,25.8442,2,0.0000,False,75,1.0000,0.1309,mid15-30m
kitti,000032,tfwd_2cm,tfwd,2.0000,7,Van,44.7219,0,0.0000,True,62,1.0000,0.0102,far>30m
kitti,000032,tfwd_2cm,tfwd,2.0000,8,Van,41.0910,2,0.0000,False,154,1.0000,0.1123,far>30m
kitti,000032,tfwd_2cm,tfwd,2.0000,9,Car,45.1465,0,0.0000,True,38,1.0000,0.0465,far>30m
kitti,000032,tleft_2cm,tleft,2.0000,0,Car,9.6530,0,0.0000,True,1409,1.0000,1.7489,near<15m
kitti,000032,tleft_2cm,tleft,2.0000,1,Car,9.1383,0,0.0000,True,1273,1.0000,1.9236,near<15m
kitti,000032,tleft_2cm,tleft,2.0000,2,Van,14.8072,1,0.0000,True,790,1.0000,1.0810,near<15m
kitti,000032,tleft_2cm,tleft,2.0000,3,Car,13.8088,1,0.0000,True,401,1.0000,1.1931,near<15m
kitti,000032,tleft_2cm,tleft,2.0000,4,Car,20.1738,2,0.0000,False,68,1.0000,0.7794,mid15-30m
kitti,000032,tleft_2cm,tleft,2.0000,5,Van,25.4107,2,0.0000,False,584,1.0000,0.6564,mid15-30m
kitti,000032,tleft_2cm,tleft,2.0000,6,Car,25.8442,2,0.0000,False,75,1.0000,0.6076,mid15-30m
kitti,000032,tleft_2cm,tleft,2.0000,7,Van,44.7219,0,0.0000,True,62,1.0000,0.3371,far>30m
kitti,000032,tleft_2cm,tleft,2.0000,8,Van,41.0910,2,0.0000,False,154,1.0000,0.3776,far>30m
kitti,000032,tleft_2cm,tleft,2.0000,9,Car,45.1465,0,0.0000,True,38,1.0000,0.3383,far>30m
kitti,000032,tup_2cm,tup,2.0000,0,Car,9.6530,0,0.0000,True,1409,1.0000,1.7510,near<15m
kitti,000032,tup_2cm,tup,2.0000,1,Car,9.1383,0,0.0000,True,1273,1.0000,1.9257,near<15m
kitti,000032,tup_2cm,tup,2.0000,2,Van,14.8072,1,0.0000,True,790,1.0000,1.0814,near<15m
kitti,000032,tup_2cm,tup,2.0000,3,Car,13.8088,1,0.0000,True,401,1.0000,1.1939,near<15m
kitti,000032,tup_2cm,tup,2.0000,4,Car,20.1738,2,0.0000,False,68,1.0000,0.7796,mid15-30m
kitti,000032,tup_2cm,tup,2.0000,5,Van,25.4107,2,0.0000,False,584,1.0000,0.6564,mid15-30m
kitti,000032,tup_2cm,tup,2.0000,6,Car,25.8442,2,0.0000,False,75,1.0000,0.6076,mid15-30m
kitti,000032,tup_2cm,tup,2.0000,7,Van,44.7219,0,0.0000,True,62,1.0000,0.3371,far>30m
kitti,000032,tup_2cm,tup,2.0000,8,Van,41.0910,2,0.0000,False,154,1.0000,0.3775,far>30m
kitti,000032,tup_2cm,tup,2.0000,9,Car,45.1465,0,0.0000,True,38,1.0000,0.3384,far>30m
kitti,000032,tfwd_5cm,tfwd,5.0000,0,Car,9.6530,0,0.0000,True,1409,1.0000,1.8113,near<15m
kitti,000032,tfwd_5cm,tfwd,5.0000,1,Car,9.1383,0,0.0000,True,1273,1.0000,1.9877,near<15m
kitti,000032,tfwd_5cm,tfwd,5.0000,2,Van,14.8072,1,0.0000,True,790,1.0000,0.6766,near<15m
kitti,000032,tfwd_5cm,tfwd,5.0000,3,Car,13.8088,1,0.0000,True,401,1.0000,0.6818,near<15m
kitti,000032,tfwd_5cm,tfwd,5.0000,4,Car,20.1738,2,0.0000,False,68,1.0000,0.3296,mid15-30m
kitti,000032,tfwd_5cm,tfwd,5.0000,5,Van,25.4107,2,0.0000,False,584,1.0000,0.7436,mid15-30m
kitti,000032,tfwd_5cm,tfwd,5.0000,6,Car,25.8442,2,0.0000,False,75,1.0000,0.3268,mid15-30m
kitti,000032,tfwd_5cm,tfwd,5.0000,7,Van,44.7219,0,0.0000,True,62,1.0000,0.0254,far>30m
kitti,000032,tfwd_5cm,tfwd,5.0000,8,Van,41.0910,2,0.0000,False,154,1.0000,0.2805,far>30m
kitti,000032,tfwd_5cm,tfwd,5.0000,9,Car,45.1465,0,0.0000,True,38,1.0000,0.1162,far>30m
kitti,000032,tleft_5cm,tleft,5.0000,0,Car,9.6530,0,0.0000,True,1409,1.0000,4.3724,near<15m
kitti,000032,tleft_5cm,tleft,5.0000,1,Car,9.1383,0,0.0000,True,1273,1.0000,4.8089,near<15m
kitti,000032,tleft_5cm,tleft,5.0000,2,Van,14.8072,1,0.0000,True,790,1.0000,2.7026,near<15m
kitti,000032,tleft_5cm,tleft,5.0000,3,Car,13.8088,1,0.0000,True,401,1.0000,2.9829,near<15m
kitti,000032,tleft_5cm,tleft,5.0000,4,Car,20.1738,2,0.0000,False,68,1.0000,1.9484,mid15-30m
kitti,000032,tleft_5cm,tleft,5.0000,5,Van,25.4107,2,0.0000,False,584,1.0000,1.6411,mid15-30m
kitti,000032,tleft_5cm,tleft,5.0000,6,Car,25.8442,2,0.0000,False,75,1.0000,1.5190,mid15-30m
kitti,000032,tleft_5cm,tleft,5.0000,7,Van,44.7219,0,0.0000,True,62,1.0000,0.8428,far>30m
kitti,000032,tleft_5cm,tleft,5.0000,8,Van,41.0910,2,0.0000,False,154,1.0000,0.9440,far>30m
kitti,000032,tleft_5cm,tleft,5.0000,9,Car,45.1465,0,0.0000,True,38,1.0000,0.8459,far>30m
kitti,000032,tup_5cm,tup,5.0000,0,Car,9.6530,0,0.0000,True,1409,0.9858,4.3773,near<15m
kitti,000032,tup_5cm,tup,5.0000,1,Car,9.1383,0,0.0000,True,1273,1.0000,4.8140,near<15m
kitti,000032,tup_5cm,tup,5.0000,2,Van,14.8072,1,0.0000,True,790,1.0000,2.7035,near<15m
kitti,000032,tup_5cm,tup,5.0000,3,Car,13.8088,1,0.0000,True,401,0.9900,2.9846,near<15m
kitti,000032,tup_5cm,tup,5.0000,4,Car,20.1738,2,0.0000,False,68,1.0000,1.9489,mid15-30m
kitti,000032,tup_5cm,tup,5.0000,5,Van,25.4107,2,0.0000,False,584,1.0000,1.6409,mid15-30m
kitti,000032,tup_5cm,tup,5.0000,6,Car,25.8442,2,0.0000,False,75,1.0000,1.5190,mid15-30m
kitti,000032,tup_5cm,tup,5.0000,7,Van,44.7219,0,0.0000,True,62,1.0000,0.8429,far>30m
kitti,000032,tup_5cm,tup,5.0000,8,Van,41.0910,2,0.0000,False,154,1.0000,0.9438,far>30m
kitti,000032,tup_5cm,tup,5.0000,9,Car,45.1465,0,0.0000,True,38,1.0000,0.8460,far>30m
kitti,000032,tfwd_10cm,tfwd,10.0000,0,Car,9.6530,0,0.0000,True,1409,1.0000,3.6004,near<15m
kitti,000032,tfwd_10cm,tfwd,10.0000,1,Car,9.1383,0,0.0000,True,1273,1.0000,3.9489,near<15m
kitti,000032,tfwd_10cm,tfwd,10.0000,2,Van,14.8072,1,0.0000,True,790,1.0000,1.3482,near<15m
kitti,000032,tfwd_10cm,tfwd,10.0000,3,Car,13.8088,1,0.0000,True,401,1.0000,1.3579,near<15m
kitti,000032,tfwd_10cm,tfwd,10.0000,4,Car,20.1738,2,0.0000,False,68,1.0000,0.6573,mid15-30m
kitti,000032,tfwd_10cm,tfwd,10.0000,5,Van,25.4107,2,0.0000,False,584,1.0000,1.4837,mid15-30m
kitti,000032,tfwd_10cm,tfwd,10.0000,6,Car,25.8442,2,0.0000,False,75,1.0000,0.6523,mid15-30m
kitti,000032,tfwd_10cm,tfwd,10.0000,7,Van,44.7219,0,0.0000,True,62,1.0000,0.0508,far>30m
kitti,000032,tfwd_10cm,tfwd,10.0000,8,Van,41.0910,2,0.0000,False,154,1.0000,0.5602,far>30m
kitti,000032,tfwd_10cm,tfwd,10.0000,9,Car,45.1465,0,0.0000,True,38,1.0000,0.2320,far>30m
kitti,000032,tleft_10cm,tleft,10.0000,0,Car,9.6530,0,0.0000,True,1409,1.0000,8.7447,near<15m
kitti,000032,tleft_10cm,tleft,10.0000,1,Car,9.1383,0,0.0000,True,1273,1.0000,9.6179,near<15m
kitti,000032,tleft_10cm,tleft,10.0000,2,Van,14.8072,1,0.0000,True,790,1.0000,5.4052,near<15m
kitti,000032,tleft_10cm,tleft,10.0000,3,Car,13.8088,1,0.0000,True,401,1.0000,5.9657,near<15m
kitti,000032,tleft_10cm,tleft,10.0000,4,Car,20.1738,2,0.0000,False,68,0.9706,3.8968,mid15-30m
kitti,000032,tleft_10cm,tleft,10.0000,5,Van,25.4107,2,0.0000,False,584,1.0000,3.2821,mid15-30m
kitti,000032,tleft_10cm,tleft,10.0000,6,Car,25.8442,2,0.0000,False,75,1.0000,3.0379,mid15-30m
kitti,000032,tleft_10cm,tleft,10.0000,7,Van,44.7219,0,0.0000,True,62,1.0000,1.6856,far>30m
kitti,000032,tleft_10cm,tleft,10.0000,8,Van,41.0910,2,0.0000,False,154,1.0000,1.8880,far>30m
kitti,000032,tleft_10cm,tleft,10.0000,9,Car,45.1465,0,0.0000,True,38,1.0000,1.6917,far>30m
kitti,000032,tup_10cm,tup,10.0000,0,Car,9.6530,0,0.0000,True,1409,0.9610,8.7541,near<15m
kitti,000032,tup_10cm,tup,10.0000,1,Car,9.1383,0,0.0000,True,1273,0.9599,9.6274,near<15m
kitti,000032,tup_10cm,tup,10.0000,2,Van,14.8072,1,0.0000,True,790,0.9861,5.4068,near<15m
kitti,000032,tup_10cm,tup,10.0000,3,Car,13.8088,1,0.0000,True,401,0.9252,5.9689,near<15m
kitti,000032,tup_10cm,tup,10.0000,4,Car,20.1738,2,0.0000,False,68,1.0000,3.8977,mid15-30m
kitti,000032,tup_10cm,tup,10.0000,5,Van,25.4107,2,0.0000,False,584,1.0000,3.2818,mid15-30m
kitti,000032,tup_10cm,tup,10.0000,6,Car,25.8442,2,0.0000,False,75,1.0000,3.0379,mid15-30m
kitti,000032,tup_10cm,tup,10.0000,7,Van,44.7219,0,0.0000,True,62,1.0000,1.6857,far>30m
kitti,000032,tup_10cm,tup,10.0000,8,Van,41.0910,2,0.0000,False,154,1.0000,1.8877,far>30m
kitti,000032,tup_10cm,tup,10.0000,9,Car,45.1465,0,0.0000,True,38,1.0000,1.6921,far>30m
kitti,000043,baseline,baseline,0.0000,0,Pedestrian,12.7512,0,0.0000,True,148,0.9527,0.0000,near<15m
kitti,000043,baseline,baseline,0.0000,1,Pedestrian,12.6319,0,0.0000,True,170,1.0000,0.0000,near<15m
kitti,000043,baseline,baseline,0.0000,2,Pedestrian,20.6499,0,0.0000,True,84,1.0000,0.0000,mid15-30m
kitti,000043,baseline,baseline,0.0000,3,Pedestrian,20.5697,0,0.0000,True,88,0.9773,0.0000,mid15-30m
kitti,000043,yaw_0.5deg,yaw,0.5000,0,Pedestrian,12.7512,0,0.0000,True,148,0.8784,6.6355,near<15m
kitti,000043,yaw_0.5deg,yaw,0.5000,1,Pedestrian,12.6319,0,0.0000,True,170,0.8176,6.7473,near<15m
kitti,000043,yaw_0.5deg,yaw,0.5000,2,Pedestrian,20.6499,0,0.0000,True,84,0.7857,6.4639,mid15-30m
kitti,000043,yaw_0.5deg,yaw,0.5000,3,Pedestrian,20.5697,0,0.0000,True,88,0.7500,6.5445,mid15-30m
kitti,000043,pitch_0.5deg,pitch,0.5000,0,Pedestrian,12.7512,0,0.0000,True,148,0.9527,6.4607,near<15m
kitti,000043,pitch_0.5deg,pitch,0.5000,1,Pedestrian,12.6319,0,0.0000,True,170,1.0000,6.4644,near<15m
kitti,000043,pitch_0.5deg,pitch,0.5000,2,Pedestrian,20.6499,0,0.0000,True,84,0.9524,6.3915,mid15-30m
kitti,000043,pitch_0.5deg,pitch,0.5000,3,Pedestrian,20.5697,0,0.0000,True,88,0.9318,6.3922,mid15-30m
kitti,000043,roll_0.5deg,roll,0.5000,0,Pedestrian,12.7512,0,0.0000,True,148,0.9595,1.1584,near<15m
kitti,000043,roll_0.5deg,roll,0.5000,1,Pedestrian,12.6319,0,0.0000,True,170,1.0000,1.4247,near<15m
kitti,000043,roll_0.5deg,roll,0.5000,2,Pedestrian,20.6499,0,0.0000,True,84,1.0000,0.7638,mid15-30m
kitti,000043,roll_0.5deg,roll,0.5000,3,Pedestrian,20.5697,0,0.0000,True,88,0.9773,1.0476,mid15-30m
kitti,000043,yaw_1.0deg,yaw,1.0000,0,Pedestrian,12.7512,0,0.0000,True,148,0.5541,13.2924,near<15m
kitti,000043,yaw_1.0deg,yaw,1.0000,1,Pedestrian,12.6319,0,0.0000,True,170,0.5647,13.5215,near<15m
kitti,000043,yaw_1.0deg,yaw,1.0000,2,Pedestrian,20.6499,0,0.0000,True,84,0.4167,12.9153,mid15-30m
kitti,000043,yaw_1.0deg,yaw,1.0000,3,Pedestrian,20.5697,0,0.0000,True,88,0.2727,13.0711,mid15-30m
kitti,000043,pitch_1.0deg,pitch,1.0000,0,Pedestrian,12.7512,0,0.0000,True,148,0.9257,12.9290,near<15m
kitti,000043,pitch_1.0deg,pitch,1.0000,1,Pedestrian,12.6319,0,0.0000,True,170,0.9824,12.9365,near<15m
kitti,000043,pitch_1.0deg,pitch,1.0000,2,Pedestrian,20.6499,0,0.0000,True,84,0.9167,12.7877,mid15-30m
kitti,000043,pitch_1.0deg,pitch,1.0000,3,Pedestrian,20.5697,0,0.0000,True,88,0.8864,12.7891,mid15-30m
kitti,000043,roll_1.0deg,roll,1.0000,0,Pedestrian,12.7512,0,0.0000,True,148,0.9527,2.3167,near<15m
kitti,000043,roll_1.0deg,roll,1.0000,1,Pedestrian,12.6319,0,0.0000,True,170,0.9765,2.8493,near<15m
kitti,000043,roll_1.0deg,roll,1.0000,2,Pedestrian,20.6499,0,0.0000,True,84,1.0000,1.5276,mid15-30m
kitti,000043,roll_1.0deg,roll,1.0000,3,Pedestrian,20.5697,0,0.0000,True,88,0.9773,2.0952,mid15-30m
kitti,000043,yaw_2.0deg,yaw,2.0000,0,Pedestrian,12.7512,0,0.0000,True,148,0.0676,26.6751,near<15m
kitti,000043,yaw_2.0deg,yaw,2.0000,1,Pedestrian,12.6319,0,0.0000,True,170,0.0294,27.1560,near<15m
kitti,000043,yaw_2.0deg,yaw,2.0000,2,Pedestrian,20.6499,0,0.0000,True,84,0.0000,25.7849,mid15-30m
kitti,000043,yaw_2.0deg,yaw,2.0000,3,Pedestrian,20.5697,0,0.0000,True,88,0.0114,26.0749,mid15-30m
kitti,000043,pitch_2.0deg,pitch,2.0000,0,Pedestrian,12.7512,0,0.0000,True,148,0.8514,25.8922,near<15m
kitti,000043,pitch_2.0deg,pitch,2.0000,1,Pedestrian,12.6319,0,0.0000,True,170,0.8706,25.9077,near<15m
kitti,000043,pitch_2.0deg,pitch,2.0000,2,Pedestrian,20.6499,0,0.0000,True,84,0.7381,25.5987,mid15-30m
kitti,000043,pitch_2.0deg,pitch,2.0000,3,Pedestrian,20.5697,0,0.0000,True,88,0.7273,25.6012,mid15-30m
kitti,000043,roll_2.0deg,roll,2.0000,0,Pedestrian,12.7512,0,0.0000,True,148,0.9527,4.6332,near<15m
kitti,000043,roll_2.0deg,roll,2.0000,1,Pedestrian,12.6319,0,0.0000,True,170,0.9706,5.6983,near<15m
kitti,000043,roll_2.0deg,roll,2.0000,2,Pedestrian,20.6499,0,0.0000,True,84,1.0000,3.0551,mid15-30m
kitti,000043,roll_2.0deg,roll,2.0000,3,Pedestrian,20.5697,0,0.0000,True,88,0.9886,4.1903,mid15-30m
kitti,000043,yaw_3.0deg,yaw,3.0000,0,Pedestrian,12.7512,0,0.0000,True,148,0.0000,40.1574,near<15m
kitti,000043,yaw_3.0deg,yaw,3.0000,1,Pedestrian,12.6319,0,0.0000,True,170,0.0000,40.9134,near<15m
kitti,000043,yaw_3.0deg,yaw,3.0000,2,Pedestrian,20.6499,0,0.0000,True,84,0.0000,38.6171,mid15-30m
kitti,000043,yaw_3.0deg,yaw,3.0000,3,Pedestrian,20.5697,0,0.0000,True,88,0.0000,39.0201,mid15-30m
kitti,000043,pitch_3.0deg,pitch,3.0000,0,Pedestrian,12.7512,0,0.0000,True,148,0.7297,38.8981,near<15m
kitti,000043,pitch_3.0deg,pitch,3.0000,1,Pedestrian,12.6319,0,0.0000,True,170,0.7412,38.9222,near<15m
kitti,000043,pitch_3.0deg,pitch,3.0000,2,Pedestrian,20.6499,0,0.0000,True,84,0.4405,38.4411,mid15-30m
kitti,000043,pitch_3.0deg,pitch,3.0000,3,Pedestrian,20.5697,0,0.0000,True,88,0.4773,38.4442,mid15-30m
kitti,000043,roll_3.0deg,roll,3.0000,0,Pedestrian,12.7512,0,0.0000,True,148,0.9392,6.9493,near<15m
kitti,000043,roll_3.0deg,roll,3.0000,1,Pedestrian,12.6319,0,0.0000,True,170,0.9294,8.5467,near<15m
kitti,000043,roll_3.0deg,roll,3.0000,2,Pedestrian,20.6499,0,0.0000,True,84,1.0000,4.5824,mid15-30m
kitti,000043,roll_3.0deg,roll,3.0000,3,Pedestrian,20.5697,0,0.0000,True,88,0.9432,6.2851,mid15-30m
kitti,000043,tfwd_2cm,tfwd,2.0000,0,Pedestrian,12.7512,0,0.0000,True,148,0.9527,0.2056,near<15m
kitti,000043,tfwd_2cm,tfwd,2.0000,1,Pedestrian,12.6319,0,0.0000,True,170,1.0000,0.2584,near<15m
kitti,000043,tfwd_2cm,tfwd,2.0000,2,Pedestrian,20.6499,0,0.0000,True,84,1.0000,0.0869,mid15-30m
kitti,000043,tfwd_2cm,tfwd,2.0000,3,Pedestrian,20.5697,0,0.0000,True,88,0.9773,0.1202,mid15-30m
kitti,000043,tleft_2cm,tleft,2.0000,0,Pedestrian,12.7512,0,0.0000,True,148,0.9662,1.1560,near<15m
kitti,000043,tleft_2cm,tleft,2.0000,1,Pedestrian,12.6319,0,0.0000,True,170,0.9824,1.1733,near<15m
kitti,000043,tleft_2cm,tleft,2.0000,2,Pedestrian,20.6499,0,0.0000,True,84,1.0000,0.7051,mid15-30m
kitti,000043,tleft_2cm,tleft,2.0000,3,Pedestrian,20.5697,0,0.0000,True,88,0.9886,0.7130,mid15-30m
kitti,000043,tup_2cm,tup,2.0000,0,Pedestrian,12.7512,0,0.0000,True,148,0.9527,1.1566,near<15m
kitti,000043,tup_2cm,tup,2.0000,1,Pedestrian,12.6319,0,0.0000,True,170,1.0000,1.1739,near<15m
kitti,000043,tup_2cm,tup,2.0000,2,Pedestrian,20.6499,0,0.0000,True,84,1.0000,0.7053,mid15-30m
kitti,000043,tup_2cm,tup,2.0000,3,Pedestrian,20.5697,0,0.0000,True,88,0.9773,0.7131,mid15-30m
kitti,000043,tfwd_5cm,tfwd,5.0000,0,Pedestrian,12.7512,0,0.0000,True,148,0.9595,0.5127,near<15m
kitti,000043,tfwd_5cm,tfwd,5.0000,1,Pedestrian,12.6319,0,0.0000,True,170,1.0000,0.6444,near<15m
kitti,000043,tfwd_5cm,tfwd,5.0000,2,Pedestrian,20.6499,0,0.0000,True,84,1.0000,0.2170,mid15-30m
kitti,000043,tfwd_5cm,tfwd,5.0000,3,Pedestrian,20.5697,0,0.0000,True,88,0.9773,0.3000,mid15-30m
kitti,000043,tleft_5cm,tleft,5.0000,0,Pedestrian,12.7512,0,0.0000,True,148,0.9527,2.8901,near<15m
kitti,000043,tleft_5cm,tleft,5.0000,1,Pedestrian,12.6319,0,0.0000,True,170,0.9471,2.9333,near<15m
kitti,000043,tleft_5cm,tleft,5.0000,2,Pedestrian,20.6499,0,0.0000,True,84,1.0000,1.7628,mid15-30m
kitti,000043,tleft_5cm,tleft,5.0000,3,Pedestrian,20.5697,0,0.0000,True,88,0.9545,1.7824,mid15-30m
kitti,000043,tup_5cm,tup,5.0000,0,Pedestrian,12.7512,0,0.0000,True,148,0.9392,2.8914,near<15m
kitti,000043,tup_5cm,tup,5.0000,1,Pedestrian,12.6319,0,0.0000,True,170,0.9882,2.9348,near<15m
kitti,000043,tup_5cm,tup,5.0000,2,Pedestrian,20.6499,0,0.0000,True,84,1.0000,1.7632,mid15-30m
kitti,000043,tup_5cm,tup,5.0000,3,Pedestrian,20.5697,0,0.0000,True,88,0.9659,1.7828,mid15-30m
kitti,000043,tfwd_10cm,tfwd,10.0000,0,Pedestrian,12.7512,0,0.0000,True,148,0.9527,1.0213,near<15m
kitti,000043,tfwd_10cm,tfwd,10.0000,1,Pedestrian,12.6319,0,0.0000,True,170,1.0000,1.2836,near<15m
kitti,000043,tfwd_10cm,tfwd,10.0000,2,Pedestrian,20.6499,0,0.0000,True,84,1.0000,0.4330,mid15-30m
kitti,000043,tfwd_10cm,tfwd,10.0000,3,Pedestrian,20.5697,0,0.0000,True,88,0.9886,0.5985,mid15-30m
kitti,000043,tleft_10cm,tleft,10.0000,0,Pedestrian,12.7512,0,0.0000,True,148,0.9189,5.7801,near<15m
kitti,000043,tleft_10cm,tleft,10.0000,1,Pedestrian,12.6319,0,0.0000,True,170,0.8588,5.8666,near<15m
kitti,000043,tleft_10cm,tleft,10.0000,2,Pedestrian,20.6499,0,0.0000,True,84,0.9524,3.5256,mid15-30m
kitti,000043,tleft_10cm,tleft,10.0000,3,Pedestrian,20.5697,0,0.0000,True,88,0.8977,3.5648,mid15-30m
kitti,000043,tup_10cm,tup,10.0000,0,Pedestrian,12.7512,0,0.0000,True,148,0.9392,5.7826,near<15m
kitti,000043,tup_10cm,tup,10.0000,1,Pedestrian,12.6319,0,0.0000,True,170,0.9882,5.8693,near<15m
kitti,000043,tup_10cm,tup,10.0000,2,Pedestrian,20.6499,0,0.0000,True,84,1.0000,3.5264,mid15-30m
kitti,000043,tup_10cm,tup,10.0000,3,Pedestrian,20.5697,0,0.0000,True,88,0.9659,3.5655,mid15-30m
kitti,000048,baseline,baseline,0.0000,0,Pedestrian,16.8904,0,0.0000,True,109,0.9541,0.0000,mid15-30m
kitti,000048,baseline,baseline,0.0000,1,Pedestrian,17.1652,0,0.0000,True,127,0.9449,0.0000,mid15-30m
kitti,000048,baseline,baseline,0.0000,2,Pedestrian,16.5758,0,0.0000,True,113,0.8230,0.0000,mid15-30m
kitti,000048,baseline,baseline,0.0000,3,Cyclist,30.4229,0,0.0000,True,39,1.0000,0.0000,far>30m
kitti,000048,yaw_0.5deg,yaw,0.5000,0,Pedestrian,16.8904,0,0.0000,True,109,0.7248,6.4192,mid15-30m
kitti,000048,yaw_0.5deg,yaw,0.5000,1,Pedestrian,17.1652,0,0.0000,True,127,0.7874,6.4604,mid15-30m
kitti,000048,yaw_0.5deg,yaw,0.5000,2,Pedestrian,16.5758,0,0.0000,True,113,0.5221,6.6265,mid15-30m
kitti,000048,yaw_0.5deg,yaw,0.5000,3,Cyclist,30.4229,0,0.0000,True,39,0.9231,6.3238,far>30m
kitti,000048,pitch_0.5deg,pitch,0.5000,0,Pedestrian,16.8904,0,0.0000,True,109,0.9541,6.3785,mid15-30m
kitti,000048,pitch_0.5deg,pitch,0.5000,1,Pedestrian,17.1652,0,0.0000,True,127,0.9370,6.3782,mid15-30m
kitti,000048,pitch_0.5deg,pitch,0.5000,2,Pedestrian,16.5758,0,0.0000,True,113,0.8319,6.3729,mid15-30m
kitti,000048,pitch_0.5deg,pitch,0.5000,3,Cyclist,30.4229,0,0.0000,True,39,0.8718,6.3254,far>30m
kitti,000048,roll_0.5deg,roll,0.5000,0,Pedestrian,16.8904,0,0.0000,True,109,0.9450,0.6005,mid15-30m
kitti,000048,roll_0.5deg,roll,0.5000,1,Pedestrian,17.1652,0,0.0000,True,127,0.9449,0.7855,mid15-30m
kitti,000048,roll_0.5deg,roll,0.5000,2,Pedestrian,16.5758,0,0.0000,True,113,0.8230,1.2968,mid15-30m
kitti,000048,roll_0.5deg,roll,0.5000,3,Cyclist,30.4229,0,0.0000,True,39,1.0000,0.1225,far>30m
kitti,000048,yaw_1.0deg,yaw,1.0000,0,Pedestrian,16.8904,0,0.0000,True,109,0.3211,12.8287,mid15-30m
kitti,000048,yaw_1.0deg,yaw,1.0000,1,Pedestrian,17.1652,0,0.0000,True,127,0.5118,12.9075,mid15-30m
kitti,000048,yaw_1.0deg,yaw,1.0000,2,Pedestrian,16.5758,0,0.0000,True,113,0.1681,13.2770,mid15-30m
kitti,000048,yaw_1.0deg,yaw,1.0000,3,Cyclist,30.4229,0,0.0000,True,39,0.4615,12.6467,far>30m
kitti,000048,pitch_1.0deg,pitch,1.0000,0,Pedestrian,16.8904,0,0.0000,True,109,0.8899,12.7607,mid15-30m
kitti,000048,pitch_1.0deg,pitch,1.0000,1,Pedestrian,17.1652,0,0.0000,True,127,0.9055,12.7600,mid15-30m
kitti,000048,pitch_1.0deg,pitch,1.0000,2,Pedestrian,16.5758,0,0.0000,True,113,0.7788,12.7496,mid15-30m
kitti,000048,pitch_1.0deg,pitch,1.0000,3,Cyclist,30.4229,0,0.0000,True,39,0.7179,12.6526,far>30m
kitti,000048,roll_1.0deg,roll,1.0000,0,Pedestrian,16.8904,0,0.0000,True,109,0.9450,1.2011,mid15-30m
kitti,000048,roll_1.0deg,roll,1.0000,1,Pedestrian,17.1652,0,0.0000,True,127,0.9449,1.5709,mid15-30m
kitti,000048,roll_1.0deg,roll,1.0000,2,Pedestrian,16.5758,0,0.0000,True,113,0.8230,2.5936,mid15-30m
kitti,000048,roll_1.0deg,roll,1.0000,3,Cyclist,30.4229,0,0.0000,True,39,1.0000,0.2451,far>30m
kitti,000048,yaw_2.0deg,yaw,2.0000,0,Pedestrian,16.8904,0,0.0000,True,109,0.0183,25.6225,mid15-30m
kitti,000048,yaw_2.0deg,yaw,2.0000,1,Pedestrian,17.1652,0,0.0000,True,127,0.0000,25.7656,mid15-30m
kitti,000048,yaw_2.0deg,yaw,2.0000,2,Pedestrian,16.5758,0,0.0000,True,113,0.0000,26.6553,mid15-30m
kitti,000048,yaw_2.0deg,yaw,2.0000,3,Cyclist,30.4229,0,0.0000,True,39,0.0000,25.2941,far>30m
kitti,000048,pitch_2.0deg,pitch,2.0000,0,Pedestrian,16.8904,0,0.0000,True,109,0.7523,25.5406,mid15-30m
kitti,000048,pitch_2.0deg,pitch,2.0000,1,Pedestrian,17.1652,0,0.0000,True,127,0.7559,25.5389,mid15-30m
kitti,000048,pitch_2.0deg,pitch,2.0000,2,Pedestrian,16.5758,0,0.0000,True,113,0.7080,25.5181,mid15-30m
kitti,000048,pitch_2.0deg,pitch,2.0000,3,Cyclist,30.4229,0,0.0000,True,39,0.3590,25.3165,far>30m
kitti,000048,roll_2.0deg,roll,2.0000,0,Pedestrian,16.8904,0,0.0000,True,109,0.9358,2.4020,mid15-30m
kitti,000048,roll_2.0deg,roll,2.0000,1,Pedestrian,17.1652,0,0.0000,True,127,0.9449,3.1417,mid15-30m
kitti,000048,roll_2.0deg,roll,2.0000,2,Pedestrian,16.5758,0,0.0000,True,113,0.8230,5.1871,mid15-30m
kitti,000048,roll_2.0deg,roll,2.0000,3,Cyclist,30.4229,0,0.0000,True,39,1.0000,0.4901,far>30m
kitti,000048,yaw_3.0deg,yaw,3.0000,0,Pedestrian,16.8904,0,0.0000,True,109,0.0000,38.3894,mid15-30m
kitti,000048,yaw_3.0deg,yaw,3.0000,1,Pedestrian,17.1652,0,0.0000,True,127,0.0000,38.5826,mid15-30m
kitti,000048,yaw_3.0deg,yaw,3.0000,2,Pedestrian,16.5758,0,0.0000,True,113,0.0000,40.1444,mid15-30m
kitti,000048,yaw_3.0deg,yaw,3.0000,3,Cyclist,30.4229,0,0.0000,True,39,0.0000,37.9500,far>30m
kitti,000048,pitch_3.0deg,pitch,3.0000,0,Pedestrian,16.8904,0,0.0000,True,109,0.5138,38.3478,mid15-30m
kitti,000048,pitch_3.0deg,pitch,3.0000,1,Pedestrian,17.1652,0,0.0000,True,127,0.5197,38.3446,mid15-30m
kitti,000048,pitch_3.0deg,pitch,3.0000,2,Pedestrian,16.5758,0,0.0000,True,113,0.5310,38.3136,mid15-30m
kitti,000048,pitch_3.0deg,pitch,3.0000,3,Cyclist,30.4229,0,0.0000,True,39,0.0000,37.9995,far>30m
kitti,000048,roll_3.0deg,roll,3.0000,0,Pedestrian,16.8904,0,0.0000,True,109,0.9358,3.6028,mid15-30m
kitti,000048,roll_3.0deg,roll,3.0000,1,Pedestrian,17.1652,0,0.0000,True,127,0.9213,4.7123,mid15-30m
kitti,000048,roll_3.0deg,roll,3.0000,2,Pedestrian,16.5758,0,0.0000,True,113,0.8142,7.7802,mid15-30m
kitti,000048,roll_3.0deg,roll,3.0000,3,Cyclist,30.4229,0,0.0000,True,39,1.0000,0.7351,far>30m
kitti,000048,tfwd_2cm,tfwd,2.0000,0,Pedestrian,16.8904,0,0.0000,True,109,0.9541,0.0835,mid15-30m
kitti,000048,tfwd_2cm,tfwd,2.0000,1,Pedestrian,17.1652,0,0.0000,True,127,0.9449,0.1080,mid15-30m
kitti,000048,tfwd_2cm,tfwd,2.0000,2,Pedestrian,16.5758,0,0.0000,True,113,0.8407,0.1797,mid15-30m
kitti,000048,tfwd_2cm,tfwd,2.0000,3,Cyclist,30.4229,0,0.0000,True,39,1.0000,0.0093,far>30m
kitti,000048,tleft_2cm,tleft,2.0000,0,Pedestrian,16.8904,0,0.0000,True,109,0.9083,0.8551,mid15-30m
kitti,000048,tleft_2cm,tleft,2.0000,1,Pedestrian,17.1652,0,0.0000,True,127,0.9291,0.8474,mid15-30m
kitti,000048,tleft_2cm,tleft,2.0000,2,Pedestrian,16.5758,0,0.0000,True,113,0.8230,0.8850,mid15-30m
kitti,000048,tleft_2cm,tleft,2.0000,3,Cyclist,30.4229,0,0.0000,True,39,1.0000,0.4694,far>30m
kitti,000048,tup_2cm,tup,2.0000,0,Pedestrian,16.8904,0,0.0000,True,109,0.9541,0.8547,mid15-30m
kitti,000048,tup_2cm,tup,2.0000,1,Pedestrian,17.1652,0,0.0000,True,127,0.9449,0.8468,mid15-30m
kitti,000048,tup_2cm,tup,2.0000,2,Pedestrian,16.5758,0,0.0000,True,113,0.8230,0.8858,mid15-30m
kitti,000048,tup_2cm,tup,2.0000,3,Cyclist,30.4229,0,0.0000,True,39,1.0000,0.4694,far>30m
kitti,000048,tfwd_5cm,tfwd,5.0000,0,Pedestrian,16.8904,0,0.0000,True,109,0.9541,0.2083,mid15-30m
kitti,000048,tfwd_5cm,tfwd,5.0000,1,Pedestrian,17.1652,0,0.0000,True,127,0.9449,0.2695,mid15-30m
kitti,000048,tfwd_5cm,tfwd,5.0000,2,Pedestrian,16.5758,0,0.0000,True,113,0.8496,0.4483,mid15-30m
kitti,000048,tfwd_5cm,tfwd,5.0000,3,Cyclist,30.4229,0,0.0000,True,39,1.0000,0.0232,far>30m
kitti,000048,tleft_5cm,tleft,5.0000,0,Pedestrian,16.8904,0,0.0000,True,109,0.8991,2.1378,mid15-30m
kitti,000048,tleft_5cm,tleft,5.0000,1,Pedestrian,17.1652,0,0.0000,True,127,0.8976,2.1185,mid15-30m
kitti,000048,tleft_5cm,tleft,5.0000,2,Pedestrian,16.5758,0,0.0000,True,113,0.7788,2.2126,mid15-30m
kitti,000048,tleft_5cm,tleft,5.0000,3,Cyclist,30.4229,0,0.0000,True,39,1.0000,1.1735,far>30m
kitti,000048,tup_5cm,tup,5.0000,0,Pedestrian,16.8904,0,0.0000,True,109,0.9541,2.1367,mid15-30m
kitti,000048,tup_5cm,tup,5.0000,1,Pedestrian,17.1652,0,0.0000,True,127,0.9449,2.1171,mid15-30m
kitti,000048,tup_5cm,tup,5.0000,2,Pedestrian,16.5758,0,0.0000,True,113,0.8230,2.2146,mid15-30m
kitti,000048,tup_5cm,tup,5.0000,3,Cyclist,30.4229,0,0.0000,True,39,1.0000,1.1734,far>30m
kitti,000048,tfwd_10cm,tfwd,10.0000,0,Pedestrian,16.8904,0,0.0000,True,109,0.9450,0.4155,mid15-30m
kitti,000048,tfwd_10cm,tfwd,10.0000,1,Pedestrian,17.1652,0,0.0000,True,127,0.9449,0.5374,mid15-30m
kitti,000048,tfwd_10cm,tfwd,10.0000,2,Pedestrian,16.5758,0,0.0000,True,113,0.8673,0.8939,mid15-30m
kitti,000048,tfwd_10cm,tfwd,10.0000,3,Cyclist,30.4229,0,0.0000,True,39,1.0000,0.0464,far>30m
kitti,000048,tleft_10cm,tleft,10.0000,0,Pedestrian,16.8904,0,0.0000,True,109,0.8165,4.2755,mid15-30m
kitti,000048,tleft_10cm,tleft,10.0000,1,Pedestrian,17.1652,0,0.0000,True,127,0.8425,4.2369,mid15-30m
kitti,000048,tleft_10cm,tleft,10.0000,2,Pedestrian,16.5758,0,0.0000,True,113,0.6814,4.4251,mid15-30m
kitti,000048,tleft_10cm,tleft,10.0000,3,Cyclist,30.4229,0,0.0000,True,39,1.0000,2.3471,far>30m
kitti,000048,tup_10cm,tup,10.0000,0,Pedestrian,16.8904,0,0.0000,True,109,0.9541,4.2734,mid15-30m
kitti,000048,tup_10cm,tup,10.0000,1,Pedestrian,17.1652,0,0.0000,True,127,0.9449,4.2342,mid15-30m
kitti,000048,tup_10cm,tup,10.0000,2,Pedestrian,16.5758,0,0.0000,True,113,0.8230,4.4293,mid15-30m
kitti,000048,tup_10cm,tup,10.0000,3,Cyclist,30.4229,0,0.0000,True,39,1.0000,2.3469,far>30m
kitti,000049,baseline,baseline,0.0000,0,Car,21.5547,0,0.0000,True,200,1.0000,0.0000,mid15-30m
kitti,000049,baseline,baseline,0.0000,1,Car,14.3483,0,0.0000,True,864,1.0000,0.0000,near<15m
kitti,000049,baseline,baseline,0.0000,2,Car,22.2893,2,0.0000,False,140,1.0000,0.0000,mid15-30m
kitti,000049,baseline,baseline,0.0000,3,Car,25.2013,2,0.0000,False,73,1.0000,0.0000,mid15-30m
kitti,000049,baseline,baseline,0.0000,4,Car,32.7812,2,0.0000,False,18,1.0000,0.0000,far>30m
kitti,000049,baseline,baseline,0.0000,5,Van,45.8610,3,0.0000,False,79,1.0000,0.0000,far>30m
kitti,000049,baseline,baseline,0.0000,6,Pedestrian,5.4642,3,0.2900,False,807,0.8550,0.0000,near<15m
kitti,000049,baseline,baseline,0.0000,7,Car,10.3984,1,0.0000,True,548,1.0000,0.0000,near<15m
kitti,000049,baseline,baseline,0.0000,8,Car,15.4442,1,0.0000,True,423,1.0000,0.0000,mid15-30m
kitti,000049,baseline,baseline,0.0000,9,Car,20.6443,2,0.0000,False,181,1.0000,0.0000,mid15-30m
kitti,000049,baseline,baseline,0.0000,10,Pedestrian,32.7900,0,0.0000,True,42,0.8810,0.0000,far>30m
kitti,000049,baseline,baseline,0.0000,11,Car,33.2462,2,0.0000,False,74,1.0000,0.0000,far>30m
kitti,000049,baseline,baseline,0.0000,12,Car,14.4224,3,0.0700,False,435,1.0000,0.0000,near<15m
kitti,000049,baseline,baseline,0.0000,13,Car,19.0220,1,0.0000,True,308,1.0000,0.0000,mid15-30m
kitti,000049,baseline,baseline,0.0000,16,Van,35.5706,3,0.0000,False,261,1.0000,0.0000,far>30m
kitti,000049,baseline,baseline,0.0000,17,Car,22.3814,3,0.3800,False,56,0.8750,0.0000,mid15-30m
kitti,000049,yaw_0.5deg,yaw,0.5000,0,Car,21.5547,0,0.0000,True,200,0.9300,6.3886,mid15-30m
kitti,000049,yaw_0.5deg,yaw,0.5000,1,Car,14.3483,0,0.0000,True,864,0.9942,6.9811,near<15m
kitti,000049,yaw_0.5deg,yaw,0.5000,2,Car,22.2893,2,0.0000,False,140,1.0000,6.5826,mid15-30m
kitti,000049,yaw_0.5deg,yaw,0.5000,3,Car,25.2013,2,0.0000,False,73,1.0000,6.4967,mid15-30m
kitti,000049,yaw_0.5deg,yaw,0.5000,4,Car,32.7812,2,0.0000,False,18,1.0000,6.4153,far>30m
kitti,000049,yaw_0.5deg,yaw,0.5000,5,Van,45.8610,3,0.0000,False,79,1.0000,6.3694,far>30m
kitti,000049,yaw_0.5deg,yaw,0.5000,6,Pedestrian,5.4642,3,0.2900,False,807,0.8315,8.8930,near<15m
kitti,000049,yaw_0.5deg,yaw,0.5000,7,Car,10.3984,1,0.0000,True,548,0.9891,7.6971,near<15m
kitti,000049,yaw_0.5deg,yaw,0.5000,8,Car,15.4442,1,0.0000,True,423,0.9882,6.8856,mid15-30m
kitti,000049,yaw_0.5deg,yaw,0.5000,9,Car,20.6443,2,0.0000,False,181,0.9834,6.6176,mid15-30m
kitti,000049,yaw_0.5deg,yaw,0.5000,10,Pedestrian,32.7900,0,0.0000,True,42,0.5714,6.4415,far>30m
kitti,000049,yaw_0.5deg,yaw,0.5000,11,Car,33.2462,2,0.0000,False,74,1.0000,6.9713,far>30m
kitti,000049,yaw_0.5deg,yaw,0.5000,12,Car,14.4224,3,0.0700,False,435,1.0000,9.4715,near<15m
kitti,000049,yaw_0.5deg,yaw,0.5000,13,Car,19.0220,1,0.0000,True,308,1.0000,7.7603,mid15-30m
kitti,000049,yaw_0.5deg,yaw,0.5000,16,Van,35.5706,3,0.0000,False,261,0.9579,7.7858,far>30m
kitti,000049,yaw_0.5deg,yaw,0.5000,17,Car,22.3814,3,0.3800,False,56,0.8571,10.5002,mid15-30m
kitti,000049,pitch_0.5deg,pitch,0.5000,0,Car,21.5547,0,0.0000,True,200,0.9300,6.3987,mid15-30m
kitti,000049,pitch_0.5deg,pitch,0.5000,1,Car,14.3483,0,0.0000,True,864,1.0000,6.4629,near<15m
kitti,000049,pitch_0.5deg,pitch,0.5000,2,Car,22.2893,2,0.0000,False,140,0.9929,6.3872,mid15-30m
kitti,000049,pitch_0.5deg,pitch,0.5000,3,Car,25.2013,2,0.0000,False,73,1.0000,6.3754,mid15-30m
kitti,000049,pitch_0.5deg,pitch,0.5000,4,Car,32.7812,2,0.0000,False,18,1.0000,6.3565,far>30m
kitti,000049,pitch_0.5deg,pitch,0.5000,5,Van,45.8610,3,0.0000,False,79,0.9494,6.3359,far>30m
kitti,000049,pitch_0.5deg,pitch,0.5000,6,Pedestrian,5.4642,3,0.2900,False,807,0.8389,6.9630,near<15m
kitti,000049,pitch_0.5deg,pitch,0.5000,7,Car,10.3984,1,0.0000,True,548,1.0000,6.6021,near<15m
kitti,000049,pitch_0.5deg,pitch,0.5000,8,Car,15.4442,1,0.0000,True,423,1.0000,6.4582,mid15-30m
kitti,000049,pitch_0.5deg,pitch,0.5000,9,Car,20.6443,2,0.0000,False,181,0.9779,6.4024,mid15-30m
kitti,000049,pitch_0.5deg,pitch,0.5000,10,Pedestrian,32.7900,0,0.0000,True,42,0.7381,6.3573,far>30m
kitti,000049,pitch_0.5deg,pitch,0.5000,11,Car,33.2462,2,0.0000,False,74,0.9865,6.3582,far>30m
kitti,000049,pitch_0.5deg,pitch,0.5000,12,Car,14.4224,3,0.0700,False,435,1.0000,6.4915,near<15m
kitti,000049,pitch_0.5deg,pitch,0.5000,13,Car,19.0220,1,0.0000,True,308,1.0000,6.4169,mid15-30m
kitti,000049,pitch_0.5deg,pitch,0.5000,16,Van,35.5706,3,0.0000,False,261,1.0000,6.3532,far>30m
kitti,000049,pitch_0.5deg,pitch,0.5000,17,Car,22.3814,3,0.3800,False,56,0.8750,6.4003,mid15-30m
kitti,000049,roll_0.5deg,roll,0.5000,0,Car,21.5547,0,0.0000,True,200,1.0000,0.3003,mid15-30m
kitti,000049,roll_0.5deg,roll,0.5000,1,Car,14.3483,0,0.0000,True,864,1.0000,1.8432,near<15m
kitti,000049,roll_0.5deg,roll,0.5000,2,Car,22.2893,2,0.0000,False,140,1.0000,1.1168,mid15-30m
kitti,000049,roll_0.5deg,roll,0.5000,3,Car,25.2013,2,0.0000,False,73,0.7945,0.8828,mid15-30m
kitti,000049,roll_0.5deg,roll,0.5000,4,Car,32.7812,2,0.0000,False,18,1.0000,0.6129,far>30m
kitti,000049,roll_0.5deg,roll,0.5000,5,Van,45.8610,3,0.0000,False,79,1.0000,0.4421,far>30m
kitti,000049,roll_0.5deg,roll,0.5000,6,Pedestrian,5.4642,3,0.2900,False,807,0.8377,3.8998,near<15m
kitti,000049,roll_0.5deg,roll,0.5000,7,Car,10.3984,1,0.0000,True,548,1.0000,2.8123,near<15m
kitti,000049,roll_0.5deg,roll,0.5000,8,Car,15.4442,1,0.0000,True,423,1.0000,1.7523,mid15-30m
kitti,000049,roll_0.5deg,roll,0.5000,9,Car,20.6443,2,0.0000,False,181,1.0000,1.2372,mid15-30m
kitti,000049,roll_0.5deg,roll,0.5000,10,Pedestrian,32.7900,0,0.0000,True,42,0.8810,0.7910,far>30m
kitti,000049,roll_0.5deg,roll,0.5000,11,Car,33.2462,2,0.0000,False,74,1.0000,1.9949,far>30m
kitti,000049,roll_0.5deg,roll,0.5000,12,Car,14.4224,3,0.0700,False,435,0.9425,4.3295,near<15m
kitti,000049,roll_0.5deg,roll,0.5000,13,Car,19.0220,1,0.0000,True,308,1.0000,2.9048,mid15-30m
kitti,000049,roll_0.5deg,roll,0.5000,16,Van,35.5706,3,0.0000,False,261,1.0000,3.0106,far>30m
kitti,000049,roll_0.5deg,roll,0.5000,17,Car,22.3814,3,0.3800,False,56,0.8750,5.0439,mid15-30m
kitti,000049,yaw_1.0deg,yaw,1.0000,0,Car,21.5547,0,0.0000,True,200,0.8100,12.7759,mid15-30m
kitti,000049,yaw_1.0deg,yaw,1.0000,1,Car,14.3483,0,0.0000,True,864,0.9699,13.9987,near<15m
kitti,000049,yaw_1.0deg,yaw,1.0000,2,Car,22.2893,2,0.0000,False,140,1.0000,13.1864,mid15-30m
kitti,000049,yaw_1.0deg,yaw,1.0000,3,Car,25.2013,2,0.0000,False,73,1.0000,13.0100,mid15-30m
kitti,000049,yaw_1.0deg,yaw,1.0000,4,Car,32.7812,2,0.0000,False,18,1.0000,12.8422,far>30m
kitti,000049,yaw_1.0deg,yaw,1.0000,5,Van,45.8610,3,0.0000,False,79,0.9620,12.7474,far>30m
kitti,000049,yaw_1.0deg,yaw,1.0000,6,Pedestrian,5.4642,3,0.2900,False,807,0.8042,17.6933,near<15m
kitti,000049,yaw_1.0deg,yaw,1.0000,7,Car,10.3984,1,0.0000,True,548,0.9544,15.3361,near<15m
kitti,000049,yaw_1.0deg,yaw,1.0000,8,Car,15.4442,1,0.0000,True,423,0.9456,13.7391,mid15-30m
kitti,000049,yaw_1.0deg,yaw,1.0000,9,Car,20.6443,2,0.0000,False,181,0.8453,13.2138,mid15-30m
kitti,000049,yaw_1.0deg,yaw,1.0000,10,Pedestrian,32.7900,0,0.0000,True,42,0.0476,12.8700,far>30m
kitti,000049,yaw_1.0deg,yaw,1.0000,11,Car,33.2462,2,0.0000,False,74,1.0000,13.9050,far>30m
kitti,000049,yaw_1.0deg,yaw,1.0000,12,Car,14.4224,3,0.0700,False,435,1.0000,19.0606,near<15m
kitti,000049,yaw_1.0deg,yaw,1.0000,13,Car,19.0220,1,0.0000,True,308,1.0000,15.5850,mid15-30m
kitti,000049,yaw_1.0deg,yaw,1.0000,16,Van,35.5706,3,0.0000,False,261,0.9004,15.5076,far>30m
kitti,000049,yaw_1.0deg,yaw,1.0000,17,Car,22.3814,3,0.3800,False,56,0.7321,21.1517,mid15-30m
kitti,000049,pitch_1.0deg,pitch,1.0000,0,Car,21.5547,0,0.0000,True,200,0.7350,12.8037,mid15-30m
kitti,000049,pitch_1.0deg,pitch,1.0000,1,Car,14.3483,0,0.0000,True,864,0.9711,12.9344,near<15m
kitti,000049,pitch_1.0deg,pitch,1.0000,2,Car,22.2893,2,0.0000,False,140,0.9643,12.7788,mid15-30m
kitti,000049,pitch_1.0deg,pitch,1.0000,3,Car,25.2013,2,0.0000,False,73,0.7808,12.7549,mid15-30m
kitti,000049,pitch_1.0deg,pitch,1.0000,4,Car,32.7812,2,0.0000,False,18,0.6667,12.7168,far>30m
kitti,000049,pitch_1.0deg,pitch,1.0000,5,Van,45.8610,3,0.0000,False,79,0.7468,12.6726,far>30m
kitti,000049,pitch_1.0deg,pitch,1.0000,6,Pedestrian,5.4642,3,0.2900,False,807,0.8203,13.9541,near<15m
kitti,000049,pitch_1.0deg,pitch,1.0000,7,Car,10.3984,1,0.0000,True,548,1.0000,13.2198,near<15m
kitti,000049,pitch_1.0deg,pitch,1.0000,8,Car,15.4442,1,0.0000,True,423,0.9693,12.9255,mid15-30m
kitti,000049,pitch_1.0deg,pitch,1.0000,9,Car,20.6443,2,0.0000,False,181,0.9392,12.8107,mid15-30m
kitti,000049,pitch_1.0deg,pitch,1.0000,10,Pedestrian,32.7900,0,0.0000,True,42,0.6905,12.7187,far>30m
kitti,000049,pitch_1.0deg,pitch,1.0000,11,Car,33.2462,2,0.0000,False,74,0.9189,12.7203,far>30m
kitti,000049,pitch_1.0deg,pitch,1.0000,12,Car,14.4224,3,0.0700,False,435,0.9931,12.9933,near<15m
kitti,000049,pitch_1.0deg,pitch,1.0000,13,Car,19.0220,1,0.0000,True,308,0.9448,12.8403,mid15-30m
kitti,000049,pitch_1.0deg,pitch,1.0000,16,Van,35.5706,3,0.0000,False,261,1.0000,12.7078,far>30m
kitti,000049,pitch_1.0deg,pitch,1.0000,17,Car,22.3814,3,0.3800,False,56,0.8750,12.8045,mid15-30m
kitti,000049,roll_1.0deg,roll,1.0000,0,Car,21.5547,0,0.0000,True,200,1.0000,0.6006,mid15-30m
kitti,000049,roll_1.0deg,roll,1.0000,1,Car,14.3483,0,0.0000,True,864,0.9942,3.6862,near<15m
kitti,000049,roll_1.0deg,roll,1.0000,2,Car,22.2893,2,0.0000,False,140,0.8571,2.2335,mid15-30m
kitti,000049,roll_1.0deg,roll,1.0000,3,Car,25.2013,2,0.0000,False,73,0.7808,1.7656,mid15-30m
kitti,000049,roll_1.0deg,roll,1.0000,4,Car,32.7812,2,0.0000,False,18,1.0000,1.2258,far>30m
kitti,000049,roll_1.0deg,roll,1.0000,5,Van,45.8610,3,0.0000,False,79,1.0000,0.8842,far>30m
kitti,000049,roll_1.0deg,roll,1.0000,6,Pedestrian,5.4642,3,0.2900,False,807,0.8278,7.7998,near<15m
kitti,000049,roll_1.0deg,roll,1.0000,7,Car,10.3984,1,0.0000,True,548,1.0000,5.6247,near<15m
kitti,000049,roll_1.0deg,roll,1.0000,8,Car,15.4442,1,0.0000,True,423,1.0000,3.5045,mid15-30m
kitti,000049,roll_1.0deg,roll,1.0000,9,Car,20.6443,2,0.0000,False,181,1.0000,2.4745,mid15-30m
kitti,000049,roll_1.0deg,roll,1.0000,10,Pedestrian,32.7900,0,0.0000,True,42,0.8571,1.5820,far>30m
kitti,000049,roll_1.0deg,roll,1.0000,11,Car,33.2462,2,0.0000,False,74,1.0000,3.9898,far>30m
kitti,000049,roll_1.0deg,roll,1.0000,12,Car,14.4224,3,0.0700,False,435,0.9103,8.6586,near<15m
kitti,000049,roll_1.0deg,roll,1.0000,13,Car,19.0220,1,0.0000,True,308,0.9026,5.8095,mid15-30m
kitti,000049,roll_1.0deg,roll,1.0000,16,Van,35.5706,3,0.0000,False,261,1.0000,6.0213,far>30m
kitti,000049,roll_1.0deg,roll,1.0000,17,Car,22.3814,3,0.3800,False,56,0.6250,10.0873,mid15-30m
kitti,000049,yaw_2.0deg,yaw,2.0000,0,Car,21.5547,0,0.0000,True,200,0.5650,25.5504,mid15-30m
kitti,000049,yaw_2.0deg,yaw,2.0000,1,Car,14.3483,0,0.0000,True,864,0.9201,28.1491,near<15m
kitti,000049,yaw_2.0deg,yaw,2.0000,2,Car,22.2893,2,0.0000,False,140,1.0000,26.4621,mid15-30m
kitti,000049,yaw_2.0deg,yaw,2.0000,3,Car,25.2013,2,0.0000,False,73,1.0000,26.0909,mid15-30m
kitti,000049,yaw_2.0deg,yaw,2.0000,4,Car,32.7812,2,0.0000,False,18,1.0000,25.7354,far>30m
kitti,000049,yaw_2.0deg,yaw,2.0000,5,Van,45.8610,3,0.0000,False,79,0.8734,25.5327,far>30m
kitti,000049,yaw_2.0deg,yaw,2.0000,6,Pedestrian,5.4642,3,0.2900,False,807,0.6952,35.0275,near<15m
kitti,000049,yaw_2.0deg,yaw,2.0000,7,Car,10.3984,1,0.0000,True,548,0.8777,30.4472,near<15m
kitti,000049,yaw_2.0deg,yaw,2.0000,8,Car,15.4442,1,0.0000,True,423,0.8392,27.3556,mid15-30m
kitti,000049,yaw_2.0deg,yaw,2.0000,9,Car,20.6443,2,0.0000,False,181,0.5249,26.3462,mid15-30m
kitti,000049,yaw_2.0deg,yaw,2.0000,10,Pedestrian,32.7900,0,0.0000,True,42,0.0000,25.6921,far>30m
kitti,000049,yaw_2.0deg,yaw,2.0000,11,Car,33.2462,2,0.0000,False,74,0.9865,27.6655,far>30m
kitti,000049,yaw_2.0deg,yaw,2.0000,12,Car,14.4224,3,0.0700,False,435,0.9632,38.6065,near<15m
kitti,000049,yaw_2.0deg,yaw,2.0000,13,Car,19.0220,1,0.0000,True,308,0.9968,31.4356,mid15-30m
kitti,000049,yaw_2.0deg,yaw,2.0000,16,Van,35.5706,3,0.0000,False,261,0.7625,30.7673,far>30m
kitti,000049,yaw_2.0deg,yaw,2.0000,17,Car,22.3814,3,0.3800,False,56,0.3571,42.9288,mid15-30m
kitti,000049,pitch_2.0deg,pitch,2.0000,0,Car,21.5547,0,0.0000,True,200,0.3300,25.6363,mid15-30m
kitti,000049,pitch_2.0deg,pitch,2.0000,1,Car,14.3483,0,0.0000,True,864,0.8148,25.9076,near<15m
kitti,000049,pitch_2.0deg,pitch,2.0000,2,Car,22.2893,2,0.0000,False,140,0.7286,25.5795,mid15-30m
kitti,000049,pitch_2.0deg,pitch,2.0000,3,Car,25.2013,2,0.0000,False,73,0.5342,25.5301,mid15-30m
kitti,000049,pitch_2.0deg,pitch,2.0000,4,Car,32.7812,2,0.0000,False,18,0.0000,25.4527,far>30m
kitti,000049,pitch_2.0deg,pitch,2.0000,5,Van,45.8610,3,0.0000,False,79,0.4810,25.3525,far>30m
kitti,000049,pitch_2.0deg,pitch,2.0000,6,Pedestrian,5.4642,3,0.2900,False,807,0.7794,28.0260,near<15m
kitti,000049,pitch_2.0deg,pitch,2.0000,7,Car,10.3984,1,0.0000,True,548,0.9453,26.5066,near<15m
kitti,000049,pitch_2.0deg,pitch,2.0000,8,Car,15.4442,1,0.0000,True,423,0.8416,25.8914,mid15-30m
kitti,000049,pitch_2.0deg,pitch,2.0000,9,Car,20.6443,2,0.0000,False,181,0.7403,25.6489,mid15-30m
kitti,000049,pitch_2.0deg,pitch,2.0000,10,Pedestrian,32.7900,0,0.0000,True,42,0.3095,25.4583,far>30m
kitti,000049,pitch_2.0deg,pitch,2.0000,11,Car,33.2462,2,0.0000,False,74,0.2432,25.4606,far>30m
kitti,000049,pitch_2.0deg,pitch,2.0000,12,Car,14.4224,3,0.0700,False,435,0.9586,26.0327,near<15m
kitti,000049,pitch_2.0deg,pitch,2.0000,13,Car,19.0220,1,0.0000,True,308,0.6916,25.7107,mid15-30m
kitti,000049,pitch_2.0deg,pitch,2.0000,16,Van,35.5706,3,0.0000,False,261,1.0000,25.4259,far>30m
kitti,000049,pitch_2.0deg,pitch,2.0000,17,Car,22.3814,3,0.3800,False,56,0.8036,25.6294,mid15-30m
kitti,000049,roll_2.0deg,roll,2.0000,0,Car,21.5547,0,0.0000,True,200,1.0000,1.2012,mid15-30m
kitti,000049,roll_2.0deg,roll,2.0000,1,Car,14.3483,0,0.0000,True,864,0.9549,7.3720,near<15m
kitti,000049,roll_2.0deg,roll,2.0000,2,Car,22.2893,2,0.0000,False,140,0.8571,4.4668,mid15-30m
kitti,000049,roll_2.0deg,roll,2.0000,3,Car,25.2013,2,0.0000,False,73,0.7808,3.5309,mid15-30m
kitti,000049,roll_2.0deg,roll,2.0000,4,Car,32.7812,2,0.0000,False,18,1.0000,2.4515,far>30m
kitti,000049,roll_2.0deg,roll,2.0000,5,Van,45.8610,3,0.0000,False,79,1.0000,1.7684,far>30m
kitti,000049,roll_2.0deg,roll,2.0000,6,Pedestrian,5.4642,3,0.2900,False,807,0.8017,15.5998,near<15m
kitti,000049,roll_2.0deg,roll,2.0000,7,Car,10.3984,1,0.0000,True,548,1.0000,11.2494,near<15m
kitti,000049,roll_2.0deg,roll,2.0000,8,Car,15.4442,1,0.0000,True,423,1.0000,7.0089,mid15-30m
kitti,000049,roll_2.0deg,roll,2.0000,9,Car,20.6443,2,0.0000,False,181,1.0000,4.9488,mid15-30m
kitti,000049,roll_2.0deg,roll,2.0000,10,Pedestrian,32.7900,0,0.0000,True,42,0.8571,3.1640,far>30m
kitti,000049,roll_2.0deg,roll,2.0000,11,Car,33.2462,2,0.0000,False,74,0.9865,7.9796,far>30m
kitti,000049,roll_2.0deg,roll,2.0000,12,Car,14.4224,3,0.0700,False,435,0.8759,17.3155,near<15m
kitti,000049,roll_2.0deg,roll,2.0000,13,Car,19.0220,1,0.0000,True,308,0.8506,11.6181,mid15-30m
kitti,000049,roll_2.0deg,roll,2.0000,16,Van,35.5706,3,0.0000,False,261,1.0000,12.0426,far>30m
kitti,000049,roll_2.0deg,roll,2.0000,17,Car,22.3814,3,0.3800,False,56,0.2679,20.1723,mid15-30m
kitti,000049,yaw_3.0deg,yaw,3.0000,0,Car,21.5547,0,0.0000,True,200,0.3550,38.3315,mid15-30m
kitti,000049,yaw_3.0deg,yaw,3.0000,1,Car,14.3483,0,0.0000,True,864,0.8669,42.4628,near<15m
kitti,000049,yaw_3.0deg,yaw,3.0000,2,Car,22.2893,2,0.0000,False,140,0.9857,39.8363,mid15-30m
kitti,000049,yaw_3.0deg,yaw,3.0000,3,Car,25.2013,2,0.0000,False,73,0.9589,39.2514,mid15-30m
kitti,000049,yaw_3.0deg,yaw,3.0000,4,Car,32.7812,2,0.0000,False,18,1.0000,38.6877,far>30m
kitti,000049,yaw_3.0deg,yaw,3.0000,5,Van,45.8610,3,0.0000,False,79,0.7468,38.3643,far>30m
kitti,000049,yaw_3.0deg,yaw,3.0000,6,Pedestrian,5.4642,3,0.2900,False,807,0.5403,52.0241,near<15m
kitti,000049,yaw_3.0deg,yaw,3.0000,7,Car,10.3984,1,0.0000,True,548,0.8212,45.3478,near<15m
kitti,000049,yaw_3.0deg,yaw,3.0000,8,Car,15.4442,1,0.0000,True,423,0.6974,40.8595,mid15-30m
kitti,000049,yaw_3.0deg,yaw,3.0000,9,Car,20.6443,2,0.0000,False,181,0.2099,39.4061,mid15-30m
kitti,000049,yaw_3.0deg,yaw,3.0000,10,Pedestrian,32.7900,0,0.0000,True,42,0.0000,38.4742,far>30m
kitti,000049,yaw_3.0deg,yaw,3.0000,11,Car,33.2462,2,0.0000,False,74,0.8378,41.2919,far>30m
kitti,000049,yaw_3.0deg,yaw,3.0000,12,Car,14.4224,3,0.0700,False,435,0.8805,58.6694,near<15m
kitti,000049,yaw_3.0deg,yaw,3.0000,13,Car,19.0220,1,0.0000,True,308,0.9351,47.5688,mid15-30m
kitti,000049,yaw_3.0deg,yaw,3.0000,16,Van,35.5706,3,0.0000,False,261,0.6437,45.7943,far>30m
kitti,000049,yaw_3.0deg,yaw,3.0000,17,Car,22.3814,3,0.3800,False,56,0.1786,65.3737,mid15-30m
kitti,000049,pitch_3.0deg,pitch,3.0000,0,Car,21.5547,0,0.0000,True,200,0.1200,38.5059,mid15-30m
kitti,000049,pitch_3.0deg,pitch,3.0000,1,Car,14.3483,0,0.0000,True,864,0.5787,38.9282,near<15m
kitti,000049,pitch_3.0deg,pitch,3.0000,2,Car,22.2893,2,0.0000,False,140,0.3500,38.4103,mid15-30m
kitti,000049,pitch_3.0deg,pitch,3.0000,3,Car,25.2013,2,0.0000,False,73,0.2603,38.3336,mid15-30m
kitti,000049,pitch_3.0deg,pitch,3.0000,4,Car,32.7812,2,0.0000,False,18,0.0000,38.2157,far>30m
kitti,000049,pitch_3.0deg,pitch,3.0000,5,Van,45.8610,3,0.0000,False,79,0.0000,38.0474,far>30m
kitti,000049,pitch_3.0deg,pitch,3.0000,6,Pedestrian,5.4642,3,0.2900,False,807,0.7299,42.2278,near<15m
kitti,000049,pitch_3.0deg,pitch,3.0000,7,Car,10.3984,1,0.0000,True,548,0.8613,39.8700,near<15m
kitti,000049,pitch_3.0deg,pitch,3.0000,8,Car,15.4442,1,0.0000,True,423,0.6619,38.9063,mid15-30m
kitti,000049,pitch_3.0deg,pitch,3.0000,9,Car,20.6443,2,0.0000,False,181,0.4751,38.5228,mid15-30m
kitti,000049,pitch_3.0deg,pitch,3.0000,10,Pedestrian,32.7900,0,0.0000,True,42,0.0000,38.2267,far>30m
kitti,000049,pitch_3.0deg,pitch,3.0000,11,Car,33.2462,2,0.0000,False,74,0.1892,38.2292,far>30m
kitti,000049,pitch_3.0deg,pitch,3.0000,12,Car,14.4224,3,0.0700,False,435,0.8299,39.1282,near<15m
kitti,000049,pitch_3.0deg,pitch,3.0000,13,Car,19.0220,1,0.0000,True,308,0.4740,38.6200,mid15-30m
kitti,000049,pitch_3.0deg,pitch,3.0000,16,Van,35.5706,3,0.0000,False,261,0.7356,38.1627,far>30m
kitti,000049,pitch_3.0deg,pitch,3.0000,17,Car,22.3814,3,0.3800,False,56,0.7143,38.4846,mid15-30m
kitti,000049,roll_3.0deg,roll,3.0000,0,Car,21.5547,0,0.0000,True,200,1.0000,1.8017,mid15-30m
kitti,000049,roll_3.0deg,roll,3.0000,1,Car,14.3483,0,0.0000,True,864,0.9120,11.0570,near<15m
kitti,000049,roll_3.0deg,roll,3.0000,2,Car,22.2893,2,0.0000,False,140,0.7786,6.6997,mid15-30m
kitti,000049,roll_3.0deg,roll,3.0000,3,Car,25.2013,2,0.0000,False,73,0.7534,5.2960,mid15-30m
kitti,000049,roll_3.0deg,roll,3.0000,4,Car,32.7812,2,0.0000,False,18,1.0000,3.6770,far>30m
kitti,000049,roll_3.0deg,roll,3.0000,5,Van,45.8610,3,0.0000,False,79,0.9241,2.6524,far>30m
kitti,000049,roll_3.0deg,roll,3.0000,6,Pedestrian,5.4642,3,0.2900,False,807,0.7757,23.3995,near<15m
kitti,000049,roll_3.0deg,roll,3.0000,7,Car,10.3984,1,0.0000,True,548,0.9982,16.8737,near<15m
kitti,000049,roll_3.0deg,roll,3.0000,8,Car,15.4442,1,0.0000,True,423,0.9929,10.5130,mid15-30m
kitti,000049,roll_3.0deg,roll,3.0000,9,Car,20.6443,2,0.0000,False,181,0.9779,7.4229,mid15-30m
kitti,000049,roll_3.0deg,roll,3.0000,10,Pedestrian,32.7900,0,0.0000,True,42,0.7381,4.7457,far>30m
kitti,000049,roll_3.0deg,roll,3.0000,11,Car,33.2462,2,0.0000,False,74,0.9189,11.9690,far>30m
kitti,000049,roll_3.0deg,roll,3.0000,12,Car,14.4224,3,0.0700,False,435,0.8069,25.9700,near<15m
kitti,000049,roll_3.0deg,roll,3.0000,13,Car,19.0220,1,0.0000,True,308,0.8084,17.4253,mid15-30m
kitti,000049,roll_3.0deg,roll,3.0000,16,Van,35.5706,3,0.0000,False,261,1.0000,18.0636,far>30m
kitti,000049,roll_3.0deg,roll,3.0000,17,Car,22.3814,3,0.3800,False,56,0.1607,30.2543,mid15-30m
kitti,000049,tfwd_2cm,tfwd,2.0000,0,Car,21.5547,0,0.0000,True,200,1.0000,0.0330,mid15-30m
kitti,000049,tfwd_2cm,tfwd,2.0000,1,Car,14.3483,0,0.0000,True,864,1.0000,0.3196,near<15m
kitti,000049,tfwd_2cm,tfwd,2.0000,2,Car,22.2893,2,0.0000,False,140,1.0000,0.1203,mid15-30m
kitti,000049,tfwd_2cm,tfwd,2.0000,3,Car,25.2013,2,0.0000,False,73,1.0000,0.0827,mid15-30m
kitti,000049,tfwd_2cm,tfwd,2.0000,4,Car,32.7812,2,0.0000,False,18,1.0000,0.0441,far>30m
kitti,000049,tfwd_2cm,tfwd,2.0000,5,Van,45.8610,3,0.0000,False,79,1.0000,0.0223,far>30m
kitti,000049,tfwd_2cm,tfwd,2.0000,6,Pedestrian,5.4642,3,0.2900,False,807,0.8550,1.9488,near<15m
kitti,000049,tfwd_2cm,tfwd,2.0000,7,Car,10.3984,1,0.0000,True,548,1.0000,0.7667,near<15m
kitti,000049,tfwd_2cm,tfwd,2.0000,8,Car,15.4442,1,0.0000,True,423,1.0000,0.2973,mid15-30m
kitti,000049,tfwd_2cm,tfwd,2.0000,9,Car,20.6443,2,0.0000,False,181,1.0000,0.1501,mid15-30m
kitti,000049,tfwd_2cm,tfwd,2.0000,10,Pedestrian,32.7900,0,0.0000,True,42,0.8810,0.0567,far>30m
kitti,000049,tfwd_2cm,tfwd,2.0000,11,Car,33.2462,2,0.0000,False,74,1.0000,0.1476,far>30m
kitti,000049,tfwd_2cm,tfwd,2.0000,12,Car,14.4224,3,0.0700,False,435,1.0000,0.8875,near<15m
kitti,000049,tfwd_2cm,tfwd,2.0000,13,Car,19.0220,1,0.0000,True,308,1.0000,0.3971,mid15-30m
kitti,000049,tfwd_2cm,tfwd,2.0000,16,Van,35.5706,3,0.0000,False,261,1.0000,0.2228,far>30m
kitti,000049,tfwd_2cm,tfwd,2.0000,17,Car,22.3814,3,0.3800,False,56,0.8750,0.6646,mid15-30m
kitti,000049,tleft_2cm,tleft,2.0000,0,Car,21.5547,0,0.0000,True,200,1.0000,0.7158,mid15-30m
kitti,000049,tleft_2cm,tleft,2.0000,1,Car,14.3483,0,0.0000,True,864,1.0000,1.1186,near<15m
kitti,000049,tleft_2cm,tleft,2.0000,2,Car,22.2893,2,0.0000,False,140,1.0000,0.6912,mid15-30m
kitti,000049,tleft_2cm,tleft,2.0000,3,Car,25.2013,2,0.0000,False,73,1.0000,0.6022,mid15-30m
kitti,000049,tleft_2cm,tleft,2.0000,4,Car,32.7812,2,0.0000,False,18,1.0000,0.4629,far>30m
kitti,000049,tleft_2cm,tleft,2.0000,5,Van,45.8610,3,0.0000,False,79,1.0000,0.3239,far>30m
kitti,000049,tleft_2cm,tleft,2.0000,6,Pedestrian,5.4642,3,0.2900,False,807,0.8426,3.1174,near<15m
kitti,000049,tleft_2cm,tleft,2.0000,7,Car,10.3984,1,0.0000,True,548,1.0000,1.6807,near<15m
kitti,000049,tleft_2cm,tleft,2.0000,8,Car,15.4442,1,0.0000,True,423,1.0000,1.0532,mid15-30m
kitti,000049,tleft_2cm,tleft,2.0000,9,Car,20.6443,2,0.0000,False,181,1.0000,0.7529,mid15-30m
kitti,000049,tleft_2cm,tleft,2.0000,10,Pedestrian,32.7900,0,0.0000,True,42,0.8571,0.4463,far>30m
kitti,000049,tleft_2cm,tleft,2.0000,11,Car,33.2462,2,0.0000,False,74,1.0000,0.4636,far>30m
kitti,000049,tleft_2cm,tleft,2.0000,12,Car,14.4224,3,0.0700,False,435,1.0000,1.2954,near<15m
kitti,000049,tleft_2cm,tleft,2.0000,13,Car,19.0220,1,0.0000,True,308,1.0000,0.8661,mid15-30m
kitti,000049,tleft_2cm,tleft,2.0000,16,Van,35.5706,3,0.0000,False,261,1.0000,0.4641,far>30m
kitti,000049,tleft_2cm,tleft,2.0000,17,Car,22.3814,3,0.3800,False,56,0.8750,0.8330,mid15-30m
kitti,000049,tup_2cm,tup,2.0000,0,Car,21.5547,0,0.0000,True,200,1.0000,0.7161,mid15-30m
kitti,000049,tup_2cm,tup,2.0000,1,Car,14.3483,0,0.0000,True,864,1.0000,1.1193,near<15m
kitti,000049,tup_2cm,tup,2.0000,2,Car,22.2893,2,0.0000,False,140,1.0000,0.6914,mid15-30m
kitti,000049,tup_2cm,tup,2.0000,3,Car,25.2013,2,0.0000,False,73,1.0000,0.6024,mid15-30m
kitti,000049,tup_2cm,tup,2.0000,4,Car,32.7812,2,0.0000,False,18,1.0000,0.4630,far>30m
kitti,000049,tup_2cm,tup,2.0000,5,Van,45.8610,3,0.0000,False,79,1.0000,0.3239,far>30m
kitti,000049,tup_2cm,tup,2.0000,6,Pedestrian,5.4642,3,0.2900,False,807,0.8637,3.1226,near<15m
kitti,000049,tup_2cm,tup,2.0000,7,Car,10.3984,1,0.0000,True,548,1.0000,1.6824,near<15m
kitti,000049,tup_2cm,tup,2.0000,8,Car,15.4442,1,0.0000,True,423,1.0000,1.0538,mid15-30m
kitti,000049,tup_2cm,tup,2.0000,9,Car,20.6443,2,0.0000,False,181,1.0000,0.7531,mid15-30m
kitti,000049,tup_2cm,tup,2.0000,10,Pedestrian,32.7900,0,0.0000,True,42,0.8810,0.4464,far>30m
kitti,000049,tup_2cm,tup,2.0000,11,Car,33.2462,2,0.0000,False,74,1.0000,0.4637,far>30m
kitti,000049,tup_2cm,tup,2.0000,12,Car,14.4224,3,0.0700,False,435,1.0000,1.2963,near<15m
kitti,000049,tup_2cm,tup,2.0000,13,Car,19.0220,1,0.0000,True,308,1.0000,0.8665,mid15-30m
kitti,000049,tup_2cm,tup,2.0000,16,Van,35.5706,3,0.0000,False,261,1.0000,0.4641,far>30m
kitti,000049,tup_2cm,tup,2.0000,17,Car,22.3814,3,0.3800,False,56,0.8750,0.8332,mid15-30m
kitti,000049,tfwd_5cm,tfwd,5.0000,0,Car,21.5547,0,0.0000,True,200,1.0000,0.0823,mid15-30m
kitti,000049,tfwd_5cm,tfwd,5.0000,1,Car,14.3483,0,0.0000,True,864,1.0000,0.7973,near<15m
kitti,000049,tfwd_5cm,tfwd,5.0000,2,Car,22.2893,2,0.0000,False,140,1.0000,0.3004,mid15-30m
kitti,000049,tfwd_5cm,tfwd,5.0000,3,Car,25.2013,2,0.0000,False,73,1.0000,0.2064,mid15-30m
kitti,000049,tfwd_5cm,tfwd,5.0000,4,Car,32.7812,2,0.0000,False,18,1.0000,0.1100,far>30m
kitti,000049,tfwd_5cm,tfwd,5.0000,5,Van,45.8610,3,0.0000,False,79,1.0000,0.0558,far>30m
kitti,000049,tfwd_5cm,tfwd,5.0000,6,Pedestrian,5.4642,3,0.2900,False,807,0.8513,4.8408,near<15m
kitti,000049,tfwd_5cm,tfwd,5.0000,7,Car,10.3984,1,0.0000,True,548,1.0000,1.9100,near<15m
kitti,000049,tfwd_5cm,tfwd,5.0000,8,Car,15.4442,1,0.0000,True,423,1.0000,0.7416,mid15-30m
kitti,000049,tfwd_5cm,tfwd,5.0000,9,Car,20.6443,2,0.0000,False,181,1.0000,0.3748,mid15-30m
kitti,000049,tfwd_5cm,tfwd,5.0000,10,Pedestrian,32.7900,0,0.0000,True,42,0.8810,0.1416,far>30m
kitti,000049,tfwd_5cm,tfwd,5.0000,11,Car,33.2462,2,0.0000,False,74,1.0000,0.3686,far>30m
kitti,000049,tfwd_5cm,tfwd,5.0000,12,Car,14.4224,3,0.0700,False,435,1.0000,2.2128,near<15m
kitti,000049,tfwd_5cm,tfwd,5.0000,13,Car,19.0220,1,0.0000,True,308,1.0000,0.9909,mid15-30m
kitti,000049,tfwd_5cm,tfwd,5.0000,16,Van,35.5706,3,0.0000,False,261,1.0000,0.5566,far>30m
kitti,000049,tfwd_5cm,tfwd,5.0000,17,Car,22.3814,3,0.3800,False,56,0.8750,1.6587,mid15-30m
kitti,000049,tleft_5cm,tleft,5.0000,0,Car,21.5547,0,0.0000,True,200,1.0000,1.7896,mid15-30m
kitti,000049,tleft_5cm,tleft,5.0000,1,Car,14.3483,0,0.0000,True,864,1.0000,2.7965,near<15m
kitti,000049,tleft_5cm,tleft,5.0000,2,Car,22.2893,2,0.0000,False,140,1.0000,1.7280,mid15-30m
kitti,000049,tleft_5cm,tleft,5.0000,3,Car,25.2013,2,0.0000,False,73,1.0000,1.5056,mid15-30m
kitti,000049,tleft_5cm,tleft,5.0000,4,Car,32.7812,2,0.0000,False,18,1.0000,1.1573,far>30m
kitti,000049,tleft_5cm,tleft,5.0000,5,Van,45.8610,3,0.0000,False,79,1.0000,0.8098,far>30m
kitti,000049,tleft_5cm,tleft,5.0000,6,Pedestrian,5.4642,3,0.2900,False,807,0.8315,7.7935,near<15m
kitti,000049,tleft_5cm,tleft,5.0000,7,Car,10.3984,1,0.0000,True,548,1.0000,4.2017,near<15m
kitti,000049,tleft_5cm,tleft,5.0000,8,Car,15.4442,1,0.0000,True,423,1.0000,2.6330,mid15-30m
kitti,000049,tleft_5cm,tleft,5.0000,9,Car,20.6443,2,0.0000,False,181,1.0000,1.8822,mid15-30m
kitti,000049,tleft_5cm,tleft,5.0000,10,Pedestrian,32.7900,0,0.0000,True,42,0.8571,1.1157,far>30m
kitti,000049,tleft_5cm,tleft,5.0000,11,Car,33.2462,2,0.0000,False,74,1.0000,1.1590,far>30m
kitti,000049,tleft_5cm,tleft,5.0000,12,Car,14.4224,3,0.0700,False,435,1.0000,3.2385,near<15m
kitti,000049,tleft_5cm,tleft,5.0000,13,Car,19.0220,1,0.0000,True,308,1.0000,2.1653,mid15-30m
kitti,000049,tleft_5cm,tleft,5.0000,16,Van,35.5706,3,0.0000,False,261,1.0000,1.1603,far>30m
kitti,000049,tleft_5cm,tleft,5.0000,17,Car,22.3814,3,0.3800,False,56,0.8750,2.0825,mid15-30m
kitti,000049,tup_5cm,tup,5.0000,0,Car,21.5547,0,0.0000,True,200,1.0000,1.7903,mid15-30m
kitti,000049,tup_5cm,tup,5.0000,1,Car,14.3483,0,0.0000,True,864,1.0000,2.7982,near<15m
kitti,000049,tup_5cm,tup,5.0000,2,Car,22.2893,2,0.0000,False,140,1.0000,1.7284,mid15-30m
kitti,000049,tup_5cm,tup,5.0000,3,Car,25.2013,2,0.0000,False,73,0.7808,1.5059,mid15-30m
kitti,000049,tup_5cm,tup,5.0000,4,Car,32.7812,2,0.0000,False,18,1.0000,1.1575,far>30m
kitti,000049,tup_5cm,tup,5.0000,5,Van,45.8610,3,0.0000,False,79,1.0000,0.8097,far>30m
kitti,000049,tup_5cm,tup,5.0000,6,Pedestrian,5.4642,3,0.2900,False,807,0.8724,7.8060,near<15m
kitti,000049,tup_5cm,tup,5.0000,7,Car,10.3984,1,0.0000,True,548,1.0000,4.2058,near<15m
kitti,000049,tup_5cm,tup,5.0000,8,Car,15.4442,1,0.0000,True,423,1.0000,2.6344,mid15-30m
kitti,000049,tup_5cm,tup,5.0000,9,Car,20.6443,2,0.0000,False,181,1.0000,1.8828,mid15-30m
kitti,000049,tup_5cm,tup,5.0000,10,Pedestrian,32.7900,0,0.0000,True,42,0.8333,1.1159,far>30m
kitti,000049,tup_5cm,tup,5.0000,11,Car,33.2462,2,0.0000,False,74,1.0000,1.1591,far>30m
kitti,000049,tup_5cm,tup,5.0000,12,Car,14.4224,3,0.0700,False,435,0.9471,3.2406,near<15m
kitti,000049,tup_5cm,tup,5.0000,13,Car,19.0220,1,0.0000,True,308,1.0000,2.1662,mid15-30m
kitti,000049,tup_5cm,tup,5.0000,16,Van,35.5706,3,0.0000,False,261,1.0000,1.1602,far>30m
kitti,000049,tup_5cm,tup,5.0000,17,Car,22.3814,3,0.3800,False,56,0.8750,2.0829,mid15-30m
kitti,000049,tfwd_10cm,tfwd,10.0000,0,Car,21.5547,0,0.0000,True,200,1.0000,0.1642,mid15-30m
kitti,000049,tfwd_10cm,tfwd,10.0000,1,Car,14.3483,0,0.0000,True,864,1.0000,1.5884,near<15m
kitti,000049,tfwd_10cm,tfwd,10.0000,2,Car,22.2893,2,0.0000,False,140,1.0000,0.5994,mid15-30m
kitti,000049,tfwd_10cm,tfwd,10.0000,3,Car,25.2013,2,0.0000,False,73,1.0000,0.4119,mid15-30m
kitti,000049,tfwd_10cm,tfwd,10.0000,4,Car,32.7812,2,0.0000,False,18,1.0000,0.2197,far>30m
kitti,000049,tfwd_10cm,tfwd,10.0000,5,Van,45.8610,3,0.0000,False,79,1.0000,0.1115,far>30m
kitti,000049,tfwd_10cm,tfwd,10.0000,6,Pedestrian,5.4642,3,0.2900,False,807,0.8414,9.5791,near<15m
kitti,000049,tfwd_10cm,tfwd,10.0000,7,Car,10.3984,1,0.0000,True,548,1.0000,3.7975,near<15m
kitti,000049,tfwd_10cm,tfwd,10.0000,8,Car,15.4442,1,0.0000,True,423,1.0000,1.4777,mid15-30m
kitti,000049,tfwd_10cm,tfwd,10.0000,9,Car,20.6443,2,0.0000,False,181,1.0000,0.7476,mid15-30m
kitti,000049,tfwd_10cm,tfwd,10.0000,10,Pedestrian,32.7900,0,0.0000,True,42,0.8810,0.2827,far>30m
kitti,000049,tfwd_10cm,tfwd,10.0000,11,Car,33.2462,2,0.0000,False,74,1.0000,0.7359,far>30m
kitti,000049,tfwd_10cm,tfwd,10.0000,12,Car,14.4224,3,0.0700,False,435,1.0000,4.4056,near<15m
kitti,000049,tfwd_10cm,tfwd,10.0000,13,Car,19.0220,1,0.0000,True,308,1.0000,1.9758,mid15-30m
kitti,000049,tfwd_10cm,tfwd,10.0000,16,Van,35.5706,3,0.0000,False,261,1.0000,1.1113,far>30m
kitti,000049,tfwd_10cm,tfwd,10.0000,17,Car,22.3814,3,0.3800,False,56,0.8750,3.3078,mid15-30m
kitti,000049,tleft_10cm,tleft,10.0000,0,Car,21.5547,0,0.0000,True,200,0.9750,3.5792,mid15-30m
kitti,000049,tleft_10cm,tleft,10.0000,1,Car,14.3483,0,0.0000,True,864,0.9965,5.5931,near<15m
kitti,000049,tleft_10cm,tleft,10.0000,2,Car,22.2893,2,0.0000,False,140,1.0000,3.4560,mid15-30m
kitti,000049,tleft_10cm,tleft,10.0000,3,Car,25.2013,2,0.0000,False,73,1.0000,3.0111,mid15-30m
kitti,000049,tleft_10cm,tleft,10.0000,4,Car,32.7812,2,0.0000,False,18,1.0000,2.3146,far>30m
kitti,000049,tleft_10cm,tleft,10.0000,5,Van,45.8610,3,0.0000,False,79,1.0000,1.6195,far>30m
kitti,000049,tleft_10cm,tleft,10.0000,6,Pedestrian,5.4642,3,0.2900,False,807,0.8055,15.5871,near<15m
kitti,000049,tleft_10cm,tleft,10.0000,7,Car,10.3984,1,0.0000,True,548,0.9945,8.4034,near<15m
kitti,000049,tleft_10cm,tleft,10.0000,8,Car,15.4442,1,0.0000,True,423,1.0000,5.2660,mid15-30m
kitti,000049,tleft_10cm,tleft,10.0000,9,Car,20.6443,2,0.0000,False,181,1.0000,3.7643,mid15-30m
kitti,000049,tleft_10cm,tleft,10.0000,10,Pedestrian,32.7900,0,0.0000,True,42,0.8333,2.2314,far>30m
kitti,000049,tleft_10cm,tleft,10.0000,11,Car,33.2462,2,0.0000,False,74,1.0000,2.3179,far>30m
kitti,000049,tleft_10cm,tleft,10.0000,12,Car,14.4224,3,0.0700,False,435,1.0000,6.4770,near<15m
kitti,000049,tleft_10cm,tleft,10.0000,13,Car,19.0220,1,0.0000,True,308,1.0000,4.3306,mid15-30m
kitti,000049,tleft_10cm,tleft,10.0000,16,Van,35.5706,3,0.0000,False,261,1.0000,2.3206,far>30m
kitti,000049,tleft_10cm,tleft,10.0000,17,Car,22.3814,3,0.3800,False,56,0.8750,4.1649,mid15-30m
kitti,000049,tup_10cm,tup,10.0000,0,Car,21.5547,0,0.0000,True,200,0.9600,3.5805,mid15-30m
kitti,000049,tup_10cm,tup,10.0000,1,Car,14.3483,0,0.0000,True,864,0.9549,5.5961,near<15m
kitti,000049,tup_10cm,tup,10.0000,2,Car,22.2893,2,0.0000,False,140,0.8571,3.4568,mid15-30m
kitti,000049,tup_10cm,tup,10.0000,3,Car,25.2013,2,0.0000,False,73,0.7808,3.0117,mid15-30m
kitti,000049,tup_10cm,tup,10.0000,4,Car,32.7812,2,0.0000,False,18,1.0000,2.3150,far>30m
kitti,000049,tup_10cm,tup,10.0000,5,Van,45.8610,3,0.0000,False,79,1.0000,1.6194,far>30m
kitti,000049,tup_10cm,tup,10.0000,6,Pedestrian,5.4642,3,0.2900,False,807,0.8897,15.6102,near<15m
kitti,000049,tup_10cm,tup,10.0000,7,Car,10.3984,1,0.0000,True,548,0.9507,8.4110,near<15m
kitti,000049,tup_10cm,tup,10.0000,8,Car,15.4442,1,0.0000,True,423,0.9362,5.2687,mid15-30m
kitti,000049,tup_10cm,tup,10.0000,9,Car,20.6443,2,0.0000,False,181,1.0000,3.7654,mid15-30m
kitti,000049,tup_10cm,tup,10.0000,10,Pedestrian,32.7900,0,0.0000,True,42,0.8333,2.2318,far>30m
kitti,000049,tup_10cm,tup,10.0000,11,Car,33.2462,2,0.0000,False,74,0.8108,2.3182,far>30m
kitti,000049,tup_10cm,tup,10.0000,12,Car,14.4224,3,0.0700,False,435,0.9425,6.4809,near<15m
kitti,000049,tup_10cm,tup,10.0000,13,Car,19.0220,1,0.0000,True,308,0.9026,4.3322,mid15-30m
kitti,000049,tup_10cm,tup,10.0000,16,Van,35.5706,3,0.0000,False,261,0.9732,2.3203,far>30m
kitti,000049,tup_10cm,tup,10.0000,17,Car,22.3814,3,0.3800,False,56,0.8750,4.1657,mid15-30m
kitti,000061,baseline,baseline,0.0000,0,Van,18.8105,3,0.0500,False,969,1.0000,0.0000,mid15-30m
kitti,000061,baseline,baseline,0.0000,1,Car,14.6534,3,0.7900,False,438,0.2466,0.0000,near<15m
kitti,000061,baseline,baseline,0.0000,3,Car,21.1452,1,0.1400,True,131,1.0000,0.0000,mid15-30m
kitti,000061,baseline,baseline,0.0000,5,Van,43.6728,3,0.0000,False,14,1.0000,0.0000,far>30m
kitti,000061,yaw_0.5deg,yaw,0.5000,0,Van,18.8105,3,0.0500,False,969,0.9979,9.9249,mid15-30m
kitti,000061,yaw_0.5deg,yaw,0.5000,1,Car,14.6534,3,0.7900,False,438,0.1667,11.7445,near<15m
kitti,000061,yaw_0.5deg,yaw,0.5000,3,Car,21.1452,1,0.1400,True,131,1.0000,10.1910,mid15-30m
kitti,000061,yaw_0.5deg,yaw,0.5000,5,Van,43.6728,3,0.0000,False,14,0.7857,7.3666,far>30m
kitti,000061,pitch_0.5deg,pitch,0.5000,0,Van,18.8105,3,0.0500,False,969,0.9990,6.4480,mid15-30m
kitti,000061,pitch_0.5deg,pitch,0.5000,1,Car,14.6534,3,0.7900,False,438,0.2443,6.6810,near<15m
kitti,000061,pitch_0.5deg,pitch,0.5000,3,Car,21.1452,1,0.1400,True,131,1.0000,6.5063,mid15-30m
kitti,000061,pitch_0.5deg,pitch,0.5000,5,Van,43.6728,3,0.0000,False,14,1.0000,6.3465,far>30m
kitti,000061,roll_0.5deg,roll,0.5000,0,Van,18.8105,3,0.0500,False,969,1.0000,4.7129,mid15-30m
kitti,000061,roll_0.5deg,roll,0.5000,1,Car,14.6534,3,0.7900,False,438,0.2443,5.7703,near<15m
kitti,000061,roll_0.5deg,roll,0.5000,3,Car,21.1452,1,0.1400,True,131,1.0000,4.8810,mid15-30m
kitti,000061,roll_0.5deg,roll,0.5000,5,Van,43.6728,3,0.0000,False,14,1.0000,2.5820,far>30m
kitti,000061,yaw_1.0deg,yaw,1.0000,0,Van,18.8105,3,0.0500,False,969,0.9711,19.7217,mid15-30m
kitti,000061,yaw_1.0deg,yaw,1.0000,1,Car,14.6534,3,0.7900,False,438,0.0776,23.6819,near<15m
kitti,000061,yaw_1.0deg,yaw,1.0000,3,Car,21.1452,1,0.1400,True,131,0.9924,20.5230,mid15-30m
kitti,000061,yaw_1.0deg,yaw,1.0000,5,Van,43.6728,3,0.0000,False,14,0.6429,14.6820,far>30m
kitti,000061,pitch_1.0deg,pitch,1.0000,0,Van,18.8105,3,0.0500,False,969,0.9659,12.9011,mid15-30m
kitti,000061,pitch_1.0deg,pitch,1.0000,1,Car,14.6534,3,0.7900,False,438,0.2329,13.3872,near<15m
kitti,000061,pitch_1.0deg,pitch,1.0000,3,Car,21.1452,1,0.1400,True,131,1.0000,13.0296,mid15-30m
kitti,000061,pitch_1.0deg,pitch,1.0000,5,Van,43.6728,3,0.0000,False,14,1.0000,12.6901,far>30m
kitti,000061,roll_1.0deg,roll,1.0000,0,Van,18.8105,3,0.0500,False,969,0.9948,9.4261,mid15-30m
kitti,000061,roll_1.0deg,roll,1.0000,1,Car,14.6534,3,0.7900,False,438,0.2329,11.5401,near<15m
kitti,000061,roll_1.0deg,roll,1.0000,3,Car,21.1452,1,0.1400,True,131,0.9008,9.7616,mid15-30m
kitti,000061,roll_1.0deg,roll,1.0000,5,Van,43.6728,3,0.0000,False,14,0.9286,5.1641,far>30m
kitti,000061,yaw_2.0deg,yaw,2.0000,0,Van,18.8105,3,0.0500,False,969,0.8751,38.9470,mid15-30m
kitti,000061,yaw_2.0deg,yaw,2.0000,1,Car,14.6534,3,0.7900,False,438,0.0000,48.1623,near<15m
kitti,000061,yaw_2.0deg,yaw,2.0000,3,Car,21.1452,1,0.1400,True,131,0.8244,41.6286,mid15-30m
kitti,000061,yaw_2.0deg,yaw,2.0000,5,Van,43.6728,3,0.0000,False,14,0.3571,29.1656,far>30m
kitti,000061,pitch_2.0deg,pitch,2.0000,0,Van,18.8105,3,0.0500,False,969,0.8762,25.8272,mid15-30m
kitti,000061,pitch_2.0deg,pitch,2.0000,1,Car,14.6534,3,0.7900,False,438,0.1712,26.8814,near<15m
kitti,000061,pitch_2.0deg,pitch,2.0000,3,Car,21.1452,1,0.1400,True,131,0.8092,26.1322,mid15-30m
kitti,000061,pitch_2.0deg,pitch,2.0000,5,Van,43.6728,3,0.0000,False,14,0.0000,25.3728,far>30m
kitti,000061,roll_2.0deg,roll,2.0000,0,Van,18.8105,3,0.0500,False,969,0.9298,18.8527,mid15-30m
kitti,000061,roll_2.0deg,roll,2.0000,1,Car,14.6534,3,0.7900,False,438,0.2032,23.0774,near<15m
kitti,000061,roll_2.0deg,roll,2.0000,3,Car,21.1452,1,0.1400,True,131,0.8244,19.5211,mid15-30m
kitti,000061,roll_2.0deg,roll,2.0000,5,Van,43.6728,3,0.0000,False,14,0.9286,10.3283,far>30m
kitti,000061,yaw_3.0deg,yaw,3.0000,0,Van,18.8105,3,0.0500,False,969,0.7595,57.7060,mid15-30m
kitti,000061,yaw_3.0deg,yaw,3.0000,1,Car,14.6534,3,0.7900,False,438,0.0000,73.4985,near<15m
kitti,000061,yaw_3.0deg,yaw,3.0000,3,Car,21.1452,1,0.1400,True,131,0.4427,63.3558,mid15-30m
kitti,000061,yaw_3.0deg,yaw,3.0000,5,Van,43.6728,3,0.0000,False,14,0.0000,43.4634,far>30m
kitti,000061,pitch_3.0deg,pitch,3.0000,0,Van,18.8105,3,0.0500,False,969,0.7492,38.7882,mid15-30m
kitti,000061,pitch_3.0deg,pitch,3.0000,1,Car,14.6534,3,0.7900,False,438,0.1301,40.4945,near<15m
kitti,000061,pitch_3.0deg,pitch,3.0000,3,Car,21.1452,1,0.1400,True,131,0.6107,39.3182,mid15-30m
kitti,000061,pitch_3.0deg,pitch,3.0000,5,Van,43.6728,3,0.0000,False,14,0.0000,38.0565,far>30m
kitti,000061,roll_3.0deg,roll,3.0000,0,Van,18.8105,3,0.0500,False,969,0.8555,28.2791,mid15-30m
kitti,000061,roll_3.0deg,roll,3.0000,1,Car,14.6534,3,0.7900,False,438,0.1758,34.6109,near<15m
kitti,000061,roll_3.0deg,roll,3.0000,3,Car,21.1452,1,0.1400,True,131,0.6565,29.2777,mid15-30m
kitti,000061,roll_3.0deg,roll,3.0000,5,Van,43.6728,3,0.0000,False,14,0.9286,15.4920,far>30m
kitti,000061,tfwd_2cm,tfwd,2.0000,0,Van,18.8105,3,0.0500,False,969,1.0000,0.8177,mid15-30m
kitti,000061,tfwd_2cm,tfwd,2.0000,1,Car,14.6534,3,0.7900,False,438,0.2580,1.3268,near<15m
kitti,000061,tfwd_2cm,tfwd,2.0000,3,Car,21.1452,1,0.1400,True,131,1.0000,0.6858,mid15-30m
kitti,000061,tfwd_2cm,tfwd,2.0000,5,Van,43.6728,3,0.0000,False,14,1.0000,0.1545,far>30m
kitti,000061,tleft_2cm,tleft,2.0000,0,Van,18.8105,3,0.0500,False,969,1.0000,1.0829,mid15-30m
kitti,000061,tleft_2cm,tleft,2.0000,1,Car,14.6534,3,0.7900,False,438,0.2352,1.4574,near<15m
kitti,000061,tleft_2cm,tleft,2.0000,3,Car,21.1452,1,0.1400,True,131,1.0000,0.8903,mid15-30m
kitti,000061,tleft_2cm,tleft,2.0000,5,Van,43.6728,3,0.0000,False,14,1.0000,0.3754,far>30m
kitti,000061,tup_2cm,tup,2.0000,0,Van,18.8105,3,0.0500,False,969,1.0000,1.0830,mid15-30m
kitti,000061,tup_2cm,tup,2.0000,1,Car,14.6534,3,0.7900,False,438,0.2466,1.4597,near<15m
kitti,000061,tup_2cm,tup,2.0000,3,Car,21.1452,1,0.1400,True,131,1.0000,0.8913,mid15-30m
kitti,000061,tup_2cm,tup,2.0000,5,Van,43.6728,3,0.0000,False,14,1.0000,0.3752,far>30m
kitti,000061,tfwd_5cm,tfwd,5.0000,0,Van,18.8105,3,0.0500,False,969,1.0000,2.0396,mid15-30m
kitti,000061,tfwd_5cm,tfwd,5.0000,1,Car,14.6534,3,0.7900,False,438,0.2740,3.3069,near<15m
kitti,000061,tfwd_5cm,tfwd,5.0000,3,Car,21.1452,1,0.1400,True,131,1.0000,1.7112,mid15-30m
kitti,000061,tfwd_5cm,tfwd,5.0000,5,Van,43.6728,3,0.0000,False,14,1.0000,0.3860,far>30m
kitti,000061,tleft_5cm,tleft,5.0000,0,Van,18.8105,3,0.0500,False,969,1.0000,2.7072,mid15-30m
kitti,000061,tleft_5cm,tleft,5.0000,1,Car,14.6534,3,0.7900,False,438,0.2192,3.6434,near<15m
kitti,000061,tleft_5cm,tleft,5.0000,3,Car,21.1452,1,0.1400,True,131,1.0000,2.2257,mid15-30m
kitti,000061,tleft_5cm,tleft,5.0000,5,Van,43.6728,3,0.0000,False,14,1.0000,0.9385,far>30m
kitti,000061,tup_5cm,tup,5.0000,0,Van,18.8105,3,0.0500,False,969,1.0000,2.7074,mid15-30m
kitti,000061,tup_5cm,tup,5.0000,1,Car,14.6534,3,0.7900,False,438,0.2466,3.6491,near<15m
kitti,000061,tup_5cm,tup,5.0000,3,Car,21.1452,1,0.1400,True,131,1.0000,2.2282,mid15-30m
kitti,000061,tup_5cm,tup,5.0000,5,Van,43.6728,3,0.0000,False,14,1.0000,0.9381,far>30m
kitti,000061,tfwd_10cm,tfwd,10.0000,0,Van,18.8105,3,0.0500,False,969,1.0000,4.0638,mid15-30m
kitti,000061,tfwd_10cm,tfwd,10.0000,1,Car,14.6534,3,0.7900,False,438,0.2900,6.5805,near<15m
kitti,000061,tfwd_10cm,tfwd,10.0000,3,Car,21.1452,1,0.1400,True,131,1.0000,3.4119,mid15-30m
kitti,000061,tfwd_10cm,tfwd,10.0000,5,Van,43.6728,3,0.0000,False,14,1.0000,0.7709,far>30m
kitti,000061,tleft_10cm,tleft,10.0000,0,Van,18.8105,3,0.0500,False,969,1.0000,5.4144,mid15-30m
kitti,000061,tleft_10cm,tleft,10.0000,1,Car,14.6534,3,0.7900,False,438,0.1941,7.2868,near<15m
kitti,000061,tleft_10cm,tleft,10.0000,3,Car,21.1452,1,0.1400,True,131,1.0000,4.4513,mid15-30m
kitti,000061,tleft_10cm,tleft,10.0000,5,Van,43.6728,3,0.0000,False,14,1.0000,1.8771,far>30m
kitti,000061,tup_10cm,tup,10.0000,0,Van,18.8105,3,0.0500,False,969,1.0000,5.4146,mid15-30m
kitti,000061,tup_10cm,tup,10.0000,1,Car,14.6534,3,0.7900,False,438,0.2466,7.2978,near<15m
kitti,000061,tup_10cm,tup,10.0000,3,Car,21.1452,1,0.1400,True,131,1.0000,4.4562,mid15-30m
kitti,000061,tup_10cm,tup,10.0000,5,Van,43.6728,3,0.0000,False,14,1.0000,1.8762,far>30m
nuscenes,scene-0103_001,baseline,baseline,0.0000,1,Pedestrian,13.9893,0,0.2176,True,15,0.9333,0.0000,near<15m
nuscenes,scene-0103_001,yaw_0.5deg,yaw,0.5000,1,Pedestrian,13.9893,0,0.2176,True,15,1.0000,15.1716,near<15m
nuscenes,scene-0103_001,pitch_0.5deg,pitch,0.5000,1,Pedestrian,13.9893,0,0.2176,True,15,0.9333,11.4952,near<15m
nuscenes,scene-0103_001,roll_0.5deg,roll,0.5000,1,Pedestrian,13.9893,0,0.2176,True,15,0.9333,6.4041,near<15m
nuscenes,scene-0103_001,yaw_1.0deg,yaw,1.0000,1,Pedestrian,13.9893,0,0.2176,True,15,1.0000,30.1874,near<15m
nuscenes,scene-0103_001,pitch_1.0deg,pitch,1.0000,1,Pedestrian,13.9893,0,0.2176,True,15,0.9333,23.0093,near<15m
nuscenes,scene-0103_001,roll_1.0deg,roll,1.0000,1,Pedestrian,13.9893,0,0.2176,True,15,0.9333,12.8099,near<15m
nuscenes,scene-0103_001,yaw_2.0deg,yaw,2.0000,1,Pedestrian,13.9893,0,0.2176,True,15,0.7333,59.7699,near<15m
nuscenes,scene-0103_001,pitch_2.0deg,pitch,2.0000,1,Pedestrian,13.9893,0,0.2176,True,15,0.8000,46.1030,near<15m
nuscenes,scene-0103_001,roll_2.0deg,roll,2.0000,1,Pedestrian,13.9893,0,0.2176,True,15,0.9333,25.6257,near<15m
nuscenes,scene-0103_001,yaw_3.0deg,yaw,3.0000,1,Pedestrian,13.9893,0,0.2176,True,15,0.0667,88.7839,near<15m
nuscenes,scene-0103_001,pitch_3.0deg,pitch,3.0000,1,Pedestrian,13.9893,0,0.2176,True,15,0.8000,69.2984,near<15m
nuscenes,scene-0103_001,roll_3.0deg,roll,3.0000,1,Pedestrian,13.9893,0,0.2176,True,15,0.9333,38.4463,near<15m
nuscenes,scene-0103_001,tfwd_2cm,tfwd,2.0000,1,Pedestrian,13.9893,0,0.2176,True,15,0.9333,1.2202,near<15m
nuscenes,scene-0103_001,tleft_2cm,tleft,2.0000,1,Pedestrian,13.9893,0,0.2176,True,15,1.0000,2.1054,near<15m
nuscenes,scene-0103_001,tup_2cm,tup,2.0000,1,Pedestrian,13.9893,0,0.2176,True,15,0.9333,2.0943,near<15m
nuscenes,scene-0103_001,tfwd_5cm,tfwd,5.0000,1,Pedestrian,13.9893,0,0.2176,True,15,1.0000,3.0429,near<15m
nuscenes,scene-0103_001,tleft_5cm,tleft,5.0000,1,Pedestrian,13.9893,0,0.2176,True,15,1.0000,5.2633,near<15m
nuscenes,scene-0103_001,tup_5cm,tup,5.0000,1,Pedestrian,13.9893,0,0.2176,True,15,0.9333,5.2349,near<15m
nuscenes,scene-0103_001,tfwd_10cm,tfwd,10.0000,1,Pedestrian,13.9893,0,0.2176,True,15,1.0000,6.0606,near<15m
nuscenes,scene-0103_001,tleft_10cm,tleft,10.0000,1,Pedestrian,13.9893,0,0.2176,True,15,1.0000,10.5261,near<15m
nuscenes,scene-0103_001,tup_10cm,tup,10.0000,1,Pedestrian,13.9893,0,0.2176,True,15,0.9333,10.4675,near<15m
nuscenes,scene-0103_002,baseline,baseline,0.0000,1,Pedestrian,21.3368,0,0.0000,True,11,1.0000,0.0000,mid15-30m
nuscenes,scene-0103_002,yaw_0.5deg,yaw,0.5000,1,Pedestrian,21.3368,0,0.0000,True,11,0.7273,13.3185,mid15-30m
nuscenes,scene-0103_002,pitch_0.5deg,pitch,0.5000,1,Pedestrian,21.3368,0,0.0000,True,11,1.0000,11.3047,mid15-30m
nuscenes,scene-0103_002,roll_0.5deg,roll,0.5000,1,Pedestrian,21.3368,0,0.0000,True,11,1.0000,4.7412,mid15-30m
nuscenes,scene-0103_002,yaw_1.0deg,yaw,1.0000,1,Pedestrian,21.3368,0,0.0000,True,11,0.6364,26.5354,mid15-30m
nuscenes,scene-0103_002,pitch_1.0deg,pitch,1.0000,1,Pedestrian,21.3368,0,0.0000,True,11,0.8182,22.6267,mid15-30m
nuscenes,scene-0103_002,roll_1.0deg,roll,1.0000,1,Pedestrian,21.3368,0,0.0000,True,11,1.0000,9.4832,mid15-30m
nuscenes,scene-0103_002,yaw_2.0deg,yaw,2.0000,1,Pedestrian,21.3368,0,0.0000,True,11,0.0909,52.6776,mid15-30m
nuscenes,scene-0103_002,pitch_2.0deg,pitch,2.0000,1,Pedestrian,21.3368,0,0.0000,True,11,0.8182,45.3305,mid15-30m
nuscenes,scene-0103_002,roll_2.0deg,roll,2.0000,1,Pedestrian,21.3368,0,0.0000,True,11,0.8182,18.9694,mid15-30m
nuscenes,scene-0103_002,yaw_3.0deg,yaw,3.0000,1,Pedestrian,21.3368,0,0.0000,True,11,0.0000,78.4513,mid15-30m
nuscenes,scene-0103_002,pitch_3.0deg,pitch,3.0000,1,Pedestrian,21.3368,0,0.0000,True,11,0.3636,68.1271,mid15-30m
nuscenes,scene-0103_002,roll_3.0deg,roll,3.0000,1,Pedestrian,21.3368,0,0.0000,True,11,0.8182,28.4578,mid15-30m
nuscenes,scene-0103_002,tfwd_2cm,tfwd,2.0000,1,Pedestrian,21.3368,0,0.0000,True,11,1.0000,0.5570,mid15-30m
nuscenes,scene-0103_002,tleft_2cm,tleft,2.0000,1,Pedestrian,21.3368,0,0.0000,True,11,1.0000,1.2962,mid15-30m
nuscenes,scene-0103_002,tup_2cm,tup,2.0000,1,Pedestrian,21.3368,0,0.0000,True,11,1.0000,1.2917,mid15-30m
nuscenes,scene-0103_002,tfwd_5cm,tfwd,5.0000,1,Pedestrian,21.3368,0,0.0000,True,11,1.0000,1.3904,mid15-30m
nuscenes,scene-0103_002,tleft_5cm,tleft,5.0000,1,Pedestrian,21.3368,0,0.0000,True,11,1.0000,3.2405,mid15-30m
nuscenes,scene-0103_002,tup_5cm,tup,5.0000,1,Pedestrian,21.3368,0,0.0000,True,11,1.0000,3.2291,mid15-30m
nuscenes,scene-0103_002,tfwd_10cm,tfwd,10.0000,1,Pedestrian,21.3368,0,0.0000,True,11,1.0000,2.7737,mid15-30m
nuscenes,scene-0103_002,tleft_10cm,tleft,10.0000,1,Pedestrian,21.3368,0,0.0000,True,11,1.0000,6.4808,mid15-30m
nuscenes,scene-0103_002,tup_10cm,tup,10.0000,1,Pedestrian,21.3368,0,0.0000,True,11,1.0000,6.4572,mid15-30m
nuscenes,scene-0103_003,baseline,baseline,0.0000,1,Pedestrian,16.7345,0,0.0000,True,13,1.0000,0.0000,mid15-30m
nuscenes,scene-0103_003,baseline,baseline,0.0000,14,Car,22.8742,0,0.0000,True,12,1.0000,0.0000,mid15-30m
nuscenes,scene-0103_003,yaw_0.5deg,yaw,0.5000,1,Pedestrian,16.7345,0,0.0000,True,13,1.0000,14.4270,mid15-30m
nuscenes,scene-0103_003,yaw_0.5deg,yaw,0.5000,14,Car,22.8742,0,0.0000,True,12,1.0000,11.3906,mid15-30m
nuscenes,scene-0103_003,pitch_0.5deg,pitch,0.5000,1,Pedestrian,16.7345,0,0.0000,True,13,1.0000,11.4023,mid15-30m
nuscenes,scene-0103_003,pitch_0.5deg,pitch,0.5000,14,Car,22.8742,0,0.0000,True,12,1.0000,11.1895,mid15-30m
nuscenes,scene-0103_003,roll_0.5deg,roll,0.5000,1,Pedestrian,16.7345,0,0.0000,True,13,1.0000,5.7880,mid15-30m
nuscenes,scene-0103_003,roll_0.5deg,roll,0.5000,14,Car,22.8742,0,0.0000,True,12,1.0000,1.6056,mid15-30m
nuscenes,scene-0103_003,yaw_1.0deg,yaw,1.0000,1,Pedestrian,16.7345,0,0.0000,True,13,0.7692,28.7197,mid15-30m
nuscenes,scene-0103_003,yaw_1.0deg,yaw,1.0000,14,Car,22.8742,0,0.0000,True,12,1.0000,22.8093,mid15-30m
nuscenes,scene-0103_003,pitch_1.0deg,pitch,1.0000,1,Pedestrian,16.7345,0,0.0000,True,13,1.0000,22.8220,mid15-30m
nuscenes,scene-0103_003,pitch_1.0deg,pitch,1.0000,14,Car,22.8742,0,0.0000,True,12,1.0000,22.3929,mid15-30m
nuscenes,scene-0103_003,roll_1.0deg,roll,1.0000,1,Pedestrian,16.7345,0,0.0000,True,13,1.0000,11.5772,mid15-30m
nuscenes,scene-0103_003,roll_1.0deg,roll,1.0000,14,Car,22.8742,0,0.0000,True,12,1.0000,3.2110,mid15-30m
nuscenes,scene-0103_003,yaw_2.0deg,yaw,2.0000,1,Pedestrian,16.7345,0,0.0000,True,13,0.2308,56.9182,mid15-30m
nuscenes,scene-0103_003,yaw_2.0deg,yaw,2.0000,14,Car,22.8742,0,0.0000,True,12,0.9167,45.7392,mid15-30m
nuscenes,scene-0103_003,pitch_2.0deg,pitch,2.0000,1,Pedestrian,16.7345,0,0.0000,True,13,0.8462,45.7215,mid15-30m
nuscenes,scene-0103_003,pitch_2.0deg,pitch,2.0000,14,Car,22.8742,0,0.0000,True,12,0.3333,44.8489,mid15-30m
nuscenes,scene-0103_003,roll_2.0deg,roll,2.0000,1,Pedestrian,16.7345,0,0.0000,True,13,1.0000,23.1592,mid15-30m
nuscenes,scene-0103_003,roll_2.0deg,roll,2.0000,14,Car,22.8742,0,0.0000,True,12,1.0000,6.4213,mid15-30m
nuscenes,scene-0103_003,yaw_3.0deg,yaw,3.0000,1,Pedestrian,16.7345,0,0.0000,True,13,0.0000,84.6270,mid15-30m
nuscenes,scene-0103_003,yaw_3.0deg,yaw,3.0000,14,Car,22.8742,0,0.0000,True,12,0.5000,68.8049,mid15-30m
nuscenes,scene-0103_003,pitch_3.0deg,pitch,3.0000,1,Pedestrian,16.7345,0,0.0000,True,13,0.8462,68.7151,mid15-30m
nuscenes,scene-0103_003,pitch_3.0deg,pitch,3.0000,14,Car,22.8742,0,0.0000,True,12,0.1667,67.3823,mid15-30m
nuscenes,scene-0103_003,roll_3.0deg,roll,3.0000,1,Pedestrian,16.7345,0,0.0000,True,13,1.0000,34.7450,mid15-30m
nuscenes,scene-0103_003,roll_3.0deg,roll,3.0000,14,Car,22.8742,0,0.0000,True,12,1.0000,9.6306,mid15-30m
nuscenes,scene-0103_003,tfwd_2cm,tfwd,2.0000,1,Pedestrian,16.7345,0,0.0000,True,13,1.0000,0.9012,mid15-30m
nuscenes,scene-0103_003,tfwd_2cm,tfwd,2.0000,14,Car,22.8742,0,0.0000,True,12,1.0000,0.1731,mid15-30m
nuscenes,scene-0103_003,tleft_2cm,tleft,2.0000,1,Pedestrian,16.7345,0,0.0000,True,13,1.0000,1.7196,mid15-30m
nuscenes,scene-0103_003,tleft_2cm,tleft,2.0000,14,Car,22.8742,0,0.0000,True,12,1.0000,1.1888,mid15-30m
nuscenes,scene-0103_003,tup_2cm,tup,2.0000,1,Pedestrian,16.7345,0,0.0000,True,13,1.0000,1.7105,mid15-30m
nuscenes,scene-0103_003,tup_2cm,tup,2.0000,14,Car,22.8742,0,0.0000,True,12,1.0000,1.1926,mid15-30m
nuscenes,scene-0103_003,tfwd_5cm,tfwd,5.0000,1,Pedestrian,16.7345,0,0.0000,True,13,1.0000,2.2484,mid15-30m
nuscenes,scene-0103_003,tfwd_5cm,tfwd,5.0000,14,Car,22.8742,0,0.0000,True,12,1.0000,0.4320,mid15-30m
nuscenes,scene-0103_003,tleft_5cm,tleft,5.0000,1,Pedestrian,16.7345,0,0.0000,True,13,1.0000,4.2989,mid15-30m
nuscenes,scene-0103_003,tleft_5cm,tleft,5.0000,14,Car,22.8742,0,0.0000,True,12,1.0000,2.9719,mid15-30m
nuscenes,scene-0103_003,tup_5cm,tup,5.0000,1,Pedestrian,16.7345,0,0.0000,True,13,1.0000,4.2757,mid15-30m
nuscenes,scene-0103_003,tup_5cm,tup,5.0000,14,Car,22.8742,0,0.0000,True,12,1.0000,2.9813,mid15-30m
nuscenes,scene-0103_003,tfwd_10cm,tfwd,10.0000,1,Pedestrian,16.7345,0,0.0000,True,13,1.0000,4.4816,mid15-30m
nuscenes,scene-0103_003,tfwd_10cm,tfwd,10.0000,14,Car,22.8742,0,0.0000,True,12,1.0000,0.8620,mid15-30m
nuscenes,scene-0103_003,tleft_10cm,tleft,10.0000,1,Pedestrian,16.7345,0,0.0000,True,13,1.0000,8.5974,mid15-30m
nuscenes,scene-0103_003,tleft_10cm,tleft,10.0000,14,Car,22.8742,0,0.0000,True,12,1.0000,5.9435,mid15-30m
nuscenes,scene-0103_003,tup_10cm,tup,10.0000,1,Pedestrian,16.7345,0,0.0000,True,13,1.0000,8.5498,mid15-30m
nuscenes,scene-0103_003,tup_10cm,tup,10.0000,14,Car,22.8742,0,0.0000,True,12,1.0000,5.9618,mid15-30m
nuscenes,scene-0103_004,baseline,baseline,0.0000,5,Pedestrian,16.2536,0,0.9052,False,10,0.0000,0.0000,mid15-30m
nuscenes,scene-0103_004,baseline,baseline,0.0000,8,Pedestrian,15.6307,0,0.0000,True,16,1.0000,0.0000,mid15-30m
nuscenes,scene-0103_004,baseline,baseline,0.0000,16,Car,14.3397,0,0.0000,True,53,1.0000,0.0000,near<15m
nuscenes,scene-0103_004,yaw_0.5deg,yaw,0.5000,5,Pedestrian,16.2536,0,0.9052,False,10,0.0000,15.7927,mid15-30m
nuscenes,scene-0103_004,yaw_0.5deg,yaw,0.5000,8,Pedestrian,15.6307,0,0.0000,True,16,1.0000,15.0680,mid15-30m
nuscenes,scene-0103_004,yaw_0.5deg,yaw,0.5000,16,Car,14.3397,0,0.0000,True,53,1.0000,12.2582,near<15m
nuscenes,scene-0103_004,pitch_0.5deg,pitch,0.5000,5,Pedestrian,16.2536,0,0.9052,False,10,0.0000,11.4248,mid15-30m
nuscenes,scene-0103_004,pitch_0.5deg,pitch,0.5000,8,Pedestrian,15.6307,0,0.0000,True,16,1.0000,11.2628,mid15-30m
nuscenes,scene-0103_004,pitch_0.5deg,pitch,0.5000,16,Car,14.3397,0,0.0000,True,53,1.0000,11.3645,near<15m
nuscenes,scene-0103_004,roll_0.5deg,roll,0.5000,5,Pedestrian,16.2536,0,0.9052,False,10,0.0000,6.9448,mid15-30m
nuscenes,scene-0103_004,roll_0.5deg,roll,0.5000,8,Pedestrian,15.6307,0,0.0000,True,16,1.0000,6.5081,mid15-30m
nuscenes,scene-0103_004,roll_0.5deg,roll,0.5000,16,Car,14.3397,0,0.0000,True,53,1.0000,3.2471,near<15m
nuscenes,scene-0103_004,yaw_1.0deg,yaw,1.0000,5,Pedestrian,16.2536,0,0.9052,False,10,0.3000,31.4096,mid15-30m
nuscenes,scene-0103_004,yaw_1.0deg,yaw,1.0000,8,Pedestrian,15.6307,0,0.0000,True,16,0.9375,30.2944,mid15-30m
nuscenes,scene-0103_004,yaw_1.0deg,yaw,1.0000,16,Car,14.3397,0,0.0000,True,53,1.0000,24.5796,near<15m
nuscenes,scene-0103_004,pitch_1.0deg,pitch,1.0000,5,Pedestrian,16.2536,0,0.9052,False,10,0.0000,22.8659,mid15-30m
nuscenes,scene-0103_004,pitch_1.0deg,pitch,1.0000,8,Pedestrian,15.6307,0,0.0000,True,16,1.0000,22.5424,mid15-30m
nuscenes,scene-0103_004,pitch_1.0deg,pitch,1.0000,16,Car,14.3397,0,0.0000,True,53,1.0000,22.7490,near<15m
nuscenes,scene-0103_004,roll_1.0deg,roll,1.0000,5,Pedestrian,16.2536,0,0.9052,False,10,0.0000,13.8916,mid15-30m
nuscenes,scene-0103_004,roll_1.0deg,roll,1.0000,8,Pedestrian,15.6307,0,0.0000,True,16,1.0000,13.0140,mid15-30m
nuscenes,scene-0103_004,roll_1.0deg,roll,1.0000,16,Car,14.3397,0,0.0000,True,53,1.0000,6.4937,near<15m
nuscenes,scene-0103_004,yaw_2.0deg,yaw,2.0000,5,Pedestrian,16.2536,0,0.9052,False,10,0.1000,62.1372,mid15-30m
nuscenes,scene-0103_004,yaw_2.0deg,yaw,2.0000,8,Pedestrian,15.6307,0,0.0000,True,16,0.4375,61.2422,mid15-30m
nuscenes,scene-0103_004,yaw_2.0deg,yaw,2.0000,16,Car,14.3397,0,0.0000,True,53,0.9623,49.4218,near<15m
nuscenes,scene-0103_004,pitch_2.0deg,pitch,2.0000,5,Pedestrian,16.2536,0,0.9052,False,10,0.0000,45.8060,mid15-30m
nuscenes,scene-0103_004,pitch_2.0deg,pitch,2.0000,8,Pedestrian,15.6307,0,0.0000,True,16,0.8125,45.1599,mid15-30m
nuscenes,scene-0103_004,pitch_2.0deg,pitch,2.0000,16,Car,14.3397,0,0.0000,True,53,0.7170,45.5861,near<15m
nuscenes,scene-0103_004,roll_2.0deg,roll,2.0000,5,Pedestrian,16.2536,0,0.9052,False,10,0.0000,27.7906,mid15-30m
nuscenes,scene-0103_004,roll_2.0deg,roll,2.0000,8,Pedestrian,15.6307,0,0.0000,True,16,1.0000,26.0192,mid15-30m
nuscenes,scene-0103_004,roll_2.0deg,roll,2.0000,16,Car,14.3397,0,0.0000,True,53,1.0000,12.9848,near<15m
nuscenes,scene-0103_004,yaw_3.0deg,yaw,3.0000,5,Pedestrian,16.2536,0,0.9052,False,10,0.0000,92.2236,mid15-30m
nuscenes,scene-0103_004,yaw_3.0deg,yaw,3.0000,8,Pedestrian,15.6307,0,0.0000,True,16,0.0000,92.8849,mid15-30m
nuscenes,scene-0103_004,yaw_3.0deg,yaw,3.0000,16,Car,14.3397,0,0.0000,True,53,0.8868,74.5471,near<15m
nuscenes,scene-0103_004,pitch_3.0deg,pitch,3.0000,5,Pedestrian,16.2536,0,0.9052,False,10,0.0000,68.8375,mid15-30m
nuscenes,scene-0103_004,pitch_3.0deg,pitch,3.0000,8,Pedestrian,15.6307,0,0.0000,True,16,0.8125,67.8690,mid15-30m
nuscenes,scene-0103_004,pitch_3.0deg,pitch,3.0000,16,Car,14.3397,0,0.0000,True,53,0.6038,68.5269,near<15m
nuscenes,scene-0103_004,roll_3.0deg,roll,3.0000,5,Pedestrian,16.2536,0,0.9052,False,10,0.0000,41.6959,mid15-30m
nuscenes,scene-0103_004,roll_3.0deg,roll,3.0000,8,Pedestrian,15.6307,0,0.0000,True,16,0.8750,39.0147,mid15-30m
nuscenes,scene-0103_004,roll_3.0deg,roll,3.0000,16,Car,14.3397,0,0.0000,True,53,1.0000,19.4729,near<15m
nuscenes,scene-0103_004,tfwd_2cm,tfwd,2.0000,5,Pedestrian,16.2536,0,0.9052,False,10,0.0000,1.1659,mid15-30m
nuscenes,scene-0103_004,tfwd_2cm,tfwd,2.0000,8,Pedestrian,15.6307,0,0.0000,True,16,1.0000,1.1052,mid15-30m
nuscenes,scene-0103_004,tfwd_2cm,tfwd,2.0000,16,Car,14.3397,0,0.0000,True,53,1.0000,0.5838,near<15m
nuscenes,scene-0103_004,tleft_2cm,tleft,2.0000,5,Pedestrian,16.2536,0,0.9052,False,10,0.0000,1.8558,mid15-30m
nuscenes,scene-0103_004,tleft_2cm,tleft,2.0000,8,Pedestrian,15.6307,0,0.0000,True,16,1.0000,1.8517,mid15-30m
nuscenes,scene-0103_004,tleft_2cm,tleft,2.0000,16,Car,14.3397,0,0.0000,True,53,1.0000,1.9671,near<15m
nuscenes,scene-0103_004,tup_2cm,tup,2.0000,5,Pedestrian,16.2536,0,0.9052,False,10,0.0000,1.8431,mid15-30m
nuscenes,scene-0103_004,tup_2cm,tup,2.0000,8,Pedestrian,15.6307,0,0.0000,True,16,1.0000,1.8689,mid15-30m
nuscenes,scene-0103_004,tup_2cm,tup,2.0000,16,Car,14.3397,0,0.0000,True,53,1.0000,1.9797,near<15m
nuscenes,scene-0103_004,tfwd_5cm,tfwd,5.0000,5,Pedestrian,16.2536,0,0.9052,False,10,0.0000,2.9084,mid15-30m
nuscenes,scene-0103_004,tfwd_5cm,tfwd,5.0000,8,Pedestrian,15.6307,0,0.0000,True,16,1.0000,2.7568,mid15-30m
nuscenes,scene-0103_004,tfwd_5cm,tfwd,5.0000,16,Car,14.3397,0,0.0000,True,53,1.0000,1.4560,near<15m
nuscenes,scene-0103_004,tleft_5cm,tleft,5.0000,5,Pedestrian,16.2536,0,0.9052,False,10,0.0000,4.6394,mid15-30m
nuscenes,scene-0103_004,tleft_5cm,tleft,5.0000,8,Pedestrian,15.6307,0,0.0000,True,16,1.0000,4.6292,mid15-30m
nuscenes,scene-0103_004,tleft_5cm,tleft,5.0000,16,Car,14.3397,0,0.0000,True,53,1.0000,4.9176,near<15m
nuscenes,scene-0103_004,tup_5cm,tup,5.0000,5,Pedestrian,16.2536,0,0.9052,False,10,0.0000,4.6072,mid15-30m
nuscenes,scene-0103_004,tup_5cm,tup,5.0000,8,Pedestrian,15.6307,0,0.0000,True,16,1.0000,4.6717,mid15-30m
nuscenes,scene-0103_004,tup_5cm,tup,5.0000,16,Car,14.3397,0,0.0000,True,53,1.0000,4.9485,near<15m
nuscenes,scene-0103_004,tfwd_10cm,tfwd,10.0000,5,Pedestrian,16.2536,0,0.9052,False,10,0.0000,5.7956,mid15-30m
nuscenes,scene-0103_004,tfwd_10cm,tfwd,10.0000,8,Pedestrian,15.6307,0,0.0000,True,16,1.0000,5.4933,mid15-30m
nuscenes,scene-0103_004,tfwd_10cm,tfwd,10.0000,16,Car,14.3397,0,0.0000,True,53,1.0000,2.9004,near<15m
nuscenes,scene-0103_004,tleft_10cm,tleft,10.0000,5,Pedestrian,16.2536,0,0.9052,False,10,0.0000,9.2783,mid15-30m
nuscenes,scene-0103_004,tleft_10cm,tleft,10.0000,8,Pedestrian,15.6307,0,0.0000,True,16,1.0000,9.2579,mid15-30m
nuscenes,scene-0103_004,tleft_10cm,tleft,10.0000,16,Car,14.3397,0,0.0000,True,53,1.0000,9.8346,near<15m
nuscenes,scene-0103_004,tup_10cm,tup,10.0000,5,Pedestrian,16.2536,0,0.9052,False,10,0.0000,9.2124,mid15-30m
nuscenes,scene-0103_004,tup_10cm,tup,10.0000,8,Pedestrian,15.6307,0,0.0000,True,16,1.0000,9.3414,mid15-30m
nuscenes,scene-0103_004,tup_10cm,tup,10.0000,16,Car,14.3397,0,0.0000,True,53,1.0000,9.8947,near<15m
nuscenes,scene-0103_005,baseline,baseline,0.0000,0,Pedestrian,16.1875,0,0.0000,True,13,1.0000,0.0000,mid15-30m
nuscenes,scene-0103_005,baseline,baseline,0.0000,12,Car,6.4258,0,0.8853,False,493,0.1400,0.0000,near<15m
nuscenes,scene-0103_005,yaw_0.5deg,yaw,0.5000,0,Pedestrian,16.1875,0,0.0000,True,13,1.0000,14.5463,mid15-30m
nuscenes,scene-0103_005,yaw_0.5deg,yaw,0.5000,12,Car,6.4258,0,0.8853,False,493,0.1339,24.6321,near<15m
nuscenes,scene-0103_005,pitch_0.5deg,pitch,0.5000,0,Pedestrian,16.1875,0,0.0000,True,13,1.0000,11.3651,mid15-30m
nuscenes,scene-0103_005,pitch_0.5deg,pitch,0.5000,12,Car,6.4258,0,0.8853,False,493,0.1400,13.3851,near<15m
nuscenes,scene-0103_005,roll_0.5deg,roll,0.5000,0,Pedestrian,16.1875,0,0.0000,True,13,1.0000,5.9116,mid15-30m
nuscenes,scene-0103_005,roll_0.5deg,roll,0.5000,12,Car,6.4258,0,0.8853,False,493,0.1400,11.4279,near<15m
nuscenes,scene-0103_005,yaw_1.0deg,yaw,1.0000,0,Pedestrian,16.1875,0,0.0000,True,13,0.9231,28.9544,mid15-30m
nuscenes,scene-0103_005,yaw_1.0deg,yaw,1.0000,12,Car,6.4258,0,0.8853,False,493,0.1237,49.7631,near<15m
nuscenes,scene-0103_005,pitch_1.0deg,pitch,1.0000,0,Pedestrian,16.1875,0,0.0000,True,13,1.0000,22.7400,mid15-30m
nuscenes,scene-0103_005,pitch_1.0deg,pitch,1.0000,12,Car,6.4258,0,0.8853,False,493,0.1400,26.8636,near<15m
nuscenes,scene-0103_005,roll_1.0deg,roll,1.0000,0,Pedestrian,16.1875,0,0.0000,True,13,1.0000,11.8245,mid15-30m
nuscenes,scene-0103_005,roll_1.0deg,roll,1.0000,12,Car,6.4258,0,0.8853,False,493,0.1400,22.8491,near<15m
nuscenes,scene-0103_005,yaw_2.0deg,yaw,2.0000,0,Pedestrian,16.1875,0,0.0000,True,13,0.1538,57.3723,mid15-30m
nuscenes,scene-0103_005,yaw_2.0deg,yaw,2.0000,12,Car,6.4258,0,0.8853,False,493,0.1075,101.6060,near<15m
nuscenes,scene-0103_005,pitch_2.0deg,pitch,2.0000,0,Pedestrian,16.1875,0,0.0000,True,13,0.8462,45.5269,mid15-30m
nuscenes,scene-0103_005,pitch_2.0deg,pitch,2.0000,12,Car,6.4258,0,0.8853,False,493,0.1379,54.1167,near<15m
nuscenes,scene-0103_005,roll_2.0deg,roll,2.0000,0,Pedestrian,16.1875,0,0.0000,True,13,1.0000,23.6539,mid15-30m
nuscenes,scene-0103_005,roll_2.0deg,roll,2.0000,12,Car,6.4258,0,0.8853,False,493,0.1379,45.6711,near<15m
nuscenes,scene-0103_005,yaw_3.0deg,yaw,3.0000,0,Pedestrian,16.1875,0,0.0000,True,13,0.0000,85.2861,mid15-30m
nuscenes,scene-0103_005,yaw_3.0deg,yaw,3.0000,12,Car,6.4258,0,0.8853,False,493,0.0892,155.7096,near<15m
nuscenes,scene-0103_005,pitch_3.0deg,pitch,3.0000,0,Pedestrian,16.1875,0,0.0000,True,13,0.5385,68.3771,mid15-30m
nuscenes,scene-0103_005,pitch_3.0deg,pitch,3.0000,12,Car,6.4258,0,0.8853,False,493,0.1359,81.7921,near<15m
nuscenes,scene-0103_005,roll_3.0deg,roll,3.0000,0,Pedestrian,16.1875,0,0.0000,True,13,0.8462,35.4874,mid15-30m
nuscenes,scene-0103_005,roll_3.0deg,roll,3.0000,12,Car,6.4258,0,0.8853,False,493,0.1359,68.4643,near<15m
nuscenes,scene-0103_005,tfwd_2cm,tfwd,2.0000,0,Pedestrian,16.1875,0,0.0000,True,13,1.0000,0.9625,mid15-30m
nuscenes,scene-0103_005,tfwd_2cm,tfwd,2.0000,12,Car,6.4258,0,0.8853,False,493,0.1400,7.3575,near<15m
nuscenes,scene-0103_005,tleft_2cm,tleft,2.0000,0,Pedestrian,16.1875,0,0.0000,True,13,1.0000,1.7936,mid15-30m
nuscenes,scene-0103_005,tleft_2cm,tleft,2.0000,12,Car,6.4258,0,0.8853,False,493,0.1400,6.6558,near<15m
nuscenes,scene-0103_005,tup_2cm,tup,2.0000,0,Pedestrian,16.1875,0,0.0000,True,13,1.0000,1.7808,mid15-30m
nuscenes,scene-0103_005,tup_2cm,tup,2.0000,12,Car,6.4258,0,0.8853,False,493,0.1400,6.8234,near<15m
nuscenes,scene-0103_005,tfwd_5cm,tfwd,5.0000,0,Pedestrian,16.1875,0,0.0000,True,13,1.0000,2.4011,mid15-30m
nuscenes,scene-0103_005,tfwd_5cm,tfwd,5.0000,12,Car,6.4258,0,0.8853,False,493,0.1420,18.2305,near<15m
nuscenes,scene-0103_005,tleft_5cm,tleft,5.0000,0,Pedestrian,16.1875,0,0.0000,True,13,1.0000,4.4840,mid15-30m
nuscenes,scene-0103_005,tleft_5cm,tleft,5.0000,12,Car,6.4258,0,0.8853,False,493,0.1339,16.6376,near<15m
nuscenes,scene-0103_005,tup_5cm,tup,5.0000,0,Pedestrian,16.1875,0,0.0000,True,13,1.0000,4.4514,mid15-30m
nuscenes,scene-0103_005,tup_5cm,tup,5.0000,12,Car,6.4258,0,0.8853,False,493,0.1400,17.0506,near<15m
nuscenes,scene-0103_005,tfwd_10cm,tfwd,10.0000,0,Pedestrian,16.1875,0,0.0000,True,13,1.0000,4.7853,mid15-30m
nuscenes,scene-0103_005,tfwd_10cm,tfwd,10.0000,12,Car,6.4258,0,0.8853,False,493,0.1460,35.9297,near<15m
nuscenes,scene-0103_005,tleft_10cm,tleft,10.0000,0,Pedestrian,16.1875,0,0.0000,True,13,1.0000,8.9676,mid15-30m
nuscenes,scene-0103_005,tleft_10cm,tleft,10.0000,12,Car,6.4258,0,0.8853,False,493,0.1278,33.2689,near<15m
nuscenes,scene-0103_005,tup_10cm,tup,10.0000,0,Pedestrian,16.1875,0,0.0000,True,13,1.0000,8.9011,mid15-30m
nuscenes,scene-0103_005,tup_10cm,tup,10.0000,12,Car,6.4258,0,0.8853,False,493,0.1400,34.0749,near<15m
nuscenes,scene-0103_006,baseline,baseline,0.0000,4,Car,22.3666,0,0.0000,True,19,1.0000,0.0000,mid15-30m
nuscenes,scene-0103_006,baseline,baseline,0.0000,5,Car,26.0976,0,0.0000,True,13,1.0000,0.0000,mid15-30m
nuscenes,scene-0103_006,baseline,baseline,0.0000,7,Pedestrian,14.3611,0,0.4905,False,10,0.4000,0.0000,near<15m
nuscenes,scene-0103_006,yaw_0.5deg,yaw,0.5000,4,Car,22.3666,0,0.0000,True,19,0.9474,11.3220,mid15-30m
nuscenes,scene-0103_006,yaw_0.5deg,yaw,0.5000,5,Car,26.0976,0,0.0000,True,13,1.0000,11.8994,mid15-30m
nuscenes,scene-0103_006,yaw_0.5deg,yaw,0.5000,7,Pedestrian,14.3611,0,0.4905,False,10,0.9000,15.4112,near<15m
nuscenes,scene-0103_006,pitch_0.5deg,pitch,0.5000,4,Car,22.3666,0,0.0000,True,19,1.0000,11.1599,mid15-30m
nuscenes,scene-0103_006,pitch_0.5deg,pitch,0.5000,5,Car,26.0976,0,0.0000,True,13,1.0000,11.1161,mid15-30m
nuscenes,scene-0103_006,pitch_0.5deg,pitch,0.5000,7,Pedestrian,14.3611,0,0.4905,False,10,0.4000,11.4354,near<15m
nuscenes,scene-0103_006,roll_0.5deg,roll,0.5000,4,Car,22.3666,0,0.0000,True,19,1.0000,1.3660,mid15-30m
nuscenes,scene-0103_006,roll_0.5deg,roll,0.5000,5,Car,26.0976,0,0.0000,True,13,1.0000,2.9682,mid15-30m
nuscenes,scene-0103_006,roll_0.5deg,roll,0.5000,7,Pedestrian,14.3611,0,0.4905,False,10,0.4000,6.6258,near<15m
nuscenes,scene-0103_006,yaw_1.0deg,yaw,1.0000,4,Car,22.3666,0,0.0000,True,19,0.8947,22.6682,mid15-30m
nuscenes,scene-0103_006,yaw_1.0deg,yaw,1.0000,5,Car,26.0976,0,0.0000,True,13,1.0000,23.8550,mid15-30m
nuscenes,scene-0103_006,yaw_1.0deg,yaw,1.0000,7,Pedestrian,14.3611,0,0.4905,False,10,0.8000,30.6586,near<15m
nuscenes,scene-0103_006,pitch_1.0deg,pitch,1.0000,4,Car,22.3666,0,0.0000,True,19,1.0000,22.3307,mid15-30m
nuscenes,scene-0103_006,pitch_1.0deg,pitch,1.0000,5,Car,26.0976,0,0.0000,True,13,0.0769,22.2436,mid15-30m
nuscenes,scene-0103_006,pitch_1.0deg,pitch,1.0000,7,Pedestrian,14.3611,0,0.4905,False,10,0.4000,22.8858,near<15m
nuscenes,scene-0103_006,roll_1.0deg,roll,1.0000,4,Car,22.3666,0,0.0000,True,19,1.0000,2.7319,mid15-30m
nuscenes,scene-0103_006,roll_1.0deg,roll,1.0000,5,Car,26.0976,0,0.0000,True,13,1.0000,5.9360,mid15-30m
nuscenes,scene-0103_006,roll_1.0deg,roll,1.0000,7,Pedestrian,14.3611,0,0.4905,False,10,0.3000,13.2534,near<15m
nuscenes,scene-0103_006,yaw_2.0deg,yaw,2.0000,4,Car,22.3666,0,0.0000,True,19,0.7368,45.4402,mid15-30m
nuscenes,scene-0103_006,yaw_2.0deg,yaw,2.0000,5,Car,26.0976,0,0.0000,True,13,0.7692,47.9439,mid15-30m
nuscenes,scene-0103_006,yaw_2.0deg,yaw,2.0000,7,Pedestrian,14.3611,0,0.4905,False,10,0.1000,60.6816,near<15m
nuscenes,scene-0103_006,pitch_2.0deg,pitch,2.0000,4,Car,22.3666,0,0.0000,True,19,0.1053,44.7120,mid15-30m
nuscenes,scene-0103_006,pitch_2.0deg,pitch,2.0000,5,Car,26.0976,0,0.0000,True,13,0.0000,44.5402,mid15-30m
nuscenes,scene-0103_006,pitch_2.0deg,pitch,2.0000,7,Pedestrian,14.3611,0,0.4905,False,10,0.2000,45.8407,near<15m
nuscenes,scene-0103_006,roll_2.0deg,roll,2.0000,4,Car,22.3666,0,0.0000,True,19,1.0000,5.4633,mid15-30m
nuscenes,scene-0103_006,roll_2.0deg,roll,2.0000,5,Car,26.0976,0,0.0000,True,13,1.0000,11.8699,mid15-30m
nuscenes,scene-0103_006,roll_2.0deg,roll,2.0000,7,Pedestrian,14.3611,0,0.4905,False,10,0.3000,26.5136,near<15m
nuscenes,scene-0103_006,yaw_3.0deg,yaw,3.0000,4,Car,22.3666,0,0.0000,True,19,0.5789,68.3312,mid15-30m
nuscenes,scene-0103_006,yaw_3.0deg,yaw,3.0000,5,Car,26.0976,0,0.0000,True,13,0.5385,72.2852,mid15-30m
nuscenes,scene-0103_006,yaw_3.0deg,yaw,3.0000,7,Pedestrian,14.3611,0,0.4905,False,10,0.0000,90.1069,near<15m
nuscenes,scene-0103_006,pitch_3.0deg,pitch,3.0000,4,Car,22.3666,0,0.0000,True,19,0.0000,67.1584,mid15-30m
nuscenes,scene-0103_006,pitch_3.0deg,pitch,3.0000,5,Car,26.0976,0,0.0000,True,13,0.0000,66.9043,mid15-30m
nuscenes,scene-0103_006,pitch_3.0deg,pitch,3.0000,7,Pedestrian,14.3611,0,0.4905,False,10,0.2000,68.8817,near<15m
nuscenes,scene-0103_006,roll_3.0deg,roll,3.0000,4,Car,22.3666,0,0.0000,True,19,1.0000,8.1938,mid15-30m
nuscenes,scene-0103_006,roll_3.0deg,roll,3.0000,5,Car,26.0976,0,0.0000,True,13,1.0000,17.8013,mid15-30m
nuscenes,scene-0103_006,roll_3.0deg,roll,3.0000,7,Pedestrian,14.3611,0,0.4905,False,10,0.2000,39.7793,near<15m
nuscenes,scene-0103_006,tfwd_2cm,tfwd,2.0000,4,Car,22.3666,0,0.0000,True,19,1.0000,0.1542,mid15-30m
nuscenes,scene-0103_006,tfwd_2cm,tfwd,2.0000,5,Car,26.0976,0,0.0000,True,13,1.0000,0.2901,mid15-30m
nuscenes,scene-0103_006,tfwd_2cm,tfwd,2.0000,7,Pedestrian,14.3611,0,0.4905,False,10,0.5000,1.2512,near<15m
nuscenes,scene-0103_006,tleft_2cm,tleft,2.0000,4,Car,22.3666,0,0.0000,True,19,1.0000,1.2188,mid15-30m
nuscenes,scene-0103_006,tleft_2cm,tleft,2.0000,5,Car,26.0976,0,0.0000,True,13,1.0000,1.0668,mid15-30m
nuscenes,scene-0103_006,tleft_2cm,tleft,2.0000,7,Pedestrian,14.3611,0,0.4905,False,10,0.5000,2.0850,near<15m
nuscenes,scene-0103_006,tup_2cm,tup,2.0000,4,Car,22.3666,0,0.0000,True,19,1.0000,1.2212,mid15-30m
nuscenes,scene-0103_006,tup_2cm,tup,2.0000,5,Car,26.0976,0,0.0000,True,13,1.0000,1.0712,mid15-30m
nuscenes,scene-0103_006,tup_2cm,tup,2.0000,7,Pedestrian,14.3611,0,0.4905,False,10,0.5000,2.0712,near<15m
nuscenes,scene-0103_006,tfwd_5cm,tfwd,5.0000,4,Car,22.3666,0,0.0000,True,19,1.0000,0.3849,mid15-30m
nuscenes,scene-0103_006,tfwd_5cm,tfwd,5.0000,5,Car,26.0976,0,0.0000,True,13,1.0000,0.7244,mid15-30m
nuscenes,scene-0103_006,tfwd_5cm,tfwd,5.0000,7,Pedestrian,14.3611,0,0.4905,False,10,0.6000,3.1203,near<15m
nuscenes,scene-0103_006,tleft_5cm,tleft,5.0000,4,Car,22.3666,0,0.0000,True,19,1.0000,3.0469,mid15-30m
nuscenes,scene-0103_006,tleft_5cm,tleft,5.0000,5,Car,26.0976,0,0.0000,True,13,1.0000,2.6669,mid15-30m
nuscenes,scene-0103_006,tleft_5cm,tleft,5.0000,7,Pedestrian,14.3611,0,0.4905,False,10,0.6000,5.2124,near<15m
nuscenes,scene-0103_006,tup_5cm,tup,5.0000,4,Car,22.3666,0,0.0000,True,19,1.0000,3.0528,mid15-30m
nuscenes,scene-0103_006,tup_5cm,tup,5.0000,5,Car,26.0976,0,0.0000,True,13,1.0000,2.6777,mid15-30m
nuscenes,scene-0103_006,tup_5cm,tup,5.0000,7,Pedestrian,14.3611,0,0.4905,False,10,0.5000,5.1772,near<15m
nuscenes,scene-0103_006,tfwd_10cm,tfwd,10.0000,4,Car,22.3666,0,0.0000,True,19,1.0000,0.7680,mid15-30m
nuscenes,scene-0103_006,tfwd_10cm,tfwd,10.0000,5,Car,26.0976,0,0.0000,True,13,1.0000,1.4457,mid15-30m
nuscenes,scene-0103_006,tfwd_10cm,tfwd,10.0000,7,Pedestrian,14.3611,0,0.4905,False,10,0.6000,6.2150,near<15m
nuscenes,scene-0103_006,tleft_10cm,tleft,10.0000,4,Car,22.3666,0,0.0000,True,19,1.0000,6.0937,mid15-30m
nuscenes,scene-0103_006,tleft_10cm,tleft,10.0000,5,Car,26.0976,0,0.0000,True,13,1.0000,5.3338,mid15-30m
nuscenes,scene-0103_006,tleft_10cm,tleft,10.0000,7,Pedestrian,14.3611,0,0.4905,False,10,0.8000,10.4243,near<15m
nuscenes,scene-0103_006,tup_10cm,tup,10.0000,4,Car,22.3666,0,0.0000,True,19,1.0000,6.1047,mid15-30m
nuscenes,scene-0103_006,tup_10cm,tup,10.0000,5,Car,26.0976,0,0.0000,True,13,1.0000,5.3547,mid15-30m
nuscenes,scene-0103_006,tup_10cm,tup,10.0000,7,Pedestrian,14.3611,0,0.4905,False,10,0.5000,10.3521,near<15m
nuscenes,scene-0103_007,baseline,baseline,0.0000,4,Car,13.0831,0,0.0000,True,90,1.0000,0.0000,near<15m
nuscenes,scene-0103_007,baseline,baseline,0.0000,5,Car,21.8459,2,0.0000,False,11,1.0000,0.0000,mid15-30m
nuscenes,scene-0103_007,yaw_0.5deg,yaw,0.5000,4,Car,13.0831,0,0.0000,True,90,1.0000,12.1942,near<15m
nuscenes,scene-0103_007,yaw_0.5deg,yaw,0.5000,5,Car,21.8459,2,0.0000,False,11,1.0000,12.5835,mid15-30m
nuscenes,scene-0103_007,pitch_0.5deg,pitch,0.5000,4,Car,13.0831,0,0.0000,True,90,1.0000,11.3849,near<15m
nuscenes,scene-0103_007,pitch_0.5deg,pitch,0.5000,5,Car,21.8459,2,0.0000,False,11,1.0000,11.1466,mid15-30m
nuscenes,scene-0103_007,roll_0.5deg,roll,0.5000,4,Car,13.0831,0,0.0000,True,90,1.0000,3.0878,near<15m
nuscenes,scene-0103_007,roll_0.5deg,roll,0.5000,5,Car,21.8459,2,0.0000,False,11,1.0000,4.0059,mid15-30m
nuscenes,scene-0103_007,yaw_1.0deg,yaw,1.0000,4,Car,13.0831,0,0.0000,True,90,0.9889,24.4482,near<15m
nuscenes,scene-0103_007,yaw_1.0deg,yaw,1.0000,5,Car,21.8459,2,0.0000,False,11,0.9091,25.2477,mid15-30m
nuscenes,scene-0103_007,pitch_1.0deg,pitch,1.0000,4,Car,13.0831,0,0.0000,True,90,1.0000,22.7901,near<15m
nuscenes,scene-0103_007,pitch_1.0deg,pitch,1.0000,5,Car,21.8459,2,0.0000,False,11,0.5455,22.3048,mid15-30m
nuscenes,scene-0103_007,roll_1.0deg,roll,1.0000,4,Car,13.0831,0,0.0000,True,90,1.0000,6.1751,near<15m
nuscenes,scene-0103_007,roll_1.0deg,roll,1.0000,5,Car,21.8459,2,0.0000,False,11,1.0000,8.0109,mid15-30m
nuscenes,scene-0103_007,yaw_2.0deg,yaw,2.0000,4,Car,13.0831,0,0.0000,True,90,0.9444,49.1455,near<15m
nuscenes,scene-0103_007,yaw_2.0deg,yaw,2.0000,5,Car,21.8459,2,0.0000,False,11,0.7273,50.8294,mid15-30m
nuscenes,scene-0103_007,pitch_2.0deg,pitch,2.0000,4,Car,13.0831,0,0.0000,True,90,1.0000,45.6697,near<15m
nuscenes,scene-0103_007,pitch_2.0deg,pitch,2.0000,5,Car,21.8459,2,0.0000,False,11,0.5455,44.6636,mid15-30m
nuscenes,scene-0103_007,roll_2.0deg,roll,2.0000,4,Car,13.0831,0,0.0000,True,90,1.0000,12.3480,near<15m
nuscenes,scene-0103_007,roll_2.0deg,roll,2.0000,5,Car,21.8459,2,0.0000,False,11,1.0000,16.0185,mid15-30m
nuscenes,scene-0103_007,yaw_3.0deg,yaw,3.0000,4,Car,13.0831,0,0.0000,True,90,0.8889,74.1121,near<15m
nuscenes,scene-0103_007,yaw_3.0deg,yaw,3.0000,5,Car,21.8459,2,0.0000,False,11,0.7273,76.7684,mid15-30m
nuscenes,scene-0103_007,pitch_3.0deg,pitch,3.0000,4,Car,13.0831,0,0.0000,True,90,0.7333,68.6545,near<15m
nuscenes,scene-0103_007,pitch_3.0deg,pitch,3.0000,5,Car,21.8459,2,0.0000,False,11,0.5455,67.0912,mid15-30m
nuscenes,scene-0103_007,roll_3.0deg,roll,3.0000,4,Car,13.0831,0,0.0000,True,90,0.9556,18.5182,near<15m
nuscenes,scene-0103_007,roll_3.0deg,roll,3.0000,5,Car,21.8459,2,0.0000,False,11,0.4545,24.0219,mid15-30m
nuscenes,scene-0103_007,tfwd_2cm,tfwd,2.0000,4,Car,13.0831,0,0.0000,True,90,1.0000,0.6155,near<15m
nuscenes,scene-0103_007,tfwd_2cm,tfwd,2.0000,5,Car,21.8459,2,0.0000,False,11,1.0000,0.4677,mid15-30m
nuscenes,scene-0103_007,tleft_2cm,tleft,2.0000,4,Car,13.0831,0,0.0000,True,90,1.0000,2.1817,near<15m
nuscenes,scene-0103_007,tleft_2cm,tleft,2.0000,5,Car,21.8459,2,0.0000,False,11,1.0000,1.2706,mid15-30m
nuscenes,scene-0103_007,tup_2cm,tup,2.0000,4,Car,13.0831,0,0.0000,True,90,1.0000,2.1946,near<15m
nuscenes,scene-0103_007,tup_2cm,tup,2.0000,5,Car,21.8459,2,0.0000,False,11,1.0000,1.2772,mid15-30m
nuscenes,scene-0103_007,tfwd_5cm,tfwd,5.0000,4,Car,13.0831,0,0.0000,True,90,1.0000,1.5347,near<15m
nuscenes,scene-0103_007,tfwd_5cm,tfwd,5.0000,5,Car,21.8459,2,0.0000,False,11,1.0000,1.1675,mid15-30m
nuscenes,scene-0103_007,tleft_5cm,tleft,5.0000,4,Car,13.0831,0,0.0000,True,90,1.0000,5.4542,near<15m
nuscenes,scene-0103_007,tleft_5cm,tleft,5.0000,5,Car,21.8459,2,0.0000,False,11,1.0000,3.1764,mid15-30m
nuscenes,scene-0103_007,tup_5cm,tup,5.0000,4,Car,13.0831,0,0.0000,True,90,1.0000,5.4856,near<15m
nuscenes,scene-0103_007,tup_5cm,tup,5.0000,5,Car,21.8459,2,0.0000,False,11,1.0000,3.1926,mid15-30m
nuscenes,scene-0103_007,tfwd_10cm,tfwd,10.0000,4,Car,13.0831,0,0.0000,True,90,1.0000,3.0558,near<15m
nuscenes,scene-0103_007,tfwd_10cm,tfwd,10.0000,5,Car,21.8459,2,0.0000,False,11,1.0000,2.3290,mid15-30m
nuscenes,scene-0103_007,tleft_10cm,tleft,10.0000,4,Car,13.0831,0,0.0000,True,90,1.0000,10.9078,near<15m
nuscenes,scene-0103_007,tleft_10cm,tleft,10.0000,5,Car,21.8459,2,0.0000,False,11,1.0000,6.3526,mid15-30m
nuscenes,scene-0103_007,tup_10cm,tup,10.0000,4,Car,13.0831,0,0.0000,True,90,1.0000,10.9687,near<15m
nuscenes,scene-0103_007,tup_10cm,tup,10.0000,5,Car,21.8459,2,0.0000,False,11,1.0000,6.3844,mid15-30m
nuscenes,scene-0103_008,baseline,baseline,0.0000,4,Car,4.8713,0,0.9948,False,1079,0.0482,0.0000,near<15m
nuscenes,scene-0103_008,baseline,baseline,0.0000,5,Car,17.7077,0,0.0000,True,48,1.0000,0.0000,mid15-30m
nuscenes,scene-0103_008,yaw_0.5deg,yaw,0.5000,4,Car,4.8713,0,0.9948,False,1079,0.0399,55.9463,near<15m
nuscenes,scene-0103_008,yaw_0.5deg,yaw,0.5000,5,Car,17.7077,0,0.0000,True,48,1.0000,13.8570,mid15-30m
nuscenes,scene-0103_008,pitch_0.5deg,pitch,0.5000,4,Car,4.8713,0,0.9948,False,1079,0.0482,24.1493,near<15m
nuscenes,scene-0103_008,pitch_0.5deg,pitch,0.5000,5,Car,17.7077,0,0.0000,True,48,1.0000,11.3266,mid15-30m
nuscenes,scene-0103_008,roll_0.5deg,roll,0.5000,4,Car,4.8713,0,0.9948,False,1079,0.0482,19.7432,near<15m
nuscenes,scene-0103_008,roll_0.5deg,roll,0.5000,5,Car,17.7077,0,0.0000,True,48,1.0000,5.3808,mid15-30m
nuscenes,scene-0103_008,yaw_1.0deg,yaw,1.0000,4,Car,4.8713,0,0.9948,False,1079,0.0306,114.4482,near<15m
nuscenes,scene-0103_008,yaw_1.0deg,yaw,1.0000,5,Car,17.7077,0,0.0000,True,48,1.0000,27.8343,mid15-30m
nuscenes,scene-0103_008,pitch_1.0deg,pitch,1.0000,4,Car,4.8713,0,0.9948,False,1079,0.0454,48.7912,near<15m
nuscenes,scene-0103_008,pitch_1.0deg,pitch,1.0000,5,Car,17.7077,0,0.0000,True,48,0.7917,22.6786,mid15-30m
nuscenes,scene-0103_008,roll_1.0deg,roll,1.0000,4,Car,4.8713,0,0.9948,False,1079,0.0445,39.4640,near<15m
nuscenes,scene-0103_008,roll_1.0deg,roll,1.0000,5,Car,17.7077,0,0.0000,True,48,1.0000,10.7603,mid15-30m
nuscenes,scene-0103_008,yaw_2.0deg,yaw,2.0000,4,Car,4.8713,0,0.9948,False,1079,0.0158,240.0386,near<15m
nuscenes,scene-0103_008,yaw_2.0deg,yaw,2.0000,5,Car,17.7077,0,0.0000,True,48,0.8958,56.1652,mid15-30m
nuscenes,scene-0103_008,pitch_2.0deg,pitch,2.0000,4,Car,4.8713,0,0.9948,False,1079,0.0399,99.6337,near<15m
nuscenes,scene-0103_008,pitch_2.0deg,pitch,2.0000,5,Car,17.7077,0,0.0000,True,48,0.6458,45.4667,mid15-30m
nuscenes,scene-0103_008,roll_2.0deg,roll,2.0000,4,Car,4.8713,0,0.9948,False,1079,0.0436,78.8373,near<15m
nuscenes,scene-0103_008,roll_2.0deg,roll,2.0000,5,Car,17.7077,0,0.0000,True,48,1.0000,21.5146,mid15-30m
nuscenes,scene-0103_008,yaw_3.0deg,yaw,3.0000,4,Car,4.8713,0,0.9948,False,1079,0.0028,378.9350,near<15m
nuscenes,scene-0103_008,yaw_3.0deg,yaw,3.0000,5,Car,17.7077,0,0.0000,True,48,0.7917,85.0246,mid15-30m
nuscenes,scene-0103_008,pitch_3.0deg,pitch,3.0000,4,Car,4.8713,0,0.9948,False,1079,0.0380,152.7006,near<15m
nuscenes,scene-0103_008,pitch_3.0deg,pitch,3.0000,5,Car,17.7077,0,0.0000,True,48,0.2083,68.3810,mid15-30m
nuscenes,scene-0103_008,roll_3.0deg,roll,3.0000,4,Car,4.8713,0,0.9948,False,1079,0.0426,118.1171,near<15m
nuscenes,scene-0103_008,roll_3.0deg,roll,3.0000,5,Car,17.7077,0,0.0000,True,48,1.0000,32.2622,mid15-30m
nuscenes,scene-0103_008,tfwd_2cm,tfwd,2.0000,4,Car,4.8713,0,0.9948,False,1079,0.0491,27.4604,near<15m
nuscenes,scene-0103_008,tfwd_2cm,tfwd,2.0000,5,Car,17.7077,0,0.0000,True,48,1.0000,0.8395,mid15-30m
nuscenes,scene-0103_008,tleft_2cm,tleft,2.0000,4,Car,4.8713,0,0.9948,False,1079,0.0454,12.5007,near<15m
nuscenes,scene-0103_008,tleft_2cm,tleft,2.0000,5,Car,17.7077,0,0.0000,True,48,1.0000,1.7014,mid15-30m
nuscenes,scene-0103_008,tup_2cm,tup,2.0000,4,Car,4.8713,0,0.9948,False,1079,0.0482,13.2578,near<15m
nuscenes,scene-0103_008,tup_2cm,tup,2.0000,5,Car,17.7077,0,0.0000,True,48,1.0000,1.7171,mid15-30m
nuscenes,scene-0103_008,tfwd_5cm,tfwd,5.0000,4,Car,4.8713,0,0.9948,False,1079,0.0500,67.2102,near<15m
nuscenes,scene-0103_008,tfwd_5cm,tfwd,5.0000,5,Car,17.7077,0,0.0000,True,48,1.0000,2.0944,mid15-30m
nuscenes,scene-0103_008,tleft_5cm,tleft,5.0000,4,Car,4.8713,0,0.9948,False,1079,0.0417,31.2453,near<15m
nuscenes,scene-0103_008,tleft_5cm,tleft,5.0000,5,Car,17.7077,0,0.0000,True,48,1.0000,4.2534,mid15-30m
nuscenes,scene-0103_008,tup_5cm,tup,5.0000,4,Car,4.8713,0,0.9948,False,1079,0.0482,33.1115,near<15m
nuscenes,scene-0103_008,tup_5cm,tup,5.0000,5,Car,17.7077,0,0.0000,True,48,1.0000,4.2923,mid15-30m
nuscenes,scene-0103_008,tfwd_10cm,tfwd,10.0000,4,Car,4.8713,0,0.9948,False,1079,0.0556,129.9001,near<15m
nuscenes,scene-0103_008,tfwd_10cm,tfwd,10.0000,5,Car,17.7077,0,0.0000,True,48,1.0000,4.1744,mid15-30m
nuscenes,scene-0103_008,tleft_10cm,tleft,10.0000,4,Car,4.8713,0,0.9948,False,1079,0.0352,62.4691,near<15m
nuscenes,scene-0103_008,tleft_10cm,tleft,10.0000,5,Car,17.7077,0,0.0000,True,48,1.0000,8.5064,mid15-30m
nuscenes,scene-0103_008,tup_10cm,tup,10.0000,4,Car,4.8713,0,0.9948,False,1079,0.0491,66.1130,near<15m
nuscenes,scene-0103_008,tup_10cm,tup,10.0000,5,Car,17.7077,0,0.0000,True,48,1.0000,8.5830,mid15-30m
nuscenes,scene-0103_009,baseline,baseline,0.0000,2,Car,29.1013,0,0.0000,True,10,1.0000,0.0000,mid15-30m
nuscenes,scene-0103_009,baseline,baseline,0.0000,5,Car,13.7819,0,0.5288,False,100,0.5600,0.0000,near<15m
nuscenes,scene-0103_009,baseline,baseline,0.0000,11,Car,27.4111,0,0.0000,True,18,1.0000,0.0000,mid15-30m
nuscenes,scene-0103_009,yaw_0.5deg,yaw,0.5000,2,Car,29.1013,0,0.0000,True,10,1.0000,11.9079,mid15-30m
nuscenes,scene-0103_009,yaw_0.5deg,yaw,0.5000,5,Car,13.7819,0,0.5288,False,100,0.5200,16.2032,near<15m
nuscenes,scene-0103_009,yaw_0.5deg,yaw,0.5000,11,Car,27.4111,0,0.0000,True,18,1.0000,11.5132,mid15-30m
nuscenes,scene-0103_009,pitch_0.5deg,pitch,0.5000,2,Car,29.1013,0,0.0000,True,10,1.0000,11.0891,mid15-30m
nuscenes,scene-0103_009,pitch_0.5deg,pitch,0.5000,5,Car,13.7819,0,0.5288,False,100,0.5600,11.5053,near<15m
nuscenes,scene-0103_009,pitch_0.5deg,pitch,0.5000,11,Car,27.4111,0,0.0000,True,18,1.0000,11.1906,mid15-30m
nuscenes,scene-0103_009,roll_0.5deg,roll,0.5000,2,Car,29.1013,0,0.0000,True,10,1.0000,3.0190,mid15-30m
nuscenes,scene-0103_009,roll_0.5deg,roll,0.5000,5,Car,13.7819,0,0.5288,False,100,0.5600,7.2783,near<15m
nuscenes,scene-0103_009,roll_0.5deg,roll,0.5000,11,Car,27.4111,0,0.0000,True,18,1.0000,1.9464,mid15-30m
nuscenes,scene-0103_009,yaw_1.0deg,yaw,1.0000,2,Car,29.1013,0,0.0000,True,10,1.0000,23.8732,mid15-30m
nuscenes,scene-0103_009,yaw_1.0deg,yaw,1.0000,5,Car,13.7819,0,0.5288,False,100,0.4900,32.5995,near<15m
nuscenes,scene-0103_009,yaw_1.0deg,yaw,1.0000,11,Car,27.4111,0,0.0000,True,18,1.0000,22.9900,mid15-30m
nuscenes,scene-0103_009,pitch_1.0deg,pitch,1.0000,2,Car,29.1013,0,0.0000,True,10,1.0000,22.1890,mid15-30m
nuscenes,scene-0103_009,pitch_1.0deg,pitch,1.0000,5,Car,13.7819,0,0.5288,False,100,0.5600,23.0440,near<15m
nuscenes,scene-0103_009,pitch_1.0deg,pitch,1.0000,11,Car,27.4111,0,0.0000,True,18,0.3889,22.3960,mid15-30m
nuscenes,scene-0103_009,roll_1.0deg,roll,1.0000,2,Car,29.1013,0,0.0000,True,10,1.0000,6.0374,mid15-30m
nuscenes,scene-0103_009,roll_1.0deg,roll,1.0000,5,Car,13.7819,0,0.5288,False,100,0.5600,14.5540,near<15m
nuscenes,scene-0103_009,roll_1.0deg,roll,1.0000,11,Car,27.4111,0,0.0000,True,18,1.0000,3.8930,mid15-30m
nuscenes,scene-0103_009,yaw_2.0deg,yaw,2.0000,2,Car,29.1013,0,0.0000,True,10,0.9000,47.9851,mid15-30m
nuscenes,scene-0103_009,yaw_2.0deg,yaw,2.0000,5,Car,13.7819,0,0.5288,False,100,0.4000,65.9967,near<15m
nuscenes,scene-0103_009,yaw_2.0deg,yaw,2.0000,11,Car,27.4111,0,0.0000,True,18,0.8889,45.8427,mid15-30m
nuscenes,scene-0103_009,pitch_2.0deg,pitch,2.0000,2,Car,29.1013,0,0.0000,True,10,0.2000,44.4284,mid15-30m
nuscenes,scene-0103_009,pitch_2.0deg,pitch,2.0000,5,Car,13.7819,0,0.5288,False,100,0.5500,46.2307,near<15m
nuscenes,scene-0103_009,pitch_2.0deg,pitch,2.0000,11,Car,27.4111,0,0.0000,True,18,0.0000,44.8583,mid15-30m
nuscenes,scene-0103_009,roll_2.0deg,roll,2.0000,2,Car,29.1013,0,0.0000,True,10,1.0000,12.0728,mid15-30m
nuscenes,scene-0103_009,roll_2.0deg,roll,2.0000,5,Car,13.7819,0,0.5288,False,100,0.5600,29.0972,near<15m
nuscenes,scene-0103_009,roll_2.0deg,roll,2.0000,11,Car,27.4111,0,0.0000,True,18,1.0000,7.7863,mid15-30m
nuscenes,scene-0103_009,yaw_3.0deg,yaw,3.0000,2,Car,29.1013,0,0.0000,True,10,0.9000,72.3545,mid15-30m
nuscenes,scene-0103_009,yaw_3.0deg,yaw,3.0000,5,Car,13.7819,0,0.5288,False,100,0.3000,100.2441,near<15m
nuscenes,scene-0103_009,yaw_3.0deg,yaw,3.0000,11,Car,27.4111,0,0.0000,True,18,0.6111,68.5735,mid15-30m
nuscenes,scene-0103_009,pitch_3.0deg,pitch,3.0000,2,Car,29.1013,0,0.0000,True,10,0.0000,66.7327,mid15-30m
nuscenes,scene-0103_009,pitch_3.0deg,pitch,3.0000,5,Car,13.7819,0,0.5288,False,100,0.4500,69.5786,near<15m
nuscenes,scene-0103_009,pitch_3.0deg,pitch,3.0000,11,Car,27.4111,0,0.0000,True,18,0.0000,67.4015,mid15-30m
nuscenes,scene-0103_009,roll_3.0deg,roll,3.0000,2,Car,29.1013,0,0.0000,True,10,0.8000,18.1055,mid15-30m
nuscenes,scene-0103_009,roll_3.0deg,roll,3.0000,5,Car,13.7819,0,0.5288,False,100,0.5600,43.6285,near<15m
nuscenes,scene-0103_009,roll_3.0deg,roll,3.0000,11,Car,27.4111,0,0.0000,True,18,1.0000,11.6795,mid15-30m
nuscenes,scene-0103_009,tfwd_2cm,tfwd,2.0000,2,Car,29.1013,0,0.0000,True,10,1.0000,0.2492,mid15-30m
nuscenes,scene-0103_009,tfwd_2cm,tfwd,2.0000,5,Car,13.7819,0,0.5288,False,100,0.5700,1.5707,near<15m
nuscenes,scene-0103_009,tfwd_2cm,tfwd,2.0000,11,Car,27.4111,0,0.0000,True,18,1.0000,0.1787,mid15-30m
nuscenes,scene-0103_009,tleft_2cm,tleft,2.0000,2,Car,29.1013,0,0.0000,True,10,1.0000,0.9024,mid15-30m
nuscenes,scene-0103_009,tleft_2cm,tleft,2.0000,5,Car,13.7819,0,0.5288,False,100,0.5600,2.3316,near<15m
nuscenes,scene-0103_009,tleft_2cm,tleft,2.0000,11,Car,27.4111,0,0.0000,True,18,1.0000,1.0097,mid15-30m
nuscenes,scene-0103_009,tup_2cm,tup,2.0000,2,Car,29.1013,0,0.0000,True,10,1.0000,0.9058,mid15-30m
nuscenes,scene-0103_009,tup_2cm,tup,2.0000,5,Car,13.7819,0,0.5288,False,100,0.5600,2.3613,near<15m
nuscenes,scene-0103_009,tup_2cm,tup,2.0000,11,Car,27.4111,0,0.0000,True,18,1.0000,1.0093,mid15-30m
nuscenes,scene-0103_009,tfwd_5cm,tfwd,5.0000,2,Car,29.1013,0,0.0000,True,10,1.0000,0.6223,mid15-30m
nuscenes,scene-0103_009,tfwd_5cm,tfwd,5.0000,5,Car,13.7819,0,0.5288,False,100,0.5800,3.9155,near<15m
nuscenes,scene-0103_009,tfwd_5cm,tfwd,5.0000,11,Car,27.4111,0,0.0000,True,18,1.0000,0.4463,mid15-30m
nuscenes,scene-0103_009,tleft_5cm,tleft,5.0000,2,Car,29.1013,0,0.0000,True,10,1.0000,2.2559,mid15-30m
nuscenes,scene-0103_009,tleft_5cm,tleft,5.0000,5,Car,13.7819,0,0.5288,False,100,0.5500,5.8289,near<15m
nuscenes,scene-0103_009,tleft_5cm,tleft,5.0000,11,Car,27.4111,0,0.0000,True,18,1.0000,2.5243,mid15-30m
nuscenes,scene-0103_009,tup_5cm,tup,5.0000,2,Car,29.1013,0,0.0000,True,10,1.0000,2.2643,mid15-30m
nuscenes,scene-0103_009,tup_5cm,tup,5.0000,5,Car,13.7819,0,0.5288,False,100,0.5600,5.9024,near<15m
nuscenes,scene-0103_009,tup_5cm,tup,5.0000,11,Car,27.4111,0,0.0000,True,18,1.0000,2.5230,mid15-30m
nuscenes,scene-0103_009,tfwd_10cm,tfwd,10.0000,2,Car,29.1013,0,0.0000,True,10,1.0000,1.2424,mid15-30m
nuscenes,scene-0103_009,tfwd_10cm,tfwd,10.0000,5,Car,13.7819,0,0.5288,False,100,0.5900,7.7937,near<15m
nuscenes,scene-0103_009,tfwd_10cm,tfwd,10.0000,11,Car,27.4111,0,0.0000,True,18,1.0000,0.8907,mid15-30m
nuscenes,scene-0103_009,tleft_10cm,tleft,10.0000,2,Car,29.1013,0,0.0000,True,10,1.0000,4.5116,mid15-30m
nuscenes,scene-0103_009,tleft_10cm,tleft,10.0000,5,Car,13.7819,0,0.5288,False,100,0.5300,11.6571,near<15m
nuscenes,scene-0103_009,tleft_10cm,tleft,10.0000,11,Car,27.4111,0,0.0000,True,18,1.0000,5.0484,mid15-30m
nuscenes,scene-0103_009,tup_10cm,tup,10.0000,2,Car,29.1013,0,0.0000,True,10,1.0000,4.5283,mid15-30m
nuscenes,scene-0103_009,tup_10cm,tup,10.0000,5,Car,13.7819,0,0.5288,False,100,0.5600,11.8018,near<15m
nuscenes,scene-0103_009,tup_10cm,tup,10.0000,11,Car,27.4111,0,0.0000,True,18,1.0000,5.0455,mid15-30m
nuscenes,scene-0103_010,baseline,baseline,0.0000,1,Car,24.9144,0,0.0000,True,16,1.0000,0.0000,mid15-30m
nuscenes,scene-0103_010,baseline,baseline,0.0000,3,Car,26.4314,0,0.4821,False,24,0.6250,0.0000,mid15-30m
nuscenes,scene-0103_010,baseline,baseline,0.0000,4,Car,10.4333,0,0.9916,False,250,0.0000,0.0000,near<15m
nuscenes,scene-0103_010,baseline,baseline,0.0000,9,Car,23.0630,0,0.0000,True,24,1.0000,0.0000,mid15-30m
nuscenes,scene-0103_010,yaw_0.5deg,yaw,0.5000,1,Car,24.9144,0,0.0000,True,16,1.0000,12.1559,mid15-30m
nuscenes,scene-0103_010,yaw_0.5deg,yaw,0.5000,3,Car,26.4314,0,0.4821,False,24,0.5833,15.7867,mid15-30m
nuscenes,scene-0103_010,yaw_0.5deg,yaw,0.5000,4,Car,10.4333,0,0.9916,False,250,0.0000,24.4375,near<15m
nuscenes,scene-0103_010,yaw_0.5deg,yaw,0.5000,9,Car,23.0630,0,0.0000,True,24,1.0000,11.7552,mid15-30m
nuscenes,scene-0103_010,pitch_0.5deg,pitch,0.5000,1,Car,24.9144,0,0.0000,True,16,1.0000,11.1227,mid15-30m
nuscenes,scene-0103_010,pitch_0.5deg,pitch,0.5000,3,Car,26.4314,0,0.4821,False,24,0.6250,11.1647,mid15-30m
nuscenes,scene-0103_010,pitch_0.5deg,pitch,0.5000,4,Car,10.4333,0,0.9916,False,250,0.0000,12.3352,near<15m
nuscenes,scene-0103_010,pitch_0.5deg,pitch,0.5000,9,Car,23.0630,0,0.0000,True,24,1.0000,11.2355,mid15-30m
nuscenes,scene-0103_010,roll_0.5deg,roll,0.5000,1,Car,24.9144,0,0.0000,True,16,1.0000,3.3741,mid15-30m
nuscenes,scene-0103_010,roll_0.5deg,roll,0.5000,3,Car,26.4314,0,0.4821,False,24,0.6250,7.1371,mid15-30m
nuscenes,scene-0103_010,roll_0.5deg,roll,0.5000,4,Car,10.4333,0,0.9916,False,250,0.0000,11.6566,near<15m
nuscenes,scene-0103_010,roll_0.5deg,roll,0.5000,9,Car,23.0630,0,0.0000,True,24,1.0000,2.4332,mid15-30m
nuscenes,scene-0103_010,yaw_1.0deg,yaw,1.0000,1,Car,24.9144,0,0.0000,True,16,1.0000,24.3779,mid15-30m
nuscenes,scene-0103_010,yaw_1.0deg,yaw,1.0000,3,Car,26.4314,0,0.4821,False,24,0.5000,31.7563,mid15-30m
nuscenes,scene-0103_010,yaw_1.0deg,yaw,1.0000,4,Car,10.4333,0,0.9916,False,250,0.0000,49.3631,near<15m
nuscenes,scene-0103_010,yaw_1.0deg,yaw,1.0000,9,Car,23.0630,0,0.0000,True,24,1.0000,23.4644,mid15-30m
nuscenes,scene-0103_010,pitch_1.0deg,pitch,1.0000,1,Car,24.9144,0,0.0000,True,16,1.0000,22.2551,mid15-30m
nuscenes,scene-0103_010,pitch_1.0deg,pitch,1.0000,3,Car,26.4314,0,0.4821,False,24,0.6250,22.3495,mid15-30m
nuscenes,scene-0103_010,pitch_1.0deg,pitch,1.0000,4,Car,10.4333,0,0.9916,False,250,0.0000,24.7405,near<15m
nuscenes,scene-0103_010,pitch_1.0deg,pitch,1.0000,9,Car,23.0630,0,0.0000,True,24,0.4583,22.4855,mid15-30m
nuscenes,scene-0103_010,roll_1.0deg,roll,1.0000,1,Car,24.9144,0,0.0000,True,16,1.0000,6.7476,mid15-30m
nuscenes,scene-0103_010,roll_1.0deg,roll,1.0000,3,Car,26.4314,0,0.4821,False,24,0.6250,14.2718,mid15-30m
nuscenes,scene-0103_010,roll_1.0deg,roll,1.0000,4,Car,10.4333,0,0.9916,False,250,0.0000,23.3068,near<15m
nuscenes,scene-0103_010,roll_1.0deg,roll,1.0000,9,Car,23.0630,0,0.0000,True,24,1.0000,4.8665,mid15-30m
nuscenes,scene-0103_010,yaw_2.0deg,yaw,2.0000,1,Car,24.9144,0,0.0000,True,16,1.0000,49.0297,mid15-30m
nuscenes,scene-0103_010,yaw_2.0deg,yaw,2.0000,3,Car,26.4314,0,0.4821,False,24,0.2917,64.2673,mid15-30m
nuscenes,scene-0103_010,yaw_2.0deg,yaw,2.0000,4,Car,10.4333,0,0.9916,False,250,0.0000,100.7578,near<15m
nuscenes,scene-0103_010,yaw_2.0deg,yaw,2.0000,9,Car,23.0630,0,0.0000,True,24,0.9167,46.7531,mid15-30m
nuscenes,scene-0103_010,pitch_2.0deg,pitch,2.0000,1,Car,24.9144,0,0.0000,True,16,0.4375,44.5566,mid15-30m
nuscenes,scene-0103_010,pitch_2.0deg,pitch,2.0000,3,Car,26.4314,0,0.4821,False,24,0.0833,44.7874,mid15-30m
nuscenes,scene-0103_010,pitch_2.0deg,pitch,2.0000,4,Car,10.4333,0,0.9916,False,250,0.0000,49.7741,near<15m
nuscenes,scene-0103_010,pitch_2.0deg,pitch,2.0000,9,Car,23.0630,0,0.0000,True,24,0.4583,45.0358,mid15-30m
nuscenes,scene-0103_010,roll_2.0deg,roll,2.0000,1,Car,24.9144,0,0.0000,True,16,1.0000,13.4928,mid15-30m
nuscenes,scene-0103_010,roll_2.0deg,roll,2.0000,3,Car,26.4314,0,0.4821,False,24,0.6250,28.5337,mid15-30m
nuscenes,scene-0103_010,roll_2.0deg,roll,2.0000,4,Car,10.4333,0,0.9916,False,250,0.0000,46.5870,near<15m
nuscenes,scene-0103_010,roll_2.0deg,roll,2.0000,9,Car,23.0630,0,0.0000,True,24,1.0000,9.7336,mid15-30m
nuscenes,scene-0103_010,yaw_3.0deg,yaw,3.0000,1,Car,24.9144,0,0.0000,True,16,0.9375,73.9757,mid15-30m
nuscenes,scene-0103_010,yaw_3.0deg,yaw,3.0000,3,Car,26.4314,0,0.4821,False,24,0.1667,97.5815,mid15-30m
nuscenes,scene-0103_010,yaw_3.0deg,yaw,3.0000,4,Car,10.4333,0,0.9916,False,250,0.0000,154.3533,near<15m
nuscenes,scene-0103_010,yaw_3.0deg,yaw,3.0000,9,Car,23.0630,0,0.0000,True,24,0.7917,69.8827,mid15-30m
nuscenes,scene-0103_010,pitch_3.0deg,pitch,3.0000,1,Car,24.9144,0,0.0000,True,16,0.4375,66.9192,mid15-30m
nuscenes,scene-0103_010,pitch_3.0deg,pitch,3.0000,3,Car,26.4314,0,0.4821,False,24,0.0833,67.3304,mid15-30m
nuscenes,scene-0103_010,pitch_3.0deg,pitch,3.0000,4,Car,10.4333,0,0.9916,False,250,0.0000,75.1271,near<15m
nuscenes,scene-0103_010,pitch_3.0deg,pitch,3.0000,9,Car,23.0630,0,0.0000,True,24,0.0000,67.6658,mid15-30m
nuscenes,scene-0103_010,roll_3.0deg,roll,3.0000,1,Car,24.9144,0,0.0000,True,16,1.0000,20.2349,mid15-30m
nuscenes,scene-0103_010,roll_3.0deg,roll,3.0000,3,Car,26.4314,0,0.4821,False,24,0.5417,42.7845,mid15-30m
nuscenes,scene-0103_010,roll_3.0deg,roll,3.0000,4,Car,10.4333,0,0.9916,False,250,0.0000,69.8390,near<15m
nuscenes,scene-0103_010,roll_3.0deg,roll,3.0000,9,Car,23.0630,0,0.0000,True,24,1.0000,14.6009,mid15-30m
nuscenes,scene-0103_010,tfwd_2cm,tfwd,2.0000,1,Car,24.9144,0,0.0000,True,16,1.0000,0.3313,mid15-30m
nuscenes,scene-0103_010,tfwd_2cm,tfwd,2.0000,3,Car,26.4314,0,0.4821,False,24,0.6250,0.7561,mid15-30m
nuscenes,scene-0103_010,tfwd_2cm,tfwd,2.0000,4,Car,10.4333,0,0.9916,False,250,0.0000,4.1690,near<15m
nuscenes,scene-0103_010,tfwd_2cm,tfwd,2.0000,9,Car,23.0630,0,0.0000,True,24,1.0000,0.2711,mid15-30m
nuscenes,scene-0103_010,tleft_2cm,tleft,2.0000,1,Car,24.9144,0,0.0000,True,16,1.0000,1.0717,mid15-30m
nuscenes,scene-0103_010,tleft_2cm,tleft,2.0000,3,Car,26.4314,0,0.4821,False,24,0.6250,1.1553,mid15-30m
nuscenes,scene-0103_010,tleft_2cm,tleft,2.0000,4,Car,10.4333,0,0.9916,False,250,0.0000,3.7631,near<15m
nuscenes,scene-0103_010,tleft_2cm,tleft,2.0000,9,Car,23.0630,0,0.0000,True,24,1.0000,1.2253,mid15-30m
nuscenes,scene-0103_010,tup_2cm,tup,2.0000,1,Car,24.9144,0,0.0000,True,16,1.0000,1.0753,mid15-30m
nuscenes,scene-0103_010,tup_2cm,tup,2.0000,3,Car,26.4314,0,0.4821,False,24,0.6250,1.1660,mid15-30m
nuscenes,scene-0103_010,tup_2cm,tup,2.0000,4,Car,10.4333,0,0.9916,False,250,0.0000,3.8400,near<15m
nuscenes,scene-0103_010,tup_2cm,tup,2.0000,9,Car,23.0630,0,0.0000,True,24,1.0000,1.2243,mid15-30m
nuscenes,scene-0103_010,tfwd_5cm,tfwd,5.0000,1,Car,24.9144,0,0.0000,True,16,1.0000,0.8272,mid15-30m
nuscenes,scene-0103_010,tfwd_5cm,tfwd,5.0000,3,Car,26.4314,0,0.4821,False,24,0.6250,1.8877,mid15-30m
nuscenes,scene-0103_010,tfwd_5cm,tfwd,5.0000,4,Car,10.4333,0,0.9916,False,250,0.0000,10.3720,near<15m
nuscenes,scene-0103_010,tfwd_5cm,tfwd,5.0000,9,Car,23.0630,0,0.0000,True,24,1.0000,0.6768,mid15-30m
nuscenes,scene-0103_010,tleft_5cm,tleft,5.0000,1,Car,24.9144,0,0.0000,True,16,1.0000,2.6792,mid15-30m
nuscenes,scene-0103_010,tleft_5cm,tleft,5.0000,3,Car,26.4314,0,0.4821,False,24,0.6250,2.8882,mid15-30m
nuscenes,scene-0103_010,tleft_5cm,tleft,5.0000,4,Car,10.4333,0,0.9916,False,250,0.0000,9.4072,near<15m
nuscenes,scene-0103_010,tleft_5cm,tleft,5.0000,9,Car,23.0630,0,0.0000,True,24,1.0000,3.0632,mid15-30m
nuscenes,scene-0103_010,tup_5cm,tup,5.0000,1,Car,24.9144,0,0.0000,True,16,1.0000,2.6881,mid15-30m
nuscenes,scene-0103_010,tup_5cm,tup,5.0000,3,Car,26.4314,0,0.4821,False,24,0.6250,2.9147,mid15-30m
nuscenes,scene-0103_010,tup_5cm,tup,5.0000,4,Car,10.4333,0,0.9916,False,250,0.0000,9.5976,near<15m
nuscenes,scene-0103_010,tup_5cm,tup,5.0000,9,Car,23.0630,0,0.0000,True,24,1.0000,3.0604,mid15-30m
nuscenes,scene-0103_010,tfwd_10cm,tfwd,10.0000,1,Car,24.9144,0,0.0000,True,16,1.0000,1.6509,mid15-30m
nuscenes,scene-0103_010,tfwd_10cm,tfwd,10.0000,3,Car,26.4314,0,0.4821,False,24,0.6667,3.7667,mid15-30m
nuscenes,scene-0103_010,tfwd_10cm,tfwd,10.0000,4,Car,10.4333,0,0.9916,False,250,0.0000,20.5779,near<15m
nuscenes,scene-0103_010,tfwd_10cm,tfwd,10.0000,9,Car,23.0630,0,0.0000,True,24,1.0000,1.3503,mid15-30m
nuscenes,scene-0103_010,tleft_10cm,tleft,10.0000,1,Car,24.9144,0,0.0000,True,16,1.0000,5.3582,mid15-30m
nuscenes,scene-0103_010,tleft_10cm,tleft,10.0000,3,Car,26.4314,0,0.4821,False,24,0.6250,5.7763,mid15-30m
nuscenes,scene-0103_010,tleft_10cm,tleft,10.0000,4,Car,10.4333,0,0.9916,False,250,0.0000,18.8130,near<15m
nuscenes,scene-0103_010,tleft_10cm,tleft,10.0000,9,Car,23.0630,0,0.0000,True,24,1.0000,6.1263,mid15-30m
nuscenes,scene-0103_010,tup_10cm,tup,10.0000,1,Car,24.9144,0,0.0000,True,16,1.0000,5.3756,mid15-30m
nuscenes,scene-0103_010,tup_10cm,tup,10.0000,3,Car,26.4314,0,0.4821,False,24,0.6250,5.8287,mid15-30m
nuscenes,scene-0103_010,tup_10cm,tup,10.0000,4,Car,10.4333,0,0.9916,False,250,0.0000,19.1871,near<15m
nuscenes,scene-0103_010,tup_10cm,tup,10.0000,9,Car,23.0630,0,0.0000,True,24,1.0000,6.1201,mid15-30m
nuscenes,scene-0103_011,baseline,baseline,0.0000,1,Car,21.1733,0,0.0000,True,43,1.0000,0.0000,mid15-30m
nuscenes,scene-0103_011,baseline,baseline,0.0000,3,Car,23.2306,0,0.9105,False,31,0.0000,0.0000,mid15-30m
nuscenes,scene-0103_011,baseline,baseline,0.0000,8,Car,19.2568,0,0.0000,True,33,1.0000,0.0000,mid15-30m
nuscenes,scene-0103_011,baseline,baseline,0.0000,9,Pedestrian,17.8314,0,0.3484,False,13,0.9231,0.0000,mid15-30m
nuscenes,scene-0103_011,yaw_0.5deg,yaw,0.5000,1,Car,21.1733,0,0.0000,True,43,1.0000,12.4432,mid15-30m
nuscenes,scene-0103_011,yaw_0.5deg,yaw,0.5000,3,Car,23.2306,0,0.9105,False,31,0.0000,18.5394,mid15-30m
nuscenes,scene-0103_011,yaw_0.5deg,yaw,0.5000,8,Car,19.2568,0,0.0000,True,33,1.0000,12.0617,mid15-30m
nuscenes,scene-0103_011,yaw_0.5deg,yaw,0.5000,9,Pedestrian,17.8314,0,0.3484,False,13,1.0000,15.1242,mid15-30m
nuscenes,scene-0103_011,pitch_0.5deg,pitch,0.5000,1,Car,21.1733,0,0.0000,True,43,1.0000,11.2160,mid15-30m
nuscenes,scene-0103_011,pitch_0.5deg,pitch,0.5000,3,Car,23.2306,0,0.9105,False,31,0.0000,11.2482,mid15-30m
nuscenes,scene-0103_011,pitch_0.5deg,pitch,0.5000,8,Car,19.2568,0,0.0000,True,33,1.0000,11.3213,mid15-30m
nuscenes,scene-0103_011,pitch_0.5deg,pitch,0.5000,9,Pedestrian,17.8314,0,0.3484,False,13,0.8462,11.3815,mid15-30m
nuscenes,scene-0103_011,roll_0.5deg,roll,0.5000,1,Car,21.1733,0,0.0000,True,43,1.0000,3.6837,mid15-30m
nuscenes,scene-0103_011,roll_0.5deg,roll,0.5000,3,Car,23.2306,0,0.9105,False,31,0.0000,8.9427,mid15-30m
nuscenes,scene-0103_011,roll_0.5deg,roll,0.5000,8,Car,19.2568,0,0.0000,True,33,1.0000,2.8577,mid15-30m
nuscenes,scene-0103_011,roll_0.5deg,roll,0.5000,9,Pedestrian,17.8314,0,0.3484,False,13,0.8462,6.4353,mid15-30m
nuscenes,scene-0103_011,yaw_1.0deg,yaw,1.0000,1,Car,21.1733,0,0.0000,True,43,1.0000,24.9605,mid15-30m
nuscenes,scene-0103_011,yaw_1.0deg,yaw,1.0000,3,Car,23.2306,0,0.9105,False,31,0.0000,37.3498,mid15-30m
nuscenes,scene-0103_011,yaw_1.0deg,yaw,1.0000,8,Car,19.2568,0,0.0000,True,33,1.0000,24.0675,mid15-30m
nuscenes,scene-0103_011,yaw_1.0deg,yaw,1.0000,9,Pedestrian,17.8314,0,0.3484,False,13,0.6923,30.0928,mid15-30m
nuscenes,scene-0103_011,pitch_1.0deg,pitch,1.0000,1,Car,21.1733,0,0.0000,True,43,0.4419,22.4466,mid15-30m
nuscenes,scene-0103_011,pitch_1.0deg,pitch,1.0000,3,Car,23.2306,0,0.9105,False,31,0.0000,22.5196,mid15-30m
nuscenes,scene-0103_011,pitch_1.0deg,pitch,1.0000,8,Car,19.2568,0,0.0000,True,33,0.8788,22.6566,mid15-30m
nuscenes,scene-0103_011,pitch_1.0deg,pitch,1.0000,9,Pedestrian,17.8314,0,0.3484,False,13,0.6154,22.7748,mid15-30m
nuscenes,scene-0103_011,roll_1.0deg,roll,1.0000,1,Car,21.1733,0,0.0000,True,43,1.0000,7.3667,mid15-30m
nuscenes,scene-0103_011,roll_1.0deg,roll,1.0000,3,Car,23.2306,0,0.9105,False,31,0.0000,17.8816,mid15-30m
nuscenes,scene-0103_011,roll_1.0deg,roll,1.0000,8,Car,19.2568,0,0.0000,True,33,1.0000,5.7157,mid15-30m
nuscenes,scene-0103_011,roll_1.0deg,roll,1.0000,9,Pedestrian,17.8314,0,0.3484,False,13,0.8462,12.8723,mid15-30m
nuscenes,scene-0103_011,yaw_2.0deg,yaw,2.0000,1,Car,21.1733,0,0.0000,True,43,1.0000,50.2280,mid15-30m
nuscenes,scene-0103_011,yaw_2.0deg,yaw,2.0000,3,Car,23.2306,0,0.9105,False,31,0.0000,75.8197,mid15-30m
nuscenes,scene-0103_011,yaw_2.0deg,yaw,2.0000,8,Car,19.2568,0,0.0000,True,33,0.9091,47.9210,mid15-30m
nuscenes,scene-0103_011,yaw_2.0deg,yaw,2.0000,9,Pedestrian,17.8314,0,0.3484,False,13,0.1538,59.5822,mid15-30m
nuscenes,scene-0103_011,pitch_2.0deg,pitch,2.0000,1,Car,21.1733,0,0.0000,True,43,0.4419,44.9593,mid15-30m
nuscenes,scene-0103_011,pitch_2.0deg,pitch,2.0000,3,Car,23.2306,0,0.9105,False,31,0.0000,45.1415,mid15-30m
nuscenes,scene-0103_011,pitch_2.0deg,pitch,2.0000,8,Car,19.2568,0,0.0000,True,33,0.5152,45.3764,mid15-30m
nuscenes,scene-0103_011,pitch_2.0deg,pitch,2.0000,9,Pedestrian,17.8314,0,0.3484,False,13,0.6154,45.6052,mid15-30m
nuscenes,scene-0103_011,roll_2.0deg,roll,2.0000,1,Car,21.1733,0,0.0000,True,43,1.0000,14.7303,mid15-30m
nuscenes,scene-0103_011,roll_2.0deg,roll,2.0000,3,Car,23.2306,0,0.9105,False,31,0.0000,35.7475,mid15-30m
nuscenes,scene-0103_011,roll_2.0deg,roll,2.0000,8,Car,19.2568,0,0.0000,True,33,1.0000,11.4323,mid15-30m
nuscenes,scene-0103_011,roll_2.0deg,roll,2.0000,9,Pedestrian,17.8314,0,0.3484,False,13,0.6154,25.7508,mid15-30m
nuscenes,scene-0103_011,yaw_3.0deg,yaw,3.0000,1,Car,21.1733,0,0.0000,True,43,0.9535,75.8244,mid15-30m
nuscenes,scene-0103_011,yaw_3.0deg,yaw,3.0000,3,Car,23.2306,0,0.9105,False,31,0.0000,115.4865,mid15-30m
nuscenes,scene-0103_011,yaw_3.0deg,yaw,3.0000,8,Car,19.2568,0,0.0000,True,33,0.7273,71.5782,mid15-30m
nuscenes,scene-0103_011,yaw_3.0deg,yaw,3.0000,9,Pedestrian,17.8314,0,0.3484,False,13,0.0000,88.5040,mid15-30m
nuscenes,scene-0103_011,pitch_3.0deg,pitch,3.0000,1,Car,21.1733,0,0.0000,True,43,0.0698,67.5533,mid15-30m
nuscenes,scene-0103_011,pitch_3.0deg,pitch,3.0000,3,Car,23.2306,0,0.9105,False,31,0.0000,67.8838,mid15-30m
nuscenes,scene-0103_011,pitch_3.0deg,pitch,3.0000,8,Car,19.2568,0,0.0000,True,33,0.0606,68.1747,mid15-30m
nuscenes,scene-0103_011,pitch_3.0deg,pitch,3.0000,9,Pedestrian,17.8314,0,0.3484,False,13,0.3846,68.5082,mid15-30m
nuscenes,scene-0103_011,roll_3.0deg,roll,3.0000,1,Car,21.1733,0,0.0000,True,43,1.0000,22.0904,mid15-30m
nuscenes,scene-0103_011,roll_3.0deg,roll,3.0000,3,Car,23.2306,0,0.9105,False,31,0.0000,53.5963,mid15-30m
nuscenes,scene-0103_011,roll_3.0deg,roll,3.0000,8,Car,19.2568,0,0.0000,True,33,1.0000,17.1494,mid15-30m
nuscenes,scene-0103_011,roll_3.0deg,roll,3.0000,9,Pedestrian,17.8314,0,0.3484,False,13,0.6154,38.6344,mid15-30m
nuscenes,scene-0103_011,tfwd_2cm,tfwd,2.0000,1,Car,21.1733,0,0.0000,True,43,1.0000,0.4284,mid15-30m
nuscenes,scene-0103_011,tfwd_2cm,tfwd,2.0000,3,Car,23.2306,0,0.9105,False,31,0.0000,1.1647,mid15-30m
nuscenes,scene-0103_011,tfwd_2cm,tfwd,2.0000,8,Car,19.2568,0,0.0000,True,33,1.0000,0.3885,mid15-30m
nuscenes,scene-0103_011,tfwd_2cm,tfwd,2.0000,9,Pedestrian,17.8314,0,0.3484,False,13,0.9231,0.9649,mid15-30m
nuscenes,scene-0103_011,tleft_2cm,tleft,2.0000,1,Car,21.1733,0,0.0000,True,43,1.0000,1.2717,mid15-30m
nuscenes,scene-0103_011,tleft_2cm,tleft,2.0000,3,Car,23.2306,0,0.9105,False,31,0.0000,1.4182,mid15-30m
nuscenes,scene-0103_011,tleft_2cm,tleft,2.0000,8,Car,19.2568,0,0.0000,True,33,1.0000,1.4870,mid15-30m
nuscenes,scene-0103_011,tleft_2cm,tleft,2.0000,9,Pedestrian,17.8314,0,0.3484,False,13,0.9231,1.6522,mid15-30m
nuscenes,scene-0103_011,tup_2cm,tup,2.0000,1,Car,21.1733,0,0.0000,True,43,1.0000,1.2779,mid15-30m
nuscenes,scene-0103_011,tup_2cm,tup,2.0000,3,Car,23.2306,0,0.9105,False,31,0.0000,1.4348,mid15-30m
nuscenes,scene-0103_011,tup_2cm,tup,2.0000,8,Car,19.2568,0,0.0000,True,33,1.0000,1.4846,mid15-30m
nuscenes,scene-0103_011,tup_2cm,tup,2.0000,9,Pedestrian,17.8314,0,0.3484,False,13,0.9231,1.6428,mid15-30m
nuscenes,scene-0103_011,tfwd_5cm,tfwd,5.0000,1,Car,21.1733,0,0.0000,True,43,1.0000,1.0695,mid15-30m
nuscenes,scene-0103_011,tfwd_5cm,tfwd,5.0000,3,Car,23.2306,0,0.9105,False,31,0.0000,2.9069,mid15-30m
nuscenes,scene-0103_011,tfwd_5cm,tfwd,5.0000,8,Car,19.2568,0,0.0000,True,33,1.0000,0.9695,mid15-30m
nuscenes,scene-0103_011,tfwd_5cm,tfwd,5.0000,9,Pedestrian,17.8314,0,0.3484,False,13,0.9231,2.4075,mid15-30m
nuscenes,scene-0103_011,tleft_5cm,tleft,5.0000,1,Car,21.1733,0,0.0000,True,43,1.0000,3.1791,mid15-30m
nuscenes,scene-0103_011,tleft_5cm,tleft,5.0000,3,Car,23.2306,0,0.9105,False,31,0.0000,3.5455,mid15-30m
nuscenes,scene-0103_011,tleft_5cm,tleft,5.0000,8,Car,19.2568,0,0.0000,True,33,1.0000,3.7176,mid15-30m
nuscenes,scene-0103_011,tleft_5cm,tleft,5.0000,9,Pedestrian,17.8314,0,0.3484,False,13,1.0000,4.1303,mid15-30m
nuscenes,scene-0103_011,tup_5cm,tup,5.0000,1,Car,21.1733,0,0.0000,True,43,1.0000,3.1946,mid15-30m
nuscenes,scene-0103_011,tup_5cm,tup,5.0000,3,Car,23.2306,0,0.9105,False,31,0.0000,3.5868,mid15-30m
nuscenes,scene-0103_011,tup_5cm,tup,5.0000,8,Car,19.2568,0,0.0000,True,33,1.0000,3.7112,mid15-30m
nuscenes,scene-0103_011,tup_5cm,tup,5.0000,9,Pedestrian,17.8314,0,0.3484,False,13,0.9231,4.1066,mid15-30m
nuscenes,scene-0103_011,tfwd_10cm,tfwd,10.0000,1,Car,21.1733,0,0.0000,True,43,1.0000,2.1335,mid15-30m
nuscenes,scene-0103_011,tfwd_10cm,tfwd,10.0000,3,Car,23.2306,0,0.9105,False,31,0.0000,5.7972,mid15-30m
nuscenes,scene-0103_011,tfwd_10cm,tfwd,10.0000,8,Car,19.2568,0,0.0000,True,33,1.0000,1.9332,mid15-30m
nuscenes,scene-0103_011,tfwd_10cm,tfwd,10.0000,9,Pedestrian,17.8314,0,0.3484,False,13,1.0000,4.7993,mid15-30m
nuscenes,scene-0103_011,tleft_10cm,tleft,10.0000,1,Car,21.1733,0,0.0000,True,43,1.0000,6.3581,mid15-30m
nuscenes,scene-0103_011,tleft_10cm,tleft,10.0000,3,Car,23.2306,0,0.9105,False,31,0.0000,7.0907,mid15-30m
nuscenes,scene-0103_011,tleft_10cm,tleft,10.0000,8,Car,19.2568,0,0.0000,True,33,1.0000,7.4349,mid15-30m
nuscenes,scene-0103_011,tleft_10cm,tleft,10.0000,9,Pedestrian,17.8314,0,0.3484,False,13,1.0000,8.2603,mid15-30m
nuscenes,scene-0103_011,tup_10cm,tup,10.0000,1,Car,21.1733,0,0.0000,True,43,1.0000,6.3883,mid15-30m
nuscenes,scene-0103_011,tup_10cm,tup,10.0000,3,Car,23.2306,0,0.9105,False,31,0.0000,7.1724,mid15-30m
nuscenes,scene-0103_011,tup_10cm,tup,10.0000,8,Car,19.2568,0,0.0000,True,33,1.0000,7.4211,mid15-30m
nuscenes,scene-0103_011,tup_10cm,tup,10.0000,9,Pedestrian,17.8314,0,0.3484,False,13,0.9231,8.2117,mid15-30m
nuscenes,scene-0103_012,baseline,baseline,0.0000,0,Car,18.1333,0,0.0000,True,38,1.0000,0.0000,mid15-30m
nuscenes,scene-0103_012,baseline,baseline,0.0000,7,Car,16.0917,0,0.0000,True,60,1.0000,0.0000,mid15-30m
nuscenes,scene-0103_012,baseline,baseline,0.0000,10,Car,27.0375,0,0.0000,True,11,1.0000,0.0000,mid15-30m
nuscenes,scene-0103_012,yaw_0.5deg,yaw,0.5000,0,Car,18.1333,0,0.0000,True,38,1.0000,12.9893,mid15-30m
nuscenes,scene-0103_012,yaw_0.5deg,yaw,0.5000,7,Car,16.0917,0,0.0000,True,60,1.0000,12.4458,mid15-30m
nuscenes,scene-0103_012,yaw_0.5deg,yaw,0.5000,10,Car,27.0375,0,0.0000,True,11,1.0000,11.4225,mid15-30m
nuscenes,scene-0103_012,pitch_0.5deg,pitch,0.5000,0,Car,18.1333,0,0.0000,True,38,1.0000,11.2886,mid15-30m
nuscenes,scene-0103_012,pitch_0.5deg,pitch,0.5000,7,Car,16.0917,0,0.0000,True,60,1.0000,11.4538,mid15-30m
nuscenes,scene-0103_012,pitch_0.5deg,pitch,0.5000,10,Car,27.0375,0,0.0000,True,11,1.0000,11.1769,mid15-30m
nuscenes,scene-0103_012,roll_0.5deg,roll,0.5000,0,Car,18.1333,0,0.0000,True,38,1.0000,4.2724,mid15-30m
nuscenes,scene-0103_012,roll_0.5deg,roll,0.5000,7,Car,16.0917,0,0.0000,True,60,1.0000,3.3325,mid15-30m
nuscenes,scene-0103_012,roll_0.5deg,roll,0.5000,10,Car,27.0375,0,0.0000,True,11,1.0000,1.6826,mid15-30m
nuscenes,scene-0103_012,yaw_1.0deg,yaw,1.0000,0,Car,18.1333,0,0.0000,True,38,1.0000,26.0692,mid15-30m
nuscenes,scene-0103_012,yaw_1.0deg,yaw,1.0000,7,Car,16.0917,0,0.0000,True,60,0.9833,24.8245,mid15-30m
nuscenes,scene-0103_012,yaw_1.0deg,yaw,1.0000,10,Car,27.0375,0,0.0000,True,11,0.8182,22.8757,mid15-30m
nuscenes,scene-0103_012,pitch_1.0deg,pitch,1.0000,0,Car,18.1333,0,0.0000,True,38,1.0000,22.5917,mid15-30m
nuscenes,scene-0103_012,pitch_1.0deg,pitch,1.0000,7,Car,16.0917,0,0.0000,True,60,1.0000,22.9251,mid15-30m
nuscenes,scene-0103_012,pitch_1.0deg,pitch,1.0000,10,Car,27.0375,0,0.0000,True,11,0.0909,22.3650,mid15-30m
nuscenes,scene-0103_012,roll_1.0deg,roll,1.0000,0,Car,18.1333,0,0.0000,True,38,1.0000,8.5439,mid15-30m
nuscenes,scene-0103_012,roll_1.0deg,roll,1.0000,7,Car,16.0917,0,0.0000,True,60,1.0000,6.6655,mid15-30m
nuscenes,scene-0103_012,roll_1.0deg,roll,1.0000,10,Car,27.0375,0,0.0000,True,11,1.0000,3.3649,mid15-30m
nuscenes,scene-0103_012,yaw_2.0deg,yaw,2.0000,0,Car,18.1333,0,0.0000,True,38,1.0000,52.5133,mid15-30m
nuscenes,scene-0103_012,yaw_2.0deg,yaw,2.0000,7,Car,16.0917,0,0.0000,True,60,0.9000,49.3904,mid15-30m
nuscenes,scene-0103_012,yaw_2.0deg,yaw,2.0000,10,Car,27.0375,0,0.0000,True,11,0.7273,45.8815,mid15-30m
nuscenes,scene-0103_012,pitch_2.0deg,pitch,2.0000,0,Car,18.1333,0,0.0000,True,38,0.3421,45.2490,mid15-30m
nuscenes,scene-0103_012,pitch_2.0deg,pitch,2.0000,7,Car,16.0917,0,0.0000,True,60,0.6333,45.9280,mid15-30m
nuscenes,scene-0103_012,pitch_2.0deg,pitch,2.0000,10,Car,27.0375,0,0.0000,True,11,0.0909,44.7821,mid15-30m
nuscenes,scene-0103_012,roll_2.0deg,roll,2.0000,0,Car,18.1333,0,0.0000,True,38,1.0000,17.0837,mid15-30m
nuscenes,scene-0103_012,roll_2.0deg,roll,2.0000,7,Car,16.0917,0,0.0000,True,60,1.0000,13.3323,mid15-30m
nuscenes,scene-0103_012,roll_2.0deg,roll,2.0000,10,Car,27.0375,0,0.0000,True,11,1.0000,6.7291,mid15-30m
nuscenes,scene-0103_012,yaw_3.0deg,yaw,3.0000,0,Car,18.1333,0,0.0000,True,38,0.9737,79.3581,mid15-30m
nuscenes,scene-0103_012,yaw_3.0deg,yaw,3.0000,7,Car,16.0917,0,0.0000,True,60,0.8000,73.7174,mid15-30m
nuscenes,scene-0103_012,yaw_3.0deg,yaw,3.0000,10,Car,27.0375,0,0.0000,True,11,0.4545,69.0332,mid15-30m
nuscenes,scene-0103_012,pitch_3.0deg,pitch,3.0000,0,Car,18.1333,0,0.0000,True,38,0.3421,67.9876,mid15-30m
nuscenes,scene-0103_012,pitch_3.0deg,pitch,3.0000,7,Car,16.0917,0,0.0000,True,60,0.2167,69.0246,mid15-30m
nuscenes,scene-0103_012,pitch_3.0deg,pitch,3.0000,10,Car,27.0375,0,0.0000,True,11,0.0000,67.2659,mid15-30m
nuscenes,scene-0103_012,roll_3.0deg,roll,3.0000,0,Car,18.1333,0,0.0000,True,38,0.8684,25.6189,mid15-30m
nuscenes,scene-0103_012,roll_3.0deg,roll,3.0000,7,Car,16.0917,0,0.0000,True,60,1.0000,20.0000,mid15-30m
nuscenes,scene-0103_012,roll_3.0deg,roll,3.0000,10,Car,27.0375,0,0.0000,True,11,1.0000,10.0922,mid15-30m
nuscenes,scene-0103_012,tfwd_2cm,tfwd,2.0000,0,Car,18.1333,0,0.0000,True,38,1.0000,0.5924,mid15-30m
nuscenes,scene-0103_012,tfwd_2cm,tfwd,2.0000,7,Car,16.0917,0,0.0000,True,60,1.0000,0.5462,mid15-30m
nuscenes,scene-0103_012,tfwd_2cm,tfwd,2.0000,10,Car,27.0375,0,0.0000,True,11,1.0000,0.1548,mid15-30m
nuscenes,scene-0103_012,tleft_2cm,tleft,2.0000,0,Car,18.1333,0,0.0000,True,38,1.0000,1.5108,mid15-30m
nuscenes,scene-0103_012,tleft_2cm,tleft,2.0000,7,Car,16.0917,0,0.0000,True,60,1.0000,1.7931,mid15-30m
nuscenes,scene-0103_012,tleft_2cm,tleft,2.0000,10,Car,27.0375,0,0.0000,True,11,1.0000,1.0035,mid15-30m
nuscenes,scene-0103_012,tup_2cm,tup,2.0000,0,Car,18.1333,0,0.0000,True,38,1.0000,1.5190,mid15-30m
nuscenes,scene-0103_012,tup_2cm,tup,2.0000,7,Car,16.0917,0,0.0000,True,60,1.0000,1.7905,mid15-30m
nuscenes,scene-0103_012,tup_2cm,tup,2.0000,10,Car,27.0375,0,0.0000,True,11,1.0000,1.0058,mid15-30m
nuscenes,scene-0103_012,tfwd_5cm,tfwd,5.0000,0,Car,18.1333,0,0.0000,True,38,1.0000,1.4784,mid15-30m
nuscenes,scene-0103_012,tfwd_5cm,tfwd,5.0000,7,Car,16.0917,0,0.0000,True,60,1.0000,1.3626,mid15-30m
nuscenes,scene-0103_012,tfwd_5cm,tfwd,5.0000,10,Car,27.0375,0,0.0000,True,11,1.0000,0.3866,mid15-30m
nuscenes,scene-0103_012,tleft_5cm,tleft,5.0000,0,Car,18.1333,0,0.0000,True,38,1.0000,3.7770,mid15-30m
nuscenes,scene-0103_012,tleft_5cm,tleft,5.0000,7,Car,16.0917,0,0.0000,True,60,1.0000,4.4825,mid15-30m
nuscenes,scene-0103_012,tleft_5cm,tleft,5.0000,10,Car,27.0375,0,0.0000,True,11,1.0000,2.5087,mid15-30m
nuscenes,scene-0103_012,tup_5cm,tup,5.0000,0,Car,18.1333,0,0.0000,True,38,1.0000,3.7971,mid15-30m
nuscenes,scene-0103_012,tup_5cm,tup,5.0000,7,Car,16.0917,0,0.0000,True,60,1.0000,4.4757,mid15-30m
nuscenes,scene-0103_012,tup_5cm,tup,5.0000,10,Car,27.0375,0,0.0000,True,11,1.0000,2.5143,mid15-30m
nuscenes,scene-0103_012,tfwd_10cm,tfwd,10.0000,0,Car,18.1333,0,0.0000,True,38,1.0000,2.9478,mid15-30m
nuscenes,scene-0103_012,tfwd_10cm,tfwd,10.0000,7,Car,16.0917,0,0.0000,True,60,1.0000,2.7155,mid15-30m
nuscenes,scene-0103_012,tfwd_10cm,tfwd,10.0000,10,Car,27.0375,0,0.0000,True,11,1.0000,0.7717,mid15-30m
nuscenes,scene-0103_012,tleft_10cm,tleft,10.0000,0,Car,18.1333,0,0.0000,True,38,1.0000,7.5538,mid15-30m
nuscenes,scene-0103_012,tleft_10cm,tleft,10.0000,7,Car,16.0917,0,0.0000,True,60,1.0000,8.9647,mid15-30m
nuscenes,scene-0103_012,tleft_10cm,tleft,10.0000,10,Car,27.0375,0,0.0000,True,11,1.0000,5.0173,mid15-30m
nuscenes,scene-0103_012,tup_10cm,tup,10.0000,0,Car,18.1333,0,0.0000,True,38,1.0000,7.5930,mid15-30m
nuscenes,scene-0103_012,tup_10cm,tup,10.0000,7,Car,16.0917,0,0.0000,True,60,1.0000,8.9496,mid15-30m
nuscenes,scene-0103_012,tup_10cm,tup,10.0000,10,Car,27.0375,0,0.0000,True,11,1.0000,5.0281,mid15-30m
nuscenes,scene-0103_013,baseline,baseline,0.0000,1,Car,16.2262,0,0.0000,True,71,1.0000,0.0000,mid15-30m
nuscenes,scene-0103_013,baseline,baseline,0.0000,8,Car,14.0952,0,0.0000,True,89,1.0000,0.0000,near<15m
nuscenes,scene-0103_013,baseline,baseline,0.0000,12,Car,24.9503,0,0.0000,True,16,1.0000,0.0000,mid15-30m
nuscenes,scene-0103_013,yaw_0.5deg,yaw,0.5000,1,Car,16.2262,0,0.0000,True,71,1.0000,13.3870,mid15-30m
nuscenes,scene-0103_013,yaw_0.5deg,yaw,0.5000,8,Car,14.0952,0,0.0000,True,89,1.0000,12.9999,near<15m
nuscenes,scene-0103_013,yaw_0.5deg,yaw,0.5000,12,Car,24.9503,0,0.0000,True,16,1.0000,11.5112,mid15-30m
nuscenes,scene-0103_013,pitch_0.5deg,pitch,0.5000,1,Car,16.2262,0,0.0000,True,71,1.0000,11.3965,mid15-30m
nuscenes,scene-0103_013,pitch_0.5deg,pitch,0.5000,8,Car,14.0952,0,0.0000,True,89,1.0000,11.6157,near<15m
nuscenes,scene-0103_013,pitch_0.5deg,pitch,0.5000,12,Car,24.9503,0,0.0000,True,16,1.0000,11.2088,mid15-30m
nuscenes,scene-0103_013,roll_0.5deg,roll,0.5000,1,Car,16.2262,0,0.0000,True,71,1.0000,4.6850,mid15-30m
nuscenes,scene-0103_013,roll_0.5deg,roll,0.5000,8,Car,14.0952,0,0.0000,True,89,1.0000,3.9643,near<15m
nuscenes,scene-0103_013,roll_0.5deg,roll,0.5000,12,Car,24.9503,0,0.0000,True,16,1.0000,1.8534,mid15-30m
nuscenes,scene-0103_013,yaw_1.0deg,yaw,1.0000,1,Car,16.2262,0,0.0000,True,71,1.0000,26.8764,mid15-30m
nuscenes,scene-0103_013,yaw_1.0deg,yaw,1.0000,8,Car,14.0952,0,0.0000,True,89,1.0000,25.9163,near<15m
nuscenes,scene-0103_013,yaw_1.0deg,yaw,1.0000,12,Car,24.9503,0,0.0000,True,16,0.9375,23.0565,mid15-30m
nuscenes,scene-0103_013,pitch_1.0deg,pitch,1.0000,1,Car,16.2262,0,0.0000,True,71,1.0000,22.8121,mid15-30m
nuscenes,scene-0103_013,pitch_1.0deg,pitch,1.0000,8,Car,14.0952,0,0.0000,True,89,1.0000,23.2538,near<15m
nuscenes,scene-0103_013,pitch_1.0deg,pitch,1.0000,12,Car,24.9503,0,0.0000,True,16,1.0000,22.4287,mid15-30m
nuscenes,scene-0103_013,roll_1.0deg,roll,1.0000,1,Car,16.2262,0,0.0000,True,71,1.0000,9.3689,mid15-30m
nuscenes,scene-0103_013,roll_1.0deg,roll,1.0000,8,Car,14.0952,0,0.0000,True,89,1.0000,7.9292,near<15m
nuscenes,scene-0103_013,roll_1.0deg,roll,1.0000,12,Car,24.9503,0,0.0000,True,16,1.0000,3.7065,mid15-30m
nuscenes,scene-0103_013,yaw_2.0deg,yaw,2.0000,1,Car,16.2262,0,0.0000,True,71,0.9859,54.1759,mid15-30m
nuscenes,scene-0103_013,yaw_2.0deg,yaw,2.0000,8,Car,14.0952,0,0.0000,True,89,0.9551,51.5100,near<15m
nuscenes,scene-0103_013,yaw_2.0deg,yaw,2.0000,12,Car,24.9503,0,0.0000,True,16,0.7500,46.2571,mid15-30m
nuscenes,scene-0103_013,pitch_2.0deg,pitch,2.0000,1,Car,16.2262,0,0.0000,True,71,0.5915,45.7082,mid15-30m
nuscenes,scene-0103_013,pitch_2.0deg,pitch,2.0000,8,Car,14.0952,0,0.0000,True,89,0.7303,46.6058,near<15m
nuscenes,scene-0103_013,pitch_2.0deg,pitch,2.0000,12,Car,24.9503,0,0.0000,True,16,0.1250,44.9089,mid15-30m
nuscenes,scene-0103_013,roll_2.0deg,roll,2.0000,1,Car,16.2262,0,0.0000,True,71,1.0000,18.7330,mid15-30m
nuscenes,scene-0103_013,roll_2.0deg,roll,2.0000,8,Car,14.0952,0,0.0000,True,89,1.0000,15.8604,near<15m
nuscenes,scene-0103_013,roll_2.0deg,roll,2.0000,12,Car,24.9503,0,0.0000,True,16,1.0000,7.4122,mid15-30m
nuscenes,scene-0103_013,yaw_3.0deg,yaw,3.0000,1,Car,16.2262,0,0.0000,True,71,0.9577,81.9266,mid15-30m
nuscenes,scene-0103_013,yaw_3.0deg,yaw,3.0000,8,Car,14.0952,0,0.0000,True,89,0.8876,76.8036,near<15m
nuscenes,scene-0103_013,yaw_3.0deg,yaw,3.0000,12,Car,24.9503,0,0.0000,True,16,0.5000,69.6179,mid15-30m
nuscenes,scene-0103_013,pitch_3.0deg,pitch,3.0000,1,Car,16.2262,0,0.0000,True,71,0.2113,68.7045,mid15-30m
nuscenes,scene-0103_013,pitch_3.0deg,pitch,3.0000,8,Car,14.0952,0,0.0000,True,89,0.4045,70.0728,near<15m
nuscenes,scene-0103_013,pitch_3.0deg,pitch,3.0000,12,Car,24.9503,0,0.0000,True,16,0.0000,67.4552,mid15-30m
nuscenes,scene-0103_013,roll_3.0deg,roll,3.0000,1,Car,16.2262,0,0.0000,True,71,0.9718,28.0917,mid15-30m
nuscenes,scene-0103_013,roll_3.0deg,roll,3.0000,8,Car,14.0952,0,0.0000,True,89,1.0000,23.7930,near<15m
nuscenes,scene-0103_013,roll_3.0deg,roll,3.0000,12,Car,24.9503,0,0.0000,True,16,1.0000,11.1166,mid15-30m
nuscenes,scene-0103_013,tfwd_2cm,tfwd,2.0000,1,Car,16.2262,0,0.0000,True,71,1.0000,0.7442,mid15-30m
nuscenes,scene-0103_013,tfwd_2cm,tfwd,2.0000,8,Car,14.0952,0,0.0000,True,89,1.0000,0.7751,near<15m
nuscenes,scene-0103_013,tfwd_2cm,tfwd,2.0000,12,Car,24.9503,0,0.0000,True,16,1.0000,0.1842,mid15-30m
nuscenes,scene-0103_013,tleft_2cm,tleft,2.0000,1,Car,16.2262,0,0.0000,True,71,1.0000,1.7360,mid15-30m
nuscenes,scene-0103_013,tleft_2cm,tleft,2.0000,8,Car,14.0952,0,0.0000,True,89,1.0000,2.1441,near<15m
nuscenes,scene-0103_013,tleft_2cm,tleft,2.0000,12,Car,24.9503,0,0.0000,True,16,1.0000,1.0814,mid15-30m
nuscenes,scene-0103_013,tup_2cm,tup,2.0000,1,Car,16.2262,0,0.0000,True,71,1.0000,1.7479,mid15-30m
nuscenes,scene-0103_013,tup_2cm,tup,2.0000,8,Car,14.0952,0,0.0000,True,89,1.0000,2.1416,near<15m
nuscenes,scene-0103_013,tup_2cm,tup,2.0000,12,Car,24.9503,0,0.0000,True,16,1.0000,1.0840,mid15-30m
nuscenes,scene-0103_013,tfwd_5cm,tfwd,5.0000,1,Car,16.2262,0,0.0000,True,71,1.0000,1.8567,mid15-30m
nuscenes,scene-0103_013,tfwd_5cm,tfwd,5.0000,8,Car,14.0952,0,0.0000,True,89,1.0000,1.9327,near<15m
nuscenes,scene-0103_013,tfwd_5cm,tfwd,5.0000,12,Car,24.9503,0,0.0000,True,16,1.0000,0.4599,mid15-30m
nuscenes,scene-0103_013,tleft_5cm,tleft,5.0000,1,Car,16.2262,0,0.0000,True,71,1.0000,4.3399,mid15-30m
nuscenes,scene-0103_013,tleft_5cm,tleft,5.0000,8,Car,14.0952,0,0.0000,True,89,1.0000,5.3601,near<15m
nuscenes,scene-0103_013,tleft_5cm,tleft,5.0000,12,Car,24.9503,0,0.0000,True,16,1.0000,2.7035,mid15-30m
nuscenes,scene-0103_013,tup_5cm,tup,5.0000,1,Car,16.2262,0,0.0000,True,71,1.0000,4.3691,mid15-30m
nuscenes,scene-0103_013,tup_5cm,tup,5.0000,8,Car,14.0952,0,0.0000,True,89,1.0000,5.3532,near<15m
nuscenes,scene-0103_013,tup_5cm,tup,5.0000,12,Car,24.9503,0,0.0000,True,16,1.0000,2.7098,mid15-30m
nuscenes,scene-0103_013,tfwd_10cm,tfwd,10.0000,1,Car,16.2262,0,0.0000,True,71,1.0000,3.7005,mid15-30m
nuscenes,scene-0103_013,tfwd_10cm,tfwd,10.0000,8,Car,14.0952,0,0.0000,True,89,1.0000,3.8488,near<15m
nuscenes,scene-0103_013,tfwd_10cm,tfwd,10.0000,12,Car,24.9503,0,0.0000,True,16,1.0000,0.9178,mid15-30m
nuscenes,scene-0103_013,tleft_10cm,tleft,10.0000,1,Car,16.2262,0,0.0000,True,71,1.0000,8.6795,mid15-30m
nuscenes,scene-0103_013,tleft_10cm,tleft,10.0000,8,Car,14.0952,0,0.0000,True,89,1.0000,10.7197,near<15m
nuscenes,scene-0103_013,tleft_10cm,tleft,10.0000,12,Car,24.9503,0,0.0000,True,16,1.0000,5.4068,mid15-30m
nuscenes,scene-0103_013,tup_10cm,tup,10.0000,1,Car,16.2262,0,0.0000,True,71,1.0000,8.7366,mid15-30m
nuscenes,scene-0103_013,tup_10cm,tup,10.0000,8,Car,14.0952,0,0.0000,True,89,1.0000,10.7039,near<15m
nuscenes,scene-0103_013,tup_10cm,tup,10.0000,12,Car,24.9503,0,0.0000,True,16,1.0000,5.4190,mid15-30m
nuscenes,scene-0103_014,baseline,baseline,0.0000,1,Car,14.3624,0,0.0000,True,109,1.0000,0.0000,near<15m
nuscenes,scene-0103_014,baseline,baseline,0.0000,9,Car,12.1866,0,0.0000,True,129,1.0000,0.0000,near<15m
nuscenes,scene-0103_014,baseline,baseline,0.0000,13,Car,22.9275,0,0.0000,True,14,1.0000,0.0000,mid15-30m
nuscenes,scene-0103_014,yaw_0.5deg,yaw,0.5000,1,Car,14.3624,0,0.0000,True,109,1.0000,13.7080,near<15m
nuscenes,scene-0103_014,yaw_0.5deg,yaw,0.5000,9,Car,12.1866,0,0.0000,True,129,1.0000,13.7488,near<15m
nuscenes,scene-0103_014,yaw_0.5deg,yaw,0.5000,13,Car,22.9275,0,0.0000,True,14,1.0000,11.6499,mid15-30m
nuscenes,scene-0103_014,pitch_0.5deg,pitch,0.5000,1,Car,14.3624,0,0.0000,True,109,1.0000,11.4825,near<15m
nuscenes,scene-0103_014,pitch_0.5deg,pitch,0.5000,9,Car,12.1866,0,0.0000,True,129,1.0000,11.8214,near<15m
nuscenes,scene-0103_014,pitch_0.5deg,pitch,0.5000,13,Car,22.9275,0,0.0000,True,14,1.0000,11.2584,mid15-30m
nuscenes,scene-0103_014,roll_0.5deg,roll,0.5000,1,Car,14.3624,0,0.0000,True,109,1.0000,4.9176,near<15m
nuscenes,scene-0103_014,roll_0.5deg,roll,0.5000,9,Car,12.1866,0,0.0000,True,129,1.0000,4.6869,near<15m
nuscenes,scene-0103_014,roll_0.5deg,roll,0.5000,13,Car,22.9275,0,0.0000,True,14,1.0000,2.0941,mid15-30m
nuscenes,scene-0103_014,yaw_1.0deg,yaw,1.0000,1,Car,14.3624,0,0.0000,True,109,0.9908,27.5268,near<15m
nuscenes,scene-0103_014,yaw_1.0deg,yaw,1.0000,9,Car,12.1866,0,0.0000,True,129,0.9922,27.3927,near<15m
nuscenes,scene-0103_014,yaw_1.0deg,yaw,1.0000,13,Car,22.9275,0,0.0000,True,14,0.9286,23.3390,mid15-30m
nuscenes,scene-0103_014,pitch_1.0deg,pitch,1.0000,1,Car,14.3624,0,0.0000,True,109,1.0000,22.9826,near<15m
nuscenes,scene-0103_014,pitch_1.0deg,pitch,1.0000,9,Car,12.1866,0,0.0000,True,129,1.0000,23.6696,near<15m
nuscenes,scene-0103_014,pitch_1.0deg,pitch,1.0000,13,Car,22.9275,0,0.0000,True,14,1.0000,22.5280,mid15-30m
nuscenes,scene-0103_014,roll_1.0deg,roll,1.0000,1,Car,14.3624,0,0.0000,True,109,1.0000,9.8340,near<15m
nuscenes,scene-0103_014,roll_1.0deg,roll,1.0000,9,Car,12.1866,0,0.0000,True,129,1.0000,9.3747,near<15m
nuscenes,scene-0103_014,roll_1.0deg,roll,1.0000,13,Car,22.9275,0,0.0000,True,14,1.0000,4.1879,mid15-30m
nuscenes,scene-0103_014,yaw_2.0deg,yaw,2.0000,1,Car,14.3624,0,0.0000,True,109,0.9817,55.5117,near<15m
nuscenes,scene-0103_014,yaw_2.0deg,yaw,2.0000,9,Car,12.1866,0,0.0000,True,129,0.9612,54.3796,near<15m
nuscenes,scene-0103_014,yaw_2.0deg,yaw,2.0000,13,Car,22.9275,0,0.0000,True,14,0.7143,46.8428,mid15-30m
nuscenes,scene-0103_014,pitch_2.0deg,pitch,2.0000,1,Car,14.3624,0,0.0000,True,109,1.0000,46.0440,near<15m
nuscenes,scene-0103_014,pitch_2.0deg,pitch,2.0000,9,Car,12.1866,0,0.0000,True,129,0.7984,47.4552,near<15m
nuscenes,scene-0103_014,pitch_2.0deg,pitch,2.0000,13,Car,22.9275,0,0.0000,True,14,0.0714,45.1087,mid15-30m
nuscenes,scene-0103_014,roll_2.0deg,roll,2.0000,1,Car,14.3624,0,0.0000,True,109,1.0000,19.6628,near<15m
nuscenes,scene-0103_014,roll_2.0deg,roll,2.0000,9,Car,12.1866,0,0.0000,True,129,1.0000,18.7523,near<15m
nuscenes,scene-0103_014,roll_2.0deg,roll,2.0000,13,Car,22.9275,0,0.0000,True,14,1.0000,8.3748,mid15-30m
nuscenes,scene-0103_014,yaw_3.0deg,yaw,3.0000,1,Car,14.3624,0,0.0000,True,109,0.9541,83.9852,near<15m
nuscenes,scene-0103_014,yaw_3.0deg,yaw,3.0000,9,Car,12.1866,0,0.0000,True,129,0.9147,80.9874,near<15m
nuscenes,scene-0103_014,yaw_3.0deg,yaw,3.0000,13,Car,22.9275,0,0.0000,True,14,0.5000,70.5284,mid15-30m
nuscenes,scene-0103_014,pitch_3.0deg,pitch,3.0000,1,Car,14.3624,0,0.0000,True,109,0.6239,69.2009,near<15m
nuscenes,scene-0103_014,pitch_3.0deg,pitch,3.0000,9,Car,12.1866,0,0.0000,True,129,0.6357,71.3748,near<15m
nuscenes,scene-0103_014,pitch_3.0deg,pitch,3.0000,13,Car,22.9275,0,0.0000,True,14,0.0000,67.7569,mid15-30m
nuscenes,scene-0103_014,roll_3.0deg,roll,3.0000,1,Car,14.3624,0,0.0000,True,109,0.8991,29.4856,near<15m
nuscenes,scene-0103_014,roll_3.0deg,roll,3.0000,9,Car,12.1866,0,0.0000,True,129,0.9612,28.1323,near<15m
nuscenes,scene-0103_014,roll_3.0deg,roll,3.0000,13,Car,22.9275,0,0.0000,True,14,1.0000,12.5601,mid15-30m
nuscenes,scene-0103_014,tfwd_2cm,tfwd,2.0000,1,Car,14.3624,0,0.0000,True,109,1.0000,0.8905,near<15m
nuscenes,scene-0103_014,tfwd_2cm,tfwd,2.0000,9,Car,12.1866,0,0.0000,True,129,1.0000,1.1050,near<15m
nuscenes,scene-0103_014,tfwd_2cm,tfwd,2.0000,13,Car,22.9275,0,0.0000,True,14,1.0000,0.2299,mid15-30m
nuscenes,scene-0103_014,tleft_2cm,tleft,2.0000,1,Car,14.3624,0,0.0000,True,109,1.0000,1.9726,near<15m
nuscenes,scene-0103_014,tleft_2cm,tleft,2.0000,9,Car,12.1866,0,0.0000,True,129,1.0000,2.5789,near<15m
nuscenes,scene-0103_014,tleft_2cm,tleft,2.0000,13,Car,22.9275,0,0.0000,True,14,1.0000,1.1937,mid15-30m
nuscenes,scene-0103_014,tup_2cm,tup,2.0000,1,Car,14.3624,0,0.0000,True,109,1.0000,1.9855,near<15m
nuscenes,scene-0103_014,tup_2cm,tup,2.0000,9,Car,12.1866,0,0.0000,True,129,1.0000,2.5758,near<15m
nuscenes,scene-0103_014,tup_2cm,tup,2.0000,13,Car,22.9275,0,0.0000,True,14,1.0000,1.1969,mid15-30m
nuscenes,scene-0103_014,tfwd_5cm,tfwd,5.0000,1,Car,14.3624,0,0.0000,True,109,1.0000,2.2211,near<15m
nuscenes,scene-0103_014,tfwd_5cm,tfwd,5.0000,9,Car,12.1866,0,0.0000,True,129,1.0000,2.7538,near<15m
nuscenes,scene-0103_014,tfwd_5cm,tfwd,5.0000,13,Car,22.9275,0,0.0000,True,14,1.0000,0.5738,mid15-30m
nuscenes,scene-0103_014,tleft_5cm,tleft,5.0000,1,Car,14.3624,0,0.0000,True,109,1.0000,4.9314,near<15m
nuscenes,scene-0103_014,tleft_5cm,tleft,5.0000,9,Car,12.1866,0,0.0000,True,129,1.0000,6.4470,near<15m
nuscenes,scene-0103_014,tleft_5cm,tleft,5.0000,13,Car,22.9275,0,0.0000,True,14,1.0000,2.9843,mid15-30m
nuscenes,scene-0103_014,tup_5cm,tup,5.0000,1,Car,14.3624,0,0.0000,True,109,1.0000,4.9631,near<15m
nuscenes,scene-0103_014,tup_5cm,tup,5.0000,9,Car,12.1866,0,0.0000,True,129,1.0000,6.4383,near<15m
nuscenes,scene-0103_014,tup_5cm,tup,5.0000,13,Car,22.9275,0,0.0000,True,14,1.0000,2.9919,mid15-30m
nuscenes,scene-0103_014,tfwd_10cm,tfwd,10.0000,1,Car,14.3624,0,0.0000,True,109,1.0000,4.4246,near<15m
nuscenes,scene-0103_014,tfwd_10cm,tfwd,10.0000,9,Car,12.1866,0,0.0000,True,129,1.0000,5.4791,near<15m
nuscenes,scene-0103_014,tfwd_10cm,tfwd,10.0000,13,Car,22.9275,0,0.0000,True,14,1.0000,1.1449,mid15-30m
nuscenes,scene-0103_014,tleft_10cm,tleft,10.0000,1,Car,14.3624,0,0.0000,True,109,1.0000,9.8623,near<15m
nuscenes,scene-0103_014,tleft_10cm,tleft,10.0000,9,Car,12.1866,0,0.0000,True,129,1.0000,12.8932,near<15m
nuscenes,scene-0103_014,tleft_10cm,tleft,10.0000,13,Car,22.9275,0,0.0000,True,14,1.0000,5.9684,mid15-30m
nuscenes,scene-0103_014,tup_10cm,tup,10.0000,1,Car,14.3624,0,0.0000,True,109,1.0000,9.9240,near<15m
nuscenes,scene-0103_014,tup_10cm,tup,10.0000,9,Car,12.1866,0,0.0000,True,129,1.0000,12.8730,near<15m
nuscenes,scene-0103_014,tup_10cm,tup,10.0000,13,Car,22.9275,0,0.0000,True,14,1.0000,5.9831,mid15-30m
nuscenes,scene-0103_015,baseline,baseline,0.0000,1,Car,13.0894,0,0.0000,True,157,1.0000,0.0000,near<15m
nuscenes,scene-0103_015,baseline,baseline,0.0000,9,Car,10.8220,0,0.2652,True,186,0.8602,0.0000,near<15m
nuscenes,scene-0103_015,baseline,baseline,0.0000,14,Car,21.5079,0,0.0000,True,21,1.0000,0.0000,mid15-30m
nuscenes,scene-0103_015,yaw_0.5deg,yaw,0.5000,1,Car,13.0894,0,0.0000,True,157,1.0000,13.5347,near<15m
nuscenes,scene-0103_015,yaw_0.5deg,yaw,0.5000,9,Car,10.8220,0,0.2652,True,186,0.8817,14.6186,near<15m
nuscenes,scene-0103_015,yaw_0.5deg,yaw,0.5000,14,Car,21.5079,0,0.0000,True,21,1.0000,11.7260,mid15-30m
nuscenes,scene-0103_015,pitch_0.5deg,pitch,0.5000,1,Car,13.0894,0,0.0000,True,157,1.0000,11.6105,near<15m
nuscenes,scene-0103_015,pitch_0.5deg,pitch,0.5000,9,Car,10.8220,0,0.2652,True,186,0.8495,12.0528,near<15m
nuscenes,scene-0103_015,pitch_0.5deg,pitch,0.5000,14,Car,21.5079,0,0.0000,True,21,1.0000,11.3175,mid15-30m
nuscenes,scene-0103_015,roll_0.5deg,roll,0.5000,1,Car,13.0894,0,0.0000,True,157,1.0000,4.5836,near<15m
nuscenes,scene-0103_015,roll_0.5deg,roll,0.5000,9,Car,10.8220,0,0.2652,True,186,0.8602,5.4313,near<15m
nuscenes,scene-0103_015,roll_0.5deg,roll,0.5000,14,Car,21.5079,0,0.0000,True,21,1.0000,2.1597,mid15-30m
nuscenes,scene-0103_015,yaw_1.0deg,yaw,1.0000,1,Car,13.0894,0,0.0000,True,157,1.0000,27.1716,near<15m
nuscenes,scene-0103_015,yaw_1.0deg,yaw,1.0000,9,Car,10.8220,0,0.2652,True,186,0.9247,29.1075,near<15m
nuscenes,scene-0103_015,yaw_1.0deg,yaw,1.0000,14,Car,21.5079,0,0.0000,True,21,1.0000,23.4927,mid15-30m
nuscenes,scene-0103_015,pitch_1.0deg,pitch,1.0000,1,Car,13.0894,0,0.0000,True,157,1.0000,23.2421,near<15m
nuscenes,scene-0103_015,pitch_1.0deg,pitch,1.0000,9,Car,10.8220,0,0.2652,True,186,0.8495,24.1371,near<15m
nuscenes,scene-0103_015,pitch_1.0deg,pitch,1.0000,14,Car,21.5079,0,0.0000,True,21,0.7619,22.6477,mid15-30m
nuscenes,scene-0103_015,roll_1.0deg,roll,1.0000,1,Car,13.0894,0,0.0000,True,157,1.0000,9.1662,near<15m
nuscenes,scene-0103_015,roll_1.0deg,roll,1.0000,9,Car,10.8220,0,0.2652,True,186,0.8602,10.8636,near<15m
nuscenes,scene-0103_015,roll_1.0deg,roll,1.0000,14,Car,21.5079,0,0.0000,True,21,1.0000,4.3192,mid15-30m
nuscenes,scene-0103_015,yaw_2.0deg,yaw,2.0000,1,Car,13.0894,0,0.0000,True,157,0.9809,54.7662,near<15m
nuscenes,scene-0103_015,yaw_2.0deg,yaw,2.0000,9,Car,10.8220,0,0.2652,True,186,0.9462,57.7125,near<15m
nuscenes,scene-0103_015,yaw_2.0deg,yaw,2.0000,14,Car,21.5079,0,0.0000,True,21,0.8571,47.1565,mid15-30m
nuscenes,scene-0103_015,pitch_2.0deg,pitch,2.0000,1,Car,13.0894,0,0.0000,True,157,0.7643,46.5771,near<15m
nuscenes,scene-0103_015,pitch_2.0deg,pitch,2.0000,9,Car,10.8220,0,0.2652,True,186,0.7312,48.4100,near<15m
nuscenes,scene-0103_015,pitch_2.0deg,pitch,2.0000,14,Car,21.5079,0,0.0000,True,21,0.7619,45.3535,mid15-30m
nuscenes,scene-0103_015,roll_2.0deg,roll,2.0000,1,Car,13.0894,0,0.0000,True,157,1.0000,18.3278,near<15m
nuscenes,scene-0103_015,roll_2.0deg,roll,2.0000,9,Car,10.8220,0,0.2652,True,186,0.8602,21.7314,near<15m
nuscenes,scene-0103_015,roll_2.0deg,roll,2.0000,14,Car,21.5079,0,0.0000,True,21,1.0000,8.6372,mid15-30m
nuscenes,scene-0103_015,yaw_3.0deg,yaw,3.0000,1,Car,13.0894,0,0.0000,True,157,0.9490,82.8128,near<15m
nuscenes,scene-0103_015,yaw_3.0deg,yaw,3.0000,9,Car,10.8220,0,0.2652,True,186,0.9355,85.8472,near<15m
nuscenes,scene-0103_015,yaw_3.0deg,yaw,3.0000,14,Car,21.5079,0,0.0000,True,21,0.7143,71.0085,mid15-30m
nuscenes,scene-0103_015,pitch_3.0deg,pitch,3.0000,1,Car,13.0894,0,0.0000,True,157,0.7070,70.0221,near<15m
nuscenes,scene-0103_015,pitch_3.0deg,pitch,3.0000,9,Car,10.8220,0,0.2652,True,186,0.7258,72.8382,near<15m
nuscenes,scene-0103_015,pitch_3.0deg,pitch,3.0000,14,Car,21.5079,0,0.0000,True,21,0.0476,68.1325,mid15-30m
nuscenes,scene-0103_015,roll_3.0deg,roll,3.0000,1,Car,13.0894,0,0.0000,True,157,0.9618,27.4840,near<15m
nuscenes,scene-0103_015,roll_3.0deg,roll,3.0000,9,Car,10.8220,0,0.2652,True,186,0.8602,32.6024,near<15m
nuscenes,scene-0103_015,roll_3.0deg,roll,3.0000,14,Car,21.5079,0,0.0000,True,21,1.0000,12.9538,mid15-30m
nuscenes,scene-0103_015,tfwd_2cm,tfwd,2.0000,1,Car,13.0894,0,0.0000,True,157,1.0000,0.9068,near<15m
nuscenes,scene-0103_015,tfwd_2cm,tfwd,2.0000,9,Car,10.8220,0,0.2652,True,186,0.8602,1.4841,near<15m
nuscenes,scene-0103_015,tfwd_2cm,tfwd,2.0000,14,Car,21.5079,0,0.0000,True,21,1.0000,0.2541,mid15-30m
nuscenes,scene-0103_015,tleft_2cm,tleft,2.0000,1,Car,13.0894,0,0.0000,True,157,1.0000,2.1567,near<15m
nuscenes,scene-0103_015,tleft_2cm,tleft,2.0000,9,Car,10.8220,0,0.2652,True,186,0.8602,2.9880,near<15m
nuscenes,scene-0103_015,tleft_2cm,tleft,2.0000,14,Car,21.5079,0,0.0000,True,21,1.0000,1.2865,mid15-30m
nuscenes,scene-0103_015,tup_2cm,tup,2.0000,1,Car,13.0894,0,0.0000,True,157,1.0000,2.1716,near<15m
nuscenes,scene-0103_015,tup_2cm,tup,2.0000,9,Car,10.8220,0,0.2652,True,186,0.8602,2.9841,near<15m
nuscenes,scene-0103_015,tup_2cm,tup,2.0000,14,Car,21.5079,0,0.0000,True,21,1.0000,1.2903,mid15-30m
nuscenes,scene-0103_015,tfwd_5cm,tfwd,5.0000,1,Car,13.0894,0,0.0000,True,157,1.0000,2.2611,near<15m
nuscenes,scene-0103_015,tfwd_5cm,tfwd,5.0000,9,Car,10.8220,0,0.2652,True,186,0.8602,3.6967,near<15m
nuscenes,scene-0103_015,tfwd_5cm,tfwd,5.0000,14,Car,21.5079,0,0.0000,True,21,1.0000,0.6344,mid15-30m
nuscenes,scene-0103_015,tleft_5cm,tleft,5.0000,1,Car,13.0894,0,0.0000,True,157,1.0000,5.3916,near<15m
nuscenes,scene-0103_015,tleft_5cm,tleft,5.0000,9,Car,10.8220,0,0.2652,True,186,0.8710,7.4697,near<15m
nuscenes,scene-0103_015,tleft_5cm,tleft,5.0000,14,Car,21.5079,0,0.0000,True,21,1.0000,3.2162,mid15-30m
nuscenes,scene-0103_015,tup_5cm,tup,5.0000,1,Car,13.0894,0,0.0000,True,157,1.0000,5.4283,near<15m
nuscenes,scene-0103_015,tup_5cm,tup,5.0000,9,Car,10.8220,0,0.2652,True,186,0.8602,7.4587,near<15m
nuscenes,scene-0103_015,tup_5cm,tup,5.0000,14,Car,21.5079,0,0.0000,True,21,1.0000,3.2256,mid15-30m
nuscenes,scene-0103_015,tfwd_10cm,tfwd,10.0000,1,Car,13.0894,0,0.0000,True,157,1.0000,4.5027,near<15m
nuscenes,scene-0103_015,tfwd_10cm,tfwd,10.0000,9,Car,10.8220,0,0.2652,True,186,0.8817,7.3490,near<15m
nuscenes,scene-0103_015,tfwd_10cm,tfwd,10.0000,14,Car,21.5079,0,0.0000,True,21,1.0000,1.2655,mid15-30m
nuscenes,scene-0103_015,tleft_10cm,tleft,10.0000,1,Car,13.0894,0,0.0000,True,157,1.0000,10.7828,near<15m
nuscenes,scene-0103_015,tleft_10cm,tleft,10.0000,9,Car,10.8220,0,0.2652,True,186,0.8817,14.9384,near<15m
nuscenes,scene-0103_015,tleft_10cm,tleft,10.0000,14,Car,21.5079,0,0.0000,True,21,1.0000,6.4322,mid15-30m
nuscenes,scene-0103_015,tup_10cm,tup,10.0000,1,Car,13.0894,0,0.0000,True,157,1.0000,10.8540,near<15m
nuscenes,scene-0103_015,tup_10cm,tup,10.0000,9,Car,10.8220,0,0.2652,True,186,0.8602,14.9126,near<15m
nuscenes,scene-0103_015,tup_10cm,tup,10.0000,14,Car,21.5079,0,0.0000,True,21,1.0000,6.4502,mid15-30m
nuscenes,scene-0103_016,baseline,baseline,0.0000,1,Car,12.6819,0,0.0000,True,140,1.0000,0.0000,near<15m
nuscenes,scene-0103_016,baseline,baseline,0.0000,9,Car,9.9210,0,0.4311,False,242,0.6570,0.0000,near<15m
nuscenes,scene-0103_016,yaw_0.5deg,yaw,0.5000,1,Car,12.6819,0,0.0000,True,140,0.9929,12.7363,near<15m
nuscenes,scene-0103_016,yaw_0.5deg,yaw,0.5000,9,Car,9.9210,0,0.4311,False,242,0.6901,15.4247,near<15m
nuscenes,scene-0103_016,pitch_0.5deg,pitch,0.5000,1,Car,12.6819,0,0.0000,True,140,1.0000,11.6431,near<15m
nuscenes,scene-0103_016,pitch_0.5deg,pitch,0.5000,9,Car,9.9210,0,0.4311,False,242,0.6570,12.2708,near<15m
nuscenes,scene-0103_016,roll_0.5deg,roll,0.5000,1,Car,12.6819,0,0.0000,True,140,1.0000,3.4646,near<15m
nuscenes,scene-0103_016,roll_0.5deg,roll,0.5000,9,Car,9.9210,0,0.4311,False,242,0.6653,6.0515,near<15m
nuscenes,scene-0103_016,yaw_1.0deg,yaw,1.0000,1,Car,12.6819,0,0.0000,True,140,0.9857,25.5447,near<15m
nuscenes,scene-0103_016,yaw_1.0deg,yaw,1.0000,9,Car,9.9210,0,0.4311,False,242,0.7273,30.6963,near<15m
nuscenes,scene-0103_016,pitch_1.0deg,pitch,1.0000,1,Car,12.6819,0,0.0000,True,140,1.0000,23.3062,near<15m
nuscenes,scene-0103_016,pitch_1.0deg,pitch,1.0000,9,Car,9.9210,0,0.4311,False,242,0.6529,24.5800,near<15m
nuscenes,scene-0103_016,roll_1.0deg,roll,1.0000,1,Car,12.6819,0,0.0000,True,140,1.0000,6.9285,near<15m
nuscenes,scene-0103_016,roll_1.0deg,roll,1.0000,9,Car,9.9210,0,0.4311,False,242,0.6653,12.1044,near<15m
nuscenes,scene-0103_016,yaw_2.0deg,yaw,2.0000,1,Car,12.6819,0,0.0000,True,140,0.9571,51.3890,near<15m
nuscenes,scene-0103_016,yaw_2.0deg,yaw,2.0000,9,Car,9.9210,0,0.4311,False,242,0.7645,60.7993,near<15m
nuscenes,scene-0103_016,pitch_2.0deg,pitch,2.0000,1,Car,12.6819,0,0.0000,True,140,1.0000,46.7006,near<15m
nuscenes,scene-0103_016,pitch_2.0deg,pitch,2.0000,9,Car,9.9210,0,0.4311,False,242,0.6488,49.3237,near<15m
nuscenes,scene-0103_016,roll_2.0deg,roll,2.0000,1,Car,12.6819,0,0.0000,True,140,1.0000,13.8541,near<15m
nuscenes,scene-0103_016,roll_2.0deg,roll,2.0000,9,Car,9.9210,0,0.4311,False,242,0.6653,24.2140,near<15m
nuscenes,scene-0103_016,yaw_3.0deg,yaw,3.0000,1,Car,12.6819,0,0.0000,True,140,0.9143,77.5558,near<15m
nuscenes,scene-0103_016,yaw_3.0deg,yaw,3.0000,9,Car,9.9210,0,0.4311,False,242,0.7934,90.3465,near<15m
nuscenes,scene-0103_016,pitch_3.0deg,pitch,3.0000,1,Car,12.6819,0,0.0000,True,140,0.7214,70.1998,near<15m
nuscenes,scene-0103_016,pitch_3.0deg,pitch,3.0000,9,Car,9.9210,0,0.4311,False,242,0.5950,74.2519,near<15m
nuscenes,scene-0103_016,roll_3.0deg,roll,3.0000,1,Car,12.6819,0,0.0000,True,140,0.9429,20.7764,near<15m
nuscenes,scene-0103_016,roll_3.0deg,roll,3.0000,9,Car,9.9210,0,0.4311,False,242,0.6694,36.3279,near<15m
nuscenes,scene-0103_016,tfwd_2cm,tfwd,2.0000,1,Car,12.6819,0,0.0000,True,140,1.0000,0.6955,near<15m
nuscenes,scene-0103_016,tfwd_2cm,tfwd,2.0000,9,Car,9.9210,0,0.4311,False,242,0.6653,1.8687,near<15m
nuscenes,scene-0103_016,tleft_2cm,tleft,2.0000,1,Car,12.6819,0,0.0000,True,140,1.0000,2.1911,near<15m
nuscenes,scene-0103_016,tleft_2cm,tleft,2.0000,9,Car,9.9210,0,0.4311,False,242,0.6694,3.3630,near<15m
nuscenes,scene-0103_016,tup_2cm,tup,2.0000,1,Car,12.6819,0,0.0000,True,140,1.0000,2.2031,near<15m
nuscenes,scene-0103_016,tup_2cm,tup,2.0000,9,Car,9.9210,0,0.4311,False,242,0.6570,3.3603,near<15m
nuscenes,scene-0103_016,tfwd_5cm,tfwd,5.0000,1,Car,12.6819,0,0.0000,True,140,1.0000,1.7340,near<15m
nuscenes,scene-0103_016,tfwd_5cm,tfwd,5.0000,9,Car,9.9210,0,0.4311,False,242,0.6694,4.6525,near<15m
nuscenes,scene-0103_016,tleft_5cm,tleft,5.0000,1,Car,12.6819,0,0.0000,True,140,1.0000,5.4775,near<15m
nuscenes,scene-0103_016,tleft_5cm,tleft,5.0000,9,Car,9.9210,0,0.4311,False,242,0.6736,8.4072,near<15m
nuscenes,scene-0103_016,tup_5cm,tup,5.0000,1,Car,12.6819,0,0.0000,True,140,1.0000,5.5070,near<15m
nuscenes,scene-0103_016,tup_5cm,tup,5.0000,9,Car,9.9210,0,0.4311,False,242,0.6612,8.3988,near<15m
nuscenes,scene-0103_016,tfwd_10cm,tfwd,10.0000,1,Car,12.6819,0,0.0000,True,140,1.0000,3.4528,near<15m
nuscenes,scene-0103_016,tfwd_10cm,tfwd,10.0000,9,Car,9.9210,0,0.4311,False,242,0.6818,9.2416,near<15m
nuscenes,scene-0103_016,tleft_10cm,tleft,10.0000,1,Car,12.6819,0,0.0000,True,140,1.0000,10.9546,near<15m
nuscenes,scene-0103_016,tleft_10cm,tleft,10.0000,9,Car,9.9210,0,0.4311,False,242,0.6942,16.8132,near<15m
nuscenes,scene-0103_016,tup_10cm,tup,10.0000,1,Car,12.6819,0,0.0000,True,140,1.0000,11.0114,near<15m
nuscenes,scene-0103_016,tup_10cm,tup,10.0000,9,Car,9.9210,0,0.4311,False,242,0.6612,16.7915,near<15m
nuscenes,scene-0103_017,baseline,baseline,0.0000,2,Car,12.8984,0,0.0000,True,109,1.0000,0.0000,near<15m
nuscenes,scene-0103_017,baseline,baseline,0.0000,9,Car,23.7944,2,0.0000,False,27,1.0000,0.0000,mid15-30m
nuscenes,scene-0103_017,baseline,baseline,0.0000,12,Car,9.2033,0,0.5519,False,270,0.5000,0.0000,near<15m
nuscenes,scene-0103_017,yaw_0.5deg,yaw,0.5000,2,Car,12.8984,0,0.0000,True,109,1.0000,12.1099,near<15m
nuscenes,scene-0103_017,yaw_0.5deg,yaw,0.5000,9,Car,23.7944,2,0.0000,False,27,1.0000,13.2812,mid15-30m
nuscenes,scene-0103_017,yaw_0.5deg,yaw,0.5000,12,Car,9.2033,0,0.5519,False,270,0.5296,16.4573,near<15m
nuscenes,scene-0103_017,pitch_0.5deg,pitch,0.5000,2,Car,12.8984,0,0.0000,True,109,1.0000,11.6321,near<15m
nuscenes,scene-0103_017,pitch_0.5deg,pitch,0.5000,9,Car,23.7944,2,0.0000,False,27,1.0000,11.3444,mid15-30m
nuscenes,scene-0103_017,pitch_0.5deg,pitch,0.5000,12,Car,9.2033,0,0.5519,False,270,0.4963,12.5152,near<15m
nuscenes,scene-0103_017,roll_0.5deg,roll,0.5000,2,Car,12.8984,0,0.0000,True,109,1.0000,2.3262,near<15m
nuscenes,scene-0103_017,roll_0.5deg,roll,0.5000,9,Car,23.7944,2,0.0000,False,27,1.0000,4.6957,mid15-30m
nuscenes,scene-0103_017,roll_0.5deg,roll,0.5000,12,Car,9.2033,0,0.5519,False,270,0.5111,6.8156,near<15m
nuscenes,scene-0103_017,yaw_1.0deg,yaw,1.0000,2,Car,12.8984,0,0.0000,True,109,1.0000,24.2643,near<15m
nuscenes,scene-0103_017,yaw_1.0deg,yaw,1.0000,9,Car,23.7944,2,0.0000,False,27,0.9630,26.6632,mid15-30m
nuscenes,scene-0103_017,yaw_1.0deg,yaw,1.0000,12,Car,9.2033,0,0.5519,False,270,0.5519,32.7301,near<15m
nuscenes,scene-0103_017,pitch_1.0deg,pitch,1.0000,2,Car,12.8984,0,0.0000,True,109,0.9450,23.2829,near<15m
nuscenes,scene-0103_017,pitch_1.0deg,pitch,1.0000,9,Car,23.7944,2,0.0000,False,27,0.5185,22.7096,mid15-30m
nuscenes,scene-0103_017,pitch_1.0deg,pitch,1.0000,12,Car,9.2033,0,0.5519,False,270,0.4963,25.0768,near<15m
nuscenes,scene-0103_017,roll_1.0deg,roll,1.0000,2,Car,12.8984,0,0.0000,True,109,1.0000,4.6522,near<15m
nuscenes,scene-0103_017,roll_1.0deg,roll,1.0000,9,Car,23.7944,2,0.0000,False,27,1.0000,9.3904,mid15-30m
nuscenes,scene-0103_017,roll_1.0deg,roll,1.0000,12,Car,9.2033,0,0.5519,False,270,0.5111,13.6330,near<15m
nuscenes,scene-0103_017,yaw_2.0deg,yaw,2.0000,2,Car,12.8984,0,0.0000,True,109,0.9725,48.7159,near<15m
nuscenes,scene-0103_017,yaw_2.0deg,yaw,2.0000,9,Car,23.7944,2,0.0000,False,27,0.7778,53.7426,mid15-30m
nuscenes,scene-0103_017,yaw_2.0deg,yaw,2.0000,12,Car,9.2033,0,0.5519,False,270,0.5889,64.7462,near<15m
nuscenes,scene-0103_017,pitch_2.0deg,pitch,2.0000,2,Car,12.8984,0,0.0000,True,109,0.9450,46.6488,near<15m
nuscenes,scene-0103_017,pitch_2.0deg,pitch,2.0000,9,Car,23.7944,2,0.0000,False,27,0.5185,45.5106,mid15-30m
nuscenes,scene-0103_017,pitch_2.0deg,pitch,2.0000,12,Car,9.2033,0,0.5519,False,270,0.4926,50.3500,near<15m
nuscenes,scene-0103_017,roll_2.0deg,roll,2.0000,2,Car,12.8984,0,0.0000,True,109,1.0000,9.3029,near<15m
nuscenes,scene-0103_017,roll_2.0deg,roll,2.0000,9,Car,23.7944,2,0.0000,False,27,1.0000,18.7760,mid15-30m
nuscenes,scene-0103_017,roll_2.0deg,roll,2.0000,12,Car,9.2033,0,0.5519,False,270,0.5111,27.2729,near<15m
nuscenes,scene-0103_017,yaw_3.0deg,yaw,3.0000,2,Car,12.8984,0,0.0000,True,109,0.9725,73.3737,near<15m
nuscenes,scene-0103_017,yaw_3.0deg,yaw,3.0000,9,Car,23.7944,2,0.0000,False,27,0.5556,81.2656,mid15-30m
nuscenes,scene-0103_017,yaw_3.0deg,yaw,3.0000,12,Car,9.2033,0,0.5519,False,270,0.6407,96.0936,near<15m
nuscenes,scene-0103_017,pitch_3.0deg,pitch,3.0000,2,Car,12.8984,0,0.0000,True,109,0.6514,70.1141,near<15m
nuscenes,scene-0103_017,pitch_3.0deg,pitch,3.0000,9,Car,23.7944,2,0.0000,False,27,0.0370,68.4192,mid15-30m
nuscenes,scene-0103_017,pitch_3.0deg,pitch,3.0000,12,Car,9.2033,0,0.5519,False,270,0.4593,75.8423,near<15m
nuscenes,scene-0103_017,roll_3.0deg,roll,3.0000,2,Car,12.8984,0,0.0000,True,109,1.0000,13.9518,near<15m
nuscenes,scene-0103_017,roll_3.0deg,roll,3.0000,9,Car,23.7944,2,0.0000,False,27,1.0000,28.1563,mid15-30m
nuscenes,scene-0103_017,roll_3.0deg,roll,3.0000,12,Car,9.2033,0,0.5519,False,270,0.5148,40.9183,near<15m
nuscenes,scene-0103_017,tfwd_2cm,tfwd,2.0000,2,Car,12.8984,0,0.0000,True,109,1.0000,0.4522,near<15m
nuscenes,scene-0103_017,tfwd_2cm,tfwd,2.0000,9,Car,23.7944,2,0.0000,False,27,1.0000,0.5224,mid15-30m
nuscenes,scene-0103_017,tfwd_2cm,tfwd,2.0000,12,Car,9.2033,0,0.5519,False,270,0.5111,2.3798,near<15m
nuscenes,scene-0103_017,tleft_2cm,tleft,2.0000,2,Car,12.8984,0,0.0000,True,109,1.0000,2.1241,near<15m
nuscenes,scene-0103_017,tleft_2cm,tleft,2.0000,9,Car,23.7944,2,0.0000,False,27,1.0000,1.2170,mid15-30m
nuscenes,scene-0103_017,tleft_2cm,tleft,2.0000,12,Car,9.2033,0,0.5519,False,270,0.5111,3.8105,near<15m
nuscenes,scene-0103_017,tup_2cm,tup,2.0000,2,Car,12.8984,0,0.0000,True,109,1.0000,2.1330,near<15m
nuscenes,scene-0103_017,tup_2cm,tup,2.0000,9,Car,23.7944,2,0.0000,False,27,1.0000,1.2263,mid15-30m
nuscenes,scene-0103_017,tup_2cm,tup,2.0000,12,Car,9.2033,0,0.5519,False,270,0.5000,3.8083,near<15m
nuscenes,scene-0103_017,tfwd_5cm,tfwd,5.0000,2,Car,12.8984,0,0.0000,True,109,1.0000,1.1275,near<15m
nuscenes,scene-0103_017,tfwd_5cm,tfwd,5.0000,9,Car,23.7944,2,0.0000,False,27,1.0000,1.3040,mid15-30m
nuscenes,scene-0103_017,tfwd_5cm,tfwd,5.0000,12,Car,9.2033,0,0.5519,False,270,0.5111,5.9218,near<15m
nuscenes,scene-0103_017,tleft_5cm,tleft,5.0000,2,Car,12.8984,0,0.0000,True,109,1.0000,5.3100,near<15m
nuscenes,scene-0103_017,tleft_5cm,tleft,5.0000,9,Car,23.7944,2,0.0000,False,27,1.0000,3.0425,mid15-30m
nuscenes,scene-0103_017,tleft_5cm,tleft,5.0000,12,Car,9.2033,0,0.5519,False,270,0.5185,9.5259,near<15m
nuscenes,scene-0103_017,tup_5cm,tup,5.0000,2,Car,12.8984,0,0.0000,True,109,1.0000,5.3317,near<15m
nuscenes,scene-0103_017,tup_5cm,tup,5.0000,9,Car,23.7944,2,0.0000,False,27,1.0000,3.0654,mid15-30m
nuscenes,scene-0103_017,tup_5cm,tup,5.0000,12,Car,9.2033,0,0.5519,False,270,0.5037,9.5184,near<15m
nuscenes,scene-0103_017,tfwd_10cm,tfwd,10.0000,2,Car,12.8984,0,0.0000,True,109,1.0000,2.2453,near<15m
nuscenes,scene-0103_017,tfwd_10cm,tfwd,10.0000,9,Car,23.7944,2,0.0000,False,27,1.0000,2.6017,mid15-30m
nuscenes,scene-0103_017,tfwd_10cm,tfwd,10.0000,12,Car,9.2033,0,0.5519,False,270,0.5185,11.7522,near<15m
nuscenes,scene-0103_017,tleft_10cm,tleft,10.0000,2,Car,12.8984,0,0.0000,True,109,1.0000,10.6195,near<15m
nuscenes,scene-0103_017,tleft_10cm,tleft,10.0000,9,Car,23.7944,2,0.0000,False,27,1.0000,6.0848,mid15-30m
nuscenes,scene-0103_017,tleft_10cm,tleft,10.0000,12,Car,9.2033,0,0.5519,False,270,0.5370,19.0501,near<15m
nuscenes,scene-0103_017,tup_10cm,tup,10.0000,2,Car,12.8984,0,0.0000,True,109,1.0000,10.6608,near<15m
nuscenes,scene-0103_017,tup_10cm,tup,10.0000,9,Car,23.7944,2,0.0000,False,27,1.0000,6.1301,mid15-30m
nuscenes,scene-0103_017,tup_10cm,tup,10.0000,12,Car,9.2033,0,0.5519,False,270,0.5037,19.0288,near<15m
nuscenes,scene-0103_018,baseline,baseline,0.0000,2,Car,13.3895,0,0.0000,True,88,1.0000,0.0000,near<15m
nuscenes,scene-0103_018,baseline,baseline,0.0000,9,Car,22.9224,0,0.0000,True,32,1.0000,0.0000,mid15-30m
nuscenes,scene-0103_018,baseline,baseline,0.0000,12,Car,8.4223,0,0.6722,False,349,0.3668,0.0000,near<15m
nuscenes,scene-0103_018,baseline,baseline,0.0000,18,Car,17.9347,2,0.0000,False,30,1.0000,0.0000,mid15-30m
nuscenes,scene-0103_018,yaw_0.5deg,yaw,0.5000,2,Car,13.3895,0,0.0000,True,88,1.0000,11.8022,near<15m
nuscenes,scene-0103_018,yaw_0.5deg,yaw,0.5000,9,Car,22.9224,0,0.0000,True,32,1.0000,13.3009,mid15-30m
nuscenes,scene-0103_018,yaw_0.5deg,yaw,0.5000,12,Car,8.4223,0,0.6722,False,349,0.3897,17.6757,near<15m
nuscenes,scene-0103_018,yaw_0.5deg,yaw,0.5000,18,Car,17.9347,2,0.0000,False,30,1.0000,12.3875,mid15-30m
nuscenes,scene-0103_018,pitch_0.5deg,pitch,0.5000,2,Car,13.3895,0,0.0000,True,88,1.0000,11.6054,near<15m
nuscenes,scene-0103_018,pitch_0.5deg,pitch,0.5000,9,Car,22.9224,0,0.0000,True,32,1.0000,11.3411,mid15-30m
nuscenes,scene-0103_018,pitch_0.5deg,pitch,0.5000,12,Car,8.4223,0,0.6722,False,349,0.3668,12.8001,near<15m
nuscenes,scene-0103_018,pitch_0.5deg,pitch,0.5000,18,Car,17.9347,2,0.0000,False,30,1.0000,11.4625,mid15-30m
nuscenes,scene-0103_018,roll_0.5deg,roll,0.5000,2,Car,13.3895,0,0.0000,True,88,1.0000,1.5836,near<15m
nuscenes,scene-0103_018,roll_0.5deg,roll,0.5000,9,Car,22.9224,0,0.0000,True,32,1.0000,4.6999,mid15-30m
nuscenes,scene-0103_018,roll_0.5deg,roll,0.5000,12,Car,8.4223,0,0.6722,False,349,0.3668,7.5952,near<15m
nuscenes,scene-0103_018,roll_0.5deg,roll,0.5000,18,Car,17.9347,2,0.0000,False,30,1.0000,3.2852,mid15-30m
nuscenes,scene-0103_018,yaw_1.0deg,yaw,1.0000,2,Car,13.3895,0,0.0000,True,88,1.0000,23.6320,near<15m
nuscenes,scene-0103_018,yaw_1.0deg,yaw,1.0000,9,Car,22.9224,0,0.0000,True,32,0.9688,26.7031,mid15-30m
nuscenes,scene-0103_018,yaw_1.0deg,yaw,1.0000,12,Car,8.4223,0,0.6722,False,349,0.4241,35.1288,near<15m
nuscenes,scene-0103_018,yaw_1.0deg,yaw,1.0000,18,Car,17.9347,2,0.0000,False,30,0.9667,24.8406,mid15-30m
nuscenes,scene-0103_018,pitch_1.0deg,pitch,1.0000,2,Car,13.3895,0,0.0000,True,88,1.0000,23.2284,near<15m
nuscenes,scene-0103_018,pitch_1.0deg,pitch,1.0000,9,Car,22.9224,0,0.0000,True,32,1.0000,22.7021,mid15-30m
nuscenes,scene-0103_018,pitch_1.0deg,pitch,1.0000,12,Car,8.4223,0,0.6722,False,349,0.3610,25.6557,near<15m
nuscenes,scene-0103_018,pitch_1.0deg,pitch,1.0000,18,Car,17.9347,2,0.0000,False,30,1.0000,22.9446,mid15-30m
nuscenes,scene-0103_018,roll_1.0deg,roll,1.0000,2,Car,13.3895,0,0.0000,True,88,1.0000,3.1670,near<15m
nuscenes,scene-0103_018,roll_1.0deg,roll,1.0000,9,Car,22.9224,0,0.0000,True,32,1.0000,9.3988,mid15-30m
nuscenes,scene-0103_018,roll_1.0deg,roll,1.0000,12,Car,8.4223,0,0.6722,False,349,0.3668,15.1928,near<15m
nuscenes,scene-0103_018,roll_1.0deg,roll,1.0000,18,Car,17.9347,2,0.0000,False,30,1.0000,6.5699,mid15-30m
nuscenes,scene-0103_018,yaw_2.0deg,yaw,2.0000,2,Car,13.3895,0,0.0000,True,88,0.9545,47.3824,near<15m
nuscenes,scene-0103_018,yaw_2.0deg,yaw,2.0000,9,Car,22.9224,0,0.0000,True,32,0.8750,53.8244,mid15-30m
nuscenes,scene-0103_018,yaw_2.0deg,yaw,2.0000,12,Car,8.4223,0,0.6722,False,349,0.4613,69.3964,near<15m
nuscenes,scene-0103_018,yaw_2.0deg,yaw,2.0000,18,Car,17.9347,2,0.0000,False,30,0.8000,49.9539,mid15-30m
nuscenes,scene-0103_018,pitch_2.0deg,pitch,2.0000,2,Car,13.3895,0,0.0000,True,88,0.9432,46.5354,near<15m
nuscenes,scene-0103_018,pitch_2.0deg,pitch,2.0000,9,Car,22.9224,0,0.0000,True,32,0.6562,45.4920,mid15-30m
nuscenes,scene-0103_018,pitch_2.0deg,pitch,2.0000,12,Car,8.4223,0,0.6722,False,349,0.3553,51.5457,near<15m
nuscenes,scene-0103_018,pitch_2.0deg,pitch,2.0000,18,Car,17.9347,2,0.0000,False,30,0.5333,45.9756,mid15-30m
nuscenes,scene-0103_018,roll_2.0deg,roll,2.0000,2,Car,13.3895,0,0.0000,True,88,1.0000,6.3332,near<15m
nuscenes,scene-0103_018,roll_2.0deg,roll,2.0000,9,Car,22.9224,0,0.0000,True,32,1.0000,18.7928,mid15-30m
nuscenes,scene-0103_018,roll_2.0deg,roll,2.0000,12,Car,8.4223,0,0.6722,False,349,0.3696,30.3942,near<15m
nuscenes,scene-0103_018,roll_2.0deg,roll,2.0000,18,Car,17.9347,2,0.0000,False,30,1.0000,13.1372,mid15-30m
nuscenes,scene-0103_018,yaw_3.0deg,yaw,3.0000,2,Car,13.3895,0,0.0000,True,88,0.8864,71.2684,near<15m
nuscenes,scene-0103_018,yaw_3.0deg,yaw,3.0000,9,Car,22.9224,0,0.0000,True,32,0.7500,81.3918,mid15-30m
nuscenes,scene-0103_018,yaw_3.0deg,yaw,3.0000,12,Car,8.4223,0,0.6722,False,349,0.4986,102.8582,near<15m
nuscenes,scene-0103_018,yaw_3.0deg,yaw,3.0000,18,Car,17.9347,2,0.0000,False,30,0.6000,75.3610,mid15-30m
nuscenes,scene-0103_018,pitch_3.0deg,pitch,3.0000,2,Car,13.3895,0,0.0000,True,88,0.6932,69.9371,near<15m
nuscenes,scene-0103_018,pitch_3.0deg,pitch,3.0000,9,Car,22.9224,0,0.0000,True,32,0.0625,68.3856,mid15-30m
nuscenes,scene-0103_018,pitch_3.0deg,pitch,3.0000,12,Car,8.4223,0,0.6722,False,349,0.3524,77.6948,near<15m
nuscenes,scene-0103_018,pitch_3.0deg,pitch,3.0000,18,Car,17.9347,2,0.0000,False,30,0.5333,69.1089,mid15-30m
nuscenes,scene-0103_018,roll_3.0deg,roll,3.0000,2,Car,13.3895,0,0.0000,True,88,1.0000,9.4984,near<15m
nuscenes,scene-0103_018,roll_3.0deg,roll,3.0000,9,Car,22.9224,0,0.0000,True,32,0.9688,28.1815,mid15-30m
nuscenes,scene-0103_018,roll_3.0deg,roll,3.0000,12,Car,8.4223,0,0.6722,False,349,0.3811,45.6030,near<15m
nuscenes,scene-0103_018,roll_3.0deg,roll,3.0000,18,Car,17.9347,2,0.0000,False,30,1.0000,19.7017,mid15-30m
nuscenes,scene-0103_018,tfwd_2cm,tfwd,2.0000,2,Car,13.3895,0,0.0000,True,88,1.0000,0.2934,near<15m
nuscenes,scene-0103_018,tfwd_2cm,tfwd,2.0000,9,Car,22.9224,0,0.0000,True,32,1.0000,0.5339,mid15-30m
nuscenes,scene-0103_018,tfwd_2cm,tfwd,2.0000,12,Car,8.4223,0,0.6722,False,349,0.3696,3.0293,near<15m
nuscenes,scene-0103_018,tfwd_2cm,tfwd,2.0000,18,Car,17.9347,2,0.0000,False,30,1.0000,0.4809,mid15-30m
nuscenes,scene-0103_018,tleft_2cm,tleft,2.0000,2,Car,13.3895,0,0.0000,True,88,1.0000,2.0490,near<15m
nuscenes,scene-0103_018,tleft_2cm,tleft,2.0000,9,Car,22.9224,0,0.0000,True,32,1.0000,1.2385,mid15-30m
nuscenes,scene-0103_018,tleft_2cm,tleft,2.0000,12,Car,8.4223,0,0.6722,False,349,0.3696,4.3197,near<15m
nuscenes,scene-0103_018,tleft_2cm,tleft,2.0000,18,Car,17.9347,2,0.0000,False,30,1.0000,1.6109,mid15-30m
nuscenes,scene-0103_018,tup_2cm,tup,2.0000,2,Car,13.3895,0,0.0000,True,88,1.0000,2.0554,near<15m
nuscenes,scene-0103_018,tup_2cm,tup,2.0000,9,Car,22.9224,0,0.0000,True,32,1.0000,1.2476,mid15-30m
nuscenes,scene-0103_018,tup_2cm,tup,2.0000,12,Car,8.4223,0,0.6722,False,349,0.3668,4.3190,near<15m
nuscenes,scene-0103_018,tup_2cm,tup,2.0000,18,Car,17.9347,2,0.0000,False,30,1.0000,1.6200,mid15-30m
nuscenes,scene-0103_018,tfwd_5cm,tfwd,5.0000,2,Car,13.3895,0,0.0000,True,88,1.0000,0.7317,near<15m
nuscenes,scene-0103_018,tfwd_5cm,tfwd,5.0000,9,Car,22.9224,0,0.0000,True,32,1.0000,1.3328,mid15-30m
nuscenes,scene-0103_018,tfwd_5cm,tfwd,5.0000,12,Car,8.4223,0,0.6722,False,349,0.3696,7.5327,near<15m
nuscenes,scene-0103_018,tfwd_5cm,tfwd,5.0000,18,Car,17.9347,2,0.0000,False,30,1.0000,1.2000,mid15-30m
nuscenes,scene-0103_018,tleft_5cm,tleft,5.0000,2,Car,13.3895,0,0.0000,True,88,1.0000,5.1223,near<15m
nuscenes,scene-0103_018,tleft_5cm,tleft,5.0000,9,Car,22.9224,0,0.0000,True,32,1.0000,3.0961,mid15-30m
nuscenes,scene-0103_018,tleft_5cm,tleft,5.0000,12,Car,8.4223,0,0.6722,False,349,0.3840,10.7987,near<15m
nuscenes,scene-0103_018,tleft_5cm,tleft,5.0000,18,Car,17.9347,2,0.0000,False,30,1.0000,4.0272,mid15-30m
nuscenes,scene-0103_018,tup_5cm,tup,5.0000,2,Car,13.3895,0,0.0000,True,88,1.0000,5.1379,near<15m
nuscenes,scene-0103_018,tup_5cm,tup,5.0000,9,Car,22.9224,0,0.0000,True,32,1.0000,3.1186,mid15-30m
nuscenes,scene-0103_018,tup_5cm,tup,5.0000,12,Car,8.4223,0,0.6722,False,349,0.3668,10.7943,near<15m
nuscenes,scene-0103_018,tup_5cm,tup,5.0000,18,Car,17.9347,2,0.0000,False,30,1.0000,4.0496,mid15-30m
nuscenes,scene-0103_018,tfwd_10cm,tfwd,10.0000,2,Car,13.3895,0,0.0000,True,88,1.0000,1.4574,near<15m
nuscenes,scene-0103_018,tfwd_10cm,tfwd,10.0000,9,Car,22.9224,0,0.0000,True,32,1.0000,2.6589,mid15-30m
nuscenes,scene-0103_018,tfwd_10cm,tfwd,10.0000,12,Car,8.4223,0,0.6722,False,349,0.3868,14.9319,near<15m
nuscenes,scene-0103_018,tfwd_10cm,tfwd,10.0000,18,Car,17.9347,2,0.0000,False,30,1.0000,2.3923,mid15-30m
nuscenes,scene-0103_018,tleft_10cm,tleft,10.0000,2,Car,13.3895,0,0.0000,True,88,1.0000,10.2442,near<15m
nuscenes,scene-0103_018,tleft_10cm,tleft,10.0000,9,Car,22.9224,0,0.0000,True,32,1.0000,6.1920,mid15-30m
nuscenes,scene-0103_018,tleft_10cm,tleft,10.0000,12,Car,8.4223,0,0.6722,False,349,0.4040,21.5954,near<15m
nuscenes,scene-0103_018,tleft_10cm,tleft,10.0000,18,Car,17.9347,2,0.0000,False,30,1.0000,8.0542,mid15-30m
nuscenes,scene-0103_018,tup_10cm,tup,10.0000,2,Car,13.3895,0,0.0000,True,88,1.0000,10.2734,near<15m
nuscenes,scene-0103_018,tup_10cm,tup,10.0000,9,Car,22.9224,0,0.0000,True,32,1.0000,6.2364,mid15-30m
nuscenes,scene-0103_018,tup_10cm,tup,10.0000,12,Car,8.4223,0,0.6722,False,349,0.3668,21.5783,near<15m
nuscenes,scene-0103_018,tup_10cm,tup,10.0000,18,Car,17.9347,2,0.0000,False,30,1.0000,8.0979,mid15-30m
nuscenes,scene-0103_019,baseline,baseline,0.0000,2,Car,15.3410,0,0.0000,True,50,1.0000,0.0000,mid15-30m
nuscenes,scene-0103_019,baseline,baseline,0.0000,10,Car,22.1164,2,0.0000,False,29,1.0000,0.0000,mid15-30m
nuscenes,scene-0103_019,baseline,baseline,0.0000,13,Car,7.6442,0,0.8178,False,428,0.1752,0.0000,near<15m
nuscenes,scene-0103_019,baseline,baseline,0.0000,19,Car,16.5282,0,0.0000,True,72,1.0000,0.0000,mid15-30m
nuscenes,scene-0103_019,yaw_0.5deg,yaw,0.5000,2,Car,15.3410,0,0.0000,True,50,1.0000,11.5048,mid15-30m
nuscenes,scene-0103_019,yaw_0.5deg,yaw,0.5000,10,Car,22.1164,2,0.0000,False,29,1.0000,13.4606,mid15-30m
nuscenes,scene-0103_019,yaw_0.5deg,yaw,0.5000,13,Car,7.6442,0,0.8178,False,428,0.2033,20.2992,near<15m
nuscenes,scene-0103_019,yaw_0.5deg,yaw,0.5000,19,Car,16.5282,0,0.0000,True,72,1.0000,12.5139,mid15-30m
nuscenes,scene-0103_019,pitch_0.5deg,pitch,0.5000,2,Car,15.3410,0,0.0000,True,50,1.0000,11.5173,mid15-30m
nuscenes,scene-0103_019,pitch_0.5deg,pitch,0.5000,10,Car,22.1164,2,0.0000,False,29,1.0000,11.3560,mid15-30m
nuscenes,scene-0103_019,pitch_0.5deg,pitch,0.5000,13,Car,7.6442,0,0.8178,False,428,0.1729,13.3420,near<15m
nuscenes,scene-0103_019,pitch_0.5deg,pitch,0.5000,19,Car,16.5282,0,0.0000,True,72,1.0000,11.4962,mid15-30m
nuscenes,scene-0103_019,roll_0.5deg,roll,0.5000,2,Car,15.3410,0,0.0000,True,50,1.0000,0.6274,mid15-30m
nuscenes,scene-0103_019,roll_0.5deg,roll,0.5000,10,Car,22.1164,2,0.0000,False,29,1.0000,4.8736,mid15-30m
nuscenes,scene-0103_019,roll_0.5deg,roll,0.5000,13,Car,7.6442,0,0.8178,False,428,0.1776,9.1070,near<15m
nuscenes,scene-0103_019,roll_0.5deg,roll,0.5000,19,Car,16.5282,0,0.0000,True,72,1.0000,3.4298,mid15-30m
nuscenes,scene-0103_019,yaw_1.0deg,yaw,1.0000,2,Car,15.3410,0,0.0000,True,50,1.0000,23.0103,mid15-30m
nuscenes,scene-0103_019,yaw_1.0deg,yaw,1.0000,10,Car,22.1164,2,0.0000,False,29,0.9655,27.0275,mid15-30m
nuscenes,scene-0103_019,yaw_1.0deg,yaw,1.0000,13,Car,7.6442,0,0.8178,False,428,0.2220,40.2884,near<15m
nuscenes,scene-0103_019,yaw_1.0deg,yaw,1.0000,19,Car,16.5282,0,0.0000,True,72,1.0000,25.0971,mid15-30m
nuscenes,scene-0103_019,pitch_1.0deg,pitch,1.0000,2,Car,15.3410,0,0.0000,True,50,0.8400,23.0492,mid15-30m
nuscenes,scene-0103_019,pitch_1.0deg,pitch,1.0000,10,Car,22.1164,2,0.0000,False,29,1.0000,22.7325,mid15-30m
nuscenes,scene-0103_019,pitch_1.0deg,pitch,1.0000,13,Car,7.6442,0,0.8178,False,428,0.1682,26.7582,near<15m
nuscenes,scene-0103_019,pitch_1.0deg,pitch,1.0000,19,Car,16.5282,0,0.0000,True,72,1.0000,23.0138,mid15-30m
nuscenes,scene-0103_019,roll_1.0deg,roll,1.0000,2,Car,15.3410,0,0.0000,True,50,1.0000,1.2547,mid15-30m
nuscenes,scene-0103_019,roll_1.0deg,roll,1.0000,10,Car,22.1164,2,0.0000,False,29,1.0000,9.7461,mid15-30m
nuscenes,scene-0103_019,roll_1.0deg,roll,1.0000,13,Car,7.6442,0,0.8178,False,428,0.1799,18.2174,near<15m
nuscenes,scene-0103_019,roll_1.0deg,roll,1.0000,19,Car,16.5282,0,0.0000,True,72,1.0000,6.8589,mid15-30m
nuscenes,scene-0103_019,yaw_2.0deg,yaw,2.0000,2,Car,15.3410,0,0.0000,True,50,1.0000,46.0312,mid15-30m
nuscenes,scene-0103_019,yaw_2.0deg,yaw,2.0000,10,Car,22.1164,2,0.0000,False,29,0.8966,54.4940,mid15-30m
nuscenes,scene-0103_019,yaw_2.0deg,yaw,2.0000,13,Car,7.6442,0,0.8178,False,428,0.2617,79.3797,near<15m
nuscenes,scene-0103_019,yaw_2.0deg,yaw,2.0000,19,Car,16.5282,0,0.0000,True,72,0.9444,50.4823,mid15-30m
nuscenes,scene-0103_019,pitch_2.0deg,pitch,2.0000,2,Car,15.3410,0,0.0000,True,50,0.8400,46.1639,mid15-30m
nuscenes,scene-0103_019,pitch_2.0deg,pitch,2.0000,10,Car,22.1164,2,0.0000,False,29,0.5517,45.5550,mid15-30m
nuscenes,scene-0103_019,pitch_2.0deg,pitch,2.0000,13,Car,7.6442,0,0.8178,False,428,0.1682,53.8276,near<15m
nuscenes,scene-0103_019,pitch_2.0deg,pitch,2.0000,19,Car,16.5282,0,0.0000,True,72,0.8333,46.1212,mid15-30m
nuscenes,scene-0103_019,roll_2.0deg,roll,2.0000,2,Car,15.3410,0,0.0000,True,50,1.0000,2.5093,mid15-30m
nuscenes,scene-0103_019,roll_2.0deg,roll,2.0000,10,Car,22.1164,2,0.0000,False,29,1.0000,19.4872,mid15-30m
nuscenes,scene-0103_019,roll_2.0deg,roll,2.0000,13,Car,7.6442,0,0.8178,False,428,0.1799,36.4476,near<15m
nuscenes,scene-0103_019,roll_2.0deg,roll,2.0000,19,Car,16.5282,0,0.0000,True,72,1.0000,13.7151,mid15-30m
nuscenes,scene-0103_019,yaw_3.0deg,yaw,3.0000,2,Car,15.3410,0,0.0000,True,50,0.9600,69.0779,mid15-30m
nuscenes,scene-0103_019,yaw_3.0deg,yaw,3.0000,10,Car,22.1164,2,0.0000,False,29,0.8966,82.4283,mid15-30m
nuscenes,scene-0103_019,yaw_3.0deg,yaw,3.0000,13,Car,7.6442,0,0.8178,False,428,0.2967,117.3552,near<15m
nuscenes,scene-0103_019,yaw_3.0deg,yaw,3.0000,19,Car,16.5282,0,0.0000,True,72,0.8889,76.1776,mid15-30m
nuscenes,scene-0103_019,pitch_3.0deg,pitch,3.0000,2,Car,15.3410,0,0.0000,True,50,0.6200,69.3599,mid15-30m
nuscenes,scene-0103_019,pitch_3.0deg,pitch,3.0000,10,Car,22.1164,2,0.0000,False,29,0.5517,68.4839,mid15-30m
nuscenes,scene-0103_019,pitch_3.0deg,pitch,3.0000,13,Car,7.6442,0,0.8178,False,428,0.1612,81.2374,near<15m
nuscenes,scene-0103_019,pitch_3.0deg,pitch,3.0000,19,Car,16.5282,0,0.0000,True,72,0.4028,69.3384,mid15-30m
nuscenes,scene-0103_019,roll_3.0deg,roll,3.0000,2,Car,15.3410,0,0.0000,True,50,1.0000,3.7636,mid15-30m
nuscenes,scene-0103_019,roll_3.0deg,roll,3.0000,10,Car,22.1164,2,0.0000,False,29,0.8966,29.2226,mid15-30m
nuscenes,scene-0103_019,roll_3.0deg,roll,3.0000,13,Car,7.6442,0,0.8178,False,428,0.1869,54.6891,near<15m
nuscenes,scene-0103_019,roll_3.0deg,roll,3.0000,19,Car,16.5282,0,0.0000,True,72,1.0000,20.5681,mid15-30m
nuscenes,scene-0103_019,tfwd_2cm,tfwd,2.0000,2,Car,15.3410,0,0.0000,True,50,1.0000,0.1002,mid15-30m
nuscenes,scene-0103_019,tfwd_2cm,tfwd,2.0000,10,Car,22.1164,2,0.0000,False,29,1.0000,0.5772,mid15-30m
nuscenes,scene-0103_019,tfwd_2cm,tfwd,2.0000,13,Car,7.6442,0,0.8178,False,428,0.1822,4.3886,near<15m
nuscenes,scene-0103_019,tfwd_2cm,tfwd,2.0000,19,Car,16.5282,0,0.0000,True,72,1.0000,0.5301,mid15-30m
nuscenes,scene-0103_019,tleft_2cm,tleft,2.0000,2,Car,15.3410,0,0.0000,True,50,1.0000,1.7999,mid15-30m
nuscenes,scene-0103_019,tleft_2cm,tleft,2.0000,10,Car,22.1164,2,0.0000,False,29,1.0000,1.2916,mid15-30m
nuscenes,scene-0103_019,tleft_2cm,tleft,2.0000,13,Car,7.6442,0,0.8178,False,428,0.1846,5.1907,near<15m
nuscenes,scene-0103_019,tleft_2cm,tleft,2.0000,19,Car,16.5282,0,0.0000,True,72,1.0000,1.6871,mid15-30m
nuscenes,scene-0103_019,tup_2cm,tup,2.0000,2,Car,15.3410,0,0.0000,True,50,1.0000,1.8019,mid15-30m
nuscenes,scene-0103_019,tup_2cm,tup,2.0000,10,Car,22.1164,2,0.0000,False,29,1.0000,1.3014,mid15-30m
nuscenes,scene-0103_019,tup_2cm,tup,2.0000,13,Car,7.6442,0,0.8178,False,428,0.1752,5.1921,near<15m
nuscenes,scene-0103_019,tup_2cm,tup,2.0000,19,Car,16.5282,0,0.0000,True,72,1.0000,1.6976,mid15-30m
nuscenes,scene-0103_019,tfwd_5cm,tfwd,5.0000,2,Car,15.3410,0,0.0000,True,50,1.0000,0.2500,mid15-30m
nuscenes,scene-0103_019,tfwd_5cm,tfwd,5.0000,10,Car,22.1164,2,0.0000,False,29,1.0000,1.4407,mid15-30m
nuscenes,scene-0103_019,tfwd_5cm,tfwd,5.0000,13,Car,7.6442,0,0.8178,False,428,0.1846,10.9001,near<15m
nuscenes,scene-0103_019,tfwd_5cm,tfwd,5.0000,19,Car,16.5282,0,0.0000,True,72,1.0000,1.3226,mid15-30m
nuscenes,scene-0103_019,tleft_5cm,tleft,5.0000,2,Car,15.3410,0,0.0000,True,50,1.0000,4.4998,mid15-30m
nuscenes,scene-0103_019,tleft_5cm,tleft,5.0000,10,Car,22.1164,2,0.0000,False,29,1.0000,3.2289,mid15-30m
nuscenes,scene-0103_019,tleft_5cm,tleft,5.0000,13,Car,7.6442,0,0.8178,False,428,0.1869,12.9759,near<15m
nuscenes,scene-0103_019,tleft_5cm,tleft,5.0000,19,Car,16.5282,0,0.0000,True,72,1.0000,4.2177,mid15-30m
nuscenes,scene-0103_019,tup_5cm,tup,5.0000,2,Car,15.3410,0,0.0000,True,50,1.0000,4.5042,mid15-30m
nuscenes,scene-0103_019,tup_5cm,tup,5.0000,10,Car,22.1164,2,0.0000,False,29,1.0000,3.2532,mid15-30m
nuscenes,scene-0103_019,tup_5cm,tup,5.0000,13,Car,7.6442,0,0.8178,False,428,0.1752,12.9758,near<15m
nuscenes,scene-0103_019,tup_5cm,tup,5.0000,19,Car,16.5282,0,0.0000,True,72,1.0000,4.2435,mid15-30m
nuscenes,scene-0103_019,tfwd_10cm,tfwd,10.0000,2,Car,15.3410,0,0.0000,True,50,1.0000,0.4983,mid15-30m
nuscenes,scene-0103_019,tfwd_10cm,tfwd,10.0000,10,Car,22.1164,2,0.0000,False,29,1.0000,2.8740,mid15-30m
nuscenes,scene-0103_019,tfwd_10cm,tfwd,10.0000,13,Car,7.6442,0,0.8178,False,428,0.1963,21.5663,near<15m
nuscenes,scene-0103_019,tfwd_10cm,tfwd,10.0000,19,Car,16.5282,0,0.0000,True,72,1.0000,2.6362,mid15-30m
nuscenes,scene-0103_019,tleft_10cm,tleft,10.0000,2,Car,15.3410,0,0.0000,True,50,1.0000,8.9992,mid15-30m
nuscenes,scene-0103_019,tleft_10cm,tleft,10.0000,10,Car,22.1164,2,0.0000,False,29,1.0000,6.4575,mid15-30m
nuscenes,scene-0103_019,tleft_10cm,tleft,10.0000,13,Car,7.6442,0,0.8178,False,428,0.2056,25.9488,near<15m
nuscenes,scene-0103_019,tleft_10cm,tleft,10.0000,19,Car,16.5282,0,0.0000,True,72,1.0000,8.4352,mid15-30m
nuscenes,scene-0103_019,tup_10cm,tup,10.0000,2,Car,15.3410,0,0.0000,True,50,1.0000,9.0067,mid15-30m
nuscenes,scene-0103_019,tup_10cm,tup,10.0000,10,Car,22.1164,2,0.0000,False,29,1.0000,6.5054,mid15-30m
nuscenes,scene-0103_019,tup_10cm,tup,10.0000,13,Car,7.6442,0,0.8178,False,428,0.1776,25.9366,near<15m
nuscenes,scene-0103_019,tup_10cm,tup,10.0000,19,Car,16.5282,0,0.0000,True,72,1.0000,8.4854,mid15-30m
nuscenes,scene-0103_020,baseline,baseline,0.0000,2,Car,17.4070,0,0.0000,True,14,1.0000,0.0000,mid15-30m
nuscenes,scene-0103_020,baseline,baseline,0.0000,10,Car,37.2895,0,0.0000,True,10,1.0000,0.0000,far>30m
nuscenes,scene-0103_020,baseline,baseline,0.0000,12,Car,21.2116,2,0.0000,False,20,1.0000,0.0000,mid15-30m
nuscenes,scene-0103_020,baseline,baseline,0.0000,15,Car,6.8162,0,0.9299,False,577,0.0919,0.0000,near<15m
nuscenes,scene-0103_020,baseline,baseline,0.0000,21,Car,15.0843,0,0.0000,True,113,1.0000,0.0000,mid15-30m
nuscenes,scene-0103_020,yaw_0.5deg,yaw,0.5000,2,Car,17.4070,0,0.0000,True,14,1.0000,11.4556,mid15-30m
nuscenes,scene-0103_020,yaw_0.5deg,yaw,0.5000,10,Car,37.2895,0,0.0000,True,10,0.9000,11.4741,far>30m
nuscenes,scene-0103_020,yaw_0.5deg,yaw,0.5000,12,Car,21.2116,2,0.0000,False,20,1.0000,13.9653,mid15-30m
nuscenes,scene-0103_020,yaw_0.5deg,yaw,0.5000,15,Car,6.8162,0,0.9299,False,577,0.1057,25.0668,near<15m
nuscenes,scene-0103_020,yaw_0.5deg,yaw,0.5000,21,Car,15.0843,0,0.0000,True,113,1.0000,12.9092,mid15-30m
nuscenes,scene-0103_020,pitch_0.5deg,pitch,0.5000,2,Car,17.4070,0,0.0000,True,14,1.0000,11.4327,mid15-30m
nuscenes,scene-0103_020,pitch_0.5deg,pitch,0.5000,10,Car,37.2895,0,0.0000,True,10,0.2000,11.1827,far>30m
nuscenes,scene-0103_020,pitch_0.5deg,pitch,0.5000,12,Car,21.2116,2,0.0000,False,20,1.0000,11.3720,mid15-30m
nuscenes,scene-0103_020,pitch_0.5deg,pitch,0.5000,15,Car,6.8162,0,0.9299,False,577,0.0901,14.3691,near<15m
nuscenes,scene-0103_020,pitch_0.5deg,pitch,0.5000,21,Car,15.0843,0,0.0000,True,113,1.0000,11.5559,mid15-30m
nuscenes,scene-0103_020,roll_0.5deg,roll,0.5000,2,Car,17.4070,0,0.0000,True,14,1.0000,0.6922,mid15-30m
nuscenes,scene-0103_020,roll_0.5deg,roll,0.5000,10,Car,37.2895,0,0.0000,True,10,1.0000,1.8240,far>30m
nuscenes,scene-0103_020,roll_0.5deg,roll,0.5000,12,Car,21.2116,2,0.0000,False,20,1.0000,5.3927,mid15-30m
nuscenes,scene-0103_020,roll_0.5deg,roll,0.5000,15,Car,6.8162,0,0.9299,False,577,0.0919,11.3213,near<15m
nuscenes,scene-0103_020,roll_0.5deg,roll,0.5000,21,Car,15.0843,0,0.0000,True,113,1.0000,3.9469,mid15-30m
nuscenes,scene-0103_020,yaw_1.0deg,yaw,1.0000,2,Car,17.4070,0,0.0000,True,14,1.0000,22.9006,mid15-30m
nuscenes,scene-0103_020,yaw_1.0deg,yaw,1.0000,10,Car,37.2895,0,0.0000,True,10,0.7000,22.9144,far>30m
nuscenes,scene-0103_020,yaw_1.0deg,yaw,1.0000,12,Car,21.2116,2,0.0000,False,20,0.9500,28.0529,mid15-30m
nuscenes,scene-0103_020,yaw_1.0deg,yaw,1.0000,15,Car,6.8162,0,0.9299,False,577,0.1144,49.6443,near<15m
nuscenes,scene-0103_020,yaw_1.0deg,yaw,1.0000,21,Car,15.0843,0,0.0000,True,113,1.0000,25.9012,mid15-30m
nuscenes,scene-0103_020,pitch_1.0deg,pitch,1.0000,2,Car,17.4070,0,0.0000,True,14,1.0000,22.8775,mid15-30m
nuscenes,scene-0103_020,pitch_1.0deg,pitch,1.0000,10,Car,37.2895,0,0.0000,True,10,0.2000,22.3764,far>30m
nuscenes,scene-0103_020,pitch_1.0deg,pitch,1.0000,12,Car,21.2116,2,0.0000,False,20,1.0000,22.7650,mid15-30m
nuscenes,scene-0103_020,pitch_1.0deg,pitch,1.0000,15,Car,6.8162,0,0.9299,False,577,0.0901,28.8494,near<15m
nuscenes,scene-0103_020,pitch_1.0deg,pitch,1.0000,21,Car,15.0843,0,0.0000,True,113,0.9115,23.1358,mid15-30m
nuscenes,scene-0103_020,roll_1.0deg,roll,1.0000,2,Car,17.4070,0,0.0000,True,14,1.0000,1.3843,mid15-30m
nuscenes,scene-0103_020,roll_1.0deg,roll,1.0000,10,Car,37.2895,0,0.0000,True,10,1.0000,3.6481,far>30m
nuscenes,scene-0103_020,roll_1.0deg,roll,1.0000,12,Car,21.2116,2,0.0000,False,20,1.0000,10.7840,mid15-30m
nuscenes,scene-0103_020,roll_1.0deg,roll,1.0000,15,Car,6.8162,0,0.9299,False,577,0.0971,22.6480,near<15m
nuscenes,scene-0103_020,roll_1.0deg,roll,1.0000,21,Car,15.0843,0,0.0000,True,113,1.0000,7.8930,mid15-30m
nuscenes,scene-0103_020,yaw_2.0deg,yaw,2.0000,2,Car,17.4070,0,0.0000,True,14,0.8571,45.7662,mid15-30m
nuscenes,scene-0103_020,yaw_2.0deg,yaw,2.0000,10,Car,37.2895,0,0.0000,True,10,0.4000,45.7013,far>30m
nuscenes,scene-0103_020,yaw_2.0deg,yaw,2.0000,12,Car,21.2116,2,0.0000,False,20,0.8000,56.6110,mid15-30m
nuscenes,scene-0103_020,yaw_2.0deg,yaw,2.0000,15,Car,6.8162,0,0.9299,False,577,0.1386,97.4076,near<15m
nuscenes,scene-0103_020,yaw_2.0deg,yaw,2.0000,21,Car,15.0843,0,0.0000,True,113,0.9646,52.1454,mid15-30m
nuscenes,scene-0103_020,pitch_2.0deg,pitch,2.0000,2,Car,17.4070,0,0.0000,True,14,0.7857,45.8108,mid15-30m
nuscenes,scene-0103_020,pitch_2.0deg,pitch,2.0000,10,Car,37.2895,0,0.0000,True,10,0.0000,44.8042,far>30m
nuscenes,scene-0103_020,pitch_2.0deg,pitch,2.0000,12,Car,21.2116,2,0.0000,False,20,0.9000,45.6227,mid15-30m
nuscenes,scene-0103_020,pitch_2.0deg,pitch,2.0000,15,Car,6.8162,0,0.9299,False,577,0.0884,58.1625,near<15m
nuscenes,scene-0103_020,pitch_2.0deg,pitch,2.0000,21,Car,15.0843,0,0.0000,True,113,0.9115,46.3763,mid15-30m
nuscenes,scene-0103_020,roll_2.0deg,roll,2.0000,2,Car,17.4070,0,0.0000,True,14,1.0000,2.7686,mid15-30m
nuscenes,scene-0103_020,roll_2.0deg,roll,2.0000,10,Car,37.2895,0,0.0000,True,10,0.2000,7.2964,far>30m
nuscenes,scene-0103_020,roll_2.0deg,roll,2.0000,12,Car,21.2116,2,0.0000,False,20,0.8500,21.5619,mid15-30m
nuscenes,scene-0103_020,roll_2.0deg,roll,2.0000,15,Car,6.8162,0,0.9299,False,577,0.0971,45.3167,near<15m
nuscenes,scene-0103_020,roll_2.0deg,roll,2.0000,21,Car,15.0843,0,0.0000,True,113,1.0000,15.7825,mid15-30m
nuscenes,scene-0103_020,yaw_3.0deg,yaw,3.0000,2,Car,17.4070,0,0.0000,True,14,0.8571,68.6117,mid15-30m
nuscenes,scene-0103_020,yaw_3.0deg,yaw,3.0000,10,Car,37.2895,0,0.0000,True,10,0.0000,68.3758,far>30m
nuscenes,scene-0103_020,yaw_3.0deg,yaw,3.0000,12,Car,21.2116,2,0.0000,False,20,0.6500,85.7069,mid15-30m
nuscenes,scene-0103_020,yaw_3.0deg,yaw,3.0000,15,Car,6.8162,0,0.9299,False,577,0.1456,143.4336,near<15m
nuscenes,scene-0103_020,yaw_3.0deg,yaw,3.0000,21,Car,15.0843,0,0.0000,True,113,0.9115,78.7573,mid15-30m
nuscenes,scene-0103_020,pitch_3.0deg,pitch,3.0000,2,Car,17.4070,0,0.0000,True,14,0.6429,68.8153,mid15-30m
nuscenes,scene-0103_020,pitch_3.0deg,pitch,3.0000,10,Car,37.2895,0,0.0000,True,10,0.0000,67.2978,far>30m
nuscenes,scene-0103_020,pitch_3.0deg,pitch,3.0000,12,Car,21.2116,2,0.0000,False,20,0.5000,68.5895,mid15-30m
nuscenes,scene-0103_020,pitch_3.0deg,pitch,3.0000,15,Car,6.8162,0,0.9299,False,577,0.0849,87.9777,near<15m
nuscenes,scene-0103_020,pitch_3.0deg,pitch,3.0000,21,Car,15.0843,0,0.0000,True,113,0.6018,69.7381,mid15-30m
nuscenes,scene-0103_020,roll_3.0deg,roll,3.0000,2,Car,17.4070,0,0.0000,True,14,1.0000,4.1528,mid15-30m
nuscenes,scene-0103_020,roll_3.0deg,roll,3.0000,10,Car,37.2895,0,0.0000,True,10,0.2000,10.9447,far>30m
nuscenes,scene-0103_020,roll_3.0deg,roll,3.0000,12,Car,21.2116,2,0.0000,False,20,0.8500,32.3330,mid15-30m
nuscenes,scene-0103_020,roll_3.0deg,roll,3.0000,15,Car,6.8162,0,0.9299,False,577,0.0988,68.0041,near<15m
nuscenes,scene-0103_020,roll_3.0deg,roll,3.0000,21,Car,15.0843,0,0.0000,True,113,0.9115,23.6678,mid15-30m
nuscenes,scene-0103_020,tfwd_2cm,tfwd,2.0000,2,Car,17.4070,0,0.0000,True,14,1.0000,0.1084,mid15-30m
nuscenes,scene-0103_020,tfwd_2cm,tfwd,2.0000,10,Car,37.2895,0,0.0000,True,10,1.0000,0.1185,far>30m
nuscenes,scene-0103_020,tfwd_2cm,tfwd,2.0000,12,Car,21.2116,2,0.0000,False,20,1.0000,0.6842,mid15-30m
nuscenes,scene-0103_020,tfwd_2cm,tfwd,2.0000,15,Car,6.8162,0,0.9299,False,577,0.0953,6.9965,near<15m
nuscenes,scene-0103_020,tfwd_2cm,tfwd,2.0000,21,Car,15.0843,0,0.0000,True,113,1.0000,0.6736,mid15-30m
nuscenes,scene-0103_020,tleft_2cm,tleft,2.0000,2,Car,17.4070,0,0.0000,True,14,1.0000,1.6028,mid15-30m
nuscenes,scene-0103_020,tleft_2cm,tleft,2.0000,10,Car,37.2895,0,0.0000,True,10,1.0000,0.7113,far>30m
nuscenes,scene-0103_020,tleft_2cm,tleft,2.0000,12,Car,21.2116,2,0.0000,False,20,1.0000,1.3833,mid15-30m
nuscenes,scene-0103_020,tleft_2cm,tleft,2.0000,15,Car,6.8162,0,0.9299,False,577,0.0971,6.5320,near<15m
nuscenes,scene-0103_020,tleft_2cm,tleft,2.0000,21,Car,15.0843,0,0.0000,True,113,1.0000,1.8528,mid15-30m
nuscenes,scene-0103_020,tup_2cm,tup,2.0000,2,Car,17.4070,0,0.0000,True,14,1.0000,1.6027,mid15-30m
nuscenes,scene-0103_020,tup_2cm,tup,2.0000,10,Car,37.2895,0,0.0000,True,10,1.0000,0.7105,far>30m
nuscenes,scene-0103_020,tup_2cm,tup,2.0000,12,Car,21.2116,2,0.0000,False,20,1.0000,1.3945,mid15-30m
nuscenes,scene-0103_020,tup_2cm,tup,2.0000,15,Car,6.8162,0,0.9299,False,577,0.0919,6.5417,near<15m
nuscenes,scene-0103_020,tup_2cm,tup,2.0000,21,Car,15.0843,0,0.0000,True,113,1.0000,1.8662,mid15-30m
nuscenes,scene-0103_020,tfwd_5cm,tfwd,5.0000,2,Car,17.4070,0,0.0000,True,14,1.0000,0.2705,mid15-30m
nuscenes,scene-0103_020,tfwd_5cm,tfwd,5.0000,10,Car,37.2895,0,0.0000,True,10,1.0000,0.2961,far>30m
nuscenes,scene-0103_020,tfwd_5cm,tfwd,5.0000,12,Car,21.2116,2,0.0000,False,20,1.0000,1.7076,mid15-30m
nuscenes,scene-0103_020,tfwd_5cm,tfwd,5.0000,15,Car,6.8162,0,0.9299,False,577,0.0971,17.3429,near<15m
nuscenes,scene-0103_020,tfwd_5cm,tfwd,5.0000,21,Car,15.0843,0,0.0000,True,113,1.0000,1.6803,mid15-30m
nuscenes,scene-0103_020,tleft_5cm,tleft,5.0000,2,Car,17.4070,0,0.0000,True,14,1.0000,4.0069,mid15-30m
nuscenes,scene-0103_020,tleft_5cm,tleft,5.0000,10,Car,37.2895,0,0.0000,True,10,1.0000,1.7781,far>30m
nuscenes,scene-0103_020,tleft_5cm,tleft,5.0000,12,Car,21.2116,2,0.0000,False,20,1.0000,3.4582,mid15-30m
nuscenes,scene-0103_020,tleft_5cm,tleft,5.0000,15,Car,6.8162,0,0.9299,False,577,0.0988,16.3286,near<15m
nuscenes,scene-0103_020,tleft_5cm,tleft,5.0000,21,Car,15.0843,0,0.0000,True,113,1.0000,4.6320,mid15-30m
nuscenes,scene-0103_020,tup_5cm,tup,5.0000,2,Car,17.4070,0,0.0000,True,14,1.0000,4.0063,mid15-30m
nuscenes,scene-0103_020,tup_5cm,tup,5.0000,10,Car,37.2895,0,0.0000,True,10,1.0000,1.7763,far>30m
nuscenes,scene-0103_020,tup_5cm,tup,5.0000,12,Car,21.2116,2,0.0000,False,20,1.0000,3.4859,mid15-30m
nuscenes,scene-0103_020,tup_5cm,tup,5.0000,15,Car,6.8162,0,0.9299,False,577,0.0919,16.3470,near<15m
nuscenes,scene-0103_020,tup_5cm,tup,5.0000,21,Car,15.0843,0,0.0000,True,113,1.0000,4.6648,mid15-30m
nuscenes,scene-0103_020,tfwd_10cm,tfwd,10.0000,2,Car,17.4070,0,0.0000,True,14,1.0000,0.5393,mid15-30m
nuscenes,scene-0103_020,tfwd_10cm,tfwd,10.0000,10,Car,37.2895,0,0.0000,True,10,1.0000,0.5913,far>30m
nuscenes,scene-0103_020,tfwd_10cm,tfwd,10.0000,12,Car,21.2116,2,0.0000,False,20,1.0000,3.4058,mid15-30m
nuscenes,scene-0103_020,tfwd_10cm,tfwd,10.0000,15,Car,6.8162,0,0.9299,False,577,0.1005,34.2027,near<15m
nuscenes,scene-0103_020,tfwd_10cm,tfwd,10.0000,21,Car,15.0843,0,0.0000,True,113,1.0000,3.3480,mid15-30m
nuscenes,scene-0103_020,tleft_10cm,tleft,10.0000,2,Car,17.4070,0,0.0000,True,14,1.0000,8.0135,mid15-30m
nuscenes,scene-0103_020,tleft_10cm,tleft,10.0000,10,Car,37.2895,0,0.0000,True,10,1.0000,3.5562,far>30m
nuscenes,scene-0103_020,tleft_10cm,tleft,10.0000,12,Car,21.2116,2,0.0000,False,20,1.0000,6.9163,mid15-30m
nuscenes,scene-0103_020,tleft_10cm,tleft,10.0000,15,Car,6.8162,0,0.9299,False,577,0.1057,32.6526,near<15m
nuscenes,scene-0103_020,tleft_10cm,tleft,10.0000,21,Car,15.0843,0,0.0000,True,113,1.0000,9.2636,mid15-30m
nuscenes,scene-0103_020,tup_10cm,tup,10.0000,2,Car,17.4070,0,0.0000,True,14,1.0000,8.0113,mid15-30m
nuscenes,scene-0103_020,tup_10cm,tup,10.0000,10,Car,37.2895,0,0.0000,True,10,1.0000,3.5523,far>30m
nuscenes,scene-0103_020,tup_10cm,tup,10.0000,12,Car,21.2116,2,0.0000,False,20,1.0000,6.9707,mid15-30m
nuscenes,scene-0103_020,tup_10cm,tup,10.0000,15,Car,6.8162,0,0.9299,False,577,0.0919,32.6697,near<15m
nuscenes,scene-0103_020,tup_10cm,tup,10.0000,21,Car,15.0843,0,0.0000,True,113,1.0000,9.3277,mid15-30m
nuscenes,scene-0103_021,baseline,baseline,0.0000,2,Car,19.2109,0,0.0000,True,18,1.0000,0.0000,mid15-30m
nuscenes,scene-0103_021,baseline,baseline,0.0000,10,Car,35.9437,0,0.0000,True,10,1.0000,0.0000,far>30m
nuscenes,scene-0103_021,baseline,baseline,0.0000,12,Car,20.0870,2,0.0000,False,14,1.0000,0.0000,mid15-30m
nuscenes,scene-0103_021,baseline,baseline,0.0000,16,Car,5.8238,0,0.9930,False,830,0.0048,0.0000,near<15m
nuscenes,scene-0103_021,baseline,baseline,0.0000,23,Car,13.5938,0,0.0000,True,142,1.0000,0.0000,near<15m
nuscenes,scene-0103_021,yaw_0.5deg,yaw,0.5000,2,Car,19.2109,0,0.0000,True,18,1.0000,11.4557,mid15-30m
nuscenes,scene-0103_021,yaw_0.5deg,yaw,0.5000,10,Car,35.9437,0,0.0000,True,10,0.9000,11.5041,far>30m
nuscenes,scene-0103_021,yaw_0.5deg,yaw,0.5000,12,Car,20.0870,2,0.0000,False,14,1.0000,14.3621,mid15-30m
nuscenes,scene-0103_021,yaw_0.5deg,yaw,0.5000,16,Car,5.8238,0,0.9930,False,830,0.0120,43.3284,near<15m
nuscenes,scene-0103_021,yaw_0.5deg,yaw,0.5000,23,Car,13.5938,0,0.0000,True,142,1.0000,13.5232,near<15m
nuscenes,scene-0103_021,pitch_0.5deg,pitch,0.5000,2,Car,19.2109,0,0.0000,True,18,0.8333,11.4309,mid15-30m
nuscenes,scene-0103_021,pitch_0.5deg,pitch,0.5000,10,Car,35.9437,0,0.0000,True,10,0.2000,11.1889,far>30m
nuscenes,scene-0103_021,pitch_0.5deg,pitch,0.5000,12,Car,20.0870,2,0.0000,False,14,1.0000,11.3747,mid15-30m
nuscenes,scene-0103_021,pitch_0.5deg,pitch,0.5000,16,Car,5.8238,0,0.9930,False,830,0.0048,18.8090,near<15m
nuscenes,scene-0103_021,pitch_0.5deg,pitch,0.5000,23,Car,13.5938,0,0.0000,True,142,1.0000,11.6349,near<15m
nuscenes,scene-0103_021,roll_0.5deg,roll,0.5000,2,Car,19.2109,0,0.0000,True,18,1.0000,0.9054,mid15-30m
nuscenes,scene-0103_021,roll_0.5deg,roll,0.5000,10,Car,35.9437,0,0.0000,True,10,1.0000,1.8921,far>30m
nuscenes,scene-0103_021,roll_0.5deg,roll,0.5000,12,Car,20.0870,2,0.0000,False,14,1.0000,5.7430,mid15-30m
nuscenes,scene-0103_021,roll_0.5deg,roll,0.5000,16,Car,5.8238,0,0.9930,False,830,0.0060,17.1788,near<15m
nuscenes,scene-0103_021,roll_0.5deg,roll,0.5000,23,Car,13.5938,0,0.0000,True,142,1.0000,4.6409,near<15m
nuscenes,scene-0103_021,yaw_1.0deg,yaw,1.0000,2,Car,19.2109,0,0.0000,True,18,0.9444,22.8964,mid15-30m
nuscenes,scene-0103_021,yaw_1.0deg,yaw,1.0000,10,Car,35.9437,0,0.0000,True,10,0.7000,22.9730,far>30m
nuscenes,scene-0103_021,yaw_1.0deg,yaw,1.0000,12,Car,20.0870,2,0.0000,False,14,0.8571,28.8591,mid15-30m
nuscenes,scene-0103_021,yaw_1.0deg,yaw,1.0000,16,Car,5.8238,0,0.9930,False,830,0.0169,85.2567,near<15m
nuscenes,scene-0103_021,yaw_1.0deg,yaw,1.0000,23,Car,13.5938,0,0.0000,True,142,0.9930,27.1490,near<15m
nuscenes,scene-0103_021,pitch_1.0deg,pitch,1.0000,2,Car,19.2109,0,0.0000,True,18,0.4444,22.8794,mid15-30m
nuscenes,scene-0103_021,pitch_1.0deg,pitch,1.0000,10,Car,35.9437,0,0.0000,True,10,0.2000,22.3889,far>30m
nuscenes,scene-0103_021,pitch_1.0deg,pitch,1.0000,12,Car,20.0870,2,0.0000,False,14,1.0000,22.7700,mid15-30m
nuscenes,scene-0103_021,pitch_1.0deg,pitch,1.0000,16,Car,5.8238,0,0.9930,False,830,0.0048,37.8889,near<15m
nuscenes,scene-0103_021,pitch_1.0deg,pitch,1.0000,23,Car,13.5938,0,0.0000,True,142,1.0000,23.2965,near<15m
nuscenes,scene-0103_021,roll_1.0deg,roll,1.0000,2,Car,19.2109,0,0.0000,True,18,1.0000,1.8107,mid15-30m
nuscenes,scene-0103_021,roll_1.0deg,roll,1.0000,10,Car,35.9437,0,0.0000,True,10,1.0000,3.7843,far>30m
nuscenes,scene-0103_021,roll_1.0deg,roll,1.0000,12,Car,20.0870,2,0.0000,False,14,1.0000,11.4844,mid15-30m
nuscenes,scene-0103_021,roll_1.0deg,roll,1.0000,16,Car,5.8238,0,0.9930,False,830,0.0084,34.3708,near<15m
nuscenes,scene-0103_021,roll_1.0deg,roll,1.0000,23,Car,13.5938,0,0.0000,True,142,1.0000,9.2808,near<15m
nuscenes,scene-0103_021,yaw_2.0deg,yaw,2.0000,2,Car,19.2109,0,0.0000,True,18,0.8333,45.7403,mid15-30m
nuscenes,scene-0103_021,yaw_2.0deg,yaw,2.0000,10,Car,35.9437,0,0.0000,True,10,0.4000,45.8130,far>30m
nuscenes,scene-0103_021,yaw_2.0deg,yaw,2.0000,12,Car,20.0870,2,0.0000,False,14,0.6429,58.2749,mid15-30m
nuscenes,scene-0103_021,yaw_2.0deg,yaw,2.0000,16,Car,5.8238,0,0.9930,False,830,0.0277,165.2295,near<15m
nuscenes,scene-0103_021,yaw_2.0deg,yaw,2.0000,23,Car,13.5938,0,0.0000,True,142,0.9718,54.7226,near<15m
nuscenes,scene-0103_021,pitch_2.0deg,pitch,2.0000,2,Car,19.2109,0,0.0000,True,18,0.2222,45.8368,mid15-30m
nuscenes,scene-0103_021,pitch_2.0deg,pitch,2.0000,10,Car,35.9437,0,0.0000,True,10,0.0000,44.8292,far>30m
nuscenes,scene-0103_021,pitch_2.0deg,pitch,2.0000,12,Car,20.0870,2,0.0000,False,14,0.9286,45.6306,mid15-30m
nuscenes,scene-0103_021,pitch_2.0deg,pitch,2.0000,16,Car,5.8238,0,0.9930,False,830,0.0036,76.9021,near<15m
nuscenes,scene-0103_021,pitch_2.0deg,pitch,2.0000,23,Car,13.5938,0,0.0000,True,142,1.0000,46.7084,near<15m
nuscenes,scene-0103_021,roll_2.0deg,roll,2.0000,2,Car,19.2109,0,0.0000,True,18,1.0000,3.6214,mid15-30m
nuscenes,scene-0103_021,roll_2.0deg,roll,2.0000,10,Car,35.9437,0,0.0000,True,10,1.0000,7.5688,far>30m
nuscenes,scene-0103_021,roll_2.0deg,roll,2.0000,12,Car,20.0870,2,0.0000,False,14,0.5714,22.9619,mid15-30m
nuscenes,scene-0103_021,roll_2.0deg,roll,2.0000,16,Car,5.8238,0,0.9930,False,830,0.0096,68.7932,near<15m
nuscenes,scene-0103_021,roll_2.0deg,roll,2.0000,23,Car,13.5938,0,0.0000,True,142,0.9296,18.5568,near<15m
nuscenes,scene-0103_021,yaw_3.0deg,yaw,3.0000,2,Car,19.2109,0,0.0000,True,18,0.8333,68.5464,mid15-30m
nuscenes,scene-0103_021,yaw_3.0deg,yaw,3.0000,10,Car,35.9437,0,0.0000,True,10,0.0000,68.5352,far>30m
nuscenes,scene-0103_021,yaw_3.0deg,yaw,3.0000,12,Car,20.0870,2,0.0000,False,14,0.5000,88.2833,mid15-30m
nuscenes,scene-0103_021,yaw_3.0deg,yaw,3.0000,16,Car,5.8238,0,0.9930,False,830,0.0265,240.4921,near<15m
nuscenes,scene-0103_021,yaw_3.0deg,yaw,3.0000,23,Car,13.5938,0,0.0000,True,142,0.9437,82.7499,near<15m
nuscenes,scene-0103_021,pitch_3.0deg,pitch,3.0000,2,Car,19.2109,0,0.0000,True,18,0.2222,68.8877,mid15-30m
nuscenes,scene-0103_021,pitch_3.0deg,pitch,3.0000,10,Car,35.9437,0,0.0000,True,10,0.0000,67.3352,far>30m
nuscenes,scene-0103_021,pitch_3.0deg,pitch,3.0000,12,Car,20.0870,2,0.0000,False,14,0.5000,68.5984,mid15-30m
nuscenes,scene-0103_021,pitch_3.0deg,pitch,3.0000,16,Car,5.8238,0,0.9930,False,830,0.0012,117.1234,near<15m
nuscenes,scene-0103_021,pitch_3.0deg,pitch,3.0000,23,Car,13.5938,0,0.0000,True,142,0.8239,70.2530,near<15m
nuscenes,scene-0103_021,roll_3.0deg,roll,3.0000,2,Car,19.2109,0,0.0000,True,18,1.0000,5.4320,mid15-30m
nuscenes,scene-0103_021,roll_3.0deg,roll,3.0000,10,Car,35.9437,0,0.0000,True,10,0.2000,11.3534,far>30m
nuscenes,scene-0103_021,roll_3.0deg,roll,3.0000,12,Car,20.0870,2,0.0000,False,14,0.5714,34.4317,mid15-30m
nuscenes,scene-0103_021,roll_3.0deg,roll,3.0000,16,Car,5.8238,0,0.9930,False,830,0.0096,103.2639,near<15m
nuscenes,scene-0103_021,roll_3.0deg,roll,3.0000,23,Car,13.5938,0,0.0000,True,142,0.9225,27.8274,near<15m
nuscenes,scene-0103_021,tfwd_2cm,tfwd,2.0000,2,Car,19.2109,0,0.0000,True,18,1.0000,0.1141,mid15-30m
nuscenes,scene-0103_021,tfwd_2cm,tfwd,2.0000,10,Car,35.9437,0,0.0000,True,10,1.0000,0.1279,far>30m
nuscenes,scene-0103_021,tfwd_2cm,tfwd,2.0000,12,Car,20.0870,2,0.0000,False,14,1.0000,0.7610,mid15-30m
nuscenes,scene-0103_021,tfwd_2cm,tfwd,2.0000,16,Car,5.8238,0,0.9930,False,830,0.0060,17.2845,near<15m
nuscenes,scene-0103_021,tfwd_2cm,tfwd,2.0000,23,Car,13.5938,0,0.0000,True,142,1.0000,0.8984,near<15m
nuscenes,scene-0103_021,tleft_2cm,tleft,2.0000,2,Car,19.2109,0,0.0000,True,18,1.0000,1.4712,mid15-30m
nuscenes,scene-0103_021,tleft_2cm,tleft,2.0000,10,Car,35.9437,0,0.0000,True,10,1.0000,0.7398,far>30m
nuscenes,scene-0103_021,tleft_2cm,tleft,2.0000,12,Car,20.0870,2,0.0000,False,14,1.0000,1.4306,mid15-30m
nuscenes,scene-0103_021,tleft_2cm,tleft,2.0000,16,Car,5.8238,0,0.9930,False,830,0.0084,10.1389,near<15m
nuscenes,scene-0103_021,tleft_2cm,tleft,2.0000,23,Car,13.5938,0,0.0000,True,142,1.0000,2.0975,near<15m
nuscenes,scene-0103_021,tup_2cm,tup,2.0000,2,Car,19.2109,0,0.0000,True,18,1.0000,1.4731,mid15-30m
nuscenes,scene-0103_021,tup_2cm,tup,2.0000,10,Car,35.9437,0,0.0000,True,10,1.0000,0.7389,far>30m
nuscenes,scene-0103_021,tup_2cm,tup,2.0000,12,Car,20.0870,2,0.0000,False,14,1.0000,1.4426,mid15-30m
nuscenes,scene-0103_021,tup_2cm,tup,2.0000,16,Car,5.8238,0,0.9930,False,830,0.0048,10.1845,near<15m
nuscenes,scene-0103_021,tup_2cm,tup,2.0000,23,Car,13.5938,0,0.0000,True,142,1.0000,2.1150,near<15m
nuscenes,scene-0103_021,tfwd_5cm,tfwd,5.0000,2,Car,19.2109,0,0.0000,True,18,1.0000,0.2847,mid15-30m
nuscenes,scene-0103_021,tfwd_5cm,tfwd,5.0000,10,Car,35.9437,0,0.0000,True,10,1.0000,0.3194,far>30m
nuscenes,scene-0103_021,tfwd_5cm,tfwd,5.0000,12,Car,20.0870,2,0.0000,False,14,1.0000,1.8992,mid15-30m
nuscenes,scene-0103_021,tfwd_5cm,tfwd,5.0000,16,Car,5.8238,0,0.9930,False,830,0.0096,42.5932,near<15m
nuscenes,scene-0103_021,tfwd_5cm,tfwd,5.0000,23,Car,13.5938,0,0.0000,True,142,1.0000,2.2403,near<15m
nuscenes,scene-0103_021,tleft_5cm,tleft,5.0000,2,Car,19.2109,0,0.0000,True,18,1.0000,3.6779,mid15-30m
nuscenes,scene-0103_021,tleft_5cm,tleft,5.0000,10,Car,35.9437,0,0.0000,True,10,1.0000,1.8494,far>30m
nuscenes,scene-0103_021,tleft_5cm,tleft,5.0000,12,Car,20.0870,2,0.0000,False,14,1.0000,3.5764,mid15-30m
nuscenes,scene-0103_021,tleft_5cm,tleft,5.0000,16,Car,5.8238,0,0.9930,False,830,0.0096,25.3436,near<15m
nuscenes,scene-0103_021,tleft_5cm,tleft,5.0000,23,Car,13.5938,0,0.0000,True,142,1.0000,5.2435,near<15m
nuscenes,scene-0103_021,tup_5cm,tup,5.0000,2,Car,19.2109,0,0.0000,True,18,1.0000,3.6824,mid15-30m
nuscenes,scene-0103_021,tup_5cm,tup,5.0000,10,Car,35.9437,0,0.0000,True,10,1.0000,1.8472,far>30m
nuscenes,scene-0103_021,tup_5cm,tup,5.0000,12,Car,20.0870,2,0.0000,False,14,1.0000,3.6062,mid15-30m
nuscenes,scene-0103_021,tup_5cm,tup,5.0000,16,Car,5.8238,0,0.9930,False,830,0.0060,25.4426,near<15m
nuscenes,scene-0103_021,tup_5cm,tup,5.0000,23,Car,13.5938,0,0.0000,True,142,1.0000,5.2868,near<15m
nuscenes,scene-0103_021,tfwd_10cm,tfwd,10.0000,2,Car,19.2109,0,0.0000,True,18,1.0000,0.5677,mid15-30m
nuscenes,scene-0103_021,tfwd_10cm,tfwd,10.0000,10,Car,35.9437,0,0.0000,True,10,1.0000,0.6378,far>30m
nuscenes,scene-0103_021,tfwd_10cm,tfwd,10.0000,12,Car,20.0870,2,0.0000,False,14,1.0000,3.7873,mid15-30m
nuscenes,scene-0103_021,tfwd_10cm,tfwd,10.0000,16,Car,5.8238,0,0.9930,False,830,0.0096,83.2071,near<15m
nuscenes,scene-0103_021,tfwd_10cm,tfwd,10.0000,23,Car,13.5938,0,0.0000,True,142,1.0000,4.4615,near<15m
nuscenes,scene-0103_021,tleft_10cm,tleft,10.0000,2,Car,19.2109,0,0.0000,True,18,1.0000,7.3556,mid15-30m
nuscenes,scene-0103_021,tleft_10cm,tleft,10.0000,10,Car,35.9437,0,0.0000,True,10,1.0000,3.6987,far>30m
nuscenes,scene-0103_021,tleft_10cm,tleft,10.0000,12,Car,20.0870,2,0.0000,False,14,1.0000,7.1526,mid15-30m
nuscenes,scene-0103_021,tleft_10cm,tleft,10.0000,16,Car,5.8238,0,0.9930,False,830,0.0133,50.6752,near<15m
nuscenes,scene-0103_021,tleft_10cm,tleft,10.0000,23,Car,13.5938,0,0.0000,True,142,1.0000,10.4865,near<15m
nuscenes,scene-0103_021,tup_10cm,tup,10.0000,2,Car,19.2109,0,0.0000,True,18,1.0000,7.3637,mid15-30m
nuscenes,scene-0103_021,tup_10cm,tup,10.0000,10,Car,35.9437,0,0.0000,True,10,1.0000,3.6941,far>30m
nuscenes,scene-0103_021,tup_10cm,tup,10.0000,12,Car,20.0870,2,0.0000,False,14,1.0000,7.2113,mid15-30m
nuscenes,scene-0103_021,tup_10cm,tup,10.0000,16,Car,5.8238,0,0.9930,False,830,0.0060,50.8234,near<15m
nuscenes,scene-0103_021,tup_10cm,tup,10.0000,23,Car,13.5938,0,0.0000,True,142,1.0000,10.5711,near<15m
nuscenes,scene-0103_022,baseline,baseline,0.0000,10,Car,34.5799,0,0.0000,True,10,1.0000,0.0000,far>30m
nuscenes,scene-0103_022,baseline,baseline,0.0000,22,Car,12.1469,0,0.2072,True,162,0.9012,0.0000,near<15m
nuscenes,scene-0103_022,yaw_0.5deg,yaw,0.5000,10,Car,34.5799,0,0.0000,True,10,1.0000,11.5369,far>30m
nuscenes,scene-0103_022,yaw_0.5deg,yaw,0.5000,22,Car,12.1469,0,0.2072,True,162,0.8765,14.5226,near<15m
nuscenes,scene-0103_022,pitch_0.5deg,pitch,0.5000,10,Car,34.5799,0,0.0000,True,10,0.6000,11.1911,far>30m
nuscenes,scene-0103_022,pitch_0.5deg,pitch,0.5000,22,Car,12.1469,0,0.2072,True,162,0.9012,11.7843,near<15m
nuscenes,scene-0103_022,roll_0.5deg,roll,0.5000,10,Car,34.5799,0,0.0000,True,10,1.0000,1.9759,far>30m
nuscenes,scene-0103_022,roll_0.5deg,roll,0.5000,22,Car,12.1469,0,0.2072,True,162,0.9012,5.6131,near<15m
nuscenes,scene-0103_022,yaw_1.0deg,yaw,1.0000,10,Car,34.5799,0,0.0000,True,10,0.7000,23.0369,far>30m
nuscenes,scene-0103_022,yaw_1.0deg,yaw,1.0000,22,Car,12.1469,0,0.2072,True,162,0.8580,29.1794,near<15m
nuscenes,scene-0103_022,pitch_1.0deg,pitch,1.0000,10,Car,34.5799,0,0.0000,True,10,0.2000,22.3932,far>30m
nuscenes,scene-0103_022,pitch_1.0deg,pitch,1.0000,22,Car,12.1469,0,0.2072,True,162,0.8951,23.6029,near<15m
nuscenes,scene-0103_022,roll_1.0deg,roll,1.0000,10,Car,34.5799,0,0.0000,True,10,1.0000,3.9519,far>30m
nuscenes,scene-0103_022,roll_1.0deg,roll,1.0000,22,Car,12.1469,0,0.2072,True,162,0.8951,11.2246,near<15m
nuscenes,scene-0103_022,yaw_2.0deg,yaw,2.0000,10,Car,34.5799,0,0.0000,True,10,0.4000,45.9340,far>30m
nuscenes,scene-0103_022,yaw_2.0deg,yaw,2.0000,22,Car,12.1469,0,0.2072,True,162,0.8148,58.9137,near<15m
nuscenes,scene-0103_022,pitch_2.0deg,pitch,2.0000,10,Car,34.5799,0,0.0000,True,10,0.0000,44.8377,far>30m
nuscenes,scene-0103_022,pitch_2.0deg,pitch,2.0000,22,Car,12.1469,0,0.2072,True,162,0.8951,47.3521,near<15m
nuscenes,scene-0103_022,roll_2.0deg,roll,2.0000,10,Car,34.5799,0,0.0000,True,10,1.0000,7.9041,far>30m
nuscenes,scene-0103_022,roll_2.0deg,roll,2.0000,22,Car,12.1469,0,0.2072,True,162,0.8951,22.4424,near<15m
nuscenes,scene-0103_022,yaw_3.0deg,yaw,3.0000,10,Car,34.5799,0,0.0000,True,10,0.0000,68.7067,far>30m
nuscenes,scene-0103_022,yaw_3.0deg,yaw,3.0000,22,Car,12.1469,0,0.2072,True,162,0.7716,89.2396,near<15m
nuscenes,scene-0103_022,pitch_3.0deg,pitch,3.0000,10,Car,34.5799,0,0.0000,True,10,0.0000,67.3478,far>30m
nuscenes,scene-0103_022,pitch_3.0deg,pitch,3.0000,22,Car,12.1469,0,0.2072,True,162,0.7778,71.2663,near<15m
nuscenes,scene-0103_022,roll_3.0deg,roll,3.0000,10,Car,34.5799,0,0.0000,True,10,0.4000,11.8564,far>30m
nuscenes,scene-0103_022,roll_3.0deg,roll,3.0000,22,Car,12.1469,0,0.2072,True,162,0.8951,33.6526,near<15m
nuscenes,scene-0103_022,tfwd_2cm,tfwd,2.0000,10,Car,34.5799,0,0.0000,True,10,1.0000,0.1394,far>30m
nuscenes,scene-0103_022,tfwd_2cm,tfwd,2.0000,22,Car,12.1469,0,0.2072,True,162,0.9074,1.2720,near<15m
nuscenes,scene-0103_022,tleft_2cm,tleft,2.0000,10,Car,34.5799,0,0.0000,True,10,1.0000,0.7722,far>30m
nuscenes,scene-0103_022,tleft_2cm,tleft,2.0000,22,Car,12.1469,0,0.2072,True,162,0.8951,2.4476,near<15m
nuscenes,scene-0103_022,tup_2cm,tup,2.0000,10,Car,34.5799,0,0.0000,True,10,1.0000,0.7711,far>30m
nuscenes,scene-0103_022,tup_2cm,tup,2.0000,22,Car,12.1469,0,0.2072,True,162,0.9012,2.4742,near<15m
nuscenes,scene-0103_022,tfwd_5cm,tfwd,5.0000,10,Car,34.5799,0,0.0000,True,10,1.0000,0.3481,far>30m
nuscenes,scene-0103_022,tfwd_5cm,tfwd,5.0000,22,Car,12.1469,0,0.2072,True,162,0.9074,3.1704,near<15m
nuscenes,scene-0103_022,tleft_5cm,tleft,5.0000,10,Car,34.5799,0,0.0000,True,10,1.0000,1.9304,far>30m
nuscenes,scene-0103_022,tleft_5cm,tleft,5.0000,22,Car,12.1469,0,0.2072,True,162,0.8889,6.1188,near<15m
nuscenes,scene-0103_022,tup_5cm,tup,5.0000,10,Car,34.5799,0,0.0000,True,10,1.0000,1.9278,far>30m
nuscenes,scene-0103_022,tup_5cm,tup,5.0000,22,Car,12.1469,0,0.2072,True,162,0.9012,6.1845,near<15m
nuscenes,scene-0103_022,tfwd_10cm,tfwd,10.0000,10,Car,34.5799,0,0.0000,True,10,1.0000,0.6952,far>30m
nuscenes,scene-0103_022,tfwd_10cm,tfwd,10.0000,22,Car,12.1469,0,0.2072,True,162,0.9198,6.3091,near<15m
nuscenes,scene-0103_022,tleft_10cm,tleft,10.0000,10,Car,34.5799,0,0.0000,True,10,1.0000,3.8607,far>30m
nuscenes,scene-0103_022,tleft_10cm,tleft,10.0000,22,Car,12.1469,0,0.2072,True,162,0.8827,12.2369,near<15m
nuscenes,scene-0103_022,tup_10cm,tup,10.0000,10,Car,34.5799,0,0.0000,True,10,1.0000,3.8552,far>30m
nuscenes,scene-0103_022,tup_10cm,tup,10.0000,22,Car,12.1469,0,0.2072,True,162,0.9012,12.3656,near<15m
nuscenes,scene-0103_023,baseline,baseline,0.0000,2,Car,23.7063,0,0.0000,True,10,1.0000,0.0000,mid15-30m
nuscenes,scene-0103_023,baseline,baseline,0.0000,10,Car,32.9490,0,0.0000,True,10,1.0000,0.0000,far>30m
nuscenes,scene-0103_023,baseline,baseline,0.0000,22,Car,10.5531,0,0.5043,False,254,0.6260,0.0000,near<15m
nuscenes,scene-0103_023,yaw_0.5deg,yaw,0.5000,2,Car,23.7063,0,0.0000,True,10,1.0000,11.3691,mid15-30m
nuscenes,scene-0103_023,yaw_0.5deg,yaw,0.5000,10,Car,32.9490,0,0.0000,True,10,1.0000,11.5848,far>30m
nuscenes,scene-0103_023,yaw_0.5deg,yaw,0.5000,22,Car,10.5531,0,0.5043,False,254,0.5945,16.4128,near<15m
nuscenes,scene-0103_023,pitch_0.5deg,pitch,0.5000,2,Car,23.7063,0,0.0000,True,10,1.0000,11.3096,mid15-30m
nuscenes,scene-0103_023,pitch_0.5deg,pitch,0.5000,10,Car,32.9490,0,0.0000,True,10,1.0000,11.2030,far>30m
nuscenes,scene-0103_023,pitch_0.5deg,pitch,0.5000,22,Car,10.5531,0,0.5043,False,254,0.6260,12.0545,near<15m
nuscenes,scene-0103_023,roll_0.5deg,roll,0.5000,2,Car,23.7063,0,0.0000,True,10,1.0000,0.9492,mid15-30m
nuscenes,scene-0103_023,roll_0.5deg,roll,0.5000,10,Car,32.9490,0,0.0000,True,10,1.0000,2.0746,far>30m
nuscenes,scene-0103_023,roll_0.5deg,roll,0.5000,22,Car,10.5531,0,0.5043,False,254,0.6260,7.0683,near<15m
nuscenes,scene-0103_023,yaw_1.0deg,yaw,1.0000,2,Car,23.7063,0,0.0000,True,10,0.9000,22.7210,mid15-30m
nuscenes,scene-0103_023,yaw_1.0deg,yaw,1.0000,10,Car,32.9490,0,0.0000,True,10,0.7000,23.1307,far>30m
nuscenes,scene-0103_023,yaw_1.0deg,yaw,1.0000,22,Car,10.5531,0,0.5043,False,254,0.5709,33.0202,near<15m
nuscenes,scene-0103_023,pitch_1.0deg,pitch,1.0000,2,Car,23.7063,0,0.0000,True,10,0.3000,22.6342,mid15-30m
nuscenes,scene-0103_023,pitch_1.0deg,pitch,1.0000,10,Car,32.9490,0,0.0000,True,10,0.1000,22.4175,far>30m
nuscenes,scene-0103_023,pitch_1.0deg,pitch,1.0000,22,Car,10.5531,0,0.5043,False,254,0.6220,24.1535,near<15m
nuscenes,scene-0103_023,roll_1.0deg,roll,1.0000,2,Car,23.7063,0,0.0000,True,10,1.0000,1.8984,mid15-30m
nuscenes,scene-0103_023,roll_1.0deg,roll,1.0000,10,Car,32.9490,0,0.0000,True,10,1.0000,4.1493,far>30m
nuscenes,scene-0103_023,roll_1.0deg,roll,1.0000,22,Car,10.5531,0,0.5043,False,254,0.6220,14.1341,near<15m
nuscenes,scene-0103_023,yaw_2.0deg,yaw,2.0000,2,Car,23.7063,0,0.0000,True,10,0.5000,45.3805,mid15-30m
nuscenes,scene-0103_023,yaw_2.0deg,yaw,2.0000,10,Car,32.9490,0,0.0000,True,10,0.4000,46.1139,far>30m
nuscenes,scene-0103_023,yaw_2.0deg,yaw,2.0000,22,Car,10.5531,0,0.5043,False,254,0.5079,66.8448,near<15m
nuscenes,scene-0103_023,pitch_2.0deg,pitch,2.0000,2,Car,23.7063,0,0.0000,True,10,0.0000,45.3358,mid15-30m
nuscenes,scene-0103_023,pitch_2.0deg,pitch,2.0000,10,Car,32.9490,0,0.0000,True,10,0.0000,44.8882,far>30m
nuscenes,scene-0103_023,pitch_2.0deg,pitch,2.0000,22,Car,10.5531,0,0.5043,False,254,0.6181,48.4950,near<15m
nuscenes,scene-0103_023,roll_2.0deg,roll,2.0000,2,Car,23.7063,0,0.0000,True,10,1.0000,3.7967,mid15-30m
nuscenes,scene-0103_023,roll_2.0deg,roll,2.0000,10,Car,32.9490,0,0.0000,True,10,1.0000,8.2991,far>30m
nuscenes,scene-0103_023,roll_2.0deg,roll,2.0000,22,Car,10.5531,0,0.5043,False,254,0.5866,28.2576,near<15m
nuscenes,scene-0103_023,yaw_3.0deg,yaw,3.0000,2,Car,23.7063,0,0.0000,True,10,0.5000,67.9931,mid15-30m
nuscenes,scene-0103_023,yaw_3.0deg,yaw,3.0000,10,Car,32.9490,0,0.0000,True,10,0.1000,68.9653,far>30m
nuscenes,scene-0103_023,yaw_3.0deg,yaw,3.0000,22,Car,10.5531,0,0.5043,False,254,0.4409,101.5283,near<15m
nuscenes,scene-0103_023,pitch_3.0deg,pitch,3.0000,2,Car,23.7063,0,0.0000,True,10,0.0000,68.1198,mid15-30m
nuscenes,scene-0103_023,pitch_3.0deg,pitch,3.0000,10,Car,32.9490,0,0.0000,True,10,0.0000,67.4269,far>30m
nuscenes,scene-0103_023,pitch_3.0deg,pitch,3.0000,22,Car,10.5531,0,0.5043,False,254,0.6102,73.0454,near<15m
nuscenes,scene-0103_023,roll_3.0deg,roll,3.0000,2,Car,23.7063,0,0.0000,True,10,1.0000,5.6950,mid15-30m
nuscenes,scene-0103_023,roll_3.0deg,roll,3.0000,10,Car,32.9490,0,0.0000,True,10,1.0000,12.4489,far>30m
nuscenes,scene-0103_023,roll_3.0deg,roll,3.0000,22,Car,10.5531,0,0.5043,False,254,0.5197,42.3696,near<15m
nuscenes,scene-0103_023,tfwd_2cm,tfwd,2.0000,2,Car,23.7063,0,0.0000,True,10,1.0000,0.0994,mid15-30m
nuscenes,scene-0103_023,tfwd_2cm,tfwd,2.0000,10,Car,32.9490,0,0.0000,True,10,1.0000,0.1543,far>30m
nuscenes,scene-0103_023,tfwd_2cm,tfwd,2.0000,22,Car,10.5531,0,0.5043,False,254,0.6260,1.9619,near<15m
nuscenes,scene-0103_023,tleft_2cm,tleft,2.0000,2,Car,23.7063,0,0.0000,True,10,1.0000,1.1725,mid15-30m
nuscenes,scene-0103_023,tleft_2cm,tleft,2.0000,10,Car,32.9490,0,0.0000,True,10,1.0000,0.8147,far>30m
nuscenes,scene-0103_023,tleft_2cm,tleft,2.0000,22,Car,10.5531,0,0.5043,False,254,0.6220,2.9733,near<15m
nuscenes,scene-0103_023,tup_2cm,tup,2.0000,2,Car,23.7063,0,0.0000,True,10,1.0000,1.1733,mid15-30m
nuscenes,scene-0103_023,tup_2cm,tup,2.0000,10,Car,32.9490,0,0.0000,True,10,1.0000,0.8138,far>30m
nuscenes,scene-0103_023,tup_2cm,tup,2.0000,22,Car,10.5531,0,0.5043,False,254,0.6260,3.0137,near<15m
nuscenes,scene-0103_023,tfwd_5cm,tfwd,5.0000,2,Car,23.7063,0,0.0000,True,10,1.0000,0.2482,mid15-30m
nuscenes,scene-0103_023,tfwd_5cm,tfwd,5.0000,10,Car,32.9490,0,0.0000,True,10,1.0000,0.3853,far>30m
nuscenes,scene-0103_023,tfwd_5cm,tfwd,5.0000,22,Car,10.5531,0,0.5043,False,254,0.6299,4.8865,near<15m
nuscenes,scene-0103_023,tleft_5cm,tleft,5.0000,2,Car,23.7063,0,0.0000,True,10,1.0000,2.9312,mid15-30m
nuscenes,scene-0103_023,tleft_5cm,tleft,5.0000,10,Car,32.9490,0,0.0000,True,10,1.0000,2.0368,far>30m
nuscenes,scene-0103_023,tleft_5cm,tleft,5.0000,22,Car,10.5531,0,0.5043,False,254,0.6063,7.4329,near<15m
nuscenes,scene-0103_023,tup_5cm,tup,5.0000,2,Car,23.7063,0,0.0000,True,10,1.0000,2.9330,mid15-30m
nuscenes,scene-0103_023,tup_5cm,tup,5.0000,10,Car,32.9490,0,0.0000,True,10,1.0000,2.0343,far>30m
nuscenes,scene-0103_023,tup_5cm,tup,5.0000,22,Car,10.5531,0,0.5043,False,254,0.6260,7.5327,near<15m
nuscenes,scene-0103_023,tfwd_10cm,tfwd,10.0000,2,Car,23.7063,0,0.0000,True,10,1.0000,0.4952,mid15-30m
nuscenes,scene-0103_023,tfwd_10cm,tfwd,10.0000,10,Car,32.9490,0,0.0000,True,10,1.0000,0.7694,far>30m
nuscenes,scene-0103_023,tfwd_10cm,tfwd,10.0000,22,Car,10.5531,0,0.5043,False,254,0.6417,9.7131,near<15m
nuscenes,scene-0103_023,tleft_10cm,tleft,10.0000,2,Car,23.7063,0,0.0000,True,10,1.0000,5.8623,mid15-30m
nuscenes,scene-0103_023,tleft_10cm,tleft,10.0000,10,Car,32.9490,0,0.0000,True,10,1.0000,4.0735,far>30m
nuscenes,scene-0103_023,tleft_10cm,tleft,10.0000,22,Car,10.5531,0,0.5043,False,254,0.5984,14.8649,near<15m
nuscenes,scene-0103_023,tup_10cm,tup,10.0000,2,Car,23.7063,0,0.0000,True,10,1.0000,5.8652,mid15-30m
nuscenes,scene-0103_023,tup_10cm,tup,10.0000,10,Car,32.9490,0,0.0000,True,10,1.0000,4.0682,far>30m
nuscenes,scene-0103_023,tup_10cm,tup,10.0000,22,Car,10.5531,0,0.5043,False,254,0.6260,15.0605,near<15m
nuscenes,scene-0103_024,baseline,baseline,0.0000,10,Car,31.1101,0,0.0000,True,10,1.0000,0.0000,far>30m
nuscenes,scene-0103_024,baseline,baseline,0.0000,12,Car,15.8829,2,0.6102,False,14,0.7143,0.0000,mid15-30m
nuscenes,scene-0103_024,baseline,baseline,0.0000,21,Car,8.9554,0,0.8301,False,347,0.2997,0.0000,near<15m
nuscenes,scene-0103_024,baseline,baseline,0.0000,24,Car,21.5682,0,0.0000,True,18,1.0000,0.0000,mid15-30m
nuscenes,scene-0103_024,yaw_0.5deg,yaw,0.5000,10,Car,31.1101,0,0.0000,True,10,1.0000,11.6470,far>30m
nuscenes,scene-0103_024,yaw_0.5deg,yaw,0.5000,12,Car,15.8829,2,0.6102,False,14,0.5714,15.7789,mid15-30m
nuscenes,scene-0103_024,yaw_0.5deg,yaw,0.5000,21,Car,8.9554,0,0.8301,False,347,0.2709,20.4041,near<15m
nuscenes,scene-0103_024,yaw_0.5deg,yaw,0.5000,24,Car,21.5682,0,0.0000,True,18,1.0000,13.5001,mid15-30m
nuscenes,scene-0103_024,pitch_0.5deg,pitch,0.5000,10,Car,31.1101,0,0.0000,True,10,1.0000,11.2114,far>30m
nuscenes,scene-0103_024,pitch_0.5deg,pitch,0.5000,12,Car,15.8829,2,0.6102,False,14,0.7143,11.4245,mid15-30m
nuscenes,scene-0103_024,pitch_0.5deg,pitch,0.5000,21,Car,8.9554,0,0.8301,False,347,0.2968,12.6291,near<15m
nuscenes,scene-0103_024,pitch_0.5deg,pitch,0.5000,24,Car,21.5682,0,0.0000,True,18,1.0000,11.3493,mid15-30m
nuscenes,scene-0103_024,roll_0.5deg,roll,0.5000,10,Car,31.1101,0,0.0000,True,10,1.0000,2.2097,far>30m
nuscenes,scene-0103_024,roll_0.5deg,roll,0.5000,12,Car,15.8829,2,0.6102,False,14,0.7143,6.9307,mid15-30m
nuscenes,scene-0103_024,roll_0.5deg,roll,0.5000,21,Car,8.9554,0,0.8301,False,347,0.2968,9.4127,near<15m
nuscenes,scene-0103_024,roll_0.5deg,roll,0.5000,24,Car,21.5682,0,0.0000,True,18,1.0000,4.9479,mid15-30m
nuscenes,scene-0103_024,yaw_1.0deg,yaw,1.0000,10,Car,31.1101,0,0.0000,True,10,0.9000,23.2524,far>30m
nuscenes,scene-0103_024,yaw_1.0deg,yaw,1.0000,12,Car,15.8829,2,0.6102,False,14,0.5000,31.7366,mid15-30m
nuscenes,scene-0103_024,yaw_1.0deg,yaw,1.0000,21,Car,8.9554,0,0.8301,False,347,0.2478,41.1422,near<15m
nuscenes,scene-0103_024,yaw_1.0deg,yaw,1.0000,24,Car,21.5682,0,0.0000,True,18,1.0000,27.1081,mid15-30m
nuscenes,scene-0103_024,pitch_1.0deg,pitch,1.0000,10,Car,31.1101,0,0.0000,True,10,0.1000,22.4343,far>30m
nuscenes,scene-0103_024,pitch_1.0deg,pitch,1.0000,12,Car,15.8829,2,0.6102,False,14,0.7143,22.8703,mid15-30m
nuscenes,scene-0103_024,pitch_1.0deg,pitch,1.0000,21,Car,8.9554,0,0.8301,False,347,0.2911,25.3269,near<15m
nuscenes,scene-0103_024,pitch_1.0deg,pitch,1.0000,24,Car,21.5682,0,0.0000,True,18,1.0000,22.7212,mid15-30m
nuscenes,scene-0103_024,roll_1.0deg,roll,1.0000,10,Car,31.1101,0,0.0000,True,10,1.0000,4.4196,far>30m
nuscenes,scene-0103_024,roll_1.0deg,roll,1.0000,12,Car,15.8829,2,0.6102,False,14,0.7143,13.8592,mid15-30m
nuscenes,scene-0103_024,roll_1.0deg,roll,1.0000,21,Car,8.9554,0,0.8301,False,347,0.2939,18.8209,near<15m
nuscenes,scene-0103_024,roll_1.0deg,roll,1.0000,24,Car,21.5682,0,0.0000,True,18,1.0000,9.8946,mid15-30m
nuscenes,scene-0103_024,yaw_2.0deg,yaw,2.0000,10,Car,31.1101,0,0.0000,True,10,0.5000,46.3463,far>30m
nuscenes,scene-0103_024,yaw_2.0deg,yaw,2.0000,12,Car,15.8829,2,0.6102,False,14,0.2857,64.2114,mid15-30m
nuscenes,scene-0103_024,yaw_2.0deg,yaw,2.0000,21,Car,8.9554,0,0.8301,False,347,0.2104,83.6710,near<15m
nuscenes,scene-0103_024,yaw_2.0deg,yaw,2.0000,24,Car,21.5682,0,0.0000,True,18,1.0000,54.6622,mid15-30m
nuscenes,scene-0103_024,pitch_2.0deg,pitch,2.0000,10,Car,31.1101,0,0.0000,True,10,0.1000,44.9218,far>30m
nuscenes,scene-0103_024,pitch_2.0deg,pitch,2.0000,12,Car,15.8829,2,0.6102,False,14,0.7143,45.8343,mid15-30m
nuscenes,scene-0103_024,pitch_2.0deg,pitch,2.0000,21,Car,8.9554,0,0.8301,False,347,0.2853,50.9414,near<15m
nuscenes,scene-0103_024,pitch_2.0deg,pitch,2.0000,24,Car,21.5682,0,0.0000,True,18,0.2778,45.5410,mid15-30m
nuscenes,scene-0103_024,roll_2.0deg,roll,2.0000,10,Car,31.1101,0,0.0000,True,10,1.0000,8.8396,far>30m
nuscenes,scene-0103_024,roll_2.0deg,roll,2.0000,12,Car,15.8829,2,0.6102,False,14,0.2857,27.7087,mid15-30m
nuscenes,scene-0103_024,roll_2.0deg,roll,2.0000,21,Car,8.9554,0,0.8301,False,347,0.2853,37.6233,near<15m
nuscenes,scene-0103_024,roll_2.0deg,roll,2.0000,24,Car,21.5682,0,0.0000,True,18,1.0000,19.7840,mid15-30m
nuscenes,scene-0103_024,yaw_3.0deg,yaw,3.0000,10,Car,31.1101,0,0.0000,True,10,0.2000,69.2978,far>30m
nuscenes,scene-0103_024,yaw_3.0deg,yaw,3.0000,12,Car,15.8829,2,0.6102,False,14,0.2857,97.4722,mid15-30m
nuscenes,scene-0103_024,yaw_3.0deg,yaw,3.0000,21,Car,8.9554,0,0.8301,False,347,0.1671,127.6928,near<15m
nuscenes,scene-0103_024,yaw_3.0deg,yaw,3.0000,24,Car,21.5682,0,0.0000,True,18,0.8333,82.6914,mid15-30m
nuscenes,scene-0103_024,pitch_3.0deg,pitch,3.0000,10,Car,31.1101,0,0.0000,True,10,0.0000,67.4772,far>30m
nuscenes,scene-0103_024,pitch_3.0deg,pitch,3.0000,12,Car,15.8829,2,0.6102,False,14,0.7143,68.9094,mid15-30m
nuscenes,scene-0103_024,pitch_3.0deg,pitch,3.0000,21,Car,8.9554,0,0.8301,False,347,0.2824,76.8691,near<15m
nuscenes,scene-0103_024,pitch_3.0deg,pitch,3.0000,24,Car,21.5682,0,0.0000,True,18,0.2778,68.4755,mid15-30m
nuscenes,scene-0103_024,roll_3.0deg,roll,3.0000,10,Car,31.1101,0,0.0000,True,10,1.0000,13.2598,far>30m
nuscenes,scene-0103_024,roll_3.0deg,roll,3.0000,12,Car,15.8829,2,0.6102,False,14,0.1429,41.5477,mid15-30m
nuscenes,scene-0103_024,roll_3.0deg,roll,3.0000,21,Car,8.9554,0,0.8301,False,347,0.2853,56.4057,near<15m
nuscenes,scene-0103_024,roll_3.0deg,roll,3.0000,24,Car,21.5682,0,0.0000,True,18,1.0000,29.6675,mid15-30m
nuscenes,scene-0103_024,tfwd_2cm,tfwd,2.0000,10,Car,31.1101,0,0.0000,True,10,1.0000,0.1749,far>30m
nuscenes,scene-0103_024,tfwd_2cm,tfwd,2.0000,12,Car,15.8829,2,0.6102,False,14,0.7143,1.1630,mid15-30m
nuscenes,scene-0103_024,tfwd_2cm,tfwd,2.0000,21,Car,8.9554,0,0.8301,False,347,0.2997,3.4419,near<15m
nuscenes,scene-0103_024,tfwd_2cm,tfwd,2.0000,24,Car,21.5682,0,0.0000,True,18,1.0000,0.6144,mid15-30m
nuscenes,scene-0103_024,tleft_2cm,tleft,2.0000,10,Car,31.1101,0,0.0000,True,10,1.0000,0.8673,far>30m
nuscenes,scene-0103_024,tleft_2cm,tleft,2.0000,12,Car,15.8829,2,0.6102,False,14,0.7143,1.8234,mid15-30m
nuscenes,scene-0103_024,tleft_2cm,tleft,2.0000,21,Car,8.9554,0,0.8301,False,347,0.2939,3.8526,near<15m
nuscenes,scene-0103_024,tleft_2cm,tleft,2.0000,24,Car,21.5682,0,0.0000,True,18,1.0000,1.3547,mid15-30m
nuscenes,scene-0103_024,tup_2cm,tup,2.0000,10,Car,31.1101,0,0.0000,True,10,1.0000,0.8661,far>30m
nuscenes,scene-0103_024,tup_2cm,tup,2.0000,12,Car,15.8829,2,0.6102,False,14,0.7143,1.8404,mid15-30m
nuscenes,scene-0103_024,tup_2cm,tup,2.0000,21,Car,8.9554,0,0.8301,False,347,0.2997,3.9266,near<15m
nuscenes,scene-0103_024,tup_2cm,tup,2.0000,24,Car,21.5682,0,0.0000,True,18,1.0000,1.3657,mid15-30m
nuscenes,scene-0103_024,tfwd_5cm,tfwd,5.0000,10,Car,31.1101,0,0.0000,True,10,1.0000,0.4369,far>30m
nuscenes,scene-0103_024,tfwd_5cm,tfwd,5.0000,12,Car,15.8829,2,0.6102,False,14,0.7143,2.9010,mid15-30m
nuscenes,scene-0103_024,tfwd_5cm,tfwd,5.0000,21,Car,8.9554,0,0.8301,False,347,0.3026,8.5624,near<15m
nuscenes,scene-0103_024,tfwd_5cm,tfwd,5.0000,24,Car,21.5682,0,0.0000,True,18,1.0000,1.5335,mid15-30m
nuscenes,scene-0103_024,tleft_5cm,tleft,5.0000,10,Car,31.1101,0,0.0000,True,10,1.0000,2.1683,far>30m
nuscenes,scene-0103_024,tleft_5cm,tleft,5.0000,12,Car,15.8829,2,0.6102,False,14,0.6429,4.5584,mid15-30m
nuscenes,scene-0103_024,tleft_5cm,tleft,5.0000,21,Car,8.9554,0,0.8301,False,347,0.2824,9.6310,near<15m
nuscenes,scene-0103_024,tleft_5cm,tleft,5.0000,24,Car,21.5682,0,0.0000,True,18,1.0000,3.3868,mid15-30m
nuscenes,scene-0103_024,tup_5cm,tup,5.0000,10,Car,31.1101,0,0.0000,True,10,1.0000,2.1652,far>30m
nuscenes,scene-0103_024,tup_5cm,tup,5.0000,12,Car,15.8829,2,0.6102,False,14,0.7143,4.6005,mid15-30m
nuscenes,scene-0103_024,tup_5cm,tup,5.0000,21,Car,8.9554,0,0.8301,False,347,0.2997,9.8139,near<15m
nuscenes,scene-0103_024,tup_5cm,tup,5.0000,24,Car,21.5682,0,0.0000,True,18,1.0000,3.4140,mid15-30m
nuscenes,scene-0103_024,tfwd_10cm,tfwd,10.0000,10,Car,31.1101,0,0.0000,True,10,1.0000,0.8722,far>30m
nuscenes,scene-0103_024,tfwd_10cm,tfwd,10.0000,12,Car,15.8829,2,0.6102,False,14,0.7857,5.7809,mid15-30m
nuscenes,scene-0103_024,tfwd_10cm,tfwd,10.0000,21,Car,8.9554,0,0.8301,False,347,0.3141,16.9851,near<15m
nuscenes,scene-0103_024,tfwd_10cm,tfwd,10.0000,24,Car,21.5682,0,0.0000,True,18,1.0000,3.0586,mid15-30m
nuscenes,scene-0103_024,tleft_10cm,tleft,10.0000,10,Car,31.1101,0,0.0000,True,10,1.0000,4.3366,far>30m
nuscenes,scene-0103_024,tleft_10cm,tleft,10.0000,12,Car,15.8829,2,0.6102,False,14,0.6429,9.1164,mid15-30m
nuscenes,scene-0103_024,tleft_10cm,tleft,10.0000,21,Car,8.9554,0,0.8301,False,347,0.2680,19.2603,near<15m
nuscenes,scene-0103_024,tleft_10cm,tleft,10.0000,24,Car,21.5682,0,0.0000,True,18,1.0000,6.7733,mid15-30m
nuscenes,scene-0103_024,tup_10cm,tup,10.0000,10,Car,31.1101,0,0.0000,True,10,1.0000,4.3300,far>30m
nuscenes,scene-0103_024,tup_10cm,tup,10.0000,12,Car,15.8829,2,0.6102,False,14,0.7143,9.1991,mid15-30m
nuscenes,scene-0103_024,tup_10cm,tup,10.0000,21,Car,8.9554,0,0.8301,False,347,0.2997,19.6193,near<15m
nuscenes,scene-0103_024,tup_10cm,tup,10.0000,24,Car,21.5682,0,0.0000,True,18,1.0000,6.8270,mid15-30m
nuscenes,scene-0103_025,baseline,baseline,0.0000,10,Car,29.0612,0,0.0000,True,15,1.0000,0.0000,mid15-30m
nuscenes,scene-0103_025,baseline,baseline,0.0000,12,Car,14.1899,2,0.8705,False,38,0.3421,0.0000,near<15m
nuscenes,scene-0103_025,baseline,baseline,0.0000,20,Truck,45.4010,0,0.0000,True,10,1.0000,0.0000,far>30m
nuscenes,scene-0103_025,baseline,baseline,0.0000,21,Car,7.5309,0,0.9916,False,534,0.0056,0.0000,near<15m
nuscenes,scene-0103_025,baseline,baseline,0.0000,25,Car,19.6718,0,0.0000,True,30,1.0000,0.0000,mid15-30m
nuscenes,scene-0103_025,yaw_0.5deg,yaw,0.5000,10,Car,29.0612,0,0.0000,True,15,1.0000,11.7088,mid15-30m
nuscenes,scene-0103_025,yaw_0.5deg,yaw,0.5000,12,Car,14.1899,2,0.8705,False,38,0.2895,16.8388,near<15m
nuscenes,scene-0103_025,yaw_0.5deg,yaw,0.5000,20,Truck,45.4010,0,0.0000,True,10,1.0000,11.3183,far>30m
nuscenes,scene-0103_025,yaw_0.5deg,yaw,0.5000,21,Car,7.5309,0,0.9916,False,534,0.0019,34.5916,near<15m
nuscenes,scene-0103_025,yaw_0.5deg,yaw,0.5000,25,Car,19.6718,0,0.0000,True,30,1.0000,14.3589,mid15-30m
nuscenes,scene-0103_025,pitch_0.5deg,pitch,0.5000,10,Car,29.0612,0,0.0000,True,15,1.0000,11.2165,mid15-30m
nuscenes,scene-0103_025,pitch_0.5deg,pitch,0.5000,12,Car,14.1899,2,0.8705,False,38,0.3421,11.5475,near<15m
nuscenes,scene-0103_025,pitch_0.5deg,pitch,0.5000,20,Truck,45.4010,0,0.0000,True,10,1.0000,11.0637,far>30m
nuscenes,scene-0103_025,pitch_0.5deg,pitch,0.5000,21,Car,7.5309,0,0.9916,False,534,0.0037,15.0853,near<15m
nuscenes,scene-0103_025,pitch_0.5deg,pitch,0.5000,25,Car,19.6718,0,0.0000,True,30,1.0000,11.4199,mid15-30m
nuscenes,scene-0103_025,roll_0.5deg,roll,0.5000,10,Car,29.0612,0,0.0000,True,15,1.0000,2.3408,mid15-30m
nuscenes,scene-0103_025,roll_0.5deg,roll,0.5000,12,Car,14.1899,2,0.8705,False,38,0.3421,7.7064,near<15m
nuscenes,scene-0103_025,roll_0.5deg,roll,0.5000,20,Truck,45.4010,0,0.0000,True,10,1.0000,1.7551,far>30m
nuscenes,scene-0103_025,roll_0.5deg,roll,0.5000,21,Car,7.5309,0,0.9916,False,534,0.0037,14.8526,near<15m
nuscenes,scene-0103_025,roll_0.5deg,roll,0.5000,25,Car,19.6718,0,0.0000,True,30,1.0000,5.7900,mid15-30m
nuscenes,scene-0103_025,yaw_1.0deg,yaw,1.0000,10,Car,29.0612,0,0.0000,True,15,0.8667,23.3733,mid15-30m
nuscenes,scene-0103_025,yaw_1.0deg,yaw,1.0000,12,Car,14.1899,2,0.8705,False,38,0.1579,33.8896,near<15m
nuscenes,scene-0103_025,yaw_1.0deg,yaw,1.0000,20,Truck,45.4010,0,0.0000,True,10,1.0000,22.6674,far>30m
nuscenes,scene-0103_025,yaw_1.0deg,yaw,1.0000,21,Car,7.5309,0,0.9916,False,534,0.0000,70.1718,near<15m
nuscenes,scene-0103_025,yaw_1.0deg,yaw,1.0000,25,Car,19.6718,0,0.0000,True,30,0.9667,28.8526,mid15-30m
nuscenes,scene-0103_025,pitch_1.0deg,pitch,1.0000,10,Car,29.0612,0,0.0000,True,15,1.0000,22.4437,mid15-30m
nuscenes,scene-0103_025,pitch_1.0deg,pitch,1.0000,12,Car,14.1899,2,0.8705,False,38,0.3421,23.1244,near<15m
nuscenes,scene-0103_025,pitch_1.0deg,pitch,1.0000,20,Truck,45.4010,0,0.0000,True,10,0.8000,22.1336,far>30m
nuscenes,scene-0103_025,pitch_1.0deg,pitch,1.0000,21,Car,7.5309,0,0.9916,False,534,0.0037,30.3316,near<15m
nuscenes,scene-0103_025,pitch_1.0deg,pitch,1.0000,25,Car,19.6718,0,0.0000,True,30,0.6000,22.8672,mid15-30m
nuscenes,scene-0103_025,roll_1.0deg,roll,1.0000,10,Car,29.0612,0,0.0000,True,15,1.0000,4.6818,mid15-30m
nuscenes,scene-0103_025,roll_1.0deg,roll,1.0000,12,Car,14.1899,2,0.8705,False,38,0.3421,15.4099,near<15m
nuscenes,scene-0103_025,roll_1.0deg,roll,1.0000,20,Truck,45.4010,0,0.0000,True,10,1.0000,3.5101,far>30m
nuscenes,scene-0103_025,roll_1.0deg,roll,1.0000,21,Car,7.5309,0,0.9916,False,534,0.0037,29.6938,near<15m
nuscenes,scene-0103_025,roll_1.0deg,roll,1.0000,25,Car,19.6718,0,0.0000,True,30,1.0000,11.5784,mid15-30m
nuscenes,scene-0103_025,yaw_2.0deg,yaw,2.0000,10,Car,29.0612,0,0.0000,True,15,0.5333,46.5776,mid15-30m
nuscenes,scene-0103_025,yaw_2.0deg,yaw,2.0000,12,Car,14.1899,2,0.8705,False,38,0.0000,68.6551,near<15m
nuscenes,scene-0103_025,yaw_2.0deg,yaw,2.0000,20,Truck,45.4010,0,0.0000,True,10,1.0000,45.4657,far>30m
nuscenes,scene-0103_025,yaw_2.0deg,yaw,2.0000,21,Car,7.5309,0,0.9916,False,534,0.0000,144.5190,near<15m
nuscenes,scene-0103_025,yaw_2.0deg,yaw,2.0000,25,Car,19.6718,0,0.0000,True,30,0.8000,58.2617,mid15-30m
nuscenes,scene-0103_025,pitch_2.0deg,pitch,2.0000,10,Car,29.0612,0,0.0000,True,15,0.2667,44.9373,mid15-30m
nuscenes,scene-0103_025,pitch_2.0deg,pitch,2.0000,12,Car,14.1899,2,0.8705,False,38,0.3421,46.3759,near<15m
nuscenes,scene-0103_025,pitch_2.0deg,pitch,2.0000,20,Truck,45.4010,0,0.0000,True,10,0.4000,44.2992,far>30m
nuscenes,scene-0103_025,pitch_2.0deg,pitch,2.0000,21,Car,7.5309,0,0.9916,False,534,0.0037,61.3297,near<15m
nuscenes,scene-0103_025,pitch_2.0deg,pitch,2.0000,25,Car,19.6718,0,0.0000,True,30,0.6000,45.8521,mid15-30m
nuscenes,scene-0103_025,roll_2.0deg,roll,2.0000,10,Car,29.0612,0,0.0000,True,15,1.0000,9.3642,mid15-30m
nuscenes,scene-0103_025,roll_2.0deg,roll,2.0000,12,Car,14.1899,2,0.8705,False,38,0.2632,30.8081,near<15m
nuscenes,scene-0103_025,roll_2.0deg,roll,2.0000,20,Truck,45.4010,0,0.0000,True,10,1.0000,7.0194,far>30m
nuscenes,scene-0103_025,roll_2.0deg,roll,2.0000,21,Car,7.5309,0,0.9916,False,534,0.0037,59.3406,near<15m
nuscenes,scene-0103_025,roll_2.0deg,roll,2.0000,25,Car,19.6718,0,0.0000,True,30,1.0000,23.1498,mid15-30m
nuscenes,scene-0103_025,yaw_3.0deg,yaw,3.0000,10,Car,29.0612,0,0.0000,True,15,0.2667,69.6291,mid15-30m
nuscenes,scene-0103_025,yaw_3.0deg,yaw,3.0000,12,Car,14.1899,2,0.8705,False,38,0.0000,104.3541,near<15m
nuscenes,scene-0103_025,yaw_3.0deg,yaw,3.0000,20,Truck,45.4010,0,0.0000,True,10,0.8000,68.4102,far>30m
nuscenes,scene-0103_025,yaw_3.0deg,yaw,3.0000,21,Car,7.5309,0,0.9916,False,534,0.0000,223.5277,near<15m
nuscenes,scene-0103_025,yaw_3.0deg,yaw,3.0000,25,Car,19.6718,0,0.0000,True,30,0.7000,88.2632,mid15-30m
nuscenes,scene-0103_025,pitch_3.0deg,pitch,3.0000,10,Car,29.0612,0,0.0000,True,15,0.0000,67.4956,mid15-30m
nuscenes,scene-0103_025,pitch_3.0deg,pitch,3.0000,12,Car,14.1899,2,0.8705,False,38,0.3158,69.7732,near<15m
nuscenes,scene-0103_025,pitch_3.0deg,pitch,3.0000,20,Truck,45.4010,0,0.0000,True,10,0.4000,66.5107,far>30m
nuscenes,scene-0103_025,pitch_3.0deg,pitch,3.0000,21,Car,7.5309,0,0.9916,False,534,0.0000,93.0410,near<15m
nuscenes,scene-0103_025,pitch_3.0deg,pitch,3.0000,25,Car,19.6718,0,0.0000,True,30,0.1000,68.9717,mid15-30m
nuscenes,scene-0103_025,roll_3.0deg,roll,3.0000,10,Car,29.0612,0,0.0000,True,15,1.0000,14.0468,mid15-30m
nuscenes,scene-0103_025,roll_3.0deg,roll,3.0000,12,Car,14.1899,2,0.8705,False,38,0.2632,46.1933,near<15m
nuscenes,scene-0103_025,roll_3.0deg,roll,3.0000,20,Truck,45.4010,0,0.0000,True,10,1.0000,10.5275,far>30m
nuscenes,scene-0103_025,roll_3.0deg,roll,3.0000,21,Car,7.5309,0,0.9916,False,534,0.0019,88.9384,near<15m
nuscenes,scene-0103_025,roll_3.0deg,roll,3.0000,25,Car,19.6718,0,0.0000,True,30,1.0000,34.7135,mid15-30m
nuscenes,scene-0103_025,tfwd_2cm,tfwd,2.0000,10,Car,29.0612,0,0.0000,True,15,1.0000,0.1984,mid15-30m
nuscenes,scene-0103_025,tfwd_2cm,tfwd,2.0000,12,Car,14.1899,2,0.8705,False,38,0.3421,1.4640,near<15m
nuscenes,scene-0103_025,tfwd_2cm,tfwd,2.0000,20,Truck,45.4010,0,0.0000,True,10,1.0000,0.0887,far>30m
nuscenes,scene-0103_025,tfwd_2cm,tfwd,2.0000,21,Car,7.5309,0,0.9916,False,534,0.0075,8.7182,near<15m
nuscenes,scene-0103_025,tfwd_2cm,tfwd,2.0000,25,Car,19.6718,0,0.0000,True,30,1.0000,0.8102,mid15-30m
nuscenes,scene-0103_025,tleft_2cm,tleft,2.0000,10,Car,29.0612,0,0.0000,True,15,1.0000,0.9276,mid15-30m
nuscenes,scene-0103_025,tleft_2cm,tleft,2.0000,12,Car,14.1899,2,0.8705,False,38,0.3421,2.0663,near<15m
nuscenes,scene-0103_025,tleft_2cm,tleft,2.0000,20,Truck,45.4010,0,0.0000,True,10,1.0000,0.5487,far>30m
nuscenes,scene-0103_025,tleft_2cm,tleft,2.0000,21,Car,7.5309,0,0.9916,False,534,0.0037,5.9150,near<15m
nuscenes,scene-0103_025,tleft_2cm,tleft,2.0000,25,Car,19.6718,0,0.0000,True,30,1.0000,1.5237,mid15-30m
nuscenes,scene-0103_025,tup_2cm,tup,2.0000,10,Car,29.0612,0,0.0000,True,15,1.0000,0.9260,mid15-30m
nuscenes,scene-0103_025,tup_2cm,tup,2.0000,12,Car,14.1899,2,0.8705,False,38,0.3421,2.0906,near<15m
nuscenes,scene-0103_025,tup_2cm,tup,2.0000,20,Truck,45.4010,0,0.0000,True,10,1.0000,0.5494,far>30m
nuscenes,scene-0103_025,tup_2cm,tup,2.0000,21,Car,7.5309,0,0.9916,False,534,0.0056,6.1157,near<15m
nuscenes,scene-0103_025,tup_2cm,tup,2.0000,25,Car,19.6718,0,0.0000,True,30,1.0000,1.5389,mid15-30m
nuscenes,scene-0103_025,tfwd_5cm,tfwd,5.0000,10,Car,29.0612,0,0.0000,True,15,1.0000,0.4954,mid15-30m
nuscenes,scene-0103_025,tfwd_5cm,tfwd,5.0000,12,Car,14.1899,2,0.8705,False,38,0.3684,3.6509,near<15m
nuscenes,scene-0103_025,tfwd_5cm,tfwd,5.0000,20,Truck,45.4010,0,0.0000,True,10,1.0000,0.2216,far>30m
nuscenes,scene-0103_025,tfwd_5cm,tfwd,5.0000,21,Car,7.5309,0,0.9916,False,534,0.0094,21.6179,near<15m
nuscenes,scene-0103_025,tfwd_5cm,tfwd,5.0000,25,Car,19.6718,0,0.0000,True,30,1.0000,2.0219,mid15-30m
nuscenes,scene-0103_025,tleft_5cm,tleft,5.0000,10,Car,29.0612,0,0.0000,True,15,1.0000,2.3190,mid15-30m
nuscenes,scene-0103_025,tleft_5cm,tleft,5.0000,12,Car,14.1899,2,0.8705,False,38,0.3158,5.1655,near<15m
nuscenes,scene-0103_025,tleft_5cm,tleft,5.0000,20,Truck,45.4010,0,0.0000,True,10,1.0000,1.3717,far>30m
nuscenes,scene-0103_025,tleft_5cm,tleft,5.0000,21,Car,7.5309,0,0.9916,False,534,0.0037,14.7862,near<15m
nuscenes,scene-0103_025,tleft_5cm,tleft,5.0000,25,Car,19.6718,0,0.0000,True,30,1.0000,3.8093,mid15-30m
nuscenes,scene-0103_025,tup_5cm,tup,5.0000,10,Car,29.0612,0,0.0000,True,15,1.0000,2.3147,mid15-30m
nuscenes,scene-0103_025,tup_5cm,tup,5.0000,12,Car,14.1899,2,0.8705,False,38,0.3421,5.2258,near<15m
nuscenes,scene-0103_025,tup_5cm,tup,5.0000,20,Truck,45.4010,0,0.0000,True,10,1.0000,1.3734,far>30m
nuscenes,scene-0103_025,tup_5cm,tup,5.0000,21,Car,7.5309,0,0.9916,False,534,0.0056,15.2829,near<15m
nuscenes,scene-0103_025,tup_5cm,tup,5.0000,25,Car,19.6718,0,0.0000,True,30,1.0000,3.8470,mid15-30m
nuscenes,scene-0103_025,tfwd_10cm,tfwd,10.0000,10,Car,29.0612,0,0.0000,True,15,1.0000,0.9889,mid15-30m
nuscenes,scene-0103_025,tfwd_10cm,tfwd,10.0000,12,Car,14.1899,2,0.8705,False,38,0.3947,7.2714,near<15m
nuscenes,scene-0103_025,tfwd_10cm,tfwd,10.0000,20,Truck,45.4010,0,0.0000,True,10,1.0000,0.4427,far>30m
nuscenes,scene-0103_025,tfwd_10cm,tfwd,10.0000,21,Car,7.5309,0,0.9916,False,534,0.0112,42.6572,near<15m
nuscenes,scene-0103_025,tfwd_10cm,tfwd,10.0000,25,Car,19.6718,0,0.0000,True,30,1.0000,4.0313,mid15-30m
nuscenes,scene-0103_025,tleft_10cm,tleft,10.0000,10,Car,29.0612,0,0.0000,True,15,1.0000,4.6380,mid15-30m
nuscenes,scene-0103_025,tleft_10cm,tleft,10.0000,12,Car,14.1899,2,0.8705,False,38,0.2895,10.3305,near<15m
nuscenes,scene-0103_025,tleft_10cm,tleft,10.0000,20,Truck,45.4010,0,0.0000,True,10,1.0000,2.7434,far>30m
nuscenes,scene-0103_025,tleft_10cm,tleft,10.0000,21,Car,7.5309,0,0.9916,False,534,0.0019,29.5683,near<15m
nuscenes,scene-0103_025,tleft_10cm,tleft,10.0000,25,Car,19.6718,0,0.0000,True,30,1.0000,7.6183,mid15-30m
nuscenes,scene-0103_025,tup_10cm,tup,10.0000,10,Car,29.0612,0,0.0000,True,15,1.0000,4.6290,mid15-30m
nuscenes,scene-0103_025,tup_10cm,tup,10.0000,12,Car,14.1899,2,0.8705,False,38,0.3421,10.4493,near<15m
nuscenes,scene-0103_025,tup_10cm,tup,10.0000,20,Truck,45.4010,0,0.0000,True,10,1.0000,2.7466,far>30m
nuscenes,scene-0103_025,tup_10cm,tup,10.0000,21,Car,7.5309,0,0.9916,False,534,0.0056,30.5446,near<15m
nuscenes,scene-0103_025,tup_10cm,tup,10.0000,25,Car,19.6718,0,0.0000,True,30,1.0000,7.6927,mid15-30m
nuscenes,scene-0103_026,baseline,baseline,0.0000,9,Car,26.7402,0,0.0000,True,10,1.0000,0.0000,mid15-30m
nuscenes,scene-0103_026,baseline,baseline,0.0000,18,Truck,43.0266,0,0.0000,True,15,1.0000,0.0000,far>30m
nuscenes,scene-0103_026,baseline,baseline,0.0000,22,Car,17.6247,0,0.2621,True,34,0.8529,0.0000,mid15-30m
nuscenes,scene-0103_026,yaw_0.5deg,yaw,0.5000,9,Car,26.7402,0,0.0000,True,10,1.0000,11.8152,mid15-30m
nuscenes,scene-0103_026,yaw_0.5deg,yaw,0.5000,18,Truck,43.0266,0,0.0000,True,15,1.0000,11.4136,far>30m
nuscenes,scene-0103_026,yaw_0.5deg,yaw,0.5000,22,Car,17.6247,0,0.2621,True,34,0.7941,15.3634,mid15-30m
nuscenes,scene-0103_026,pitch_0.5deg,pitch,0.5000,9,Car,26.7402,0,0.0000,True,10,1.0000,11.2384,mid15-30m
nuscenes,scene-0103_026,pitch_0.5deg,pitch,0.5000,18,Truck,43.0266,0,0.0000,True,15,1.0000,11.0791,far>30m
nuscenes,scene-0103_026,pitch_0.5deg,pitch,0.5000,22,Car,17.6247,0,0.2621,True,34,0.8529,11.5352,mid15-30m
nuscenes,scene-0103_026,roll_0.5deg,roll,0.5000,9,Car,26.7402,0,0.0000,True,10,1.0000,2.5277,mid15-30m
nuscenes,scene-0103_026,roll_0.5deg,roll,0.5000,18,Truck,43.0266,0,0.0000,True,15,1.0000,1.9760,far>30m
nuscenes,scene-0103_026,roll_0.5deg,roll,0.5000,22,Car,17.6247,0,0.2621,True,34,0.8529,6.6336,mid15-30m
nuscenes,scene-0103_026,yaw_1.0deg,yaw,1.0000,9,Car,26.7402,0,0.0000,True,10,0.9000,23.5821,mid15-30m
nuscenes,scene-0103_026,yaw_1.0deg,yaw,1.0000,18,Truck,43.0266,0,0.0000,True,15,1.0000,22.8626,far>30m
nuscenes,scene-0103_026,yaw_1.0deg,yaw,1.0000,22,Car,17.6247,0,0.2621,True,34,0.7647,30.8924,mid15-30m
nuscenes,scene-0103_026,pitch_1.0deg,pitch,1.0000,9,Car,26.7402,0,0.0000,True,10,1.0000,22.4877,mid15-30m
nuscenes,scene-0103_026,pitch_1.0deg,pitch,1.0000,18,Truck,43.0266,0,0.0000,True,15,1.0000,22.1666,far>30m
nuscenes,scene-0103_026,pitch_1.0deg,pitch,1.0000,22,Car,17.6247,0,0.2621,True,34,0.6471,23.1035,mid15-30m
nuscenes,scene-0103_026,roll_1.0deg,roll,1.0000,9,Car,26.7402,0,0.0000,True,10,1.0000,5.0557,mid15-30m
nuscenes,scene-0103_026,roll_1.0deg,roll,1.0000,18,Truck,43.0266,0,0.0000,True,15,1.0000,3.9519,far>30m
nuscenes,scene-0103_026,roll_1.0deg,roll,1.0000,22,Car,17.6247,0,0.2621,True,34,0.8529,13.2650,mid15-30m
nuscenes,scene-0103_026,yaw_2.0deg,yaw,2.0000,9,Car,26.7402,0,0.0000,True,10,0.7000,46.9792,mid15-30m
nuscenes,scene-0103_026,yaw_2.0deg,yaw,2.0000,18,Truck,43.0266,0,0.0000,True,15,0.9333,45.8750,far>30m
nuscenes,scene-0103_026,yaw_2.0deg,yaw,2.0000,22,Car,17.6247,0,0.2621,True,34,0.5882,62.4690,mid15-30m
nuscenes,scene-0103_026,pitch_2.0deg,pitch,2.0000,9,Car,26.7402,0,0.0000,True,10,0.2000,45.0267,mid15-30m
nuscenes,scene-0103_026,pitch_2.0deg,pitch,2.0000,18,Truck,43.0266,0,0.0000,True,15,0.6000,44.3739,far>30m
nuscenes,scene-0103_026,pitch_2.0deg,pitch,2.0000,22,Car,17.6247,0,0.2621,True,34,0.6471,46.3477,mid15-30m
nuscenes,scene-0103_026,roll_2.0deg,roll,2.0000,9,Car,26.7402,0,0.0000,True,10,1.0000,10.1120,mid15-30m
nuscenes,scene-0103_026,roll_2.0deg,roll,2.0000,18,Truck,43.0266,0,0.0000,True,15,1.0000,7.9027,far>30m
nuscenes,scene-0103_026,roll_2.0deg,roll,2.0000,22,Car,17.6247,0,0.2621,True,34,0.8235,26.5209,mid15-30m
nuscenes,scene-0103_026,yaw_3.0deg,yaw,3.0000,9,Car,26.7402,0,0.0000,True,10,0.4000,70.2083,mid15-30m
nuscenes,scene-0103_026,yaw_3.0deg,yaw,3.0000,18,Truck,43.0266,0,0.0000,True,15,0.6000,69.0530,far>30m
nuscenes,scene-0103_026,yaw_3.0deg,yaw,3.0000,22,Car,17.6247,0,0.2621,True,34,0.4412,94.7739,mid15-30m
nuscenes,scene-0103_026,pitch_3.0deg,pitch,3.0000,9,Car,26.7402,0,0.0000,True,10,0.0000,67.6317,mid15-30m
nuscenes,scene-0103_026,pitch_3.0deg,pitch,3.0000,18,Truck,43.0266,0,0.0000,True,15,0.1333,66.6360,far>30m
nuscenes,scene-0103_026,pitch_3.0deg,pitch,3.0000,22,Car,17.6247,0,0.2621,True,34,0.1765,69.7509,mid15-30m
nuscenes,scene-0103_026,roll_3.0deg,roll,3.0000,9,Car,26.7402,0,0.0000,True,10,1.0000,15.1687,mid15-30m
nuscenes,scene-0103_026,roll_3.0deg,roll,3.0000,18,Truck,43.0266,0,0.0000,True,15,1.0000,11.8522,far>30m
nuscenes,scene-0103_026,roll_3.0deg,roll,3.0000,22,Car,17.6247,0,0.2621,True,34,0.7941,39.7668,mid15-30m
nuscenes,scene-0103_026,tfwd_2cm,tfwd,2.0000,9,Car,26.7402,0,0.0000,True,10,1.0000,0.2339,mid15-30m
nuscenes,scene-0103_026,tfwd_2cm,tfwd,2.0000,18,Truck,43.0266,0,0.0000,True,15,1.0000,0.1089,far>30m
nuscenes,scene-0103_026,tfwd_2cm,tfwd,2.0000,22,Car,17.6247,0,0.2621,True,34,0.8529,1.0830,mid15-30m
nuscenes,scene-0103_026,tleft_2cm,tleft,2.0000,9,Car,26.7402,0,0.0000,True,10,1.0000,1.0131,mid15-30m
nuscenes,scene-0103_026,tleft_2cm,tleft,2.0000,18,Truck,43.0266,0,0.0000,True,15,1.0000,0.6000,far>30m
nuscenes,scene-0103_026,tleft_2cm,tleft,2.0000,22,Car,17.6247,0,0.2621,True,34,0.8235,1.7723,mid15-30m
nuscenes,scene-0103_026,tup_2cm,tup,2.0000,9,Car,26.7402,0,0.0000,True,10,1.0000,1.0110,mid15-30m
nuscenes,scene-0103_026,tup_2cm,tup,2.0000,18,Truck,43.0266,0,0.0000,True,15,1.0000,0.6013,far>30m
nuscenes,scene-0103_026,tup_2cm,tup,2.0000,22,Car,17.6247,0,0.2621,True,34,0.8529,1.7936,mid15-30m
nuscenes,scene-0103_026,tfwd_5cm,tfwd,5.0000,9,Car,26.7402,0,0.0000,True,10,1.0000,0.5840,mid15-30m
nuscenes,scene-0103_026,tfwd_5cm,tfwd,5.0000,18,Truck,43.0266,0,0.0000,True,15,1.0000,0.2720,far>30m
nuscenes,scene-0103_026,tfwd_5cm,tfwd,5.0000,22,Car,17.6247,0,0.2621,True,34,0.8529,2.7016,mid15-30m
nuscenes,scene-0103_026,tleft_5cm,tleft,5.0000,9,Car,26.7402,0,0.0000,True,10,1.0000,2.5327,mid15-30m
nuscenes,scene-0103_026,tleft_5cm,tleft,5.0000,18,Truck,43.0266,0,0.0000,True,15,1.0000,1.5001,far>30m
nuscenes,scene-0103_026,tleft_5cm,tleft,5.0000,22,Car,17.6247,0,0.2621,True,34,0.8235,4.4307,mid15-30m
nuscenes,scene-0103_026,tup_5cm,tup,5.0000,9,Car,26.7402,0,0.0000,True,10,1.0000,2.5274,mid15-30m
nuscenes,scene-0103_026,tup_5cm,tup,5.0000,18,Truck,43.0266,0,0.0000,True,15,1.0000,1.5032,far>30m
nuscenes,scene-0103_026,tup_5cm,tup,5.0000,22,Car,17.6247,0,0.2621,True,34,0.8529,4.4835,mid15-30m
nuscenes,scene-0103_026,tfwd_10cm,tfwd,10.0000,9,Car,26.7402,0,0.0000,True,10,1.0000,1.1657,mid15-30m
nuscenes,scene-0103_026,tfwd_10cm,tfwd,10.0000,18,Truck,43.0266,0,0.0000,True,15,1.0000,0.5433,far>30m
nuscenes,scene-0103_026,tfwd_10cm,tfwd,10.0000,22,Car,17.6247,0,0.2621,True,34,0.8529,5.3838,mid15-30m
nuscenes,scene-0103_026,tleft_10cm,tleft,10.0000,9,Car,26.7402,0,0.0000,True,10,1.0000,5.0652,mid15-30m
nuscenes,scene-0103_026,tleft_10cm,tleft,10.0000,18,Truck,43.0266,0,0.0000,True,15,1.0000,3.0002,far>30m
nuscenes,scene-0103_026,tleft_10cm,tleft,10.0000,22,Car,17.6247,0,0.2621,True,34,0.8235,8.8610,mid15-30m
nuscenes,scene-0103_026,tup_10cm,tup,10.0000,9,Car,26.7402,0,0.0000,True,10,1.0000,5.0543,mid15-30m
nuscenes,scene-0103_026,tup_10cm,tup,10.0000,18,Truck,43.0266,0,0.0000,True,15,1.0000,3.0062,far>30m
nuscenes,scene-0103_026,tup_10cm,tup,10.0000,22,Car,17.6247,0,0.2621,True,34,0.8529,8.9652,mid15-30m
nuscenes,scene-0103_027,baseline,baseline,0.0000,8,Car,24.2053,0,0.0000,True,24,1.0000,0.0000,mid15-30m
nuscenes,scene-0103_027,baseline,baseline,0.0000,17,Truck,40.5032,0,0.0000,True,18,1.0000,0.0000,far>30m
nuscenes,scene-0103_027,baseline,baseline,0.0000,21,Car,15.4549,0,0.6424,False,59,0.2542,0.0000,mid15-30m
nuscenes,scene-0103_027,yaw_0.5deg,yaw,0.5000,8,Car,24.2053,0,0.0000,True,24,1.0000,11.9680,mid15-30m
nuscenes,scene-0103_027,yaw_0.5deg,yaw,0.5000,17,Truck,40.5032,0,0.0000,True,18,1.0000,11.4902,far>30m
nuscenes,scene-0103_027,yaw_0.5deg,yaw,0.5000,21,Car,15.4549,0,0.6424,False,59,0.2542,17.2866,mid15-30m
nuscenes,scene-0103_027,pitch_0.5deg,pitch,0.5000,8,Car,24.2053,0,0.0000,True,24,1.0000,11.2853,mid15-30m
nuscenes,scene-0103_027,pitch_0.5deg,pitch,0.5000,17,Truck,40.5032,0,0.0000,True,18,1.0000,11.0855,far>30m
nuscenes,scene-0103_027,pitch_0.5deg,pitch,0.5000,21,Car,15.4549,0,0.6424,False,59,0.2542,11.6795,mid15-30m
nuscenes,scene-0103_027,roll_0.5deg,roll,0.5000,8,Car,24.2053,0,0.0000,True,24,1.0000,2.7740,mid15-30m
nuscenes,scene-0103_027,roll_0.5deg,roll,0.5000,17,Truck,40.5032,0,0.0000,True,18,1.0000,2.1516,far>30m
nuscenes,scene-0103_027,roll_0.5deg,roll,0.5000,21,Car,15.4549,0,0.6424,False,59,0.2542,8.0073,mid15-30m
nuscenes,scene-0103_027,yaw_1.0deg,yaw,1.0000,8,Car,24.2053,0,0.0000,True,24,0.9167,23.8823,mid15-30m
nuscenes,scene-0103_027,yaw_1.0deg,yaw,1.0000,17,Truck,40.5032,0,0.0000,True,18,1.0000,23.0196,far>30m
nuscenes,scene-0103_027,yaw_1.0deg,yaw,1.0000,21,Car,15.4549,0,0.6424,False,59,0.2542,34.8001,mid15-30m
nuscenes,scene-0103_027,pitch_1.0deg,pitch,1.0000,8,Car,24.2053,0,0.0000,True,24,0.4583,22.5853,mid15-30m
nuscenes,scene-0103_027,pitch_1.0deg,pitch,1.0000,17,Truck,40.5032,0,0.0000,True,18,1.0000,22.1806,far>30m
nuscenes,scene-0103_027,pitch_1.0deg,pitch,1.0000,21,Car,15.4549,0,0.6424,False,59,0.2542,23.3992,mid15-30m
nuscenes,scene-0103_027,roll_1.0deg,roll,1.0000,8,Car,24.2053,0,0.0000,True,24,1.0000,5.5483,mid15-30m
nuscenes,scene-0103_027,roll_1.0deg,roll,1.0000,17,Truck,40.5032,0,0.0000,True,18,1.0000,4.3029,far>30m
nuscenes,scene-0103_027,roll_1.0deg,roll,1.0000,21,Car,15.4549,0,0.6424,False,59,0.2542,16.0117,mid15-30m
nuscenes,scene-0103_027,yaw_2.0deg,yaw,2.0000,8,Car,24.2053,0,0.0000,True,24,0.7083,47.5588,mid15-30m
nuscenes,scene-0103_027,yaw_2.0deg,yaw,2.0000,17,Truck,40.5032,0,0.0000,True,18,0.9444,46.2039,far>30m
nuscenes,scene-0103_027,yaw_2.0deg,yaw,2.0000,21,Car,15.4549,0,0.6424,False,59,0.2203,70.5381,mid15-30m
nuscenes,scene-0103_027,pitch_2.0deg,pitch,2.0000,8,Car,24.2053,0,0.0000,True,24,0.4583,45.2370,mid15-30m
nuscenes,scene-0103_027,pitch_2.0deg,pitch,2.0000,17,Truck,40.5032,0,0.0000,True,18,0.5000,44.4065,far>30m
nuscenes,scene-0103_027,pitch_2.0deg,pitch,2.0000,21,Car,15.4549,0,0.6424,False,59,0.2542,46.9687,mid15-30m
nuscenes,scene-0103_027,roll_2.0deg,roll,2.0000,8,Car,24.2053,0,0.0000,True,24,1.0000,11.0974,mid15-30m
nuscenes,scene-0103_027,roll_2.0deg,roll,2.0000,17,Truck,40.5032,0,0.0000,True,18,1.0000,8.6046,far>30m
nuscenes,scene-0103_027,roll_2.0deg,roll,2.0000,21,Car,15.4549,0,0.6424,False,59,0.2542,32.0106,mid15-30m
nuscenes,scene-0103_027,yaw_3.0deg,yaw,3.0000,8,Car,24.2053,0,0.0000,True,24,0.4583,71.0468,mid15-30m
nuscenes,scene-0103_027,yaw_3.0deg,yaw,3.0000,17,Truck,40.5032,0,0.0000,True,18,0.6111,69.5691,far>30m
nuscenes,scene-0103_027,yaw_3.0deg,yaw,3.0000,21,Car,15.4549,0,0.6424,False,59,0.2034,107.2770,mid15-30m
nuscenes,scene-0103_027,pitch_3.0deg,pitch,3.0000,8,Car,24.2053,0,0.0000,True,24,0.0000,67.9702,mid15-30m
nuscenes,scene-0103_027,pitch_3.0deg,pitch,3.0000,17,Truck,40.5032,0,0.0000,True,18,0.0000,66.6919,far>30m
nuscenes,scene-0103_027,pitch_3.0deg,pitch,3.0000,21,Car,15.4549,0,0.6424,False,59,0.2542,70.7280,mid15-30m
nuscenes,scene-0103_027,roll_3.0deg,roll,3.0000,8,Car,24.2053,0,0.0000,True,24,0.8333,16.6468,mid15-30m
nuscenes,scene-0103_027,roll_3.0deg,roll,3.0000,17,Truck,40.5032,0,0.0000,True,18,1.0000,12.9048,far>30m
nuscenes,scene-0103_027,roll_3.0deg,roll,3.0000,21,Car,15.4549,0,0.6424,False,59,0.2203,47.9956,mid15-30m
nuscenes,scene-0103_027,tfwd_2cm,tfwd,2.0000,8,Car,24.2053,0,0.0000,True,24,1.0000,0.2870,mid15-30m
nuscenes,scene-0103_027,tfwd_2cm,tfwd,2.0000,17,Truck,40.5032,0,0.0000,True,18,1.0000,0.1271,far>30m
nuscenes,scene-0103_027,tfwd_2cm,tfwd,2.0000,21,Car,15.4549,0,0.6424,False,59,0.2542,1.5772,mid15-30m
nuscenes,scene-0103_027,tleft_2cm,tleft,2.0000,8,Car,24.2053,0,0.0000,True,24,1.0000,1.1372,mid15-30m
nuscenes,scene-0103_027,tleft_2cm,tleft,2.0000,17,Truck,40.5032,0,0.0000,True,18,1.0000,0.6434,far>30m
nuscenes,scene-0103_027,tleft_2cm,tleft,2.0000,21,Car,15.4549,0,0.6424,False,59,0.2542,2.1279,mid15-30m
nuscenes,scene-0103_027,tup_2cm,tup,2.0000,8,Car,24.2053,0,0.0000,True,24,1.0000,1.1357,mid15-30m
nuscenes,scene-0103_027,tup_2cm,tup,2.0000,17,Truck,40.5032,0,0.0000,True,18,1.0000,0.6450,far>30m
nuscenes,scene-0103_027,tup_2cm,tup,2.0000,21,Car,15.4549,0,0.6424,False,59,0.2542,2.1587,mid15-30m
nuscenes,scene-0103_027,tfwd_5cm,tfwd,5.0000,8,Car,24.2053,0,0.0000,True,24,1.0000,0.7165,mid15-30m
nuscenes,scene-0103_027,tfwd_5cm,tfwd,5.0000,17,Truck,40.5032,0,0.0000,True,18,1.0000,0.3176,far>30m
nuscenes,scene-0103_027,tfwd_5cm,tfwd,5.0000,21,Car,15.4549,0,0.6424,False,59,0.2542,3.9328,mid15-30m
nuscenes,scene-0103_027,tleft_5cm,tleft,5.0000,8,Car,24.2053,0,0.0000,True,24,1.0000,2.8430,mid15-30m
nuscenes,scene-0103_027,tleft_5cm,tleft,5.0000,17,Truck,40.5032,0,0.0000,True,18,1.0000,1.6084,far>30m
nuscenes,scene-0103_027,tleft_5cm,tleft,5.0000,21,Car,15.4549,0,0.6424,False,59,0.2542,5.3196,mid15-30m
nuscenes,scene-0103_027,tup_5cm,tup,5.0000,8,Car,24.2053,0,0.0000,True,24,1.0000,2.8390,mid15-30m
nuscenes,scene-0103_027,tup_5cm,tup,5.0000,17,Truck,40.5032,0,0.0000,True,18,1.0000,1.6126,far>30m
nuscenes,scene-0103_027,tup_5cm,tup,5.0000,21,Car,15.4549,0,0.6424,False,59,0.2542,5.3959,mid15-30m
nuscenes,scene-0103_027,tfwd_10cm,tfwd,10.0000,8,Car,24.2053,0,0.0000,True,24,1.0000,1.4298,mid15-30m
nuscenes,scene-0103_027,tfwd_10cm,tfwd,10.0000,17,Truck,40.5032,0,0.0000,True,18,1.0000,0.6343,far>30m
nuscenes,scene-0103_027,tfwd_10cm,tfwd,10.0000,21,Car,15.4549,0,0.6424,False,59,0.2542,7.8316,mid15-30m
nuscenes,scene-0103_027,tleft_10cm,tleft,10.0000,8,Car,24.2053,0,0.0000,True,24,1.0000,5.6859,mid15-30m
nuscenes,scene-0103_027,tleft_10cm,tleft,10.0000,17,Truck,40.5032,0,0.0000,True,18,1.0000,3.2168,far>30m
nuscenes,scene-0103_027,tleft_10cm,tleft,10.0000,21,Car,15.4549,0,0.6424,False,59,0.2542,10.6387,mid15-30m
nuscenes,scene-0103_027,tup_10cm,tup,10.0000,8,Car,24.2053,0,0.0000,True,24,1.0000,5.6773,mid15-30m
nuscenes,scene-0103_027,tup_10cm,tup,10.0000,17,Truck,40.5032,0,0.0000,True,18,1.0000,3.2249,far>30m
nuscenes,scene-0103_027,tup_10cm,tup,10.0000,21,Car,15.4549,0,0.6424,False,59,0.2542,10.7894,mid15-30m
nuscenes,scene-0103_028,baseline,baseline,0.0000,8,Car,21.7485,0,0.0000,True,27,1.0000,0.0000,mid15-30m
nuscenes,scene-0103_028,baseline,baseline,0.0000,17,Truck,38.0482,0,0.0000,True,23,1.0000,0.0000,far>30m
nuscenes,scene-0103_028,baseline,baseline,0.0000,21,Car,13.4823,0,0.9261,False,139,0.0216,0.0000,near<15m
nuscenes,scene-0103_028,baseline,baseline,0.0000,22,Car,26.5884,1,0.0000,True,14,1.0000,0.0000,mid15-30m
nuscenes,scene-0103_028,yaw_0.5deg,yaw,0.5000,8,Car,21.7485,0,0.0000,True,27,0.9630,12.1444,mid15-30m
nuscenes,scene-0103_028,yaw_0.5deg,yaw,0.5000,17,Truck,38.0482,0,0.0000,True,23,1.0000,11.5800,far>30m
nuscenes,scene-0103_028,yaw_0.5deg,yaw,0.5000,21,Car,13.4823,0,0.9261,False,139,0.0072,21.4548,near<15m
nuscenes,scene-0103_028,yaw_0.5deg,yaw,0.5000,22,Car,26.5884,1,0.0000,True,14,1.0000,11.7392,mid15-30m
nuscenes,scene-0103_028,pitch_0.5deg,pitch,0.5000,8,Car,21.7485,0,0.0000,True,27,1.0000,11.3476,mid15-30m
nuscenes,scene-0103_028,pitch_0.5deg,pitch,0.5000,17,Truck,38.0482,0,0.0000,True,23,1.0000,11.0959,far>30m
nuscenes,scene-0103_028,pitch_0.5deg,pitch,0.5000,21,Car,13.4823,0,0.9261,False,139,0.0216,12.0569,near<15m
nuscenes,scene-0103_028,pitch_0.5deg,pitch,0.5000,22,Car,26.5884,1,0.0000,True,14,1.0000,11.2338,mid15-30m
nuscenes,scene-0103_028,roll_0.5deg,roll,0.5000,8,Car,21.7485,0,0.0000,True,27,1.0000,3.0463,mid15-30m
nuscenes,scene-0103_028,roll_0.5deg,roll,0.5000,17,Truck,38.0482,0,0.0000,True,23,1.0000,2.3492,far>30m
nuscenes,scene-0103_028,roll_0.5deg,roll,0.5000,21,Car,13.4823,0,0.9261,False,139,0.0216,10.3710,near<15m
nuscenes,scene-0103_028,roll_0.5deg,roll,0.5000,22,Car,26.5884,1,0.0000,True,14,1.0000,2.3920,mid15-30m
nuscenes,scene-0103_028,yaw_1.0deg,yaw,1.0000,8,Car,21.7485,0,0.0000,True,27,0.9259,24.2293,mid15-30m
nuscenes,scene-0103_028,yaw_1.0deg,yaw,1.0000,17,Truck,38.0482,0,0.0000,True,23,0.9565,23.2031,far>30m
nuscenes,scene-0103_028,yaw_1.0deg,yaw,1.0000,21,Car,13.4823,0,0.9261,False,139,0.0000,43.2798,near<15m
nuscenes,scene-0103_028,yaw_1.0deg,yaw,1.0000,22,Car,26.5884,1,0.0000,True,14,0.9286,23.4331,mid15-30m
nuscenes,scene-0103_028,pitch_1.0deg,pitch,1.0000,8,Car,21.7485,0,0.0000,True,27,0.5926,22.7140,mid15-30m
nuscenes,scene-0103_028,pitch_1.0deg,pitch,1.0000,17,Truck,38.0482,0,0.0000,True,23,0.8261,22.2021,far>30m
nuscenes,scene-0103_028,pitch_1.0deg,pitch,1.0000,21,Car,13.4823,0,0.9261,False,139,0.0216,24.1720,near<15m
nuscenes,scene-0103_028,pitch_1.0deg,pitch,1.0000,22,Car,26.5884,1,0.0000,True,14,1.0000,22.4791,mid15-30m
nuscenes,scene-0103_028,roll_1.0deg,roll,1.0000,8,Car,21.7485,0,0.0000,True,27,1.0000,6.0929,mid15-30m
nuscenes,scene-0103_028,roll_1.0deg,roll,1.0000,17,Truck,38.0482,0,0.0000,True,23,1.0000,4.6980,far>30m
nuscenes,scene-0103_028,roll_1.0deg,roll,1.0000,21,Car,13.4823,0,0.9261,False,139,0.0216,20.7368,near<15m
nuscenes,scene-0103_028,roll_1.0deg,roll,1.0000,22,Car,26.5884,1,0.0000,True,14,1.0000,4.7843,mid15-30m
nuscenes,scene-0103_028,yaw_2.0deg,yaw,2.0000,8,Car,21.7485,0,0.0000,True,27,0.7778,48.2299,mid15-30m
nuscenes,scene-0103_028,yaw_2.0deg,yaw,2.0000,17,Truck,38.0482,0,0.0000,True,23,0.8261,46.5871,far>30m
nuscenes,scene-0103_028,yaw_2.0deg,yaw,2.0000,21,Car,13.4823,0,0.9261,False,139,0.0000,88.0945,near<15m
nuscenes,scene-0103_028,yaw_2.0deg,yaw,2.0000,22,Car,26.5884,1,0.0000,True,14,0.8571,46.6933,mid15-30m
nuscenes,scene-0103_028,pitch_2.0deg,pitch,2.0000,8,Car,21.7485,0,0.0000,True,27,0.5556,45.5109,mid15-30m
nuscenes,scene-0103_028,pitch_2.0deg,pitch,2.0000,17,Truck,38.0482,0,0.0000,True,23,0.8261,44.4522,far>30m
nuscenes,scene-0103_028,pitch_2.0deg,pitch,2.0000,21,Car,13.4823,0,0.9261,False,139,0.0144,48.5888,near<15m
nuscenes,scene-0103_028,pitch_2.0deg,pitch,2.0000,22,Car,26.5884,1,0.0000,True,14,0.6429,45.0117,mid15-30m
nuscenes,scene-0103_028,roll_2.0deg,roll,2.0000,8,Car,21.7485,0,0.0000,True,27,1.0000,12.1869,mid15-30m
nuscenes,scene-0103_028,roll_2.0deg,roll,2.0000,17,Truck,38.0482,0,0.0000,True,23,1.0000,9.3947,far>30m
nuscenes,scene-0103_028,roll_2.0deg,roll,2.0000,21,Car,13.4823,0,0.9261,False,139,0.0144,41.4525,near<15m
nuscenes,scene-0103_028,roll_2.0deg,roll,2.0000,22,Car,26.5884,1,0.0000,True,14,1.0000,9.5691,mid15-30m
nuscenes,scene-0103_028,yaw_3.0deg,yaw,3.0000,8,Car,21.7485,0,0.0000,True,27,0.5556,72.0202,mid15-30m
nuscenes,scene-0103_028,yaw_3.0deg,yaw,3.0000,17,Truck,38.0482,0,0.0000,True,23,0.6522,70.1689,far>30m
nuscenes,scene-0103_028,yaw_3.0deg,yaw,3.0000,21,Car,13.4823,0,0.9261,False,139,0.0000,134.5597,near<15m
nuscenes,scene-0103_028,yaw_3.0deg,yaw,3.0000,22,Car,26.5884,1,0.0000,True,14,0.4286,69.7970,mid15-30m
nuscenes,scene-0103_028,pitch_3.0deg,pitch,3.0000,8,Car,21.7485,0,0.0000,True,27,0.1111,68.4064,mid15-30m
nuscenes,scene-0103_028,pitch_3.0deg,pitch,3.0000,17,Truck,38.0482,0,0.0000,True,23,0.5217,66.7646,far>30m
nuscenes,scene-0103_028,pitch_3.0deg,pitch,3.0000,21,Car,13.4823,0,0.9261,False,139,0.0144,73.2738,near<15m
nuscenes,scene-0103_028,pitch_3.0deg,pitch,3.0000,22,Car,26.5884,1,0.0000,True,14,0.4286,67.6125,mid15-30m
nuscenes,scene-0103_028,roll_3.0deg,roll,3.0000,8,Car,21.7485,0,0.0000,True,27,0.5926,18.2814,mid15-30m
nuscenes,scene-0103_028,roll_3.0deg,roll,3.0000,17,Truck,38.0482,0,0.0000,True,23,1.0000,14.0897,far>30m
nuscenes,scene-0103_028,roll_3.0deg,roll,3.0000,21,Car,13.4823,0,0.9261,False,139,0.0144,62.1453,near<15m
nuscenes,scene-0103_028,roll_3.0deg,roll,3.0000,22,Car,26.5884,1,0.0000,True,14,1.0000,14.3542,mid15-30m
nuscenes,scene-0103_028,tfwd_2cm,tfwd,2.0000,8,Car,21.7485,0,0.0000,True,27,1.0000,0.3505,mid15-30m
nuscenes,scene-0103_028,tfwd_2cm,tfwd,2.0000,17,Truck,38.0482,0,0.0000,True,23,1.0000,0.1479,far>30m
nuscenes,scene-0103_028,tfwd_2cm,tfwd,2.0000,21,Car,13.4823,0,0.9261,False,139,0.0216,2.6152,near<15m
nuscenes,scene-0103_028,tfwd_2cm,tfwd,2.0000,22,Car,26.5884,1,0.0000,True,14,1.0000,0.2241,mid15-30m
nuscenes,scene-0103_028,tleft_2cm,tleft,2.0000,8,Car,21.7485,0,0.0000,True,27,1.0000,1.2689,mid15-30m
nuscenes,scene-0103_028,tleft_2cm,tleft,2.0000,17,Truck,38.0482,0,0.0000,True,23,1.0000,0.6850,far>30m
nuscenes,scene-0103_028,tleft_2cm,tleft,2.0000,21,Car,13.4823,0,0.9261,False,139,0.0216,2.7070,near<15m
nuscenes,scene-0103_028,tleft_2cm,tleft,2.0000,22,Car,26.5884,1,0.0000,True,14,1.0000,1.0259,mid15-30m
nuscenes,scene-0103_028,tup_2cm,tup,2.0000,8,Car,21.7485,0,0.0000,True,27,1.0000,1.2681,mid15-30m
nuscenes,scene-0103_028,tup_2cm,tup,2.0000,17,Truck,38.0482,0,0.0000,True,23,1.0000,0.6870,far>30m
nuscenes,scene-0103_028,tup_2cm,tup,2.0000,21,Car,13.4823,0,0.9261,False,139,0.0216,2.7593,near<15m
nuscenes,scene-0103_028,tup_2cm,tup,2.0000,22,Car,26.5884,1,0.0000,True,14,1.0000,1.0242,mid15-30m
nuscenes,scene-0103_028,tfwd_5cm,tfwd,5.0000,8,Car,21.7485,0,0.0000,True,27,1.0000,0.8750,mid15-30m
nuscenes,scene-0103_028,tfwd_5cm,tfwd,5.0000,17,Truck,38.0482,0,0.0000,True,23,1.0000,0.3694,far>30m
nuscenes,scene-0103_028,tfwd_5cm,tfwd,5.0000,21,Car,13.4823,0,0.9261,False,139,0.0216,6.5161,near<15m
nuscenes,scene-0103_028,tfwd_5cm,tfwd,5.0000,22,Car,26.5884,1,0.0000,True,14,1.0000,0.5596,mid15-30m
nuscenes,scene-0103_028,tleft_5cm,tleft,5.0000,8,Car,21.7485,0,0.0000,True,27,1.0000,3.1721,mid15-30m
nuscenes,scene-0103_028,tleft_5cm,tleft,5.0000,17,Truck,38.0482,0,0.0000,True,23,1.0000,1.7125,far>30m
nuscenes,scene-0103_028,tleft_5cm,tleft,5.0000,21,Car,13.4823,0,0.9261,False,139,0.0144,6.7672,near<15m
nuscenes,scene-0103_028,tleft_5cm,tleft,5.0000,22,Car,26.5884,1,0.0000,True,14,1.0000,2.5648,mid15-30m
nuscenes,scene-0103_028,tup_5cm,tup,5.0000,8,Car,21.7485,0,0.0000,True,27,1.0000,3.1699,mid15-30m
nuscenes,scene-0103_028,tup_5cm,tup,5.0000,17,Truck,38.0482,0,0.0000,True,23,1.0000,1.7175,far>30m
nuscenes,scene-0103_028,tup_5cm,tup,5.0000,21,Car,13.4823,0,0.9261,False,139,0.0216,6.8970,near<15m
nuscenes,scene-0103_028,tup_5cm,tup,5.0000,22,Car,26.5884,1,0.0000,True,14,1.0000,2.5602,mid15-30m
nuscenes,scene-0103_028,tfwd_10cm,tfwd,10.0000,8,Car,21.7485,0,0.0000,True,27,1.0000,1.7456,mid15-30m
nuscenes,scene-0103_028,tfwd_10cm,tfwd,10.0000,17,Truck,38.0482,0,0.0000,True,23,1.0000,0.7377,far>30m
nuscenes,scene-0103_028,tfwd_10cm,tfwd,10.0000,21,Car,13.4823,0,0.9261,False,139,0.0216,12.9599,near<15m
nuscenes,scene-0103_028,tfwd_10cm,tfwd,10.0000,22,Car,26.5884,1,0.0000,True,14,1.0000,1.1170,mid15-30m
nuscenes,scene-0103_028,tleft_10cm,tleft,10.0000,8,Car,21.7485,0,0.0000,True,27,1.0000,6.3440,mid15-30m
nuscenes,scene-0103_028,tleft_10cm,tleft,10.0000,17,Truck,38.0482,0,0.0000,True,23,1.0000,3.4250,far>30m
nuscenes,scene-0103_028,tleft_10cm,tleft,10.0000,21,Car,13.4823,0,0.9261,False,139,0.0144,13.5336,near<15m
nuscenes,scene-0103_028,tleft_10cm,tleft,10.0000,22,Car,26.5884,1,0.0000,True,14,1.0000,5.1294,mid15-30m
nuscenes,scene-0103_028,tup_10cm,tup,10.0000,8,Car,21.7485,0,0.0000,True,27,1.0000,6.3390,mid15-30m
nuscenes,scene-0103_028,tup_10cm,tup,10.0000,17,Truck,38.0482,0,0.0000,True,23,1.0000,3.4347,far>30m
nuscenes,scene-0103_028,tup_10cm,tup,10.0000,21,Car,13.4823,0,0.9261,False,139,0.0216,13.7897,near<15m
nuscenes,scene-0103_028,tup_10cm,tup,10.0000,22,Car,26.5884,1,0.0000,True,14,1.0000,5.1199,mid15-30m
nuscenes,scene-0103_029,baseline,baseline,0.0000,8,Car,18.5919,0,0.0000,True,40,1.0000,0.0000,mid15-30m
nuscenes,scene-0103_029,baseline,baseline,0.0000,17,Truck,34.8607,0,0.0000,True,26,1.0000,0.0000,far>30m
nuscenes,scene-0103_029,baseline,baseline,0.0000,21,Car,23.3796,1,0.0000,True,11,1.0000,0.0000,mid15-30m
nuscenes,scene-0103_029,yaw_0.5deg,yaw,0.5000,8,Car,18.5919,0,0.0000,True,40,1.0000,12.5064,mid15-30m
nuscenes,scene-0103_029,yaw_0.5deg,yaw,0.5000,17,Truck,34.8607,0,0.0000,True,26,1.0000,11.7072,far>30m
nuscenes,scene-0103_029,yaw_0.5deg,yaw,0.5000,21,Car,23.3796,1,0.0000,True,11,1.0000,11.8806,mid15-30m
nuscenes,scene-0103_029,pitch_0.5deg,pitch,0.5000,8,Car,18.5919,0,0.0000,True,40,1.0000,11.4154,mid15-30m
nuscenes,scene-0103_029,pitch_0.5deg,pitch,0.5000,17,Truck,34.8607,0,0.0000,True,26,1.0000,11.1080,far>30m
nuscenes,scene-0103_029,pitch_0.5deg,pitch,0.5000,21,Car,23.3796,1,0.0000,True,11,1.0000,11.3152,mid15-30m
nuscenes,scene-0103_029,roll_0.5deg,roll,0.5000,8,Car,18.5919,0,0.0000,True,40,1.0000,3.5524,mid15-30m
nuscenes,scene-0103_029,roll_0.5deg,roll,0.5000,17,Truck,34.8607,0,0.0000,True,26,1.0000,2.6063,far>30m
nuscenes,scene-0103_029,roll_0.5deg,roll,0.5000,21,Car,23.3796,1,0.0000,True,11,1.0000,2.6091,mid15-30m
nuscenes,scene-0103_029,yaw_1.0deg,yaw,1.0000,8,Car,18.5919,0,0.0000,True,40,0.9500,24.9415,mid15-30m
nuscenes,scene-0103_029,yaw_1.0deg,yaw,1.0000,17,Truck,34.8607,0,0.0000,True,26,1.0000,23.4629,far>30m
nuscenes,scene-0103_029,yaw_1.0deg,yaw,1.0000,21,Car,23.3796,1,0.0000,True,11,0.9091,23.7116,mid15-30m
nuscenes,scene-0103_029,pitch_1.0deg,pitch,1.0000,8,Car,18.5919,0,0.0000,True,40,0.9000,22.8510,mid15-30m
nuscenes,scene-0103_029,pitch_1.0deg,pitch,1.0000,17,Truck,34.8607,0,0.0000,True,26,1.0000,22.2269,far>30m
nuscenes,scene-0103_029,pitch_1.0deg,pitch,1.0000,21,Car,23.3796,1,0.0000,True,11,0.5455,22.6487,mid15-30m
nuscenes,scene-0103_029,roll_1.0deg,roll,1.0000,8,Car,18.5919,0,0.0000,True,40,1.0000,7.1052,mid15-30m
nuscenes,scene-0103_029,roll_1.0deg,roll,1.0000,17,Truck,34.8607,0,0.0000,True,26,1.0000,5.2122,far>30m
nuscenes,scene-0103_029,roll_1.0deg,roll,1.0000,21,Car,23.3796,1,0.0000,True,11,1.0000,5.2185,mid15-30m
nuscenes,scene-0103_029,yaw_2.0deg,yaw,2.0000,8,Car,18.5919,0,0.0000,True,40,0.8000,49.6075,mid15-30m
nuscenes,scene-0103_029,yaw_2.0deg,yaw,2.0000,17,Truck,34.8607,0,0.0000,True,26,0.8846,47.1288,far>30m
nuscenes,scene-0103_029,yaw_2.0deg,yaw,2.0000,21,Car,23.3796,1,0.0000,True,11,0.9091,47.2331,mid15-30m
nuscenes,scene-0103_029,pitch_2.0deg,pitch,2.0000,8,Car,18.5919,0,0.0000,True,40,0.4750,45.7912,mid15-30m
nuscenes,scene-0103_029,pitch_2.0deg,pitch,2.0000,17,Truck,34.8607,0,0.0000,True,26,0.7308,44.5041,far>30m
nuscenes,scene-0103_029,pitch_2.0deg,pitch,2.0000,21,Car,23.3796,1,0.0000,True,11,0.5455,45.3785,mid15-30m
nuscenes,scene-0103_029,roll_2.0deg,roll,2.0000,8,Car,18.5919,0,0.0000,True,40,0.9500,14.2119,mid15-30m
nuscenes,scene-0103_029,roll_2.0deg,roll,2.0000,17,Truck,34.8607,0,0.0000,True,26,1.0000,10.4228,far>30m
nuscenes,scene-0103_029,roll_2.0deg,roll,2.0000,21,Car,23.3796,1,0.0000,True,11,1.0000,10.4376,mid15-30m
nuscenes,scene-0103_029,yaw_3.0deg,yaw,3.0000,8,Car,18.5919,0,0.0000,True,40,0.6250,74.0183,mid15-30m
nuscenes,scene-0103_029,yaw_3.0deg,yaw,3.0000,17,Truck,34.8607,0,0.0000,True,26,0.7692,71.0152,far>30m
nuscenes,scene-0103_029,yaw_3.0deg,yaw,3.0000,21,Car,23.3796,1,0.0000,True,11,0.4545,70.5816,mid15-30m
nuscenes,scene-0103_029,pitch_3.0deg,pitch,3.0000,8,Car,18.5919,0,0.0000,True,40,0.4750,68.8366,mid15-30m
nuscenes,scene-0103_029,pitch_3.0deg,pitch,3.0000,17,Truck,34.8607,0,0.0000,True,26,0.5000,66.8462,far>30m
nuscenes,scene-0103_029,pitch_3.0deg,pitch,3.0000,21,Car,23.3796,1,0.0000,True,11,0.1818,68.2047,mid15-30m
nuscenes,scene-0103_029,roll_3.0deg,roll,3.0000,8,Car,18.5919,0,0.0000,True,40,0.9000,21.3196,mid15-30m
nuscenes,scene-0103_029,roll_3.0deg,roll,3.0000,17,Truck,34.8607,0,0.0000,True,26,1.0000,15.6313,far>30m
nuscenes,scene-0103_029,roll_3.0deg,roll,3.0000,21,Car,23.3796,1,0.0000,True,11,1.0000,15.6570,mid15-30m
nuscenes,scene-0103_029,tfwd_2cm,tfwd,2.0000,8,Car,18.5919,0,0.0000,True,40,1.0000,0.4921,mid15-30m
nuscenes,scene-0103_029,tfwd_2cm,tfwd,2.0000,17,Truck,34.8607,0,0.0000,True,26,1.0000,0.1798,far>30m
nuscenes,scene-0103_029,tfwd_2cm,tfwd,2.0000,21,Car,23.3796,1,0.0000,True,11,1.0000,0.2822,mid15-30m
nuscenes,scene-0103_029,tleft_2cm,tleft,2.0000,8,Car,18.5919,0,0.0000,True,40,1.0000,1.5274,mid15-30m
nuscenes,scene-0103_029,tleft_2cm,tleft,2.0000,17,Truck,34.8607,0,0.0000,True,26,1.0000,0.7503,far>30m
nuscenes,scene-0103_029,tleft_2cm,tleft,2.0000,21,Car,23.3796,1,0.0000,True,11,1.0000,1.1926,mid15-30m
nuscenes,scene-0103_029,tup_2cm,tup,2.0000,8,Car,18.5919,0,0.0000,True,40,1.0000,1.5262,mid15-30m
nuscenes,scene-0103_029,tup_2cm,tup,2.0000,17,Truck,34.8607,0,0.0000,True,26,1.0000,0.7528,far>30m
nuscenes,scene-0103_029,tup_2cm,tup,2.0000,21,Car,23.3796,1,0.0000,True,11,1.0000,1.1925,mid15-30m
nuscenes,scene-0103_029,tfwd_5cm,tfwd,5.0000,8,Car,18.5919,0,0.0000,True,40,1.0000,1.2281,mid15-30m
nuscenes,scene-0103_029,tfwd_5cm,tfwd,5.0000,17,Truck,34.8607,0,0.0000,True,26,1.0000,0.4490,far>30m
nuscenes,scene-0103_029,tfwd_5cm,tfwd,5.0000,21,Car,23.3796,1,0.0000,True,11,1.0000,0.7044,mid15-30m
nuscenes,scene-0103_029,tleft_5cm,tleft,5.0000,8,Car,18.5919,0,0.0000,True,40,1.0000,3.8185,mid15-30m
nuscenes,scene-0103_029,tleft_5cm,tleft,5.0000,17,Truck,34.8607,0,0.0000,True,26,1.0000,1.8758,far>30m
nuscenes,scene-0103_029,tleft_5cm,tleft,5.0000,21,Car,23.3796,1,0.0000,True,11,1.0000,2.9815,mid15-30m
nuscenes,scene-0103_029,tup_5cm,tup,5.0000,8,Car,18.5919,0,0.0000,True,40,1.0000,3.8151,mid15-30m
nuscenes,scene-0103_029,tup_5cm,tup,5.0000,17,Truck,34.8607,0,0.0000,True,26,1.0000,1.8818,far>30m
nuscenes,scene-0103_029,tup_5cm,tup,5.0000,21,Car,23.3796,1,0.0000,True,11,1.0000,2.9809,mid15-30m
nuscenes,scene-0103_029,tfwd_10cm,tfwd,10.0000,8,Car,18.5919,0,0.0000,True,40,1.0000,2.4487,mid15-30m
nuscenes,scene-0103_029,tfwd_10cm,tfwd,10.0000,17,Truck,34.8607,0,0.0000,True,26,1.0000,0.8967,far>30m
nuscenes,scene-0103_029,tfwd_10cm,tfwd,10.0000,21,Car,23.3796,1,0.0000,True,11,1.0000,1.4055,mid15-30m
nuscenes,scene-0103_029,tleft_10cm,tleft,10.0000,8,Car,18.5919,0,0.0000,True,40,1.0000,7.6367,mid15-30m
nuscenes,scene-0103_029,tleft_10cm,tleft,10.0000,17,Truck,34.8607,0,0.0000,True,26,1.0000,3.7515,far>30m
nuscenes,scene-0103_029,tleft_10cm,tleft,10.0000,21,Car,23.3796,1,0.0000,True,11,1.0000,5.9628,mid15-30m
nuscenes,scene-0103_029,tup_10cm,tup,10.0000,8,Car,18.5919,0,0.0000,True,40,1.0000,7.6288,mid15-30m
nuscenes,scene-0103_029,tup_10cm,tup,10.0000,17,Truck,34.8607,0,0.0000,True,26,1.0000,3.7633,far>30m
nuscenes,scene-0103_029,tup_10cm,tup,10.0000,21,Car,23.3796,1,0.0000,True,11,1.0000,5.9610,mid15-30m
nuscenes,scene-0103_030,baseline,baseline,0.0000,7,Car,15.5647,0,0.0000,True,64,1.0000,0.0000,mid15-30m
nuscenes,scene-0103_030,baseline,baseline,0.0000,14,Car,25.9639,1,0.0000,True,18,1.0000,0.0000,mid15-30m
nuscenes,scene-0103_030,baseline,baseline,0.0000,15,Truck,31.7853,0,0.0000,True,43,1.0000,0.0000,far>30m
nuscenes,scene-0103_030,baseline,baseline,0.0000,19,Car,20.2811,1,0.0000,True,30,1.0000,0.0000,mid15-30m
nuscenes,scene-0103_030,yaw_0.5deg,yaw,0.5000,7,Car,15.5647,0,0.0000,True,64,1.0000,13.1570,mid15-30m
nuscenes,scene-0103_030,yaw_0.5deg,yaw,0.5000,14,Car,25.9639,1,0.0000,True,18,1.0000,11.6860,mid15-30m
nuscenes,scene-0103_030,yaw_0.5deg,yaw,0.5000,15,Truck,31.7853,0,0.0000,True,43,1.0000,11.8716,far>30m
nuscenes,scene-0103_030,yaw_0.5deg,yaw,0.5000,19,Car,20.2811,1,0.0000,True,30,1.0000,12.2124,mid15-30m
nuscenes,scene-0103_030,pitch_0.5deg,pitch,0.5000,7,Car,15.5647,0,0.0000,True,64,1.0000,11.5181,mid15-30m
nuscenes,scene-0103_030,pitch_0.5deg,pitch,0.5000,14,Car,25.9639,1,0.0000,True,18,1.0000,11.2203,mid15-30m
nuscenes,scene-0103_030,pitch_0.5deg,pitch,0.5000,15,Truck,31.7853,0,0.0000,True,43,1.0000,11.1091,far>30m
nuscenes,scene-0103_030,pitch_0.5deg,pitch,0.5000,19,Car,20.2811,1,0.0000,True,30,1.0000,11.3298,mid15-30m
nuscenes,scene-0103_030,roll_0.5deg,roll,0.5000,7,Car,15.5647,0,0.0000,True,64,1.0000,4.3335,mid15-30m
nuscenes,scene-0103_030,roll_0.5deg,roll,0.5000,14,Car,25.9639,1,0.0000,True,18,1.0000,2.2855,mid15-30m
nuscenes,scene-0103_030,roll_0.5deg,roll,0.5000,15,Truck,31.7853,0,0.0000,True,43,1.0000,2.9309,far>30m
nuscenes,scene-0103_030,roll_0.5deg,roll,0.5000,19,Car,20.2811,1,0.0000,True,30,1.0000,3.1499,mid15-30m
nuscenes,scene-0103_030,yaw_1.0deg,yaw,1.0000,7,Car,15.5647,0,0.0000,True,64,0.9844,26.2221,mid15-30m
nuscenes,scene-0103_030,yaw_1.0deg,yaw,1.0000,14,Car,25.9639,1,0.0000,True,18,0.9444,23.3288,mid15-30m
nuscenes,scene-0103_030,yaw_1.0deg,yaw,1.0000,15,Truck,31.7853,0,0.0000,True,43,1.0000,23.7986,far>30m
nuscenes,scene-0103_030,yaw_1.0deg,yaw,1.0000,19,Car,20.2811,1,0.0000,True,30,0.9333,24.3627,mid15-30m
nuscenes,scene-0103_030,pitch_1.0deg,pitch,1.0000,7,Car,15.5647,0,0.0000,True,64,1.0000,23.0587,mid15-30m
nuscenes,scene-0103_030,pitch_1.0deg,pitch,1.0000,14,Car,25.9639,1,0.0000,True,18,0.8333,22.4510,mid15-30m
nuscenes,scene-0103_030,pitch_1.0deg,pitch,1.0000,15,Truck,31.7853,0,0.0000,True,43,1.0000,22.2273,far>30m
nuscenes,scene-0103_030,pitch_1.0deg,pitch,1.0000,19,Car,20.2811,1,0.0000,True,30,1.0000,22.6728,mid15-30m
nuscenes,scene-0103_030,roll_1.0deg,roll,1.0000,7,Car,15.5647,0,0.0000,True,64,1.0000,8.6678,mid15-30m
nuscenes,scene-0103_030,roll_1.0deg,roll,1.0000,14,Car,25.9639,1,0.0000,True,18,1.0000,4.5712,mid15-30m
nuscenes,scene-0103_030,roll_1.0deg,roll,1.0000,15,Truck,31.7853,0,0.0000,True,43,1.0000,5.8614,far>30m
nuscenes,scene-0103_030,roll_1.0deg,roll,1.0000,19,Car,20.2811,1,0.0000,True,30,1.0000,6.3001,mid15-30m
nuscenes,scene-0103_030,yaw_2.0deg,yaw,2.0000,7,Car,15.5647,0,0.0000,True,64,0.9062,52.0890,mid15-30m
nuscenes,scene-0103_030,yaw_2.0deg,yaw,2.0000,14,Car,25.9639,1,0.0000,True,18,0.6111,46.4932,mid15-30m
nuscenes,scene-0103_030,yaw_2.0deg,yaw,2.0000,15,Truck,31.7853,0,0.0000,True,43,0.9302,47.8278,far>30m
nuscenes,scene-0103_030,yaw_2.0deg,yaw,2.0000,19,Car,20.2811,1,0.0000,True,30,0.9333,48.4869,mid15-30m
nuscenes,scene-0103_030,pitch_2.0deg,pitch,2.0000,7,Car,15.5647,0,0.0000,True,64,0.7344,46.2157,mid15-30m
nuscenes,scene-0103_030,pitch_2.0deg,pitch,2.0000,14,Car,25.9639,1,0.0000,True,18,0.8333,44.9512,mid15-30m
nuscenes,scene-0103_030,pitch_2.0deg,pitch,2.0000,15,Truck,31.7853,0,0.0000,True,43,0.8372,44.4979,far>30m
nuscenes,scene-0103_030,pitch_2.0deg,pitch,2.0000,19,Car,20.2811,1,0.0000,True,30,0.7667,45.4056,mid15-30m
nuscenes,scene-0103_030,roll_2.0deg,roll,2.0000,7,Car,15.5647,0,0.0000,True,64,1.0000,17.3379,mid15-30m
nuscenes,scene-0103_030,roll_2.0deg,roll,2.0000,14,Car,25.9639,1,0.0000,True,18,1.0000,9.1429,mid15-30m
nuscenes,scene-0103_030,roll_2.0deg,roll,2.0000,15,Truck,31.7853,0,0.0000,True,43,1.0000,11.7207,far>30m
nuscenes,scene-0103_030,roll_2.0deg,roll,2.0000,19,Car,20.2811,1,0.0000,True,30,1.0000,12.6014,mid15-30m
nuscenes,scene-0103_030,yaw_3.0deg,yaw,3.0000,7,Car,15.5647,0,0.0000,True,64,0.7969,77.6242,mid15-30m
nuscenes,scene-0103_030,yaw_3.0deg,yaw,3.0000,14,Car,25.9639,1,0.0000,True,18,0.2222,69.5092,mid15-30m
nuscenes,scene-0103_030,yaw_3.0deg,yaw,3.0000,15,Truck,31.7853,0,0.0000,True,43,0.8605,72.1063,far>30m
nuscenes,scene-0103_030,yaw_3.0deg,yaw,3.0000,19,Car,20.2811,1,0.0000,True,30,0.8667,72.3910,mid15-30m
nuscenes,scene-0103_030,pitch_3.0deg,pitch,3.0000,7,Car,15.5647,0,0.0000,True,64,0.4062,69.4875,mid15-30m
nuscenes,scene-0103_030,pitch_3.0deg,pitch,3.0000,14,Car,25.9639,1,0.0000,True,18,0.4444,67.5151,mid15-30m
nuscenes,scene-0103_030,pitch_3.0deg,pitch,3.0000,15,Truck,31.7853,0,0.0000,True,43,0.5814,66.8262,far>30m
nuscenes,scene-0103_030,pitch_3.0deg,pitch,3.0000,19,Car,20.2811,1,0.0000,True,30,0.5333,68.2138,mid15-30m
nuscenes,scene-0103_030,roll_3.0deg,roll,3.0000,7,Car,15.5647,0,0.0000,True,64,1.0000,26.0099,mid15-30m
nuscenes,scene-0103_030,roll_3.0deg,roll,3.0000,14,Car,25.9639,1,0.0000,True,18,1.0000,13.7147,mid15-30m
nuscenes,scene-0103_030,roll_3.0deg,roll,3.0000,15,Truck,31.7853,0,0.0000,True,43,1.0000,17.5777,far>30m
nuscenes,scene-0103_030,roll_3.0deg,roll,3.0000,19,Car,20.2811,1,0.0000,True,30,1.0000,18.9033,mid15-30m
nuscenes,scene-0103_030,tfwd_2cm,tfwd,2.0000,7,Car,15.5647,0,0.0000,True,64,1.0000,0.7427,mid15-30m
nuscenes,scene-0103_030,tfwd_2cm,tfwd,2.0000,14,Car,25.9639,1,0.0000,True,18,1.0000,0.2197,mid15-30m
nuscenes,scene-0103_030,tfwd_2cm,tfwd,2.0000,15,Truck,31.7853,0,0.0000,True,43,1.0000,0.2215,far>30m
nuscenes,scene-0103_030,tfwd_2cm,tfwd,2.0000,19,Car,20.2811,1,0.0000,True,30,1.0000,0.4045,mid15-30m
nuscenes,scene-0103_030,tleft_2cm,tleft,2.0000,7,Car,15.5647,0,0.0000,True,64,1.0000,1.8893,mid15-30m
nuscenes,scene-0103_030,tleft_2cm,tleft,2.0000,14,Car,25.9639,1,0.0000,True,18,1.0000,1.0496,mid15-30m
nuscenes,scene-0103_030,tleft_2cm,tleft,2.0000,15,Truck,31.7853,0,0.0000,True,43,1.0000,0.8218,far>30m
nuscenes,scene-0103_030,tleft_2cm,tleft,2.0000,19,Car,20.2811,1,0.0000,True,30,1.0000,1.4060,mid15-30m
nuscenes,scene-0103_030,tup_2cm,tup,2.0000,7,Car,15.5647,0,0.0000,True,64,1.0000,1.8865,mid15-30m
nuscenes,scene-0103_030,tup_2cm,tup,2.0000,14,Car,25.9639,1,0.0000,True,18,1.0000,1.0476,mid15-30m
nuscenes,scene-0103_030,tup_2cm,tup,2.0000,15,Truck,31.7853,0,0.0000,True,43,1.0000,0.8244,far>30m
nuscenes,scene-0103_030,tup_2cm,tup,2.0000,19,Car,20.2811,1,0.0000,True,30,1.0000,1.4028,mid15-30m
nuscenes,scene-0103_030,tfwd_5cm,tfwd,5.0000,7,Car,15.5647,0,0.0000,True,64,1.0000,1.8525,mid15-30m
nuscenes,scene-0103_030,tfwd_5cm,tfwd,5.0000,14,Car,25.9639,1,0.0000,True,18,1.0000,0.5486,mid15-30m
nuscenes,scene-0103_030,tfwd_5cm,tfwd,5.0000,15,Truck,31.7853,0,0.0000,True,43,1.0000,0.5533,far>30m
nuscenes,scene-0103_030,tfwd_5cm,tfwd,5.0000,19,Car,20.2811,1,0.0000,True,30,1.0000,1.0095,mid15-30m
nuscenes,scene-0103_030,tleft_5cm,tleft,5.0000,7,Car,15.5647,0,0.0000,True,64,1.0000,4.7230,mid15-30m
nuscenes,scene-0103_030,tleft_5cm,tleft,5.0000,14,Car,25.9639,1,0.0000,True,18,1.0000,2.6240,mid15-30m
nuscenes,scene-0103_030,tleft_5cm,tleft,5.0000,15,Truck,31.7853,0,0.0000,True,43,1.0000,2.0545,far>30m
nuscenes,scene-0103_030,tleft_5cm,tleft,5.0000,19,Car,20.2811,1,0.0000,True,30,1.0000,3.5149,mid15-30m
nuscenes,scene-0103_030,tup_5cm,tup,5.0000,7,Car,15.5647,0,0.0000,True,64,1.0000,4.7158,mid15-30m
nuscenes,scene-0103_030,tup_5cm,tup,5.0000,14,Car,25.9639,1,0.0000,True,18,1.0000,2.6188,mid15-30m
nuscenes,scene-0103_030,tup_5cm,tup,5.0000,15,Truck,31.7853,0,0.0000,True,43,1.0000,2.0609,far>30m
nuscenes,scene-0103_030,tup_5cm,tup,5.0000,19,Car,20.2811,1,0.0000,True,30,1.0000,3.5066,mid15-30m
nuscenes,scene-0103_030,tfwd_10cm,tfwd,10.0000,7,Car,15.5647,0,0.0000,True,64,1.0000,3.6912,mid15-30m
nuscenes,scene-0103_030,tfwd_10cm,tfwd,10.0000,14,Car,25.9639,1,0.0000,True,18,1.0000,1.0948,mid15-30m
nuscenes,scene-0103_030,tfwd_10cm,tfwd,10.0000,15,Truck,31.7853,0,0.0000,True,43,1.0000,1.1048,far>30m
nuscenes,scene-0103_030,tfwd_10cm,tfwd,10.0000,19,Car,20.2811,1,0.0000,True,30,1.0000,2.0134,mid15-30m
nuscenes,scene-0103_030,tleft_10cm,tleft,10.0000,7,Car,15.5647,0,0.0000,True,64,1.0000,9.4456,mid15-30m
nuscenes,scene-0103_030,tleft_10cm,tleft,10.0000,14,Car,25.9639,1,0.0000,True,18,1.0000,5.2478,mid15-30m
nuscenes,scene-0103_030,tleft_10cm,tleft,10.0000,15,Truck,31.7853,0,0.0000,True,43,1.0000,4.1090,far>30m
nuscenes,scene-0103_030,tleft_10cm,tleft,10.0000,19,Car,20.2811,1,0.0000,True,30,1.0000,7.0296,mid15-30m
nuscenes,scene-0103_030,tup_10cm,tup,10.0000,7,Car,15.5647,0,0.0000,True,64,1.0000,9.4296,mid15-30m
nuscenes,scene-0103_030,tup_10cm,tup,10.0000,14,Car,25.9639,1,0.0000,True,18,1.0000,5.2370,mid15-30m
nuscenes,scene-0103_030,tup_10cm,tup,10.0000,15,Truck,31.7853,0,0.0000,True,43,1.0000,4.1215,far>30m
nuscenes,scene-0103_030,tup_10cm,tup,10.0000,19,Car,20.2811,1,0.0000,True,30,1.0000,7.0122,mid15-30m
nuscenes,scene-0103_031,baseline,baseline,0.0000,3,Car,25.6260,1,0.3432,False,18,0.4444,0.0000,mid15-30m
nuscenes,scene-0103_031,baseline,baseline,0.0000,6,Car,12.4205,0,0.1647,True,120,0.9417,0.0000,near<15m
nuscenes,scene-0103_031,baseline,baseline,0.0000,7,Car,28.6801,1,0.0000,True,12,1.0000,0.0000,mid15-30m
nuscenes,scene-0103_031,baseline,baseline,0.0000,12,Car,22.6439,1,0.0000,True,18,1.0000,0.0000,mid15-30m
nuscenes,scene-0103_031,baseline,baseline,0.0000,13,Truck,28.5110,0,0.0000,True,49,1.0000,0.0000,mid15-30m
nuscenes,scene-0103_031,baseline,baseline,0.0000,17,Car,17.0436,0,0.0000,True,47,1.0000,0.0000,mid15-30m
nuscenes,scene-0103_031,yaw_0.5deg,yaw,0.5000,3,Car,25.6260,1,0.3432,False,18,0.5556,15.3190,mid15-30m
nuscenes,scene-0103_031,yaw_0.5deg,yaw,0.5000,6,Car,12.4205,0,0.1647,True,120,0.9750,14.3716,near<15m
nuscenes,scene-0103_031,yaw_0.5deg,yaw,0.5000,7,Car,28.6801,1,0.0000,True,12,1.0000,11.6089,mid15-30m
nuscenes,scene-0103_031,yaw_0.5deg,yaw,0.5000,12,Car,22.6439,1,0.0000,True,18,1.0000,11.8288,mid15-30m
nuscenes,scene-0103_031,yaw_0.5deg,yaw,0.5000,13,Truck,28.5110,0,0.0000,True,49,1.0000,12.1952,mid15-30m
nuscenes,scene-0103_031,yaw_0.5deg,yaw,0.5000,17,Car,17.0436,0,0.0000,True,47,1.0000,12.5338,mid15-30m
nuscenes,scene-0103_031,pitch_0.5deg,pitch,0.5000,3,Car,25.6260,1,0.3432,False,18,0.4444,11.3302,mid15-30m
nuscenes,scene-0103_031,pitch_0.5deg,pitch,0.5000,6,Car,12.4205,0,0.1647,True,120,0.9333,11.7256,near<15m
nuscenes,scene-0103_031,pitch_0.5deg,pitch,0.5000,7,Car,28.6801,1,0.0000,True,12,1.0000,11.1939,mid15-30m
nuscenes,scene-0103_031,pitch_0.5deg,pitch,0.5000,12,Car,22.6439,1,0.0000,True,18,1.0000,11.2808,mid15-30m
nuscenes,scene-0103_031,pitch_0.5deg,pitch,0.5000,13,Truck,28.5110,0,0.0000,True,49,0.8776,11.1419,mid15-30m
nuscenes,scene-0103_031,pitch_0.5deg,pitch,0.5000,17,Car,17.0436,0,0.0000,True,47,1.0000,11.4473,mid15-30m
nuscenes,scene-0103_031,roll_0.5deg,roll,0.5000,3,Car,25.6260,1,0.3432,False,18,0.4444,6.6343,mid15-30m
nuscenes,scene-0103_031,roll_0.5deg,roll,0.5000,6,Car,12.4205,0,0.1647,True,120,0.9417,5.5349,near<15m
nuscenes,scene-0103_031,roll_0.5deg,roll,0.5000,7,Car,28.6801,1,0.0000,True,12,1.0000,2.1675,mid15-30m
nuscenes,scene-0103_031,roll_0.5deg,roll,0.5000,12,Car,22.6439,1,0.0000,True,18,1.0000,2.5100,mid15-30m
nuscenes,scene-0103_031,roll_0.5deg,roll,0.5000,13,Truck,28.5110,0,0.0000,True,49,1.0000,3.4507,mid15-30m
nuscenes,scene-0103_031,roll_0.5deg,roll,0.5000,17,Car,17.0436,0,0.0000,True,47,1.0000,3.5554,mid15-30m
nuscenes,scene-0103_031,yaw_1.0deg,yaw,1.0000,3,Car,25.6260,1,0.3432,False,18,0.7778,30.4755,mid15-30m
nuscenes,scene-0103_031,yaw_1.0deg,yaw,1.0000,6,Car,12.4205,0,0.1647,True,120,0.9917,28.6150,near<15m
nuscenes,scene-0103_031,yaw_1.0deg,yaw,1.0000,7,Car,28.6801,1,0.0000,True,12,1.0000,23.1772,mid15-30m
nuscenes,scene-0103_031,yaw_1.0deg,yaw,1.0000,12,Car,22.6439,1,0.0000,True,18,0.8889,23.6096,mid15-30m
nuscenes,scene-0103_031,yaw_1.0deg,yaw,1.0000,13,Truck,28.5110,0,0.0000,True,49,1.0000,24.4576,mid15-30m
nuscenes,scene-0103_031,yaw_1.0deg,yaw,1.0000,17,Car,17.0436,0,0.0000,True,47,0.9787,24.9958,mid15-30m
nuscenes,scene-0103_031,pitch_1.0deg,pitch,1.0000,3,Car,25.6260,1,0.3432,False,18,0.3333,22.6763,mid15-30m
nuscenes,scene-0103_031,pitch_1.0deg,pitch,1.0000,6,Car,12.4205,0,0.1647,True,120,0.9250,23.4806,near<15m
nuscenes,scene-0103_031,pitch_1.0deg,pitch,1.0000,7,Car,28.6801,1,0.0000,True,12,0.7500,22.3980,mid15-30m
nuscenes,scene-0103_031,pitch_1.0deg,pitch,1.0000,12,Car,22.6439,1,0.0000,True,18,0.8889,22.5768,mid15-30m
nuscenes,scene-0103_031,pitch_1.0deg,pitch,1.0000,13,Truck,28.5110,0,0.0000,True,49,0.8571,22.2946,mid15-30m
nuscenes,scene-0103_031,pitch_1.0deg,pitch,1.0000,17,Car,17.0436,0,0.0000,True,47,1.0000,22.9160,mid15-30m
nuscenes,scene-0103_031,roll_1.0deg,roll,1.0000,3,Car,25.6260,1,0.3432,False,18,0.4444,13.2703,mid15-30m
nuscenes,scene-0103_031,roll_1.0deg,roll,1.0000,6,Car,12.4205,0,0.1647,True,120,0.9417,11.0710,near<15m
nuscenes,scene-0103_031,roll_1.0deg,roll,1.0000,7,Car,28.6801,1,0.0000,True,12,1.0000,4.3352,mid15-30m
nuscenes,scene-0103_031,roll_1.0deg,roll,1.0000,12,Car,22.6439,1,0.0000,True,18,1.0000,5.0203,mid15-30m
nuscenes,scene-0103_031,roll_1.0deg,roll,1.0000,13,Truck,28.5110,0,0.0000,True,49,1.0000,6.9008,mid15-30m
nuscenes,scene-0103_031,roll_1.0deg,roll,1.0000,17,Car,17.0436,0,0.0000,True,47,1.0000,7.1112,mid15-30m
nuscenes,scene-0103_031,yaw_2.0deg,yaw,2.0000,3,Car,25.6260,1,0.3432,False,18,0.8889,60.3206,mid15-30m
nuscenes,scene-0103_031,yaw_2.0deg,yaw,2.0000,6,Car,12.4205,0,0.1647,True,120,0.9333,56.7332,near<15m
nuscenes,scene-0103_031,yaw_2.0deg,yaw,2.0000,7,Car,28.6801,1,0.0000,True,12,0.8333,46.2001,mid15-30m
nuscenes,scene-0103_031,yaw_2.0deg,yaw,2.0000,12,Car,22.6439,1,0.0000,True,18,0.6111,47.0358,mid15-30m
nuscenes,scene-0103_031,yaw_2.0deg,yaw,2.0000,13,Truck,28.5110,0,0.0000,True,49,0.9592,49.1940,mid15-30m
nuscenes,scene-0103_031,yaw_2.0deg,yaw,2.0000,17,Car,17.0436,0,0.0000,True,47,0.8723,49.7152,mid15-30m
nuscenes,scene-0103_031,pitch_2.0deg,pitch,2.0000,3,Car,25.6260,1,0.3432,False,18,0.3333,45.4243,mid15-30m
nuscenes,scene-0103_031,pitch_2.0deg,pitch,2.0000,6,Car,12.4205,0,0.1647,True,120,0.8833,47.0880,near<15m
nuscenes,scene-0103_031,pitch_2.0deg,pitch,2.0000,7,Car,28.6801,1,0.0000,True,12,0.7500,44.8441,mid15-30m
nuscenes,scene-0103_031,pitch_2.0deg,pitch,2.0000,12,Car,22.6439,1,0.0000,True,18,0.4444,45.2220,mid15-30m
nuscenes,scene-0103_031,pitch_2.0deg,pitch,2.0000,13,Truck,28.5110,0,0.0000,True,49,0.6531,44.6401,mid15-30m
nuscenes,scene-0103_031,pitch_2.0deg,pitch,2.0000,17,Car,17.0436,0,0.0000,True,47,0.8298,45.9254,mid15-30m
nuscenes,scene-0103_031,roll_2.0deg,roll,2.0000,3,Car,25.6260,1,0.3432,False,18,0.3333,26.5470,mid15-30m
nuscenes,scene-0103_031,roll_2.0deg,roll,2.0000,6,Car,12.4205,0,0.1647,True,120,0.9417,22.1462,near<15m
nuscenes,scene-0103_031,roll_2.0deg,roll,2.0000,7,Car,28.6801,1,0.0000,True,12,1.0000,8.6708,mid15-30m
nuscenes,scene-0103_031,roll_2.0deg,roll,2.0000,12,Car,22.6439,1,0.0000,True,18,1.0000,10.0412,mid15-30m
nuscenes,scene-0103_031,roll_2.0deg,roll,2.0000,13,Truck,28.5110,0,0.0000,True,49,1.0000,13.7989,mid15-30m
nuscenes,scene-0103_031,roll_2.0deg,roll,2.0000,17,Car,17.0436,0,0.0000,True,47,1.0000,14.2239,mid15-30m
nuscenes,scene-0103_031,yaw_3.0deg,yaw,3.0000,3,Car,25.6260,1,0.3432,False,18,0.9444,89.5727,mid15-30m
nuscenes,scene-0103_031,yaw_3.0deg,yaw,3.0000,6,Car,12.4205,0,0.1647,True,120,0.8500,84.3856,near<15m
nuscenes,scene-0103_031,yaw_3.0deg,yaw,3.0000,7,Car,28.6801,1,0.0000,True,12,0.3333,69.0844,mid15-30m
nuscenes,scene-0103_031,yaw_3.0deg,yaw,3.0000,12,Car,22.6439,1,0.0000,True,18,0.2222,70.2955,mid15-30m
nuscenes,scene-0103_031,yaw_3.0deg,yaw,3.0000,13,Truck,28.5110,0,0.0000,True,49,0.8776,74.2297,mid15-30m
nuscenes,scene-0103_031,yaw_3.0deg,yaw,3.0000,17,Car,17.0436,0,0.0000,True,47,0.7447,74.1783,mid15-30m
nuscenes,scene-0103_031,pitch_3.0deg,pitch,3.0000,3,Car,25.6260,1,0.3432,False,18,0.0556,68.2608,mid15-30m
nuscenes,scene-0103_031,pitch_3.0deg,pitch,3.0000,6,Car,12.4205,0,0.1647,True,120,0.6667,70.8402,near<15m
nuscenes,scene-0103_031,pitch_3.0deg,pitch,3.0000,7,Car,28.6801,1,0.0000,True,12,0.5833,67.3529,mid15-30m
nuscenes,scene-0103_031,pitch_3.0deg,pitch,3.0000,12,Car,22.6439,1,0.0000,True,18,0.4444,67.9505,mid15-30m
nuscenes,scene-0103_031,pitch_3.0deg,pitch,3.0000,13,Truck,28.5110,0,0.0000,True,49,0.6531,67.0511,mid15-30m
nuscenes,scene-0103_031,pitch_3.0deg,pitch,3.0000,17,Car,17.0436,0,0.0000,True,47,0.4255,69.0441,mid15-30m
nuscenes,scene-0103_031,roll_3.0deg,roll,3.0000,3,Car,25.6260,1,0.3432,False,18,0.3333,39.8291,mid15-30m
nuscenes,scene-0103_031,roll_3.0deg,roll,3.0000,6,Car,12.4205,0,0.1647,True,120,0.9333,33.2247,near<15m
nuscenes,scene-0103_031,roll_3.0deg,roll,3.0000,7,Car,28.6801,1,0.0000,True,12,1.0000,13.0065,mid15-30m
nuscenes,scene-0103_031,roll_3.0deg,roll,3.0000,12,Car,22.6439,1,0.0000,True,18,0.8889,15.0623,mid15-30m
nuscenes,scene-0103_031,roll_3.0deg,roll,3.0000,13,Truck,28.5110,0,0.0000,True,49,1.0000,20.6938,mid15-30m
nuscenes,scene-0103_031,roll_3.0deg,roll,3.0000,17,Car,17.0436,0,0.0000,True,47,1.0000,21.3376,mid15-30m
nuscenes,scene-0103_031,tfwd_2cm,tfwd,2.0000,3,Car,25.6260,1,0.3432,False,18,0.4444,0.7463,mid15-30m
nuscenes,scene-0103_031,tfwd_2cm,tfwd,2.0000,6,Car,12.4205,0,0.1647,True,120,0.9417,1.2434,near<15m
nuscenes,scene-0103_031,tfwd_2cm,tfwd,2.0000,7,Car,28.6801,1,0.0000,True,12,1.0000,0.1892,mid15-30m
nuscenes,scene-0103_031,tfwd_2cm,tfwd,2.0000,12,Car,22.6439,1,0.0000,True,18,1.0000,0.2754,mid15-30m
nuscenes,scene-0103_031,tfwd_2cm,tfwd,2.0000,13,Truck,28.5110,0,0.0000,True,49,1.0000,0.3012,mid15-30m
nuscenes,scene-0103_031,tfwd_2cm,tfwd,2.0000,17,Car,17.0436,0,0.0000,True,47,1.0000,0.5461,mid15-30m
nuscenes,scene-0103_031,tleft_2cm,tleft,2.0000,3,Car,25.6260,1,0.3432,False,18,0.4444,1.2397,mid15-30m
nuscenes,scene-0103_031,tleft_2cm,tleft,2.0000,6,Car,12.4205,0,0.1647,True,120,0.9417,2.4743,near<15m
nuscenes,scene-0103_031,tleft_2cm,tleft,2.0000,7,Car,28.6801,1,0.0000,True,12,1.0000,0.9539,mid15-30m
nuscenes,scene-0103_031,tleft_2cm,tleft,2.0000,12,Car,22.6439,1,0.0000,True,18,1.0000,1.2032,mid15-30m
nuscenes,scene-0103_031,tleft_2cm,tleft,2.0000,13,Truck,28.5110,0,0.0000,True,49,1.0000,0.9498,mid15-30m
nuscenes,scene-0103_031,tleft_2cm,tleft,2.0000,17,Car,17.0436,0,0.0000,True,47,1.0000,1.6852,mid15-30m
nuscenes,scene-0103_031,tup_2cm,tup,2.0000,3,Car,25.6260,1,0.3432,False,18,0.4444,1.2333,mid15-30m
nuscenes,scene-0103_031,tup_2cm,tup,2.0000,6,Car,12.4205,0,0.1647,True,120,0.9417,2.4703,near<15m
nuscenes,scene-0103_031,tup_2cm,tup,2.0000,7,Car,28.6801,1,0.0000,True,12,1.0000,0.9522,mid15-30m
nuscenes,scene-0103_031,tup_2cm,tup,2.0000,12,Car,22.6439,1,0.0000,True,18,1.0000,1.2020,mid15-30m
nuscenes,scene-0103_031,tup_2cm,tup,2.0000,13,Truck,28.5110,0,0.0000,True,49,1.0000,0.9537,mid15-30m
nuscenes,scene-0103_031,tup_2cm,tup,2.0000,17,Car,17.0436,0,0.0000,True,47,1.0000,1.6838,mid15-30m
nuscenes,scene-0103_031,tfwd_5cm,tfwd,5.0000,3,Car,25.6260,1,0.3432,False,18,0.4444,1.8631,mid15-30m
nuscenes,scene-0103_031,tfwd_5cm,tfwd,5.0000,6,Car,12.4205,0,0.1647,True,120,0.9417,3.0992,near<15m
nuscenes,scene-0103_031,tfwd_5cm,tfwd,5.0000,7,Car,28.6801,1,0.0000,True,12,1.0000,0.4724,mid15-30m
nuscenes,scene-0103_031,tfwd_5cm,tfwd,5.0000,12,Car,22.6439,1,0.0000,True,18,1.0000,0.6875,mid15-30m
nuscenes,scene-0103_031,tfwd_5cm,tfwd,5.0000,13,Truck,28.5110,0,0.0000,True,49,1.0000,0.7522,mid15-30m
nuscenes,scene-0103_031,tfwd_5cm,tfwd,5.0000,17,Car,17.0436,0,0.0000,True,47,1.0000,1.3624,mid15-30m
nuscenes,scene-0103_031,tleft_5cm,tleft,5.0000,3,Car,25.6260,1,0.3432,False,18,0.4444,3.0993,mid15-30m
nuscenes,scene-0103_031,tleft_5cm,tleft,5.0000,6,Car,12.4205,0,0.1647,True,120,0.9500,6.1854,near<15m
nuscenes,scene-0103_031,tleft_5cm,tleft,5.0000,7,Car,28.6801,1,0.0000,True,12,1.0000,2.3848,mid15-30m
nuscenes,scene-0103_031,tleft_5cm,tleft,5.0000,12,Car,22.6439,1,0.0000,True,18,1.0000,3.0079,mid15-30m
nuscenes,scene-0103_031,tleft_5cm,tleft,5.0000,13,Truck,28.5110,0,0.0000,True,49,1.0000,2.3744,mid15-30m
nuscenes,scene-0103_031,tleft_5cm,tleft,5.0000,17,Car,17.0436,0,0.0000,True,47,1.0000,4.2129,mid15-30m
nuscenes,scene-0103_031,tup_5cm,tup,5.0000,3,Car,25.6260,1,0.3432,False,18,0.4444,3.0831,mid15-30m
nuscenes,scene-0103_031,tup_5cm,tup,5.0000,6,Car,12.4205,0,0.1647,True,120,0.9417,6.1749,near<15m
nuscenes,scene-0103_031,tup_5cm,tup,5.0000,7,Car,28.6801,1,0.0000,True,12,1.0000,2.3803,mid15-30m
nuscenes,scene-0103_031,tup_5cm,tup,5.0000,12,Car,22.6439,1,0.0000,True,18,1.0000,3.0048,mid15-30m
nuscenes,scene-0103_031,tup_5cm,tup,5.0000,13,Truck,28.5110,0,0.0000,True,49,1.0000,2.3842,mid15-30m
nuscenes,scene-0103_031,tup_5cm,tup,5.0000,17,Car,17.0436,0,0.0000,True,47,1.0000,4.2091,mid15-30m
nuscenes,scene-0103_031,tfwd_10cm,tfwd,10.0000,3,Car,25.6260,1,0.3432,False,18,0.4444,3.7171,mid15-30m
nuscenes,scene-0103_031,tfwd_10cm,tfwd,10.0000,6,Car,12.4205,0,0.1647,True,120,0.9500,6.1679,near<15m
nuscenes,scene-0103_031,tfwd_10cm,tfwd,10.0000,7,Car,28.6801,1,0.0000,True,12,1.0000,0.9431,mid15-30m
nuscenes,scene-0103_031,tfwd_10cm,tfwd,10.0000,12,Car,22.6439,1,0.0000,True,18,1.0000,1.3718,mid15-30m
nuscenes,scene-0103_031,tfwd_10cm,tfwd,10.0000,13,Truck,28.5110,0,0.0000,True,49,1.0000,1.5015,mid15-30m
nuscenes,scene-0103_031,tfwd_10cm,tfwd,10.0000,17,Car,17.0436,0,0.0000,True,47,1.0000,2.7156,mid15-30m
nuscenes,scene-0103_031,tleft_10cm,tleft,10.0000,3,Car,25.6260,1,0.3432,False,18,0.4444,6.1984,mid15-30m
nuscenes,scene-0103_031,tleft_10cm,tleft,10.0000,6,Car,12.4205,0,0.1647,True,120,0.9750,12.3702,near<15m
nuscenes,scene-0103_031,tleft_10cm,tleft,10.0000,7,Car,28.6801,1,0.0000,True,12,1.0000,4.7694,mid15-30m
nuscenes,scene-0103_031,tleft_10cm,tleft,10.0000,12,Car,22.6439,1,0.0000,True,18,1.0000,6.0157,mid15-30m
nuscenes,scene-0103_031,tleft_10cm,tleft,10.0000,13,Truck,28.5110,0,0.0000,True,49,1.0000,4.7486,mid15-30m
nuscenes,scene-0103_031,tleft_10cm,tleft,10.0000,17,Car,17.0436,0,0.0000,True,47,1.0000,8.4255,mid15-30m
nuscenes,scene-0103_031,tup_10cm,tup,10.0000,3,Car,25.6260,1,0.3432,False,18,0.4444,6.1653,mid15-30m
nuscenes,scene-0103_031,tup_10cm,tup,10.0000,6,Car,12.4205,0,0.1647,True,120,0.8500,12.3464,near<15m
nuscenes,scene-0103_031,tup_10cm,tup,10.0000,7,Car,28.6801,1,0.0000,True,12,1.0000,4.7601,mid15-30m
nuscenes,scene-0103_031,tup_10cm,tup,10.0000,12,Car,22.6439,1,0.0000,True,18,1.0000,6.0087,mid15-30m
nuscenes,scene-0103_031,tup_10cm,tup,10.0000,13,Truck,28.5110,0,0.0000,True,49,1.0000,4.7680,mid15-30m
nuscenes,scene-0103_031,tup_10cm,tup,10.0000,17,Car,17.0436,0,0.0000,True,47,1.0000,8.4166,mid15-30m
nuscenes,scene-0103_032,baseline,baseline,0.0000,3,Car,22.5907,2,0.7535,False,21,0.0000,0.0000,mid15-30m
nuscenes,scene-0103_032,baseline,baseline,0.0000,5,Car,9.3847,0,0.7897,False,211,0.1280,0.0000,near<15m
nuscenes,scene-0103_032,baseline,baseline,0.0000,6,Car,25.2307,0,0.0000,True,22,1.0000,0.0000,mid15-30m
nuscenes,scene-0103_032,baseline,baseline,0.0000,8,Car,33.1927,1,0.0000,True,10,1.0000,0.0000,far>30m
nuscenes,scene-0103_032,baseline,baseline,0.0000,10,Bicycle,17.2310,0,0.0000,True,16,1.0000,0.0000,mid15-30m
nuscenes,scene-0103_032,baseline,baseline,0.0000,11,Car,19.2146,1,0.0000,True,24,1.0000,0.0000,mid15-30m
nuscenes,scene-0103_032,baseline,baseline,0.0000,12,Truck,25.1367,0,0.0000,True,70,1.0000,0.0000,mid15-30m
nuscenes,scene-0103_032,baseline,baseline,0.0000,16,Car,13.7550,0,0.1197,True,111,1.0000,0.0000,near<15m
nuscenes,scene-0103_032,yaw_0.5deg,yaw,0.5000,3,Car,22.5907,2,0.7535,False,21,0.0476,16.6809,mid15-30m
nuscenes,scene-0103_032,yaw_0.5deg,yaw,0.5000,5,Car,9.3847,0,0.7897,False,211,0.1611,18.2990,near<15m
nuscenes,scene-0103_032,yaw_0.5deg,yaw,0.5000,6,Car,25.2307,0,0.0000,True,22,1.0000,11.7213,mid15-30m
nuscenes,scene-0103_032,yaw_0.5deg,yaw,0.5000,8,Car,33.1927,1,0.0000,True,10,1.0000,11.7867,far>30m
nuscenes,scene-0103_032,yaw_0.5deg,yaw,0.5000,10,Bicycle,17.2310,0,0.0000,True,16,1.0000,12.7916,mid15-30m
nuscenes,scene-0103_032,yaw_0.5deg,yaw,0.5000,11,Car,19.2146,1,0.0000,True,24,1.0000,12.1176,mid15-30m
nuscenes,scene-0103_032,yaw_0.5deg,yaw,0.5000,12,Truck,25.1367,0,0.0000,True,70,1.0000,12.5738,mid15-30m
nuscenes,scene-0103_032,yaw_0.5deg,yaw,0.5000,16,Car,13.7550,0,0.1197,True,111,1.0000,13.5809,near<15m
nuscenes,scene-0103_032,pitch_0.5deg,pitch,0.5000,3,Car,22.5907,2,0.7535,False,21,0.0000,11.3582,mid15-30m
nuscenes,scene-0103_032,pitch_0.5deg,pitch,0.5000,5,Car,9.3847,0,0.7897,False,211,0.1280,12.2734,near<15m
nuscenes,scene-0103_032,pitch_0.5deg,pitch,0.5000,6,Car,25.2307,0,0.0000,True,22,1.0000,11.2224,mid15-30m
nuscenes,scene-0103_032,pitch_0.5deg,pitch,0.5000,8,Car,33.1927,1,0.0000,True,10,1.0000,11.1130,far>30m
nuscenes,scene-0103_032,pitch_0.5deg,pitch,0.5000,10,Bicycle,17.2310,0,0.0000,True,16,1.0000,11.3189,mid15-30m
nuscenes,scene-0103_032,pitch_0.5deg,pitch,0.5000,11,Car,19.2146,1,0.0000,True,24,1.0000,11.3452,mid15-30m
nuscenes,scene-0103_032,pitch_0.5deg,pitch,0.5000,12,Truck,25.1367,0,0.0000,True,70,1.0000,11.1625,mid15-30m
nuscenes,scene-0103_032,pitch_0.5deg,pitch,0.5000,16,Car,13.7550,0,0.1197,True,111,1.0000,11.5903,near<15m
nuscenes,scene-0103_032,roll_0.5deg,roll,0.5000,3,Car,22.5907,2,0.7535,False,21,0.0000,7.6448,mid15-30m
nuscenes,scene-0103_032,roll_0.5deg,roll,0.5000,5,Car,9.3847,0,0.7897,False,211,0.1280,8.3838,near<15m
nuscenes,scene-0103_032,roll_0.5deg,roll,0.5000,6,Car,25.2307,0,0.0000,True,22,1.0000,2.3684,mid15-30m
nuscenes,scene-0103_032,roll_0.5deg,roll,0.5000,8,Car,33.1927,1,0.0000,True,10,1.0000,2.7692,far>30m
nuscenes,scene-0103_032,roll_0.5deg,roll,0.5000,10,Bicycle,17.2310,0,0.0000,True,16,1.0000,4.1433,mid15-30m
nuscenes,scene-0103_032,roll_0.5deg,roll,0.5000,11,Car,19.2146,1,0.0000,True,24,1.0000,2.9857,mid15-30m
nuscenes,scene-0103_032,roll_0.5deg,roll,0.5000,12,Truck,25.1367,0,0.0000,True,70,1.0000,3.9581,mid15-30m
nuscenes,scene-0103_032,roll_0.5deg,roll,0.5000,16,Car,13.7550,0,0.1197,True,111,1.0000,4.7529,near<15m
nuscenes,scene-0103_032,yaw_1.0deg,yaw,1.0000,3,Car,22.5907,2,0.7535,False,21,0.1429,33.1579,mid15-30m
nuscenes,scene-0103_032,yaw_1.0deg,yaw,1.0000,5,Car,9.3847,0,0.7897,False,211,0.1801,36.3492,near<15m
nuscenes,scene-0103_032,yaw_1.0deg,yaw,1.0000,6,Car,25.2307,0,0.0000,True,22,0.8636,23.3979,mid15-30m
nuscenes,scene-0103_032,yaw_1.0deg,yaw,1.0000,8,Car,33.1927,1,0.0000,True,10,1.0000,23.6254,far>30m
nuscenes,scene-0103_032,yaw_1.0deg,yaw,1.0000,10,Bicycle,17.2310,0,0.0000,True,16,1.0000,25.6682,mid15-30m
nuscenes,scene-0103_032,yaw_1.0deg,yaw,1.0000,11,Car,19.2146,1,0.0000,True,24,0.9583,24.1770,mid15-30m
nuscenes,scene-0103_032,yaw_1.0deg,yaw,1.0000,12,Truck,25.1367,0,0.0000,True,70,1.0000,25.2277,mid15-30m
nuscenes,scene-0103_032,yaw_1.0deg,yaw,1.0000,16,Car,13.7550,0,0.1197,True,111,0.9820,27.0575,near<15m
nuscenes,scene-0103_032,pitch_1.0deg,pitch,1.0000,3,Car,22.5907,2,0.7535,False,21,0.0000,22.7299,mid15-30m
nuscenes,scene-0103_032,pitch_1.0deg,pitch,1.0000,5,Car,9.3847,0,0.7897,False,211,0.1280,24.5965,near<15m
nuscenes,scene-0103_032,pitch_1.0deg,pitch,1.0000,6,Car,25.2307,0,0.0000,True,22,1.0000,22.4561,mid15-30m
nuscenes,scene-0103_032,pitch_1.0deg,pitch,1.0000,8,Car,33.1927,1,0.0000,True,10,0.8000,22.2390,far>30m
nuscenes,scene-0103_032,pitch_1.0deg,pitch,1.0000,10,Bicycle,17.2310,0,0.0000,True,16,1.0000,22.6581,mid15-30m
nuscenes,scene-0103_032,pitch_1.0deg,pitch,1.0000,11,Car,19.2146,1,0.0000,True,24,1.0000,22.7078,mid15-30m
nuscenes,scene-0103_032,pitch_1.0deg,pitch,1.0000,12,Truck,25.1367,0,0.0000,True,70,1.0000,22.3368,mid15-30m
nuscenes,scene-0103_032,pitch_1.0deg,pitch,1.0000,16,Car,13.7550,0,0.1197,True,111,1.0000,23.2050,near<15m
nuscenes,scene-0103_032,roll_1.0deg,roll,1.0000,3,Car,22.5907,2,0.7535,False,21,0.0000,15.2919,mid15-30m
nuscenes,scene-0103_032,roll_1.0deg,roll,1.0000,5,Car,9.3847,0,0.7897,False,211,0.1327,16.7704,near<15m
nuscenes,scene-0103_032,roll_1.0deg,roll,1.0000,6,Car,25.2307,0,0.0000,True,22,1.0000,4.7371,mid15-30m
nuscenes,scene-0103_032,roll_1.0deg,roll,1.0000,8,Car,33.1927,1,0.0000,True,10,1.0000,5.5379,far>30m
nuscenes,scene-0103_032,roll_1.0deg,roll,1.0000,10,Bicycle,17.2310,0,0.0000,True,16,1.0000,8.2857,mid15-30m
nuscenes,scene-0103_032,roll_1.0deg,roll,1.0000,11,Car,19.2146,1,0.0000,True,24,1.0000,5.9717,mid15-30m
nuscenes,scene-0103_032,roll_1.0deg,roll,1.0000,12,Truck,25.1367,0,0.0000,True,70,1.0000,7.9155,mid15-30m
nuscenes,scene-0103_032,roll_1.0deg,roll,1.0000,16,Car,13.7550,0,0.1197,True,111,1.0000,9.5066,near<15m
nuscenes,scene-0103_032,yaw_2.0deg,yaw,2.0000,3,Car,22.5907,2,0.7535,False,21,0.3333,65.5252,mid15-30m
nuscenes,scene-0103_032,yaw_2.0deg,yaw,2.0000,5,Car,9.3847,0,0.7897,False,211,0.2133,71.7349,near<15m
nuscenes,scene-0103_032,yaw_2.0deg,yaw,2.0000,6,Car,25.2307,0,0.0000,True,22,0.7273,46.6249,mid15-30m
nuscenes,scene-0103_032,yaw_2.0deg,yaw,2.0000,8,Car,33.1927,1,0.0000,True,10,1.0000,47.4681,far>30m
nuscenes,scene-0103_032,yaw_2.0deg,yaw,2.0000,10,Bicycle,17.2310,0,0.0000,True,16,0.8125,51.6880,mid15-30m
nuscenes,scene-0103_032,yaw_2.0deg,yaw,2.0000,11,Car,19.2146,1,0.0000,True,24,0.6667,48.1302,mid15-30m
nuscenes,scene-0103_032,yaw_2.0deg,yaw,2.0000,12,Truck,25.1367,0,0.0000,True,70,0.9571,50.7868,mid15-30m
nuscenes,scene-0103_032,yaw_2.0deg,yaw,2.0000,16,Car,13.7550,0,0.1197,True,111,0.9189,53.7111,near<15m
nuscenes,scene-0103_032,pitch_2.0deg,pitch,2.0000,3,Car,22.5907,2,0.7535,False,21,0.0000,45.5224,mid15-30m
nuscenes,scene-0103_032,pitch_2.0deg,pitch,2.0000,5,Car,9.3847,0,0.7897,False,211,0.1280,49.4027,near<15m
nuscenes,scene-0103_032,pitch_2.0deg,pitch,2.0000,6,Car,25.2307,0,0.0000,True,22,0.6818,44.9648,mid15-30m
nuscenes,scene-0103_032,pitch_2.0deg,pitch,2.0000,8,Car,33.1927,1,0.0000,True,10,0.8000,44.5369,far>30m
nuscenes,scene-0103_032,pitch_2.0deg,pitch,2.0000,10,Bicycle,17.2310,0,0.0000,True,16,0.7500,45.4052,mid15-30m
nuscenes,scene-0103_032,pitch_2.0deg,pitch,2.0000,11,Car,19.2146,1,0.0000,True,24,0.6667,45.4932,mid15-30m
nuscenes,scene-0103_032,pitch_2.0deg,pitch,2.0000,12,Truck,25.1367,0,0.0000,True,70,0.8714,44.7285,mid15-30m
nuscenes,scene-0103_032,pitch_2.0deg,pitch,2.0000,16,Car,13.7550,0,0.1197,True,111,1.0000,46.5159,near<15m
nuscenes,scene-0103_032,roll_2.0deg,roll,2.0000,3,Car,22.5907,2,0.7535,False,21,0.0000,30.5927,mid15-30m
nuscenes,scene-0103_032,roll_2.0deg,roll,2.0000,5,Car,9.3847,0,0.7897,False,211,0.1422,33.5512,near<15m
nuscenes,scene-0103_032,roll_2.0deg,roll,2.0000,6,Car,25.2307,0,0.0000,True,22,1.0000,9.4748,mid15-30m
nuscenes,scene-0103_032,roll_2.0deg,roll,2.0000,8,Car,33.1927,1,0.0000,True,10,1.0000,11.0740,far>30m
nuscenes,scene-0103_032,roll_2.0deg,roll,2.0000,10,Bicycle,17.2310,0,0.0000,True,16,1.0000,16.5676,mid15-30m
nuscenes,scene-0103_032,roll_2.0deg,roll,2.0000,11,Car,19.2146,1,0.0000,True,24,1.0000,11.9443,mid15-30m
nuscenes,scene-0103_032,roll_2.0deg,roll,2.0000,12,Truck,25.1367,0,0.0000,True,70,1.0000,15.8276,mid15-30m
nuscenes,scene-0103_032,roll_2.0deg,roll,2.0000,16,Car,13.7550,0,0.1197,True,111,1.0000,19.0163,near<15m
nuscenes,scene-0103_032,yaw_3.0deg,yaw,3.0000,3,Car,22.5907,2,0.7535,False,21,0.3810,97.1497,mid15-30m
nuscenes,scene-0103_032,yaw_3.0deg,yaw,3.0000,5,Car,9.3847,0,0.7897,False,211,0.2749,106.2183,near<15m
nuscenes,scene-0103_032,yaw_3.0deg,yaw,3.0000,6,Car,25.2307,0,0.0000,True,22,0.4091,69.6972,mid15-30m
nuscenes,scene-0103_032,yaw_3.0deg,yaw,3.0000,8,Car,33.1927,1,0.0000,True,10,0.8000,71.5461,far>30m
nuscenes,scene-0103_032,yaw_3.0deg,yaw,3.0000,10,Bicycle,17.2310,0,0.0000,True,16,0.2500,78.0835,mid15-30m
nuscenes,scene-0103_032,yaw_3.0deg,yaw,3.0000,11,Car,19.2146,1,0.0000,True,24,0.5000,71.8779,mid15-30m
nuscenes,scene-0103_032,yaw_3.0deg,yaw,3.0000,12,Truck,25.1367,0,0.0000,True,70,0.8714,76.7003,mid15-30m
nuscenes,scene-0103_032,yaw_3.0deg,yaw,3.0000,16,Car,13.7550,0,0.1197,True,111,0.8378,79.9868,near<15m
nuscenes,scene-0103_032,pitch_3.0deg,pitch,3.0000,3,Car,22.5907,2,0.7535,False,21,0.0000,68.3949,mid15-30m
nuscenes,scene-0103_032,pitch_3.0deg,pitch,3.0000,5,Car,9.3847,0,0.7897,False,211,0.1185,74.4414,near<15m
nuscenes,scene-0103_032,pitch_3.0deg,pitch,3.0000,6,Car,25.2307,0,0.0000,True,22,0.4091,67.5409,mid15-30m
nuscenes,scene-0103_032,pitch_3.0deg,pitch,3.0000,8,Car,33.1927,1,0.0000,True,10,0.0000,66.9082,far>30m
nuscenes,scene-0103_032,pitch_3.0deg,pitch,3.0000,10,Bicycle,17.2310,0,0.0000,True,16,0.5000,68.2572,mid15-30m
nuscenes,scene-0103_032,pitch_3.0deg,pitch,3.0000,11,Car,19.2146,1,0.0000,True,24,0.4583,68.3715,mid15-30m
nuscenes,scene-0103_032,pitch_3.0deg,pitch,3.0000,12,Truck,25.1367,0,0.0000,True,70,0.6429,67.1901,mid15-30m
nuscenes,scene-0103_032,pitch_3.0deg,pitch,3.0000,16,Car,13.7550,0,0.1197,True,111,0.8739,69.9496,near<15m
nuscenes,scene-0103_032,roll_3.0deg,roll,3.0000,3,Car,22.5907,2,0.7535,False,21,0.0000,45.9012,mid15-30m
nuscenes,scene-0103_032,roll_3.0deg,roll,3.0000,5,Car,9.3847,0,0.7897,False,211,0.1422,50.3411,near<15m
nuscenes,scene-0103_032,roll_3.0deg,roll,3.0000,6,Car,25.2307,0,0.0000,True,22,1.0000,14.2126,mid15-30m
nuscenes,scene-0103_032,roll_3.0deg,roll,3.0000,8,Car,33.1927,1,0.0000,True,10,1.0000,16.6079,far>30m
nuscenes,scene-0103_032,roll_3.0deg,roll,3.0000,10,Bicycle,17.2310,0,0.0000,True,16,1.0000,24.8452,mid15-30m
nuscenes,scene-0103_032,roll_3.0deg,roll,3.0000,11,Car,19.2146,1,0.0000,True,24,1.0000,17.9175,mid15-30m
nuscenes,scene-0103_032,roll_3.0deg,roll,3.0000,12,Truck,25.1367,0,0.0000,True,70,0.9429,23.7356,mid15-30m
nuscenes,scene-0103_032,roll_3.0deg,roll,3.0000,16,Car,13.7550,0,0.1197,True,111,1.0000,28.5282,near<15m
nuscenes,scene-0103_032,tfwd_2cm,tfwd,2.0000,3,Car,22.5907,2,0.7535,False,21,0.0000,1.0131,mid15-30m
nuscenes,scene-0103_032,tfwd_2cm,tfwd,2.0000,5,Car,9.3847,0,0.7897,False,211,0.1327,2.9109,near<15m
nuscenes,scene-0103_032,tfwd_2cm,tfwd,2.0000,6,Car,25.2307,0,0.0000,True,22,1.0000,0.2359,mid15-30m
nuscenes,scene-0103_032,tfwd_2cm,tfwd,2.0000,8,Car,33.1927,1,0.0000,True,10,1.0000,0.2019,far>30m
nuscenes,scene-0103_032,tfwd_2cm,tfwd,2.0000,10,Bicycle,17.2310,0,0.0000,True,16,1.0000,0.5803,mid15-30m
nuscenes,scene-0103_032,tfwd_2cm,tfwd,2.0000,11,Car,19.2146,1,0.0000,True,24,1.0000,0.3930,mid15-30m
nuscenes,scene-0103_032,tfwd_2cm,tfwd,2.0000,12,Truck,25.1367,0,0.0000,True,70,1.0000,0.3943,mid15-30m
nuscenes,scene-0103_032,tfwd_2cm,tfwd,2.0000,16,Car,13.7550,0,0.1197,True,111,1.0000,0.9700,near<15m
nuscenes,scene-0103_032,tleft_2cm,tleft,2.0000,3,Car,22.5907,2,0.7535,False,21,0.0000,1.4596,mid15-30m
nuscenes,scene-0103_032,tleft_2cm,tleft,2.0000,5,Car,9.3847,0,0.7897,False,211,0.1374,3.8157,near<15m
nuscenes,scene-0103_032,tleft_2cm,tleft,2.0000,6,Car,25.2307,0,0.0000,True,22,1.0000,1.0876,mid15-30m
nuscenes,scene-0103_032,tleft_2cm,tleft,2.0000,8,Car,33.1927,1,0.0000,True,10,1.0000,0.7959,far>30m
nuscenes,scene-0103_032,tleft_2cm,tleft,2.0000,10,Bicycle,17.2310,0,0.0000,True,16,1.0000,1.5374,mid15-30m
nuscenes,scene-0103_032,tleft_2cm,tleft,2.0000,11,Car,19.2146,1,0.0000,True,24,1.0000,1.4449,mid15-30m
nuscenes,scene-0103_032,tleft_2cm,tleft,2.0000,12,Truck,25.1367,0,0.0000,True,70,1.0000,1.0784,mid15-30m
nuscenes,scene-0103_032,tleft_2cm,tleft,2.0000,16,Car,13.7550,0,0.1197,True,111,1.0000,2.2286,near<15m
nuscenes,scene-0103_032,tup_2cm,tup,2.0000,3,Car,22.5907,2,0.7535,False,21,0.0000,1.4499,mid15-30m
nuscenes,scene-0103_032,tup_2cm,tup,2.0000,5,Car,9.3847,0,0.7897,False,211,0.1280,3.8093,near<15m
nuscenes,scene-0103_032,tup_2cm,tup,2.0000,6,Car,25.2307,0,0.0000,True,22,1.0000,1.0857,mid15-30m
nuscenes,scene-0103_032,tup_2cm,tup,2.0000,8,Car,33.1927,1,0.0000,True,10,1.0000,0.7991,far>30m
nuscenes,scene-0103_032,tup_2cm,tup,2.0000,10,Bicycle,17.2310,0,0.0000,True,16,1.0000,1.5479,mid15-30m
nuscenes,scene-0103_032,tup_2cm,tup,2.0000,11,Car,19.2146,1,0.0000,True,24,1.0000,1.4435,mid15-30m
nuscenes,scene-0103_032,tup_2cm,tup,2.0000,12,Truck,25.1367,0,0.0000,True,70,1.0000,1.0836,mid15-30m
nuscenes,scene-0103_032,tup_2cm,tup,2.0000,16,Car,13.7550,0,0.1197,True,111,1.0000,2.2249,near<15m
nuscenes,scene-0103_032,tfwd_5cm,tfwd,5.0000,3,Car,22.5907,2,0.7535,False,21,0.0000,2.5285,mid15-30m
nuscenes,scene-0103_032,tfwd_5cm,tfwd,5.0000,5,Car,9.3847,0,0.7897,False,211,0.1422,7.2438,near<15m
nuscenes,scene-0103_032,tfwd_5cm,tfwd,5.0000,6,Car,25.2307,0,0.0000,True,22,1.0000,0.5890,mid15-30m
nuscenes,scene-0103_032,tfwd_5cm,tfwd,5.0000,8,Car,33.1927,1,0.0000,True,10,1.0000,0.5042,far>30m
nuscenes,scene-0103_032,tfwd_5cm,tfwd,5.0000,10,Bicycle,17.2310,0,0.0000,True,16,1.0000,1.4481,mid15-30m
nuscenes,scene-0103_032,tfwd_5cm,tfwd,5.0000,11,Car,19.2146,1,0.0000,True,24,1.0000,0.9808,mid15-30m
nuscenes,scene-0103_032,tfwd_5cm,tfwd,5.0000,12,Truck,25.1367,0,0.0000,True,70,1.0000,0.9845,mid15-30m
nuscenes,scene-0103_032,tfwd_5cm,tfwd,5.0000,16,Car,13.7550,0,0.1197,True,111,1.0000,2.4184,near<15m
nuscenes,scene-0103_032,tleft_5cm,tleft,5.0000,3,Car,22.5907,2,0.7535,False,21,0.0000,3.6490,mid15-30m
nuscenes,scene-0103_032,tleft_5cm,tleft,5.0000,5,Car,9.3847,0,0.7897,False,211,0.1469,9.5387,near<15m
nuscenes,scene-0103_032,tleft_5cm,tleft,5.0000,6,Car,25.2307,0,0.0000,True,22,1.0000,2.7191,mid15-30m
nuscenes,scene-0103_032,tleft_5cm,tleft,5.0000,8,Car,33.1927,1,0.0000,True,10,1.0000,1.9896,far>30m
nuscenes,scene-0103_032,tleft_5cm,tleft,5.0000,10,Bicycle,17.2310,0,0.0000,True,16,1.0000,3.8434,mid15-30m
nuscenes,scene-0103_032,tleft_5cm,tleft,5.0000,11,Car,19.2146,1,0.0000,True,24,1.0000,3.6121,mid15-30m
nuscenes,scene-0103_032,tleft_5cm,tleft,5.0000,12,Truck,25.1367,0,0.0000,True,70,1.0000,2.6961,mid15-30m
nuscenes,scene-0103_032,tleft_5cm,tleft,5.0000,16,Car,13.7550,0,0.1197,True,111,1.0000,5.5712,near<15m
nuscenes,scene-0103_032,tup_5cm,tup,5.0000,3,Car,22.5907,2,0.7535,False,21,0.0000,3.6244,mid15-30m
nuscenes,scene-0103_032,tup_5cm,tup,5.0000,5,Car,9.3847,0,0.7897,False,211,0.1280,9.5209,near<15m
nuscenes,scene-0103_032,tup_5cm,tup,5.0000,6,Car,25.2307,0,0.0000,True,22,1.0000,2.7141,mid15-30m
nuscenes,scene-0103_032,tup_5cm,tup,5.0000,8,Car,33.1927,1,0.0000,True,10,1.0000,1.9976,far>30m
nuscenes,scene-0103_032,tup_5cm,tup,5.0000,10,Bicycle,17.2310,0,0.0000,True,16,1.0000,3.8694,mid15-30m
nuscenes,scene-0103_032,tup_5cm,tup,5.0000,11,Car,19.2146,1,0.0000,True,24,1.0000,3.6083,mid15-30m
nuscenes,scene-0103_032,tup_5cm,tup,5.0000,12,Truck,25.1367,0,0.0000,True,70,1.0000,2.7089,mid15-30m
nuscenes,scene-0103_032,tup_5cm,tup,5.0000,16,Car,13.7550,0,0.1197,True,111,1.0000,5.5615,near<15m
nuscenes,scene-0103_032,tfwd_10cm,tfwd,10.0000,3,Car,22.5907,2,0.7535,False,21,0.0000,5.0424,mid15-30m
nuscenes,scene-0103_032,tfwd_10cm,tfwd,10.0000,5,Car,9.3847,0,0.7897,False,211,0.1469,14.3775,near<15m
nuscenes,scene-0103_032,tfwd_10cm,tfwd,10.0000,6,Car,25.2307,0,0.0000,True,22,1.0000,1.1754,mid15-30m
nuscenes,scene-0103_032,tfwd_10cm,tfwd,10.0000,8,Car,33.1927,1,0.0000,True,10,1.0000,1.0067,far>30m
nuscenes,scene-0103_032,tfwd_10cm,tfwd,10.0000,10,Bicycle,17.2310,0,0.0000,True,16,1.0000,2.8874,mid15-30m
nuscenes,scene-0103_032,tfwd_10cm,tfwd,10.0000,11,Car,19.2146,1,0.0000,True,24,1.0000,1.9559,mid15-30m
nuscenes,scene-0103_032,tfwd_10cm,tfwd,10.0000,12,Truck,25.1367,0,0.0000,True,70,1.0000,1.9648,mid15-30m
nuscenes,scene-0103_032,tfwd_10cm,tfwd,10.0000,16,Car,13.7550,0,0.1197,True,111,1.0000,4.8152,near<15m
nuscenes,scene-0103_032,tleft_10cm,tleft,10.0000,3,Car,22.5907,2,0.7535,False,21,0.0000,7.2977,mid15-30m
nuscenes,scene-0103_032,tleft_10cm,tleft,10.0000,5,Car,9.3847,0,0.7897,False,211,0.1611,19.0759,near<15m
nuscenes,scene-0103_032,tleft_10cm,tleft,10.0000,6,Car,25.2307,0,0.0000,True,22,1.0000,5.4380,mid15-30m
nuscenes,scene-0103_032,tleft_10cm,tleft,10.0000,8,Car,33.1927,1,0.0000,True,10,1.0000,3.9792,far>30m
nuscenes,scene-0103_032,tleft_10cm,tleft,10.0000,10,Bicycle,17.2310,0,0.0000,True,16,1.0000,7.6866,mid15-30m
nuscenes,scene-0103_032,tleft_10cm,tleft,10.0000,11,Car,19.2146,1,0.0000,True,24,1.0000,7.2240,mid15-30m
nuscenes,scene-0103_032,tleft_10cm,tleft,10.0000,12,Truck,25.1367,0,0.0000,True,70,1.0000,5.3920,mid15-30m
nuscenes,scene-0103_032,tleft_10cm,tleft,10.0000,16,Car,13.7550,0,0.1197,True,111,1.0000,11.1419,near<15m
nuscenes,scene-0103_032,tup_10cm,tup,10.0000,3,Car,22.5907,2,0.7535,False,21,0.0000,7.2477,mid15-30m
nuscenes,scene-0103_032,tup_10cm,tup,10.0000,5,Car,9.3847,0,0.7897,False,211,0.1280,19.0339,near<15m
nuscenes,scene-0103_032,tup_10cm,tup,10.0000,6,Car,25.2307,0,0.0000,True,22,1.0000,5.4276,mid15-30m
nuscenes,scene-0103_032,tup_10cm,tup,10.0000,8,Car,33.1927,1,0.0000,True,10,1.0000,3.9948,far>30m
nuscenes,scene-0103_032,tup_10cm,tup,10.0000,10,Bicycle,17.2310,0,0.0000,True,16,1.0000,7.7374,mid15-30m
nuscenes,scene-0103_032,tup_10cm,tup,10.0000,11,Car,19.2146,1,0.0000,True,24,1.0000,7.2155,mid15-30m
nuscenes,scene-0103_032,tup_10cm,tup,10.0000,12,Truck,25.1367,0,0.0000,True,70,1.0000,5.4172,mid15-30m
nuscenes,scene-0103_032,tup_10cm,tup,10.0000,16,Car,13.7550,0,0.1197,True,111,1.0000,11.1202,near<15m
nuscenes,scene-0103_033,baseline,baseline,0.0000,5,Car,21.5971,0,0.0000,True,30,1.0000,0.0000,mid15-30m
nuscenes,scene-0103_033,baseline,baseline,0.0000,7,Car,29.6041,1,0.0000,True,20,1.0000,0.0000,mid15-30m
nuscenes,scene-0103_033,baseline,baseline,0.0000,8,Bicycle,11.4634,0,0.4361,False,39,0.7949,0.0000,near<15m
nuscenes,scene-0103_033,baseline,baseline,0.0000,9,Car,15.6328,0,0.0000,True,56,1.0000,0.0000,mid15-30m
nuscenes,scene-0103_033,baseline,baseline,0.0000,11,Truck,21.6473,0,0.0000,True,118,1.0000,0.0000,mid15-30m
nuscenes,scene-0103_033,baseline,baseline,0.0000,15,Car,10.4195,0,0.6410,False,268,0.3545,0.0000,near<15m
nuscenes,scene-0103_033,yaw_0.5deg,yaw,0.5000,5,Car,21.5971,0,0.0000,True,30,1.0000,11.9402,mid15-30m
nuscenes,scene-0103_033,yaw_0.5deg,yaw,0.5000,7,Car,29.6041,1,0.0000,True,20,1.0000,12.0372,mid15-30m
nuscenes,scene-0103_033,yaw_0.5deg,yaw,0.5000,8,Bicycle,11.4634,0,0.4361,False,39,0.6667,16.0663,near<15m
nuscenes,scene-0103_033,yaw_0.5deg,yaw,0.5000,9,Car,15.6328,0,0.0000,True,56,1.0000,12.7777,mid15-30m
nuscenes,scene-0103_033,yaw_0.5deg,yaw,0.5000,11,Truck,21.6473,0,0.0000,True,118,1.0000,13.2487,mid15-30m
nuscenes,scene-0103_033,yaw_0.5deg,yaw,0.5000,15,Car,10.4195,0,0.6410,False,268,0.3731,16.8082,near<15m
nuscenes,scene-0103_033,pitch_0.5deg,pitch,0.5000,5,Car,21.5971,0,0.0000,True,30,1.0000,11.2714,mid15-30m
nuscenes,scene-0103_033,pitch_0.5deg,pitch,0.5000,7,Car,29.6041,1,0.0000,True,20,1.0000,11.1385,mid15-30m
nuscenes,scene-0103_033,pitch_0.5deg,pitch,0.5000,8,Bicycle,11.4634,0,0.4361,False,39,0.7692,11.6288,near<15m
nuscenes,scene-0103_033,pitch_0.5deg,pitch,0.5000,9,Car,15.6328,0,0.0000,True,56,1.0000,11.4472,mid15-30m
nuscenes,scene-0103_033,pitch_0.5deg,pitch,0.5000,11,Truck,21.6473,0,0.0000,True,118,1.0000,11.2208,mid15-30m
nuscenes,scene-0103_033,pitch_0.5deg,pitch,0.5000,15,Car,10.4195,0,0.6410,False,268,0.3545,11.9794,near<15m
nuscenes,scene-0103_033,roll_0.5deg,roll,0.5000,5,Car,21.5971,0,0.0000,True,30,1.0000,2.7404,mid15-30m
nuscenes,scene-0103_033,roll_0.5deg,roll,0.5000,7,Car,29.6041,1,0.0000,True,20,1.0000,3.1936,mid15-30m
nuscenes,scene-0103_033,roll_0.5deg,roll,0.5000,8,Bicycle,11.4634,0,0.4361,False,39,0.7949,7.1634,near<15m
nuscenes,scene-0103_033,roll_0.5deg,roll,0.5000,9,Car,15.6328,0,0.0000,True,56,1.0000,3.8970,mid15-30m
nuscenes,scene-0103_033,roll_0.5deg,roll,0.5000,11,Truck,21.6473,0,0.0000,True,118,1.0000,4.7461,mid15-30m
nuscenes,scene-0103_033,roll_0.5deg,roll,0.5000,15,Car,10.4195,0,0.6410,False,268,0.3545,7.3668,near<15m
nuscenes,scene-0103_033,yaw_1.0deg,yaw,1.0000,5,Car,21.5971,0,0.0000,True,30,0.9667,23.8276,mid15-30m
nuscenes,scene-0103_033,yaw_1.0deg,yaw,1.0000,7,Car,29.6041,1,0.0000,True,20,1.0000,24.1360,mid15-30m
nuscenes,scene-0103_033,yaw_1.0deg,yaw,1.0000,8,Bicycle,11.4634,0,0.4361,False,39,0.5385,32.3194,near<15m
nuscenes,scene-0103_033,yaw_1.0deg,yaw,1.0000,9,Car,15.6328,0,0.0000,True,56,0.9643,25.4754,mid15-30m
nuscenes,scene-0103_033,yaw_1.0deg,yaw,1.0000,11,Truck,21.6473,0,0.0000,True,118,1.0000,26.5992,mid15-30m
nuscenes,scene-0103_033,yaw_1.0deg,yaw,1.0000,15,Car,10.4195,0,0.6410,False,268,0.3993,33.4140,near<15m
nuscenes,scene-0103_033,pitch_1.0deg,pitch,1.0000,5,Car,21.5971,0,0.0000,True,30,0.9333,22.5559,mid15-30m
nuscenes,scene-0103_033,pitch_1.0deg,pitch,1.0000,7,Car,29.6041,1,0.0000,True,20,1.0000,22.2916,mid15-30m
nuscenes,scene-0103_033,pitch_1.0deg,pitch,1.0000,8,Bicycle,11.4634,0,0.4361,False,39,0.7692,23.2906,near<15m
nuscenes,scene-0103_033,pitch_1.0deg,pitch,1.0000,9,Car,15.6328,0,0.0000,True,56,1.0000,22.9139,mid15-30m
nuscenes,scene-0103_033,pitch_1.0deg,pitch,1.0000,11,Truck,21.6473,0,0.0000,True,118,1.0000,22.4562,mid15-30m
nuscenes,scene-0103_033,pitch_1.0deg,pitch,1.0000,15,Car,10.4195,0,0.6410,False,268,0.3507,23.9955,near<15m
nuscenes,scene-0103_033,roll_1.0deg,roll,1.0000,5,Car,21.5971,0,0.0000,True,30,1.0000,5.4811,mid15-30m
nuscenes,scene-0103_033,roll_1.0deg,roll,1.0000,7,Car,29.6041,1,0.0000,True,20,1.0000,6.3867,mid15-30m
nuscenes,scene-0103_033,roll_1.0deg,roll,1.0000,8,Bicycle,11.4634,0,0.4361,False,39,0.7692,14.3244,near<15m
nuscenes,scene-0103_033,roll_1.0deg,roll,1.0000,9,Car,15.6328,0,0.0000,True,56,1.0000,7.7946,mid15-30m
nuscenes,scene-0103_033,roll_1.0deg,roll,1.0000,11,Truck,21.6473,0,0.0000,True,118,1.0000,9.4911,mid15-30m
nuscenes,scene-0103_033,roll_1.0deg,roll,1.0000,15,Car,10.4195,0,0.6410,False,268,0.3545,14.7359,near<15m
nuscenes,scene-0103_033,yaw_2.0deg,yaw,2.0000,5,Car,21.5971,0,0.0000,True,30,0.8333,47.4532,mid15-30m
nuscenes,scene-0103_033,yaw_2.0deg,yaw,2.0000,7,Car,29.6041,1,0.0000,True,20,1.0000,48.5279,mid15-30m
nuscenes,scene-0103_033,yaw_2.0deg,yaw,2.0000,8,Bicycle,11.4634,0,0.4361,False,39,0.2051,65.4101,near<15m
nuscenes,scene-0103_033,yaw_2.0deg,yaw,2.0000,9,Car,15.6328,0,0.0000,True,56,0.8750,50.6415,mid15-30m
nuscenes,scene-0103_033,yaw_2.0deg,yaw,2.0000,11,Truck,21.6473,0,0.0000,True,118,1.0000,53.6187,mid15-30m
nuscenes,scene-0103_033,yaw_2.0deg,yaw,2.0000,15,Car,10.4195,0,0.6410,False,268,0.4328,66.0433,near<15m
nuscenes,scene-0103_033,pitch_2.0deg,pitch,2.0000,5,Car,21.5971,0,0.0000,True,30,0.8333,45.1718,mid15-30m
nuscenes,scene-0103_033,pitch_2.0deg,pitch,2.0000,7,Car,29.6041,1,0.0000,True,20,0.5000,44.6487,mid15-30m
nuscenes,scene-0103_033,pitch_2.0deg,pitch,2.0000,8,Bicycle,11.4634,0,0.4361,False,39,0.7692,46.7224,near<15m
nuscenes,scene-0103_033,pitch_2.0deg,pitch,2.0000,9,Car,15.6328,0,0.0000,True,56,0.8393,45.9138,mid15-30m
nuscenes,scene-0103_033,pitch_2.0deg,pitch,2.0000,11,Truck,21.6473,0,0.0000,True,118,0.8983,44.9779,mid15-30m
nuscenes,scene-0103_033,pitch_2.0deg,pitch,2.0000,15,Car,10.4195,0,0.6410,False,268,0.3470,48.1479,near<15m
nuscenes,scene-0103_033,roll_2.0deg,roll,2.0000,5,Car,21.5971,0,0.0000,True,30,1.0000,10.9631,mid15-30m
nuscenes,scene-0103_033,roll_2.0deg,roll,2.0000,7,Car,29.6041,1,0.0000,True,20,1.0000,12.7711,mid15-30m
nuscenes,scene-0103_033,roll_2.0deg,roll,2.0000,8,Bicycle,11.4634,0,0.4361,False,39,0.7692,28.6386,near<15m
nuscenes,scene-0103_033,roll_2.0deg,roll,2.0000,9,Car,15.6328,0,0.0000,True,56,1.0000,15.5912,mid15-30m
nuscenes,scene-0103_033,roll_2.0deg,roll,2.0000,11,Truck,21.6473,0,0.0000,True,118,1.0000,18.9774,mid15-30m
nuscenes,scene-0103_033,roll_2.0deg,roll,2.0000,15,Car,10.4195,0,0.6410,False,268,0.3545,29.4799,near<15m
nuscenes,scene-0103_033,yaw_3.0deg,yaw,3.0000,5,Car,21.5971,0,0.0000,True,30,0.5000,70.8940,mid15-30m
nuscenes,scene-0103_033,yaw_3.0deg,yaw,3.0000,7,Car,29.6041,1,0.0000,True,20,0.8500,73.1953,mid15-30m
nuscenes,scene-0103_033,yaw_3.0deg,yaw,3.0000,8,Bicycle,11.4634,0,0.4361,False,39,0.0000,99.3221,near<15m
nuscenes,scene-0103_033,yaw_3.0deg,yaw,3.0000,9,Car,15.6328,0,0.0000,True,56,0.7679,75.5198,mid15-30m
nuscenes,scene-0103_033,yaw_3.0deg,yaw,3.0000,11,Truck,21.6473,0,0.0000,True,118,0.9492,81.0862,mid15-30m
nuscenes,scene-0103_033,yaw_3.0deg,yaw,3.0000,15,Car,10.4195,0,0.6410,False,268,0.4701,97.9369,near<15m
nuscenes,scene-0103_033,pitch_3.0deg,pitch,3.0000,5,Car,21.5971,0,0.0000,True,30,0.5667,67.8627,mid15-30m
nuscenes,scene-0103_033,pitch_3.0deg,pitch,3.0000,7,Car,29.6041,1,0.0000,True,20,0.0000,67.0860,mid15-30m
nuscenes,scene-0103_033,pitch_3.0deg,pitch,3.0000,8,Bicycle,11.4634,0,0.4361,False,39,0.6667,70.3142,near<15m
nuscenes,scene-0103_033,pitch_3.0deg,pitch,3.0000,9,Car,15.6328,0,0.0000,True,56,0.8393,69.0157,mid15-30m
nuscenes,scene-0103_033,pitch_3.0deg,pitch,3.0000,11,Truck,21.6473,0,0.0000,True,118,0.7966,67.5808,mid15-30m
nuscenes,scene-0103_033,pitch_3.0deg,pitch,3.0000,15,Car,10.4195,0,0.6410,False,268,0.3433,72.4779,near<15m
nuscenes,scene-0103_033,roll_3.0deg,roll,3.0000,5,Car,21.5971,0,0.0000,True,30,0.9333,16.4455,mid15-30m
nuscenes,scene-0103_033,roll_3.0deg,roll,3.0000,7,Car,29.6041,1,0.0000,True,20,1.0000,19.1528,mid15-30m
nuscenes,scene-0103_033,roll_3.0deg,roll,3.0000,8,Bicycle,11.4634,0,0.4361,False,39,0.6923,42.9415,near<15m
nuscenes,scene-0103_033,roll_3.0deg,roll,3.0000,9,Car,15.6328,0,0.0000,True,56,1.0000,23.3890,mid15-30m
nuscenes,scene-0103_033,roll_3.0deg,roll,3.0000,11,Truck,21.6473,0,0.0000,True,118,0.9492,28.4582,mid15-30m
nuscenes,scene-0103_033,roll_3.0deg,roll,3.0000,15,Car,10.4195,0,0.6410,False,268,0.3545,44.2308,near<15m
nuscenes,scene-0103_033,tfwd_2cm,tfwd,2.0000,5,Car,21.5971,0,0.0000,True,30,1.0000,0.3245,mid15-30m
nuscenes,scene-0103_033,tfwd_2cm,tfwd,2.0000,7,Car,29.6041,1,0.0000,True,20,1.0000,0.2647,mid15-30m
nuscenes,scene-0103_033,tfwd_2cm,tfwd,2.0000,8,Bicycle,11.4634,0,0.4361,False,39,0.7949,1.6696,near<15m
nuscenes,scene-0103_033,tfwd_2cm,tfwd,2.0000,9,Car,15.6328,0,0.0000,True,56,1.0000,0.6609,mid15-30m
nuscenes,scene-0103_033,tfwd_2cm,tfwd,2.0000,11,Truck,21.6473,0,0.0000,True,118,1.0000,0.5755,mid15-30m
nuscenes,scene-0103_033,tfwd_2cm,tfwd,2.0000,15,Car,10.4195,0,0.6410,False,268,0.3545,2.3135,near<15m
nuscenes,scene-0103_033,tleft_2cm,tleft,2.0000,5,Car,21.5971,0,0.0000,True,30,1.0000,1.2955,mid15-30m
nuscenes,scene-0103_033,tleft_2cm,tleft,2.0000,7,Car,29.6041,1,0.0000,True,20,1.0000,0.9051,mid15-30m
nuscenes,scene-0103_033,tleft_2cm,tleft,2.0000,8,Bicycle,11.4634,0,0.4361,False,39,0.7692,2.5522,near<15m
nuscenes,scene-0103_033,tleft_2cm,tleft,2.0000,9,Car,15.6328,0,0.0000,True,56,1.0000,1.8629,mid15-30m
nuscenes,scene-0103_033,tleft_2cm,tleft,2.0000,11,Truck,21.6473,0,0.0000,True,118,1.0000,1.3111,mid15-30m
nuscenes,scene-0103_033,tleft_2cm,tleft,2.0000,15,Car,10.4195,0,0.6410,False,268,0.3545,3.4084,near<15m
nuscenes,scene-0103_033,tup_2cm,tup,2.0000,5,Car,21.5971,0,0.0000,True,30,1.0000,1.2934,mid15-30m
nuscenes,scene-0103_033,tup_2cm,tup,2.0000,7,Car,29.6041,1,0.0000,True,20,1.0000,0.9094,mid15-30m
nuscenes,scene-0103_033,tup_2cm,tup,2.0000,8,Bicycle,11.4634,0,0.4361,False,39,0.7949,2.5815,near<15m
nuscenes,scene-0103_033,tup_2cm,tup,2.0000,9,Car,15.6328,0,0.0000,True,56,1.0000,1.8602,mid15-30m
nuscenes,scene-0103_033,tup_2cm,tup,2.0000,11,Truck,21.6473,0,0.0000,True,118,1.0000,1.3190,mid15-30m
nuscenes,scene-0103_033,tup_2cm,tup,2.0000,15,Car,10.4195,0,0.6410,False,268,0.3545,3.4000,near<15m
nuscenes,scene-0103_033,tfwd_5cm,tfwd,5.0000,5,Car,21.5971,0,0.0000,True,30,1.0000,0.8100,mid15-30m
nuscenes,scene-0103_033,tfwd_5cm,tfwd,5.0000,7,Car,29.6041,1,0.0000,True,20,1.0000,0.6611,mid15-30m
nuscenes,scene-0103_033,tfwd_5cm,tfwd,5.0000,8,Bicycle,11.4634,0,0.4361,False,39,0.8205,4.1613,near<15m
nuscenes,scene-0103_033,tfwd_5cm,tfwd,5.0000,9,Car,15.6328,0,0.0000,True,56,1.0000,1.6485,mid15-30m
nuscenes,scene-0103_033,tfwd_5cm,tfwd,5.0000,11,Truck,21.6473,0,0.0000,True,118,1.0000,1.4365,mid15-30m
nuscenes,scene-0103_033,tfwd_5cm,tfwd,5.0000,15,Car,10.4195,0,0.6410,False,268,0.3545,5.7597,near<15m
nuscenes,scene-0103_033,tleft_5cm,tleft,5.0000,5,Car,21.5971,0,0.0000,True,30,1.0000,3.2387,mid15-30m
nuscenes,scene-0103_033,tleft_5cm,tleft,5.0000,7,Car,29.6041,1,0.0000,True,20,1.0000,2.2628,mid15-30m
nuscenes,scene-0103_033,tleft_5cm,tleft,5.0000,8,Bicycle,11.4634,0,0.4361,False,39,0.7436,6.3802,near<15m
nuscenes,scene-0103_033,tleft_5cm,tleft,5.0000,9,Car,15.6328,0,0.0000,True,56,1.0000,4.6572,mid15-30m
nuscenes,scene-0103_033,tleft_5cm,tleft,5.0000,11,Truck,21.6473,0,0.0000,True,118,1.0000,3.2778,mid15-30m
nuscenes,scene-0103_033,tleft_5cm,tleft,5.0000,15,Car,10.4195,0,0.6410,False,268,0.3619,8.5206,near<15m
nuscenes,scene-0103_033,tup_5cm,tup,5.0000,5,Car,21.5971,0,0.0000,True,30,1.0000,3.2332,mid15-30m
nuscenes,scene-0103_033,tup_5cm,tup,5.0000,7,Car,29.6041,1,0.0000,True,20,1.0000,2.2733,mid15-30m
nuscenes,scene-0103_033,tup_5cm,tup,5.0000,8,Bicycle,11.4634,0,0.4361,False,39,0.7949,6.4526,near<15m
nuscenes,scene-0103_033,tup_5cm,tup,5.0000,9,Car,15.6328,0,0.0000,True,56,1.0000,4.6499,mid15-30m
nuscenes,scene-0103_033,tup_5cm,tup,5.0000,11,Truck,21.6473,0,0.0000,True,118,1.0000,3.2971,mid15-30m
nuscenes,scene-0103_033,tup_5cm,tup,5.0000,15,Car,10.4195,0,0.6410,False,268,0.3545,8.4982,near<15m
nuscenes,scene-0103_033,tfwd_10cm,tfwd,10.0000,5,Car,21.5971,0,0.0000,True,30,1.0000,1.6159,mid15-30m
nuscenes,scene-0103_033,tfwd_10cm,tfwd,10.0000,7,Car,29.6041,1,0.0000,True,20,1.0000,1.3199,mid15-30m
nuscenes,scene-0103_033,tfwd_10cm,tfwd,10.0000,8,Bicycle,11.4634,0,0.4361,False,39,0.8205,8.2804,near<15m
nuscenes,scene-0103_033,tfwd_10cm,tfwd,10.0000,9,Car,15.6328,0,0.0000,True,56,1.0000,3.2848,mid15-30m
nuscenes,scene-0103_033,tfwd_10cm,tfwd,10.0000,11,Truck,21.6473,0,0.0000,True,118,1.0000,2.8653,mid15-30m
nuscenes,scene-0103_033,tfwd_10cm,tfwd,10.0000,15,Car,10.4195,0,0.6410,False,268,0.3657,11.4398,near<15m
nuscenes,scene-0103_033,tleft_10cm,tleft,10.0000,5,Car,21.5971,0,0.0000,True,30,1.0000,6.4773,mid15-30m
nuscenes,scene-0103_033,tleft_10cm,tleft,10.0000,7,Car,29.6041,1,0.0000,True,20,1.0000,4.5255,mid15-30m
nuscenes,scene-0103_033,tleft_10cm,tleft,10.0000,8,Bicycle,11.4634,0,0.4361,False,39,0.6923,12.7597,near<15m
nuscenes,scene-0103_033,tleft_10cm,tleft,10.0000,9,Car,15.6328,0,0.0000,True,56,1.0000,9.3140,mid15-30m
nuscenes,scene-0103_033,tleft_10cm,tleft,10.0000,11,Truck,21.6473,0,0.0000,True,118,1.0000,6.5553,mid15-30m
nuscenes,scene-0103_033,tleft_10cm,tleft,10.0000,15,Car,10.4195,0,0.6410,False,268,0.3731,17.0400,near<15m
nuscenes,scene-0103_033,tup_10cm,tup,10.0000,5,Car,21.5971,0,0.0000,True,30,1.0000,6.4655,mid15-30m
nuscenes,scene-0103_033,tup_10cm,tup,10.0000,7,Car,29.6041,1,0.0000,True,20,1.0000,4.5461,mid15-30m
nuscenes,scene-0103_033,tup_10cm,tup,10.0000,8,Bicycle,11.4634,0,0.4361,False,39,0.7949,12.9017,near<15m
nuscenes,scene-0103_033,tup_10cm,tup,10.0000,9,Car,15.6328,0,0.0000,True,56,1.0000,9.2980,mid15-30m
nuscenes,scene-0103_033,tup_10cm,tup,10.0000,11,Truck,21.6473,0,0.0000,True,118,1.0000,6.5933,mid15-30m
nuscenes,scene-0103_033,tup_10cm,tup,10.0000,15,Car,10.4195,0,0.6410,False,268,0.3545,16.9901,near<15m
nuscenes,scene-0103_034,baseline,baseline,0.0000,6,Car,17.8635,0,0.0000,True,52,1.0000,0.0000,mid15-30m
nuscenes,scene-0103_034,baseline,baseline,0.0000,8,Car,25.9338,0,0.0000,True,22,1.0000,0.0000,mid15-30m
nuscenes,scene-0103_034,baseline,baseline,0.0000,9,Car,12.0225,0,0.3102,False,134,0.8358,0.0000,near<15m
nuscenes,scene-0103_034,baseline,baseline,0.0000,11,Truck,18.2123,0,0.2886,True,180,0.8944,0.0000,mid15-30m
nuscenes,scene-0103_034,baseline,baseline,0.0000,14,Car,23.3383,1,0.0000,True,17,1.0000,0.0000,mid15-30m
nuscenes,scene-0103_034,baseline,baseline,0.0000,15,Car,7.3538,0,0.9876,False,697,0.0000,0.0000,near<15m
nuscenes,scene-0103_034,yaw_0.5deg,yaw,0.5000,6,Car,17.8635,0,0.0000,True,52,1.0000,12.3382,mid15-30m
nuscenes,scene-0103_034,yaw_0.5deg,yaw,0.5000,8,Car,25.9338,0,0.0000,True,22,1.0000,12.3836,mid15-30m
nuscenes,scene-0103_034,yaw_0.5deg,yaw,0.5000,9,Car,12.0225,0,0.3102,False,134,0.8657,14.3907,near<15m
nuscenes,scene-0103_034,yaw_0.5deg,yaw,0.5000,11,Truck,18.2123,0,0.2886,True,180,0.8500,14.5755,mid15-30m
nuscenes,scene-0103_034,yaw_0.5deg,yaw,0.5000,14,Car,23.3383,1,0.0000,True,17,0.9412,11.7693,mid15-30m
nuscenes,scene-0103_034,yaw_0.5deg,yaw,0.5000,15,Car,7.3538,0,0.9876,False,697,0.0072,33.6464,near<15m
nuscenes,scene-0103_034,pitch_0.5deg,pitch,0.5000,6,Car,17.8635,0,0.0000,True,52,1.0000,11.3515,mid15-30m
nuscenes,scene-0103_034,pitch_0.5deg,pitch,0.5000,8,Car,25.9338,0,0.0000,True,22,1.0000,11.1812,mid15-30m
nuscenes,scene-0103_034,pitch_0.5deg,pitch,0.5000,9,Car,12.0225,0,0.3102,False,134,0.8358,11.6825,near<15m
nuscenes,scene-0103_034,pitch_0.5deg,pitch,0.5000,11,Truck,18.2123,0,0.2886,True,180,0.8944,11.3165,mid15-30m
nuscenes,scene-0103_034,pitch_0.5deg,pitch,0.5000,14,Car,23.3383,1,0.0000,True,17,1.0000,11.2295,mid15-30m
nuscenes,scene-0103_034,pitch_0.5deg,pitch,0.5000,15,Car,7.3538,0,0.9876,False,697,0.0000,14.1967,near<15m
nuscenes,scene-0103_034,roll_0.5deg,roll,0.5000,6,Car,17.8635,0,0.0000,True,52,1.0000,3.3424,mid15-30m
nuscenes,scene-0103_034,roll_0.5deg,roll,0.5000,8,Car,25.9338,0,0.0000,True,22,1.0000,3.7020,mid15-30m
nuscenes,scene-0103_034,roll_0.5deg,roll,0.5000,9,Car,12.0225,0,0.3102,False,134,0.8433,5.5358,near<15m
nuscenes,scene-0103_034,roll_0.5deg,roll,0.5000,11,Truck,18.2123,0,0.2886,True,180,0.8944,6.0009,mid15-30m
nuscenes,scene-0103_034,roll_0.5deg,roll,0.5000,14,Car,23.3383,1,0.0000,True,17,1.0000,2.4748,mid15-30m
nuscenes,scene-0103_034,roll_0.5deg,roll,0.5000,15,Car,7.3538,0,0.9876,False,697,0.0000,14.7333,near<15m
nuscenes,scene-0103_034,yaw_1.0deg,yaw,1.0000,6,Car,17.8635,0,0.0000,True,52,0.9615,24.6100,mid15-30m
nuscenes,scene-0103_034,yaw_1.0deg,yaw,1.0000,8,Car,25.9338,0,0.0000,True,22,1.0000,24.8407,mid15-30m
nuscenes,scene-0103_034,yaw_1.0deg,yaw,1.0000,9,Car,12.0225,0,0.3102,False,134,0.8955,28.6526,near<15m
nuscenes,scene-0103_034,yaw_1.0deg,yaw,1.0000,11,Truck,18.2123,0,0.2886,True,180,0.8278,29.2940,mid15-30m
nuscenes,scene-0103_034,yaw_1.0deg,yaw,1.0000,14,Car,23.3383,1,0.0000,True,17,0.8824,23.4918,mid15-30m
nuscenes,scene-0103_034,yaw_1.0deg,yaw,1.0000,15,Car,7.3538,0,0.9876,False,697,0.0129,66.4209,near<15m
nuscenes,scene-0103_034,pitch_1.0deg,pitch,1.0000,6,Car,17.8635,0,0.0000,True,52,0.9615,22.7183,mid15-30m
nuscenes,scene-0103_034,pitch_1.0deg,pitch,1.0000,8,Car,25.9338,0,0.0000,True,22,0.7727,22.3797,mid15-30m
nuscenes,scene-0103_034,pitch_1.0deg,pitch,1.0000,9,Car,12.0225,0,0.3102,False,134,0.8358,23.3924,near<15m
nuscenes,scene-0103_034,pitch_1.0deg,pitch,1.0000,11,Truck,18.2123,0,0.2886,True,180,0.8944,22.6522,mid15-30m
nuscenes,scene-0103_034,pitch_1.0deg,pitch,1.0000,14,Car,23.3383,1,0.0000,True,17,1.0000,22.4710,mid15-30m
nuscenes,scene-0103_034,pitch_1.0deg,pitch,1.0000,15,Car,7.3538,0,0.9876,False,697,0.0000,28.5141,near<15m
nuscenes,scene-0103_034,roll_1.0deg,roll,1.0000,6,Car,17.8635,0,0.0000,True,52,1.0000,6.6852,mid15-30m
nuscenes,scene-0103_034,roll_1.0deg,roll,1.0000,8,Car,25.9338,0,0.0000,True,22,1.0000,7.4034,mid15-30m
nuscenes,scene-0103_034,roll_1.0deg,roll,1.0000,9,Car,12.0225,0,0.3102,False,134,0.8433,11.0729,near<15m
nuscenes,scene-0103_034,roll_1.0deg,roll,1.0000,11,Truck,18.2123,0,0.2886,True,180,0.8944,12.0000,mid15-30m
nuscenes,scene-0103_034,roll_1.0deg,roll,1.0000,14,Car,23.3383,1,0.0000,True,17,1.0000,4.9497,mid15-30m
nuscenes,scene-0103_034,roll_1.0deg,roll,1.0000,15,Car,7.3538,0,0.9876,False,697,0.0014,29.4763,near<15m
nuscenes,scene-0103_034,yaw_2.0deg,yaw,2.0000,6,Car,17.8635,0,0.0000,True,52,0.8269,48.9646,mid15-30m
nuscenes,scene-0103_034,yaw_2.0deg,yaw,2.0000,8,Car,25.9338,0,0.0000,True,22,1.0000,49.9862,mid15-30m
nuscenes,scene-0103_034,yaw_2.0deg,yaw,2.0000,9,Car,12.0225,0,0.3102,False,134,0.9104,56.8055,near<15m
nuscenes,scene-0103_034,yaw_2.0deg,yaw,2.0000,11,Truck,18.2123,0,0.2886,True,180,0.7500,59.1782,mid15-30m
nuscenes,scene-0103_034,yaw_2.0deg,yaw,2.0000,14,Car,23.3383,1,0.0000,True,17,0.7647,46.8045,mid15-30m
nuscenes,scene-0103_034,yaw_2.0deg,yaw,2.0000,15,Car,7.3538,0,0.9876,False,697,0.0230,129.5156,near<15m
nuscenes,scene-0103_034,pitch_2.0deg,pitch,2.0000,6,Car,17.8635,0,0.0000,True,52,0.9615,45.5056,mid15-30m
nuscenes,scene-0103_034,pitch_2.0deg,pitch,2.0000,8,Car,25.9338,0,0.0000,True,22,0.2273,44.8365,mid15-30m
nuscenes,scene-0103_034,pitch_2.0deg,pitch,2.0000,9,Car,12.0225,0,0.3102,False,134,0.8358,46.9033,near<15m
nuscenes,scene-0103_034,pitch_2.0deg,pitch,2.0000,11,Truck,18.2123,0,0.2886,True,180,0.8500,45.3892,mid15-30m
nuscenes,scene-0103_034,pitch_2.0deg,pitch,2.0000,14,Car,23.3383,1,0.0000,True,17,0.5882,44.9974,mid15-30m
nuscenes,scene-0103_034,pitch_2.0deg,pitch,2.0000,15,Car,7.3538,0,0.9876,False,697,0.0000,57.5310,near<15m
nuscenes,scene-0103_034,roll_2.0deg,roll,2.0000,6,Car,17.8635,0,0.0000,True,52,1.0000,13.3718,mid15-30m
nuscenes,scene-0103_034,roll_2.0deg,roll,2.0000,8,Car,25.9338,0,0.0000,True,22,1.0000,14.8037,mid15-30m
nuscenes,scene-0103_034,roll_2.0deg,roll,2.0000,9,Car,12.0225,0,0.3102,False,134,0.8433,22.1501,near<15m
nuscenes,scene-0103_034,roll_2.0deg,roll,2.0000,11,Truck,18.2123,0,0.2886,True,180,0.8889,23.9926,mid15-30m
nuscenes,scene-0103_034,roll_2.0deg,roll,2.0000,14,Car,23.3383,1,0.0000,True,17,1.0000,9.9001,mid15-30m
nuscenes,scene-0103_034,roll_2.0deg,roll,2.0000,15,Car,7.3538,0,0.9876,False,697,0.0043,58.9898,near<15m
nuscenes,scene-0103_034,yaw_3.0deg,yaw,3.0000,6,Car,17.8635,0,0.0000,True,52,0.7115,73.0830,mid15-30m
nuscenes,scene-0103_034,yaw_3.0deg,yaw,3.0000,8,Car,25.9338,0,0.0000,True,22,0.8636,75.4582,mid15-30m
nuscenes,scene-0103_034,yaw_3.0deg,yaw,3.0000,9,Car,12.0225,0,0.3102,False,134,0.8731,84.4898,near<15m
nuscenes,scene-0103_034,yaw_3.0deg,yaw,3.0000,11,Truck,18.2123,0,0.2886,True,180,0.6889,89.6905,mid15-30m
nuscenes,scene-0103_034,yaw_3.0deg,yaw,3.0000,14,Car,23.3383,1,0.0000,True,17,0.2353,69.9548,mid15-30m
nuscenes,scene-0103_034,yaw_3.0deg,yaw,3.0000,15,Car,7.3538,0,0.9876,False,697,0.0258,189.5833,near<15m
nuscenes,scene-0103_034,pitch_3.0deg,pitch,3.0000,6,Car,17.8635,0,0.0000,True,52,0.6731,68.3774,mid15-30m
nuscenes,scene-0103_034,pitch_3.0deg,pitch,3.0000,8,Car,25.9338,0,0.0000,True,22,0.2273,67.3853,mid15-30m
nuscenes,scene-0103_034,pitch_3.0deg,pitch,3.0000,9,Car,12.0225,0,0.3102,False,134,0.7836,70.5508,near<15m
nuscenes,scene-0103_034,pitch_3.0deg,pitch,3.0000,11,Truck,18.2123,0,0.2886,True,180,0.8222,68.2275,mid15-30m
nuscenes,scene-0103_034,pitch_3.0deg,pitch,3.0000,14,Car,23.3383,1,0.0000,True,17,0.3529,67.5941,mid15-30m
nuscenes,scene-0103_034,pitch_3.0deg,pitch,3.0000,15,Car,7.3538,0,0.9876,False,697,0.0000,87.0916,near<15m
nuscenes,scene-0103_034,roll_3.0deg,roll,3.0000,6,Car,17.8635,0,0.0000,True,52,0.9808,20.0593,mid15-30m
nuscenes,scene-0103_034,roll_3.0deg,roll,3.0000,8,Car,25.9338,0,0.0000,True,22,1.0000,22.2003,mid15-30m
nuscenes,scene-0103_034,roll_3.0deg,roll,3.0000,9,Car,12.0225,0,0.3102,False,134,0.8433,33.2308,near<15m
nuscenes,scene-0103_034,roll_3.0deg,roll,3.0000,11,Truck,18.2123,0,0.2886,True,180,0.8889,35.9767,mid15-30m
nuscenes,scene-0103_034,roll_3.0deg,roll,3.0000,14,Car,23.3383,1,0.0000,True,17,1.0000,14.8507,mid15-30m
nuscenes,scene-0103_034,roll_3.0deg,roll,3.0000,15,Car,7.3538,0,0.9876,False,697,0.0043,88.5379,near<15m
nuscenes,scene-0103_034,tfwd_2cm,tfwd,2.0000,6,Car,17.8635,0,0.0000,True,52,1.0000,0.4881,mid15-30m
nuscenes,scene-0103_034,tfwd_2cm,tfwd,2.0000,8,Car,25.9338,0,0.0000,True,22,1.0000,0.3559,mid15-30m
nuscenes,scene-0103_034,tfwd_2cm,tfwd,2.0000,9,Car,12.0225,0,0.3102,False,134,0.8433,1.3334,near<15m
nuscenes,scene-0103_034,tfwd_2cm,tfwd,2.0000,11,Truck,18.2123,0,0.2886,True,180,0.8944,0.9211,mid15-30m
nuscenes,scene-0103_034,tfwd_2cm,tfwd,2.0000,14,Car,23.3383,1,0.0000,True,17,1.0000,0.2625,mid15-30m
nuscenes,scene-0103_034,tfwd_2cm,tfwd,2.0000,15,Car,7.3538,0,0.9876,False,697,0.0014,9.8829,near<15m
nuscenes,scene-0103_034,tleft_2cm,tleft,2.0000,6,Car,17.8635,0,0.0000,True,52,1.0000,1.5970,mid15-30m
nuscenes,scene-0103_034,tleft_2cm,tleft,2.0000,8,Car,25.9338,0,0.0000,True,22,1.0000,1.0484,mid15-30m
nuscenes,scene-0103_034,tleft_2cm,tleft,2.0000,9,Car,12.0225,0,0.3102,False,134,0.8433,2.6296,near<15m
nuscenes,scene-0103_034,tleft_2cm,tleft,2.0000,11,Truck,18.2123,0,0.2886,True,180,0.8944,1.6502,mid15-30m
nuscenes,scene-0103_034,tleft_2cm,tleft,2.0000,14,Car,23.3383,1,0.0000,True,17,1.0000,1.1615,mid15-30m
nuscenes,scene-0103_034,tleft_2cm,tleft,2.0000,15,Car,7.3538,0,0.9876,False,697,0.0014,6.9879,near<15m
nuscenes,scene-0103_034,tup_2cm,tup,2.0000,6,Car,17.8635,0,0.0000,True,52,1.0000,1.5941,mid15-30m
nuscenes,scene-0103_034,tup_2cm,tup,2.0000,8,Car,25.9338,0,0.0000,True,22,1.0000,1.0546,mid15-30m
nuscenes,scene-0103_034,tup_2cm,tup,2.0000,9,Car,12.0225,0,0.3102,False,134,0.8358,2.6249,near<15m
nuscenes,scene-0103_034,tup_2cm,tup,2.0000,11,Truck,18.2123,0,0.2886,True,180,0.8944,1.6637,mid15-30m
nuscenes,scene-0103_034,tup_2cm,tup,2.0000,14,Car,23.3383,1,0.0000,True,17,1.0000,1.1596,mid15-30m
nuscenes,scene-0103_034,tup_2cm,tup,2.0000,15,Car,7.3538,0,0.9876,False,697,0.0000,6.9704,near<15m
nuscenes,scene-0103_034,tfwd_5cm,tfwd,5.0000,6,Car,17.8635,0,0.0000,True,52,1.0000,1.2179,mid15-30m
nuscenes,scene-0103_034,tfwd_5cm,tfwd,5.0000,8,Car,25.9338,0,0.0000,True,22,1.0000,0.8885,mid15-30m
nuscenes,scene-0103_034,tfwd_5cm,tfwd,5.0000,9,Car,12.0225,0,0.3102,False,134,0.8433,3.3229,near<15m
nuscenes,scene-0103_034,tfwd_5cm,tfwd,5.0000,11,Truck,18.2123,0,0.2886,True,180,0.8944,2.2982,mid15-30m
nuscenes,scene-0103_034,tfwd_5cm,tfwd,5.0000,14,Car,23.3383,1,0.0000,True,17,1.0000,0.6553,mid15-30m
nuscenes,scene-0103_034,tfwd_5cm,tfwd,5.0000,15,Car,7.3538,0,0.9876,False,697,0.0043,24.4801,near<15m
nuscenes,scene-0103_034,tleft_5cm,tleft,5.0000,6,Car,17.8635,0,0.0000,True,52,1.0000,3.9924,mid15-30m
nuscenes,scene-0103_034,tleft_5cm,tleft,5.0000,8,Car,25.9338,0,0.0000,True,22,1.0000,2.6210,mid15-30m
nuscenes,scene-0103_034,tleft_5cm,tleft,5.0000,9,Car,12.0225,0,0.3102,False,134,0.8507,6.5738,near<15m
nuscenes,scene-0103_034,tleft_5cm,tleft,5.0000,11,Truck,18.2123,0,0.2886,True,180,0.8833,4.1254,mid15-30m
nuscenes,scene-0103_034,tleft_5cm,tleft,5.0000,14,Car,23.3383,1,0.0000,True,17,1.0000,2.9036,mid15-30m
nuscenes,scene-0103_034,tleft_5cm,tleft,5.0000,15,Car,7.3538,0,0.9876,False,697,0.0043,17.4683,near<15m
nuscenes,scene-0103_034,tup_5cm,tup,5.0000,6,Car,17.8635,0,0.0000,True,52,1.0000,3.9848,mid15-30m
nuscenes,scene-0103_034,tup_5cm,tup,5.0000,8,Car,25.9338,0,0.0000,True,22,1.0000,2.6362,mid15-30m
nuscenes,scene-0103_034,tup_5cm,tup,5.0000,9,Car,12.0225,0,0.3102,False,134,0.8358,6.5612,near<15m
nuscenes,scene-0103_034,tup_5cm,tup,5.0000,11,Truck,18.2123,0,0.2886,True,180,0.8944,4.1587,mid15-30m
nuscenes,scene-0103_034,tup_5cm,tup,5.0000,14,Car,23.3383,1,0.0000,True,17,1.0000,2.8988,mid15-30m
nuscenes,scene-0103_034,tup_5cm,tup,5.0000,15,Car,7.3538,0,0.9876,False,697,0.0000,17.4176,near<15m
nuscenes,scene-0103_034,tfwd_10cm,tfwd,10.0000,6,Car,17.8635,0,0.0000,True,52,1.0000,2.4280,mid15-30m
nuscenes,scene-0103_034,tfwd_10cm,tfwd,10.0000,8,Car,25.9338,0,0.0000,True,22,1.0000,1.7733,mid15-30m
nuscenes,scene-0103_034,tfwd_10cm,tfwd,10.0000,9,Car,12.0225,0,0.3102,False,134,0.8582,6.6106,near<15m
nuscenes,scene-0103_034,tfwd_10cm,tfwd,10.0000,11,Truck,18.2123,0,0.2886,True,180,0.9056,4.5808,mid15-30m
nuscenes,scene-0103_034,tfwd_10cm,tfwd,10.0000,14,Car,23.3383,1,0.0000,True,17,1.0000,1.3076,mid15-30m
nuscenes,scene-0103_034,tfwd_10cm,tfwd,10.0000,15,Car,7.3538,0,0.9876,False,697,0.0043,48.2216,near<15m
nuscenes,scene-0103_034,tleft_10cm,tleft,10.0000,6,Car,17.8635,0,0.0000,True,52,1.0000,7.9846,mid15-30m
nuscenes,scene-0103_034,tleft_10cm,tleft,10.0000,8,Car,25.9338,0,0.0000,True,22,1.0000,5.2419,mid15-30m
nuscenes,scene-0103_034,tleft_10cm,tleft,10.0000,9,Car,12.0225,0,0.3102,False,134,0.8657,13.1468,near<15m
nuscenes,scene-0103_034,tleft_10cm,tleft,10.0000,11,Truck,18.2123,0,0.2886,True,180,0.8667,8.2506,mid15-30m
nuscenes,scene-0103_034,tleft_10cm,tleft,10.0000,14,Car,23.3383,1,0.0000,True,17,1.0000,5.8070,mid15-30m
nuscenes,scene-0103_034,tleft_10cm,tleft,10.0000,15,Car,7.3538,0,0.9876,False,697,0.0086,34.9311,near<15m
nuscenes,scene-0103_034,tup_10cm,tup,10.0000,6,Car,17.8635,0,0.0000,True,52,1.0000,7.9683,mid15-30m
nuscenes,scene-0103_034,tup_10cm,tup,10.0000,8,Car,25.9338,0,0.0000,True,22,1.0000,5.2718,mid15-30m
nuscenes,scene-0103_034,tup_10cm,tup,10.0000,9,Car,12.0225,0,0.3102,False,134,0.8433,13.1186,near<15m
nuscenes,scene-0103_034,tup_10cm,tup,10.0000,11,Truck,18.2123,0,0.2886,True,180,0.8944,8.3158,mid15-30m
nuscenes,scene-0103_034,tup_10cm,tup,10.0000,14,Car,23.3383,1,0.0000,True,17,1.0000,5.7969,mid15-30m
nuscenes,scene-0103_034,tup_10cm,tup,10.0000,15,Car,7.3538,0,0.9876,False,697,0.0000,34.8070,near<15m
nuscenes,scene-0103_035,baseline,baseline,0.0000,1,Car,33.8400,0,0.0000,True,14,1.0000,0.0000,far>30m
nuscenes,scene-0103_035,baseline,baseline,0.0000,3,Car,29.9480,0,0.0000,True,13,1.0000,0.0000,mid15-30m
nuscenes,scene-0103_035,baseline,baseline,0.0000,7,Car,13.4024,0,0.0996,True,129,1.0000,0.0000,near<15m
nuscenes,scene-0103_035,baseline,baseline,0.0000,9,Car,21.5408,0,0.0000,True,45,1.0000,0.0000,mid15-30m
nuscenes,scene-0103_035,baseline,baseline,0.0000,10,Car,8.0130,0,0.9397,False,466,0.0515,0.0000,near<15m
nuscenes,scene-0103_035,baseline,baseline,0.0000,12,Truck,14.2855,0,0.7760,False,336,0.2946,0.0000,near<15m
nuscenes,scene-0103_035,baseline,baseline,0.0000,15,Car,18.7475,1,0.0000,True,24,1.0000,0.0000,mid15-30m
nuscenes,scene-0103_035,yaw_0.5deg,yaw,0.5000,1,Car,33.8400,0,0.0000,True,14,0.9286,11.9776,far>30m
nuscenes,scene-0103_035,yaw_0.5deg,yaw,0.5000,3,Car,29.9480,0,0.0000,True,13,1.0000,11.5974,mid15-30m
nuscenes,scene-0103_035,yaw_0.5deg,yaw,0.5000,7,Car,13.4024,0,0.0996,True,129,1.0000,13.6831,near<15m
nuscenes,scene-0103_035,yaw_0.5deg,yaw,0.5000,9,Car,21.5408,0,0.0000,True,45,1.0000,13.3039,mid15-30m
nuscenes,scene-0103_035,yaw_0.5deg,yaw,0.5000,10,Car,8.0130,0,0.9397,False,466,0.0622,24.0283,near<15m
nuscenes,scene-0103_035,yaw_0.5deg,yaw,0.5000,12,Truck,14.2855,0,0.7760,False,336,0.2649,18.4218,near<15m
nuscenes,scene-0103_035,yaw_0.5deg,yaw,0.5000,15,Car,18.7475,1,0.0000,True,24,0.9583,12.2230,mid15-30m
nuscenes,scene-0103_035,pitch_0.5deg,pitch,0.5000,1,Car,33.8400,0,0.0000,True,14,0.9286,11.0810,far>30m
nuscenes,scene-0103_035,pitch_0.5deg,pitch,0.5000,3,Car,29.9480,0,0.0000,True,13,1.0000,11.1578,mid15-30m
nuscenes,scene-0103_035,pitch_0.5deg,pitch,0.5000,7,Car,13.4024,0,0.0996,True,129,1.0000,11.5483,near<15m
nuscenes,scene-0103_035,pitch_0.5deg,pitch,0.5000,9,Car,21.5408,0,0.0000,True,45,0.9556,11.2487,mid15-30m
nuscenes,scene-0103_035,pitch_0.5deg,pitch,0.5000,10,Car,8.0130,0,0.9397,False,466,0.0494,12.8925,near<15m
nuscenes,scene-0103_035,pitch_0.5deg,pitch,0.5000,12,Truck,14.2855,0,0.7760,False,336,0.2946,11.5681,near<15m
nuscenes,scene-0103_035,pitch_0.5deg,pitch,0.5000,15,Car,18.7475,1,0.0000,True,24,1.0000,11.3176,mid15-30m
nuscenes,scene-0103_035,roll_0.5deg,roll,0.5000,1,Car,33.8400,0,0.0000,True,14,1.0000,3.1684,far>30m
nuscenes,scene-0103_035,roll_0.5deg,roll,0.5000,3,Car,29.9480,0,0.0000,True,13,1.0000,2.2158,mid15-30m
nuscenes,scene-0103_035,roll_0.5deg,roll,0.5000,7,Car,13.4024,0,0.0996,True,129,1.0000,4.8959,near<15m
nuscenes,scene-0103_035,roll_0.5deg,roll,0.5000,9,Car,21.5408,0,0.0000,True,45,1.0000,4.8164,mid15-30m
nuscenes,scene-0103_035,roll_0.5deg,roll,0.5000,10,Car,8.0130,0,0.9397,False,466,0.0536,11.2430,near<15m
nuscenes,scene-0103_035,roll_0.5deg,roll,0.5000,12,Truck,14.2855,0,0.7760,False,336,0.2976,8.6495,near<15m
nuscenes,scene-0103_035,roll_0.5deg,roll,0.5000,15,Car,18.7475,1,0.0000,True,24,1.0000,3.2134,mid15-30m
nuscenes,scene-0103_035,yaw_1.0deg,yaw,1.0000,1,Car,33.8400,0,0.0000,True,14,0.8571,24.0159,far>30m
nuscenes,scene-0103_035,yaw_1.0deg,yaw,1.0000,3,Car,29.9480,0,0.0000,True,13,1.0000,23.1535,mid15-30m
nuscenes,scene-0103_035,yaw_1.0deg,yaw,1.0000,7,Car,13.4024,0,0.0996,True,129,1.0000,27.2579,near<15m
nuscenes,scene-0103_035,yaw_1.0deg,yaw,1.0000,9,Car,21.5408,0,0.0000,True,45,1.0000,26.7113,mid15-30m
nuscenes,scene-0103_035,yaw_1.0deg,yaw,1.0000,10,Car,8.0130,0,0.9397,False,466,0.0730,47.6044,near<15m
nuscenes,scene-0103_035,yaw_1.0deg,yaw,1.0000,12,Truck,14.2855,0,0.7760,False,336,0.2351,37.1112,near<15m
nuscenes,scene-0103_035,yaw_1.0deg,yaw,1.0000,15,Car,18.7475,1,0.0000,True,24,0.9167,24.3829,mid15-30m
nuscenes,scene-0103_035,pitch_1.0deg,pitch,1.0000,1,Car,33.8400,0,0.0000,True,14,0.9286,22.1722,far>30m
nuscenes,scene-0103_035,pitch_1.0deg,pitch,1.0000,3,Car,29.9480,0,0.0000,True,13,1.0000,22.3257,mid15-30m
nuscenes,scene-0103_035,pitch_1.0deg,pitch,1.0000,7,Car,13.4024,0,0.0996,True,129,1.0000,23.1177,near<15m
nuscenes,scene-0103_035,pitch_1.0deg,pitch,1.0000,9,Car,21.5408,0,0.0000,True,45,0.9111,22.5181,mid15-30m
nuscenes,scene-0103_035,pitch_1.0deg,pitch,1.0000,10,Car,8.0130,0,0.9397,False,466,0.0494,25.8567,near<15m
nuscenes,scene-0103_035,pitch_1.0deg,pitch,1.0000,12,Truck,14.2855,0,0.7760,False,336,0.2946,23.1664,near<15m
nuscenes,scene-0103_035,pitch_1.0deg,pitch,1.0000,15,Car,18.7475,1,0.0000,True,24,1.0000,22.6499,mid15-30m
nuscenes,scene-0103_035,roll_1.0deg,roll,1.0000,1,Car,33.8400,0,0.0000,True,14,1.0000,6.3363,far>30m
nuscenes,scene-0103_035,roll_1.0deg,roll,1.0000,3,Car,29.9480,0,0.0000,True,13,1.0000,4.4318,mid15-30m
nuscenes,scene-0103_035,roll_1.0deg,roll,1.0000,7,Car,13.4024,0,0.0996,True,129,1.0000,9.7927,near<15m
nuscenes,scene-0103_035,roll_1.0deg,roll,1.0000,9,Car,21.5408,0,0.0000,True,45,1.0000,9.6316,mid15-30m
nuscenes,scene-0103_035,roll_1.0deg,roll,1.0000,10,Car,8.0130,0,0.9397,False,466,0.0536,22.4913,near<15m
nuscenes,scene-0103_035,roll_1.0deg,roll,1.0000,12,Truck,14.2855,0,0.7760,False,336,0.2976,17.2953,near<15m
nuscenes,scene-0103_035,roll_1.0deg,roll,1.0000,15,Car,18.7475,1,0.0000,True,24,1.0000,6.4272,mid15-30m
nuscenes,scene-0103_035,yaw_2.0deg,yaw,2.0000,1,Car,33.8400,0,0.0000,True,14,0.5000,48.2838,far>30m
nuscenes,scene-0103_035,yaw_2.0deg,yaw,2.0000,3,Car,29.9480,0,0.0000,True,13,0.6923,46.1495,mid15-30m
nuscenes,scene-0103_035,yaw_2.0deg,yaw,2.0000,7,Car,13.4024,0,0.0996,True,129,0.9380,54.0968,near<15m
nuscenes,scene-0103_035,yaw_2.0deg,yaw,2.0000,9,Car,21.5408,0,0.0000,True,45,1.0000,53.8500,mid15-30m
nuscenes,scene-0103_035,yaw_2.0deg,yaw,2.0000,10,Car,8.0130,0,0.9397,False,466,0.0815,93.4677,near<15m
nuscenes,scene-0103_035,yaw_2.0deg,yaw,2.0000,12,Truck,14.2855,0,0.7760,False,336,0.1756,75.3297,near<15m
nuscenes,scene-0103_035,yaw_2.0deg,yaw,2.0000,15,Car,18.7475,1,0.0000,True,24,0.9167,48.5232,mid15-30m
nuscenes,scene-0103_035,pitch_2.0deg,pitch,2.0000,1,Car,33.8400,0,0.0000,True,14,0.4286,44.3924,far>30m
nuscenes,scene-0103_035,pitch_2.0deg,pitch,2.0000,3,Car,29.9480,0,0.0000,True,13,0.3846,44.6985,mid15-30m
nuscenes,scene-0103_035,pitch_2.0deg,pitch,2.0000,7,Car,13.4024,0,0.0996,True,129,0.9845,46.3285,near<15m
nuscenes,scene-0103_035,pitch_2.0deg,pitch,2.0000,9,Car,21.5408,0,0.0000,True,45,0.7333,45.1268,mid15-30m
nuscenes,scene-0103_035,pitch_2.0deg,pitch,2.0000,10,Car,8.0130,0,0.9397,False,466,0.0451,52.0145,near<15m
nuscenes,scene-0103_035,pitch_2.0deg,pitch,2.0000,12,Truck,14.2855,0,0.7760,False,336,0.2917,46.4630,near<15m
nuscenes,scene-0103_035,pitch_2.0deg,pitch,2.0000,15,Car,18.7475,1,0.0000,True,24,0.7083,45.3662,mid15-30m
nuscenes,scene-0103_035,roll_2.0deg,roll,2.0000,1,Car,33.8400,0,0.0000,True,14,1.0000,12.6703,far>30m
nuscenes,scene-0103_035,roll_2.0deg,roll,2.0000,3,Car,29.9480,0,0.0000,True,13,1.0000,8.8641,mid15-30m
nuscenes,scene-0103_035,roll_2.0deg,roll,2.0000,7,Car,13.4024,0,0.0996,True,129,1.0000,19.5888,near<15m
nuscenes,scene-0103_035,roll_2.0deg,roll,2.0000,9,Car,21.5408,0,0.0000,True,45,1.0000,19.2583,mid15-30m
nuscenes,scene-0103_035,roll_2.0deg,roll,2.0000,10,Car,8.0130,0,0.9397,False,466,0.0536,45.0030,near<15m
nuscenes,scene-0103_035,roll_2.0deg,roll,2.0000,12,Truck,14.2855,0,0.7760,False,336,0.2976,34.5753,near<15m
nuscenes,scene-0103_035,roll_2.0deg,roll,2.0000,15,Car,18.7475,1,0.0000,True,24,1.0000,12.8556,mid15-30m
nuscenes,scene-0103_035,yaw_3.0deg,yaw,3.0000,1,Car,33.8400,0,0.0000,True,14,0.2143,72.8232,far>30m
nuscenes,scene-0103_035,yaw_3.0deg,yaw,3.0000,3,Car,29.9480,0,0.0000,True,13,0.3846,69.0038,mid15-30m
nuscenes,scene-0103_035,yaw_3.0deg,yaw,3.0000,7,Car,13.4024,0,0.0996,True,129,0.8527,80.5432,near<15m
nuscenes,scene-0103_035,yaw_3.0deg,yaw,3.0000,9,Car,21.5408,0,0.0000,True,45,0.8444,81.4438,mid15-30m
nuscenes,scene-0103_035,yaw_3.0deg,yaw,3.0000,10,Car,8.0130,0,0.9397,False,466,0.0815,137.7166,near<15m
nuscenes,scene-0103_035,yaw_3.0deg,yaw,3.0000,12,Truck,14.2855,0,0.7760,False,336,0.1220,114.7335,near<15m
nuscenes,scene-0103_035,yaw_3.0deg,yaw,3.0000,15,Car,18.7475,1,0.0000,True,24,0.7500,72.4394,mid15-30m
nuscenes,scene-0103_035,pitch_3.0deg,pitch,3.0000,1,Car,33.8400,0,0.0000,True,14,0.4286,66.6750,far>30m
nuscenes,scene-0103_035,pitch_3.0deg,pitch,3.0000,3,Car,29.9480,0,0.0000,True,13,0.0000,67.1330,mid15-30m
nuscenes,scene-0103_035,pitch_3.0deg,pitch,3.0000,7,Car,13.4024,0,0.0996,True,129,0.8992,69.6493,near<15m
nuscenes,scene-0103_035,pitch_3.0deg,pitch,3.0000,9,Car,21.5408,0,0.0000,True,45,0.5333,67.8419,mid15-30m
nuscenes,scene-0103_035,pitch_3.0deg,pitch,3.0000,10,Car,8.0130,0,0.9397,False,466,0.0429,78.5021,near<15m
nuscenes,scene-0103_035,pitch_3.0deg,pitch,3.0000,12,Truck,14.2855,0,0.7760,False,336,0.2857,69.9095,near<15m
nuscenes,scene-0103_035,pitch_3.0deg,pitch,3.0000,15,Car,18.7475,1,0.0000,True,24,0.4167,68.1643,mid15-30m
nuscenes,scene-0103_035,roll_3.0deg,roll,3.0000,1,Car,33.8400,0,0.0000,True,14,1.0000,19.0015,far>30m
nuscenes,scene-0103_035,roll_3.0deg,roll,3.0000,3,Car,29.9480,0,0.0000,True,13,1.0000,13.2966,mid15-30m
nuscenes,scene-0103_035,roll_3.0deg,roll,3.0000,7,Car,13.4024,0,0.0996,True,129,1.0000,29.3874,near<15m
nuscenes,scene-0103_035,roll_3.0deg,roll,3.0000,9,Car,21.5408,0,0.0000,True,45,1.0000,28.8793,mid15-30m
nuscenes,scene-0103_035,roll_3.0deg,roll,3.0000,10,Car,8.0130,0,0.9397,False,466,0.0536,67.5333,near<15m
nuscenes,scene-0103_035,roll_3.0deg,roll,3.0000,12,Truck,14.2855,0,0.7760,False,336,0.2976,51.8389,near<15m
nuscenes,scene-0103_035,roll_3.0deg,roll,3.0000,15,Car,18.7475,1,0.0000,True,24,1.0000,19.2848,mid15-30m
nuscenes,scene-0103_035,tfwd_2cm,tfwd,2.0000,1,Car,33.8400,0,0.0000,True,14,1.0000,0.2284,far>30m
nuscenes,scene-0103_035,tfwd_2cm,tfwd,2.0000,3,Car,29.9480,0,0.0000,True,13,1.0000,0.1837,mid15-30m
nuscenes,scene-0103_035,tfwd_2cm,tfwd,2.0000,7,Car,13.4024,0,0.0996,True,129,1.0000,1.0345,near<15m
nuscenes,scene-0103_035,tfwd_2cm,tfwd,2.0000,9,Car,21.5408,0,0.0000,True,45,1.0000,0.5907,mid15-30m
nuscenes,scene-0103_035,tfwd_2cm,tfwd,2.0000,10,Car,8.0130,0,0.9397,False,466,0.0536,5.5895,near<15m
nuscenes,scene-0103_035,tfwd_2cm,tfwd,2.0000,12,Truck,14.2855,0,0.7760,False,336,0.3006,1.9499,near<15m
nuscenes,scene-0103_035,tfwd_2cm,tfwd,2.0000,15,Car,18.7475,1,0.0000,True,24,1.0000,0.4367,mid15-30m
nuscenes,scene-0103_035,tleft_2cm,tleft,2.0000,1,Car,33.8400,0,0.0000,True,14,1.0000,0.7861,far>30m
nuscenes,scene-0103_035,tleft_2cm,tleft,2.0000,3,Car,29.9480,0,0.0000,True,13,1.0000,0.9052,mid15-30m
nuscenes,scene-0103_035,tleft_2cm,tleft,2.0000,7,Car,13.4024,0,0.0996,True,129,1.0000,2.3070,near<15m
nuscenes,scene-0103_035,tleft_2cm,tleft,2.0000,9,Car,21.5408,0,0.0000,True,45,1.0000,1.3340,mid15-30m
nuscenes,scene-0103_035,tleft_2cm,tleft,2.0000,10,Car,8.0130,0,0.9397,False,466,0.0536,5.3392,near<15m
nuscenes,scene-0103_035,tleft_2cm,tleft,2.0000,12,Truck,14.2855,0,0.7760,False,336,0.2917,2.3852,near<15m
nuscenes,scene-0103_035,tleft_2cm,tleft,2.0000,15,Car,18.7475,1,0.0000,True,24,1.0000,1.4925,mid15-30m
nuscenes,scene-0103_035,tup_2cm,tup,2.0000,1,Car,33.8400,0,0.0000,True,14,1.0000,0.7890,far>30m
nuscenes,scene-0103_035,tup_2cm,tup,2.0000,3,Car,29.9480,0,0.0000,True,13,1.0000,0.9036,mid15-30m
nuscenes,scene-0103_035,tup_2cm,tup,2.0000,7,Car,13.4024,0,0.0996,True,129,1.0000,2.3015,near<15m
nuscenes,scene-0103_035,tup_2cm,tup,2.0000,9,Car,21.5408,0,0.0000,True,45,1.0000,1.3442,mid15-30m
nuscenes,scene-0103_035,tup_2cm,tup,2.0000,10,Car,8.0130,0,0.9397,False,466,0.0515,5.3251,near<15m
nuscenes,scene-0103_035,tup_2cm,tup,2.0000,12,Truck,14.2855,0,0.7760,False,336,0.2946,2.4156,near<15m
nuscenes,scene-0103_035,tup_2cm,tup,2.0000,15,Car,18.7475,1,0.0000,True,24,1.0000,1.4898,mid15-30m
nuscenes,scene-0103_035,tfwd_5cm,tfwd,5.0000,1,Car,33.8400,0,0.0000,True,14,1.0000,0.5704,far>30m
nuscenes,scene-0103_035,tfwd_5cm,tfwd,5.0000,3,Car,29.9480,0,0.0000,True,13,1.0000,0.4587,mid15-30m
nuscenes,scene-0103_035,tfwd_5cm,tfwd,5.0000,7,Car,13.4024,0,0.0996,True,129,1.0000,2.5791,near<15m
nuscenes,scene-0103_035,tfwd_5cm,tfwd,5.0000,9,Car,21.5408,0,0.0000,True,45,1.0000,1.4743,mid15-30m
nuscenes,scene-0103_035,tfwd_5cm,tfwd,5.0000,10,Car,8.0130,0,0.9397,False,466,0.0536,13.8805,near<15m
nuscenes,scene-0103_035,tfwd_5cm,tfwd,5.0000,12,Truck,14.2855,0,0.7760,False,336,0.3036,4.8600,near<15m
nuscenes,scene-0103_035,tfwd_5cm,tfwd,5.0000,15,Car,18.7475,1,0.0000,True,24,1.0000,1.0898,mid15-30m
nuscenes,scene-0103_035,tleft_5cm,tleft,5.0000,1,Car,33.8400,0,0.0000,True,14,1.0000,1.9653,far>30m
nuscenes,scene-0103_035,tleft_5cm,tleft,5.0000,3,Car,29.9480,0,0.0000,True,13,1.0000,2.2629,mid15-30m
nuscenes,scene-0103_035,tleft_5cm,tleft,5.0000,7,Car,13.4024,0,0.0996,True,129,1.0000,5.7673,near<15m
nuscenes,scene-0103_035,tleft_5cm,tleft,5.0000,9,Car,21.5408,0,0.0000,True,45,1.0000,3.3350,mid15-30m
nuscenes,scene-0103_035,tleft_5cm,tleft,5.0000,10,Car,8.0130,0,0.9397,False,466,0.0579,13.3472,near<15m
nuscenes,scene-0103_035,tleft_5cm,tleft,5.0000,12,Truck,14.2855,0,0.7760,False,336,0.2827,5.9629,near<15m
nuscenes,scene-0103_035,tleft_5cm,tleft,5.0000,15,Car,18.7475,1,0.0000,True,24,1.0000,3.7311,mid15-30m
nuscenes,scene-0103_035,tup_5cm,tup,5.0000,1,Car,33.8400,0,0.0000,True,14,1.0000,1.9723,far>30m
nuscenes,scene-0103_035,tup_5cm,tup,5.0000,3,Car,29.9480,0,0.0000,True,13,1.0000,2.2588,mid15-30m
nuscenes,scene-0103_035,tup_5cm,tup,5.0000,7,Car,13.4024,0,0.0996,True,129,1.0000,5.7529,near<15m
nuscenes,scene-0103_035,tup_5cm,tup,5.0000,9,Car,21.5408,0,0.0000,True,45,1.0000,3.3601,mid15-30m
nuscenes,scene-0103_035,tup_5cm,tup,5.0000,10,Car,8.0130,0,0.9397,False,466,0.0536,13.3078,near<15m
nuscenes,scene-0103_035,tup_5cm,tup,5.0000,12,Truck,14.2855,0,0.7760,False,336,0.2946,6.0380,near<15m
nuscenes,scene-0103_035,tup_5cm,tup,5.0000,15,Car,18.7475,1,0.0000,True,24,1.0000,3.7242,mid15-30m
nuscenes,scene-0103_035,tfwd_10cm,tfwd,10.0000,1,Car,33.8400,0,0.0000,True,14,1.0000,1.1389,far>30m
nuscenes,scene-0103_035,tfwd_10cm,tfwd,10.0000,3,Car,29.9480,0,0.0000,True,13,1.0000,0.9158,mid15-30m
nuscenes,scene-0103_035,tfwd_10cm,tfwd,10.0000,7,Car,13.4024,0,0.0996,True,129,1.0000,5.1344,near<15m
nuscenes,scene-0103_035,tfwd_10cm,tfwd,10.0000,9,Car,21.5408,0,0.0000,True,45,1.0000,2.9407,mid15-30m
nuscenes,scene-0103_035,tfwd_10cm,tfwd,10.0000,10,Car,8.0130,0,0.9397,False,466,0.0601,27.4554,near<15m
nuscenes,scene-0103_035,tfwd_10cm,tfwd,10.0000,12,Truck,14.2855,0,0.7760,False,336,0.3095,9.6712,near<15m
nuscenes,scene-0103_035,tfwd_10cm,tfwd,10.0000,15,Car,18.7475,1,0.0000,True,24,1.0000,2.1732,mid15-30m
nuscenes,scene-0103_035,tleft_10cm,tleft,10.0000,1,Car,33.8400,0,0.0000,True,14,1.0000,3.9306,far>30m
nuscenes,scene-0103_035,tleft_10cm,tleft,10.0000,3,Car,29.9480,0,0.0000,True,13,1.0000,4.5256,mid15-30m
nuscenes,scene-0103_035,tleft_10cm,tleft,10.0000,7,Car,13.4024,0,0.0996,True,129,1.0000,11.5341,near<15m
nuscenes,scene-0103_035,tleft_10cm,tleft,10.0000,9,Car,21.5408,0,0.0000,True,45,1.0000,6.6699,mid15-30m
nuscenes,scene-0103_035,tleft_10cm,tleft,10.0000,10,Car,8.0130,0,0.9397,False,466,0.0644,26.6913,near<15m
nuscenes,scene-0103_035,tleft_10cm,tleft,10.0000,12,Truck,14.2855,0,0.7760,False,336,0.2738,11.9252,near<15m
nuscenes,scene-0103_035,tleft_10cm,tleft,10.0000,15,Car,18.7475,1,0.0000,True,24,1.0000,7.4619,mid15-30m
nuscenes,scene-0103_035,tup_10cm,tup,10.0000,1,Car,33.8400,0,0.0000,True,14,1.0000,3.9442,far>30m
nuscenes,scene-0103_035,tup_10cm,tup,10.0000,3,Car,29.9480,0,0.0000,True,13,1.0000,4.5171,mid15-30m
nuscenes,scene-0103_035,tup_10cm,tup,10.0000,7,Car,13.4024,0,0.0996,True,129,1.0000,11.5028,near<15m
nuscenes,scene-0103_035,tup_10cm,tup,10.0000,9,Car,21.5408,0,0.0000,True,45,1.0000,6.7192,mid15-30m
nuscenes,scene-0103_035,tup_10cm,tup,10.0000,10,Car,8.0130,0,0.9397,False,466,0.0536,26.5997,near<15m
nuscenes,scene-0103_035,tup_10cm,tup,10.0000,12,Truck,14.2855,0,0.7760,False,336,0.2946,12.0727,near<15m
nuscenes,scene-0103_035,tup_10cm,tup,10.0000,15,Car,18.7475,1,0.0000,True,24,1.0000,7.4472,mid15-30m
nuscenes,scene-0103_036,baseline,baseline,0.0000,1,Car,30.7458,0,0.0000,True,24,1.0000,0.0000,far>30m
nuscenes,scene-0103_036,baseline,baseline,0.0000,4,Car,19.5499,0,0.0000,True,17,1.0000,0.0000,mid15-30m
nuscenes,scene-0103_036,baseline,baseline,0.0000,7,Car,10.4842,0,0.6028,False,243,0.4115,0.0000,near<15m
nuscenes,scene-0103_036,baseline,baseline,0.0000,9,Car,18.6328,0,0.0777,True,71,1.0000,0.0000,mid15-30m
nuscenes,scene-0103_036,baseline,baseline,0.0000,11,Truck,11.9430,0,0.9903,False,537,0.0000,0.0000,near<15m
nuscenes,scene-0103_036,baseline,baseline,0.0000,14,Car,15.6524,0,0.0000,True,33,1.0000,0.0000,mid15-30m
nuscenes,scene-0103_036,yaw_0.5deg,yaw,0.5000,1,Car,30.7458,0,0.0000,True,24,1.0000,12.2035,far>30m
nuscenes,scene-0103_036,yaw_0.5deg,yaw,0.5000,4,Car,19.5499,0,0.0000,True,17,1.0000,11.5712,mid15-30m
nuscenes,scene-0103_036,yaw_0.5deg,yaw,0.5000,7,Car,10.4842,0,0.6028,False,243,0.4527,16.4206,near<15m
nuscenes,scene-0103_036,yaw_0.5deg,yaw,0.5000,9,Car,18.6328,0,0.0777,True,71,0.9577,14.3786,mid15-30m
nuscenes,scene-0103_036,yaw_0.5deg,yaw,0.5000,11,Truck,11.9430,0,0.9903,False,537,0.0000,25.9479,near<15m
nuscenes,scene-0103_036,yaw_0.5deg,yaw,0.5000,14,Car,15.6524,0,0.0000,True,33,1.0000,12.8111,mid15-30m
nuscenes,scene-0103_036,pitch_0.5deg,pitch,0.5000,1,Car,30.7458,0,0.0000,True,24,1.0000,11.1122,far>30m
nuscenes,scene-0103_036,pitch_0.5deg,pitch,0.5000,4,Car,19.5499,0,0.0000,True,17,1.0000,11.2773,mid15-30m
nuscenes,scene-0103_036,pitch_0.5deg,pitch,0.5000,7,Car,10.4842,0,0.6028,False,243,0.4074,11.9180,near<15m
nuscenes,scene-0103_036,pitch_0.5deg,pitch,0.5000,9,Car,18.6328,0,0.0777,True,71,0.9859,11.3184,mid15-30m
nuscenes,scene-0103_036,pitch_0.5deg,pitch,0.5000,11,Truck,11.9430,0,0.9903,False,537,0.0000,12.0741,near<15m
nuscenes,scene-0103_036,pitch_0.5deg,pitch,0.5000,14,Car,15.6524,0,0.0000,True,33,1.0000,11.4478,mid15-30m
nuscenes,scene-0103_036,roll_0.5deg,roll,0.5000,1,Car,30.7458,0,0.0000,True,24,1.0000,3.5067,far>30m
nuscenes,scene-0103_036,roll_0.5deg,roll,0.5000,4,Car,19.5499,0,0.0000,True,17,1.0000,1.9837,mid15-30m
nuscenes,scene-0103_036,roll_0.5deg,roll,0.5000,7,Car,10.4842,0,0.6028,False,243,0.4156,7.1303,near<15m
nuscenes,scene-0103_036,roll_0.5deg,roll,0.5000,9,Car,18.6328,0,0.0777,True,71,0.9859,5.8544,mid15-30m
nuscenes,scene-0103_036,roll_0.5deg,roll,0.5000,11,Truck,11.9430,0,0.9903,False,537,0.0000,12.1811,near<15m
nuscenes,scene-0103_036,roll_0.5deg,roll,0.5000,14,Car,15.6524,0,0.0000,True,33,1.0000,3.9663,mid15-30m
nuscenes,scene-0103_036,yaw_1.0deg,yaw,1.0000,1,Car,30.7458,0,0.0000,True,24,0.9167,24.4756,far>30m
nuscenes,scene-0103_036,yaw_1.0deg,yaw,1.0000,4,Car,19.5499,0,0.0000,True,17,0.7647,23.1782,mid15-30m
nuscenes,scene-0103_036,yaw_1.0deg,yaw,1.0000,7,Car,10.4842,0,0.6028,False,243,0.4691,32.6502,near<15m
nuscenes,scene-0103_036,yaw_1.0deg,yaw,1.0000,9,Car,18.6328,0,0.0777,True,71,0.9296,28.8941,mid15-30m
nuscenes,scene-0103_036,yaw_1.0deg,yaw,1.0000,11,Truck,11.9430,0,0.9903,False,537,0.0000,52.4545,near<15m
nuscenes,scene-0103_036,yaw_1.0deg,yaw,1.0000,14,Car,15.6524,0,0.0000,True,33,0.9394,25.5406,mid15-30m
nuscenes,scene-0103_036,pitch_1.0deg,pitch,1.0000,1,Car,30.7458,0,0.0000,True,24,0.5417,22.2373,far>30m
nuscenes,scene-0103_036,pitch_1.0deg,pitch,1.0000,4,Car,19.5499,0,0.0000,True,17,0.3529,22.5737,mid15-30m
nuscenes,scene-0103_036,pitch_1.0deg,pitch,1.0000,7,Car,10.4842,0,0.6028,False,243,0.4074,23.8709,near<15m
nuscenes,scene-0103_036,pitch_1.0deg,pitch,1.0000,9,Car,18.6328,0,0.0777,True,71,0.9859,22.6606,mid15-30m
nuscenes,scene-0103_036,pitch_1.0deg,pitch,1.0000,11,Truck,11.9430,0,0.9903,False,537,0.0000,24.1991,near<15m
nuscenes,scene-0103_036,pitch_1.0deg,pitch,1.0000,14,Car,15.6524,0,0.0000,True,33,1.0000,22.9170,mid15-30m
nuscenes,scene-0103_036,roll_1.0deg,roll,1.0000,1,Car,30.7458,0,0.0000,True,24,1.0000,7.0128,far>30m
nuscenes,scene-0103_036,roll_1.0deg,roll,1.0000,4,Car,19.5499,0,0.0000,True,17,1.0000,3.9671,mid15-30m
nuscenes,scene-0103_036,roll_1.0deg,roll,1.0000,7,Car,10.4842,0,0.6028,False,243,0.4239,14.2626,near<15m
nuscenes,scene-0103_036,roll_1.0deg,roll,1.0000,9,Car,18.6328,0,0.0777,True,71,0.9859,11.7072,mid15-30m
nuscenes,scene-0103_036,roll_1.0deg,roll,1.0000,11,Truck,11.9430,0,0.9903,False,537,0.0000,24.3549,near<15m
nuscenes,scene-0103_036,roll_1.0deg,roll,1.0000,14,Car,15.6524,0,0.0000,True,33,1.0000,7.9332,mid15-30m
nuscenes,scene-0103_036,yaw_2.0deg,yaw,2.0000,1,Car,30.7458,0,0.0000,True,24,0.6250,49.2353,far>30m
nuscenes,scene-0103_036,yaw_2.0deg,yaw,2.0000,4,Car,19.5499,0,0.0000,True,17,0.6471,46.5076,mid15-30m
nuscenes,scene-0103_036,yaw_2.0deg,yaw,2.0000,7,Car,10.4842,0,0.6028,False,243,0.5103,64.5605,near<15m
nuscenes,scene-0103_036,yaw_2.0deg,yaw,2.0000,9,Car,18.6328,0,0.0777,True,71,0.9155,58.3529,mid15-30m
nuscenes,scene-0103_036,yaw_2.0deg,yaw,2.0000,11,Truck,11.9430,0,0.9903,False,537,0.0000,107.2408,near<15m
nuscenes,scene-0103_036,yaw_2.0deg,yaw,2.0000,14,Car,15.6524,0,0.0000,True,33,0.8788,50.7661,mid15-30m
nuscenes,scene-0103_036,pitch_2.0deg,pitch,2.0000,1,Car,30.7458,0,0.0000,True,24,0.5417,44.5337,far>30m
nuscenes,scene-0103_036,pitch_2.0deg,pitch,2.0000,4,Car,19.5499,0,0.0000,True,17,0.3529,45.2311,mid15-30m
nuscenes,scene-0103_036,pitch_2.0deg,pitch,2.0000,7,Car,10.4842,0,0.6028,False,243,0.4074,47.8917,near<15m
nuscenes,scene-0103_036,pitch_2.0deg,pitch,2.0000,9,Car,18.6328,0,0.0777,True,71,0.7465,45.4247,mid15-30m
nuscenes,scene-0103_036,pitch_2.0deg,pitch,2.0000,11,Truck,11.9430,0,0.9903,False,537,0.0000,48.6145,near<15m
nuscenes,scene-0103_036,pitch_2.0deg,pitch,2.0000,14,Car,15.6524,0,0.0000,True,33,0.7879,45.9279,mid15-30m
nuscenes,scene-0103_036,roll_2.0deg,roll,2.0000,1,Car,30.7458,0,0.0000,True,24,1.0000,14.0228,far>30m
nuscenes,scene-0103_036,roll_2.0deg,roll,2.0000,4,Car,19.5499,0,0.0000,True,17,1.0000,7.9331,mid15-30m
nuscenes,scene-0103_036,roll_2.0deg,roll,2.0000,7,Car,10.4842,0,0.6028,False,243,0.4280,28.5327,near<15m
nuscenes,scene-0103_036,roll_2.0deg,roll,2.0000,9,Car,18.6328,0,0.0777,True,71,0.9859,23.4073,mid15-30m
nuscenes,scene-0103_036,roll_2.0deg,roll,2.0000,11,Truck,11.9430,0,0.9903,False,537,0.0000,48.6799,near<15m
nuscenes,scene-0103_036,roll_2.0deg,roll,2.0000,14,Car,15.6524,0,0.0000,True,33,1.0000,15.8684,mid15-30m
nuscenes,scene-0103_036,yaw_3.0deg,yaw,3.0000,1,Car,30.7458,0,0.0000,True,24,0.2917,74.2998,far>30m
nuscenes,scene-0103_036,yaw_3.0deg,yaw,3.0000,4,Car,19.5499,0,0.0000,True,17,0.5294,70.0047,mid15-30m
nuscenes,scene-0103_036,yaw_3.0deg,yaw,3.0000,7,Car,10.4842,0,0.6028,False,243,0.5514,95.7768,near<15m
nuscenes,scene-0103_036,yaw_3.0deg,yaw,3.0000,9,Car,18.6328,0,0.0777,True,71,0.8028,88.4125,mid15-30m
nuscenes,scene-0103_036,yaw_3.0deg,yaw,3.0000,11,Truck,11.9430,0,0.9903,False,537,0.0000,164.5670,near<15m
nuscenes,scene-0103_036,yaw_3.0deg,yaw,3.0000,14,Car,15.6524,0,0.0000,True,33,0.8182,75.6981,mid15-30m
nuscenes,scene-0103_036,pitch_3.0deg,pitch,3.0000,1,Car,30.7458,0,0.0000,True,24,0.2917,66.9040,far>30m
nuscenes,scene-0103_036,pitch_3.0deg,pitch,3.0000,4,Car,19.5499,0,0.0000,True,17,0.1176,67.9874,mid15-30m
nuscenes,scene-0103_036,pitch_3.0deg,pitch,3.0000,7,Car,10.4842,0,0.6028,False,243,0.3992,72.0825,near<15m
nuscenes,scene-0103_036,pitch_3.0deg,pitch,3.0000,9,Car,18.6328,0,0.0777,True,71,0.7465,68.3090,mid15-30m
nuscenes,scene-0103_036,pitch_3.0deg,pitch,3.0000,11,Truck,11.9430,0,0.9903,False,537,0.0000,73.2716,near<15m
nuscenes,scene-0103_036,pitch_3.0deg,pitch,3.0000,14,Car,15.6524,0,0.0000,True,33,0.3939,69.0488,mid15-30m
nuscenes,scene-0103_036,roll_3.0deg,roll,3.0000,1,Car,30.7458,0,0.0000,True,24,1.0000,21.0296,far>30m
nuscenes,scene-0103_036,roll_3.0deg,roll,3.0000,4,Car,19.5499,0,0.0000,True,17,1.0000,11.8979,mid15-30m
nuscenes,scene-0103_036,roll_3.0deg,roll,3.0000,7,Car,10.4842,0,0.6028,False,243,0.4280,42.8092,near<15m
nuscenes,scene-0103_036,roll_3.0deg,roll,3.0000,9,Car,18.6328,0,0.0777,True,71,0.9859,35.0996,mid15-30m
nuscenes,scene-0103_036,roll_3.0deg,roll,3.0000,11,Truck,11.9430,0,0.9903,False,537,0.0000,72.9734,near<15m
nuscenes,scene-0103_036,roll_3.0deg,roll,3.0000,14,Car,15.6524,0,0.0000,True,33,1.0000,23.8050,mid15-30m
nuscenes,scene-0103_036,tfwd_2cm,tfwd,2.0000,1,Car,30.7458,0,0.0000,True,24,1.0000,0.2822,far>30m
nuscenes,scene-0103_036,tfwd_2cm,tfwd,2.0000,4,Car,19.5499,0,0.0000,True,17,1.0000,0.2500,mid15-30m
nuscenes,scene-0103_036,tfwd_2cm,tfwd,2.0000,7,Car,10.4842,0,0.6028,False,243,0.4239,2.1847,near<15m
nuscenes,scene-0103_036,tfwd_2cm,tfwd,2.0000,9,Car,18.6328,0,0.0777,True,71,1.0000,0.8687,mid15-30m
nuscenes,scene-0103_036,tfwd_2cm,tfwd,2.0000,11,Truck,11.9430,0,0.9903,False,537,0.0000,3.9875,near<15m
nuscenes,scene-0103_036,tfwd_2cm,tfwd,2.0000,14,Car,15.6524,0,0.0000,True,33,1.0000,0.6754,mid15-30m
nuscenes,scene-0103_036,tleft_2cm,tleft,2.0000,1,Car,30.7458,0,0.0000,True,24,1.0000,0.8789,far>30m
nuscenes,scene-0103_036,tleft_2cm,tleft,2.0000,4,Car,19.5499,0,0.0000,True,17,1.0000,1.4006,mid15-30m
nuscenes,scene-0103_036,tleft_2cm,tleft,2.0000,7,Car,10.4842,0,0.6028,False,243,0.4321,3.3339,near<15m
nuscenes,scene-0103_036,tleft_2cm,tleft,2.0000,9,Car,18.6328,0,0.0777,True,71,0.9859,1.6086,mid15-30m
nuscenes,scene-0103_036,tleft_2cm,tleft,2.0000,11,Truck,11.9430,0,0.9903,False,537,0.0000,3.3668,near<15m
nuscenes,scene-0103_036,tleft_2cm,tleft,2.0000,14,Car,15.6524,0,0.0000,True,33,1.0000,1.8739,mid15-30m
nuscenes,scene-0103_036,tup_2cm,tup,2.0000,1,Car,30.7458,0,0.0000,True,24,1.0000,0.8830,far>30m
nuscenes,scene-0103_036,tup_2cm,tup,2.0000,4,Car,19.5499,0,0.0000,True,17,1.0000,1.4069,mid15-30m
nuscenes,scene-0103_036,tup_2cm,tup,2.0000,7,Car,10.4842,0,0.6028,False,243,0.4115,3.3253,near<15m
nuscenes,scene-0103_036,tup_2cm,tup,2.0000,9,Car,18.6328,0,0.0777,True,71,1.0000,1.6234,mid15-30m
nuscenes,scene-0103_036,tup_2cm,tup,2.0000,11,Truck,11.9430,0,0.9903,False,537,0.0000,3.4315,near<15m
nuscenes,scene-0103_036,tup_2cm,tup,2.0000,14,Car,15.6524,0,0.0000,True,33,1.0000,1.8717,mid15-30m
nuscenes,scene-0103_036,tfwd_5cm,tfwd,5.0000,1,Car,30.7458,0,0.0000,True,24,1.0000,0.7048,far>30m
nuscenes,scene-0103_036,tfwd_5cm,tfwd,5.0000,4,Car,19.5499,0,0.0000,True,17,1.0000,0.6241,mid15-30m
nuscenes,scene-0103_036,tfwd_5cm,tfwd,5.0000,7,Car,10.4842,0,0.6028,False,243,0.4321,5.4396,near<15m
nuscenes,scene-0103_036,tfwd_5cm,tfwd,5.0000,9,Car,18.6328,0,0.0777,True,71,1.0000,2.1674,mid15-30m
nuscenes,scene-0103_036,tfwd_5cm,tfwd,5.0000,11,Truck,11.9430,0,0.9903,False,537,0.0000,9.9240,near<15m
nuscenes,scene-0103_036,tfwd_5cm,tfwd,5.0000,14,Car,15.6524,0,0.0000,True,33,1.0000,1.6848,mid15-30m
nuscenes,scene-0103_036,tleft_5cm,tleft,5.0000,1,Car,30.7458,0,0.0000,True,24,1.0000,2.1972,far>30m
nuscenes,scene-0103_036,tleft_5cm,tleft,5.0000,4,Car,19.5499,0,0.0000,True,17,1.0000,3.5015,mid15-30m
nuscenes,scene-0103_036,tleft_5cm,tleft,5.0000,7,Car,10.4842,0,0.6028,False,243,0.4321,8.3344,near<15m
nuscenes,scene-0103_036,tleft_5cm,tleft,5.0000,9,Car,18.6328,0,0.0777,True,71,0.9859,4.0215,mid15-30m
nuscenes,scene-0103_036,tleft_5cm,tleft,5.0000,11,Truck,11.9430,0,0.9903,False,537,0.0000,8.4166,near<15m
nuscenes,scene-0103_036,tleft_5cm,tleft,5.0000,14,Car,15.6524,0,0.0000,True,33,1.0000,4.6845,mid15-30m
nuscenes,scene-0103_036,tup_5cm,tup,5.0000,1,Car,30.7458,0,0.0000,True,24,1.0000,2.2074,far>30m
nuscenes,scene-0103_036,tup_5cm,tup,5.0000,4,Car,19.5499,0,0.0000,True,17,1.0000,3.5169,mid15-30m
nuscenes,scene-0103_036,tup_5cm,tup,5.0000,7,Car,10.4842,0,0.6028,False,243,0.4115,8.3115,near<15m
nuscenes,scene-0103_036,tup_5cm,tup,5.0000,9,Car,18.6328,0,0.0777,True,71,1.0000,4.0581,mid15-30m
nuscenes,scene-0103_036,tup_5cm,tup,5.0000,11,Truck,11.9430,0,0.9903,False,537,0.0000,8.5769,near<15m
nuscenes,scene-0103_036,tup_5cm,tup,5.0000,14,Car,15.6524,0,0.0000,True,33,1.0000,4.6788,mid15-30m
nuscenes,scene-0103_036,tfwd_10cm,tfwd,10.0000,1,Car,30.7458,0,0.0000,True,24,1.0000,1.4071,far>30m
nuscenes,scene-0103_036,tfwd_10cm,tfwd,10.0000,4,Car,19.5499,0,0.0000,True,17,1.0000,1.2446,mid15-30m
nuscenes,scene-0103_036,tfwd_10cm,tfwd,10.0000,7,Car,10.4842,0,0.6028,False,243,0.4321,10.8059,near<15m
nuscenes,scene-0103_036,tfwd_10cm,tfwd,10.0000,9,Car,18.6328,0,0.0777,True,71,1.0000,4.3207,mid15-30m
nuscenes,scene-0103_036,tfwd_10cm,tfwd,10.0000,11,Truck,11.9430,0,0.9903,False,537,0.0000,19.7006,near<15m
nuscenes,scene-0103_036,tfwd_10cm,tfwd,10.0000,14,Car,15.6524,0,0.0000,True,33,1.0000,3.3570,mid15-30m
nuscenes,scene-0103_036,tleft_10cm,tleft,10.0000,1,Car,30.7458,0,0.0000,True,24,1.0000,4.3944,far>30m
nuscenes,scene-0103_036,tleft_10cm,tleft,10.0000,4,Car,19.5499,0,0.0000,True,17,1.0000,7.0028,mid15-30m
nuscenes,scene-0103_036,tleft_10cm,tleft,10.0000,7,Car,10.4842,0,0.6028,False,243,0.4527,16.6676,near<15m
nuscenes,scene-0103_036,tleft_10cm,tleft,10.0000,9,Car,18.6328,0,0.0777,True,71,0.9859,8.0427,mid15-30m
nuscenes,scene-0103_036,tleft_10cm,tleft,10.0000,11,Truck,11.9430,0,0.9903,False,537,0.0000,16.8320,near<15m
nuscenes,scene-0103_036,tleft_10cm,tleft,10.0000,14,Car,15.6524,0,0.0000,True,33,1.0000,9.3687,mid15-30m
nuscenes,scene-0103_036,tup_10cm,tup,10.0000,1,Car,30.7458,0,0.0000,True,24,1.0000,4.4143,far>30m
nuscenes,scene-0103_036,tup_10cm,tup,10.0000,4,Car,19.5499,0,0.0000,True,17,1.0000,7.0328,mid15-30m
nuscenes,scene-0103_036,tup_10cm,tup,10.0000,7,Car,10.4842,0,0.6028,False,243,0.4115,16.6169,near<15m
nuscenes,scene-0103_036,tup_10cm,tup,10.0000,9,Car,18.6328,0,0.0777,True,71,1.0000,8.1148,mid15-30m
nuscenes,scene-0103_036,tup_10cm,tup,10.0000,11,Truck,11.9430,0,0.9903,False,537,0.0000,17.1470,near<15m
nuscenes,scene-0103_036,tup_10cm,tup,10.0000,14,Car,15.6524,0,0.0000,True,33,1.0000,9.3557,mid15-30m
nuscenes,scene-0103_037,baseline,baseline,0.0000,3,Car,26.8914,0,0.0000,True,28,1.0000,0.0000,mid15-30m
nuscenes,scene-0103_037,baseline,baseline,0.0000,5,Car,22.7818,0,0.0000,True,21,1.0000,0.0000,mid15-30m
nuscenes,scene-0103_037,baseline,baseline,0.0000,6,Car,12.3640,0,0.0000,True,98,1.0000,0.0000,near<15m
nuscenes,scene-0103_037,baseline,baseline,0.0000,9,Car,7.2952,0,0.9933,False,621,0.0000,0.0000,near<15m
nuscenes,scene-0103_037,baseline,baseline,0.0000,11,Car,15.1437,0,0.6484,False,134,0.3284,0.0000,mid15-30m
nuscenes,scene-0103_037,baseline,baseline,0.0000,14,Car,11.8875,0,0.3285,False,120,0.8250,0.0000,near<15m
nuscenes,scene-0103_037,yaw_0.5deg,yaw,0.5000,3,Car,26.8914,0,0.0000,True,28,0.9643,12.6240,mid15-30m
nuscenes,scene-0103_037,yaw_0.5deg,yaw,0.5000,5,Car,22.7818,0,0.0000,True,21,0.9524,12.0308,mid15-30m
nuscenes,scene-0103_037,yaw_0.5deg,yaw,0.5000,6,Car,12.3640,0,0.0000,True,98,1.0000,12.2884,near<15m
nuscenes,scene-0103_037,yaw_0.5deg,yaw,0.5000,9,Car,7.2952,0,0.9933,False,621,0.0000,32.7161,near<15m
nuscenes,scene-0103_037,yaw_0.5deg,yaw,0.5000,11,Car,15.1437,0,0.6484,False,134,0.2985,17.2436,mid15-30m
nuscenes,scene-0103_037,yaw_0.5deg,yaw,0.5000,14,Car,11.8875,0,0.3285,False,120,0.8750,14.6439,near<15m
nuscenes,scene-0103_037,pitch_0.5deg,pitch,0.5000,3,Car,26.8914,0,0.0000,True,28,1.0000,11.1289,mid15-30m
nuscenes,scene-0103_037,pitch_0.5deg,pitch,0.5000,5,Car,22.7818,0,0.0000,True,21,1.0000,11.2631,mid15-30m
nuscenes,scene-0103_037,pitch_0.5deg,pitch,0.5000,6,Car,12.3640,0,0.0000,True,98,1.0000,11.5308,near<15m
nuscenes,scene-0103_037,pitch_0.5deg,pitch,0.5000,9,Car,7.2952,0,0.9933,False,621,0.0000,14.2279,near<15m
nuscenes,scene-0103_037,pitch_0.5deg,pitch,0.5000,11,Car,15.1437,0,0.6484,False,134,0.3284,11.5395,mid15-30m
nuscenes,scene-0103_037,pitch_0.5deg,pitch,0.5000,14,Car,11.8875,0,0.3285,False,120,0.8250,11.6953,near<15m
nuscenes,scene-0103_037,roll_0.5deg,roll,0.5000,3,Car,26.8914,0,0.0000,True,28,1.0000,4.0810,mid15-30m
nuscenes,scene-0103_037,roll_0.5deg,roll,0.5000,5,Car,22.7818,0,0.0000,True,21,1.0000,2.9363,mid15-30m
nuscenes,scene-0103_037,roll_0.5deg,roll,0.5000,6,Car,12.3640,0,0.0000,True,98,1.0000,3.1939,near<15m
nuscenes,scene-0103_037,roll_0.5deg,roll,0.5000,9,Car,7.2952,0,0.9933,False,621,0.0000,14.4711,near<15m
nuscenes,scene-0103_037,roll_0.5deg,roll,0.5000,11,Car,15.1437,0,0.6484,False,134,0.3284,7.9988,mid15-30m
nuscenes,scene-0103_037,roll_0.5deg,roll,0.5000,14,Car,11.8875,0,0.3285,False,120,0.8333,5.8008,near<15m
nuscenes,scene-0103_037,yaw_1.0deg,yaw,1.0000,3,Car,26.8914,0,0.0000,True,28,0.9286,25.3308,mid15-30m
nuscenes,scene-0103_037,yaw_1.0deg,yaw,1.0000,5,Car,22.7818,0,0.0000,True,21,0.8571,24.0046,mid15-30m
nuscenes,scene-0103_037,yaw_1.0deg,yaw,1.0000,6,Car,12.3640,0,0.0000,True,98,1.0000,24.6382,near<15m
nuscenes,scene-0103_037,yaw_1.0deg,yaw,1.0000,9,Car,7.2952,0,0.9933,False,621,0.0000,64.6044,near<15m
nuscenes,scene-0103_037,yaw_1.0deg,yaw,1.0000,11,Car,15.1437,0,0.6484,False,134,0.2612,34.7142,mid15-30m
nuscenes,scene-0103_037,yaw_1.0deg,yaw,1.0000,14,Car,11.8875,0,0.3285,False,120,0.9000,29.1508,near<15m
nuscenes,scene-0103_037,pitch_1.0deg,pitch,1.0000,3,Car,26.8914,0,0.0000,True,28,1.0000,22.2703,mid15-30m
nuscenes,scene-0103_037,pitch_1.0deg,pitch,1.0000,5,Car,22.7818,0,0.0000,True,21,1.0000,22.5419,mid15-30m
nuscenes,scene-0103_037,pitch_1.0deg,pitch,1.0000,6,Car,12.3640,0,0.0000,True,98,0.9388,23.0883,near<15m
nuscenes,scene-0103_037,pitch_1.0deg,pitch,1.0000,9,Car,7.2952,0,0.9933,False,621,0.0000,28.5784,near<15m
nuscenes,scene-0103_037,pitch_1.0deg,pitch,1.0000,11,Car,15.1437,0,0.6484,False,134,0.3284,23.1136,mid15-30m
nuscenes,scene-0103_037,pitch_1.0deg,pitch,1.0000,14,Car,11.8875,0,0.3285,False,120,0.8167,23.4189,near<15m
nuscenes,scene-0103_037,roll_1.0deg,roll,1.0000,3,Car,26.8914,0,0.0000,True,28,1.0000,8.1613,mid15-30m
nuscenes,scene-0103_037,roll_1.0deg,roll,1.0000,5,Car,22.7818,0,0.0000,True,21,1.0000,5.8728,mid15-30m
nuscenes,scene-0103_037,roll_1.0deg,roll,1.0000,6,Car,12.3640,0,0.0000,True,98,1.0000,6.3873,near<15m
nuscenes,scene-0103_037,roll_1.0deg,roll,1.0000,9,Car,7.2952,0,0.9933,False,621,0.0000,28.9510,near<15m
nuscenes,scene-0103_037,roll_1.0deg,roll,1.0000,11,Car,15.1437,0,0.6484,False,134,0.3284,15.9946,mid15-30m
nuscenes,scene-0103_037,roll_1.0deg,roll,1.0000,14,Car,11.8875,0,0.3285,False,120,0.8333,11.6028,near<15m
nuscenes,scene-0103_037,yaw_2.0deg,yaw,2.0000,3,Car,26.8914,0,0.0000,True,28,0.7500,51.0041,mid15-30m
nuscenes,scene-0103_037,yaw_2.0deg,yaw,2.0000,5,Car,22.7818,0,0.0000,True,21,0.7619,47.7906,mid15-30m
nuscenes,scene-0103_037,yaw_2.0deg,yaw,2.0000,6,Car,12.3640,0,0.0000,True,98,0.9490,49.5319,near<15m
nuscenes,scene-0103_037,yaw_2.0deg,yaw,2.0000,9,Car,7.2952,0,0.9933,False,621,0.0113,126.0486,near<15m
nuscenes,scene-0103_037,yaw_2.0deg,yaw,2.0000,11,Car,15.1437,0,0.6484,False,134,0.2164,70.3663,mid15-30m
nuscenes,scene-0103_037,yaw_2.0deg,yaw,2.0000,14,Car,11.8875,0,0.3285,False,120,0.8833,57.7705,near<15m
nuscenes,scene-0103_037,pitch_2.0deg,pitch,2.0000,3,Car,26.8914,0,0.0000,True,28,0.6071,44.5978,mid15-30m
nuscenes,scene-0103_037,pitch_2.0deg,pitch,2.0000,5,Car,22.7818,0,0.0000,True,21,0.2381,45.1546,mid15-30m
nuscenes,scene-0103_037,pitch_2.0deg,pitch,2.0000,6,Car,12.3640,0,0.0000,True,98,0.8061,46.2915,near<15m
nuscenes,scene-0103_037,pitch_2.0deg,pitch,2.0000,9,Car,7.2952,0,0.9933,False,621,0.0000,57.6668,near<15m
nuscenes,scene-0103_037,pitch_2.0deg,pitch,2.0000,11,Car,15.1437,0,0.6484,False,134,0.3284,46.3752,mid15-30m
nuscenes,scene-0103_037,pitch_2.0deg,pitch,2.0000,14,Car,11.8875,0,0.3285,False,120,0.8083,46.9596,near<15m
nuscenes,scene-0103_037,roll_2.0deg,roll,2.0000,3,Car,26.8914,0,0.0000,True,28,1.0000,16.3190,mid15-30m
nuscenes,scene-0103_037,roll_2.0deg,roll,2.0000,5,Car,22.7818,0,0.0000,True,21,1.0000,11.7466,mid15-30m
nuscenes,scene-0103_037,roll_2.0deg,roll,2.0000,6,Car,12.3640,0,0.0000,True,98,1.0000,12.7723,near<15m
nuscenes,scene-0103_037,roll_2.0deg,roll,2.0000,9,Car,7.2952,0,0.9933,False,621,0.0000,57.9365,near<15m
nuscenes,scene-0103_037,roll_2.0deg,roll,2.0000,11,Car,15.1437,0,0.6484,False,134,0.3284,31.9764,mid15-30m
nuscenes,scene-0103_037,roll_2.0deg,roll,2.0000,14,Car,11.8875,0,0.3285,False,120,0.8333,23.2103,near<15m
nuscenes,scene-0103_037,yaw_3.0deg,yaw,3.0000,3,Car,26.8914,0,0.0000,True,28,0.4286,77.0435,mid15-30m
nuscenes,scene-0103_037,yaw_3.0deg,yaw,3.0000,5,Car,22.7818,0,0.0000,True,21,0.6667,71.3757,mid15-30m
nuscenes,scene-0103_037,yaw_3.0deg,yaw,3.0000,6,Car,12.3640,0,0.0000,True,98,0.8673,74.7015,near<15m
nuscenes,scene-0103_037,yaw_3.0deg,yaw,3.0000,9,Car,7.2952,0,0.9933,False,621,0.0161,184.6121,near<15m
nuscenes,scene-0103_037,yaw_3.0deg,yaw,3.0000,11,Car,15.1437,0,0.6484,False,134,0.1567,107.0192,mid15-30m
nuscenes,scene-0103_037,yaw_3.0deg,yaw,3.0000,14,Car,11.8875,0,0.3285,False,120,0.8833,85.8918,near<15m
nuscenes,scene-0103_037,pitch_3.0deg,pitch,3.0000,3,Car,26.8914,0,0.0000,True,28,0.6071,66.9974,mid15-30m
nuscenes,scene-0103_037,pitch_3.0deg,pitch,3.0000,5,Car,22.7818,0,0.0000,True,21,0.1905,67.8532,mid15-30m
nuscenes,scene-0103_037,pitch_3.0deg,pitch,3.0000,6,Car,12.3640,0,0.0000,True,98,0.6224,69.6259,near<15m
nuscenes,scene-0103_037,pitch_3.0deg,pitch,3.0000,9,Car,7.2952,0,0.9933,False,621,0.0000,87.3060,near<15m
nuscenes,scene-0103_037,pitch_3.0deg,pitch,3.0000,11,Car,15.1437,0,0.6484,False,134,0.3134,69.8039,mid15-30m
nuscenes,scene-0103_037,pitch_3.0deg,pitch,3.0000,14,Car,11.8875,0,0.3285,False,120,0.7667,70.6401,near<15m
nuscenes,scene-0103_037,roll_3.0deg,roll,3.0000,3,Car,26.8914,0,0.0000,True,28,0.6429,24.4726,mid15-30m
nuscenes,scene-0103_037,roll_3.0deg,roll,3.0000,5,Car,22.7818,0,0.0000,True,21,1.0000,17.6209,mid15-30m
nuscenes,scene-0103_037,roll_3.0deg,roll,3.0000,6,Car,12.3640,0,0.0000,True,98,0.8776,19.1544,near<15m
nuscenes,scene-0103_037,roll_3.0deg,roll,3.0000,9,Car,7.2952,0,0.9933,False,621,0.0000,86.9540,near<15m
nuscenes,scene-0103_037,roll_3.0deg,roll,3.0000,11,Car,15.1437,0,0.6484,False,134,0.3134,47.9445,mid15-30m
nuscenes,scene-0103_037,roll_3.0deg,roll,3.0000,14,Car,11.8875,0,0.3285,False,120,0.8333,34.8216,near<15m
nuscenes,scene-0103_037,tfwd_2cm,tfwd,2.0000,3,Car,26.8914,0,0.0000,True,28,1.0000,0.3777,mid15-30m
nuscenes,scene-0103_037,tfwd_2cm,tfwd,2.0000,5,Car,22.7818,0,0.0000,True,21,1.0000,0.3288,mid15-30m
nuscenes,scene-0103_037,tfwd_2cm,tfwd,2.0000,6,Car,12.3640,0,0.0000,True,98,1.0000,0.6606,near<15m
nuscenes,scene-0103_037,tfwd_2cm,tfwd,2.0000,9,Car,7.2952,0,0.9933,False,621,0.0000,9.7598,near<15m
nuscenes,scene-0103_037,tfwd_2cm,tfwd,2.0000,11,Car,15.1437,0,0.6484,False,134,0.3358,1.6244,mid15-30m
nuscenes,scene-0103_037,tfwd_2cm,tfwd,2.0000,14,Car,11.8875,0,0.3285,False,120,0.8417,1.4241,near<15m
nuscenes,scene-0103_037,tleft_2cm,tleft,2.0000,3,Car,26.8914,0,0.0000,True,28,1.0000,1.0094,mid15-30m
nuscenes,scene-0103_037,tleft_2cm,tleft,2.0000,5,Car,22.7818,0,0.0000,True,21,1.0000,1.2269,mid15-30m
nuscenes,scene-0103_037,tleft_2cm,tleft,2.0000,6,Car,12.3640,0,0.0000,True,98,1.0000,2.2905,near<15m
nuscenes,scene-0103_037,tleft_2cm,tleft,2.0000,9,Car,7.2952,0,0.9933,False,621,0.0000,7.0413,near<15m
nuscenes,scene-0103_037,tleft_2cm,tleft,2.0000,11,Car,15.1437,0,0.6484,False,134,0.3284,2.1879,mid15-30m
nuscenes,scene-0103_037,tleft_2cm,tleft,2.0000,14,Car,11.8875,0,0.3285,False,120,0.8417,2.6923,near<15m
nuscenes,scene-0103_037,tup_2cm,tup,2.0000,3,Car,26.8914,0,0.0000,True,28,1.0000,1.0144,mid15-30m
nuscenes,scene-0103_037,tup_2cm,tup,2.0000,5,Car,22.7818,0,0.0000,True,21,1.0000,1.2255,mid15-30m
nuscenes,scene-0103_037,tup_2cm,tup,2.0000,6,Car,12.3640,0,0.0000,True,98,1.0000,2.3065,near<15m
nuscenes,scene-0103_037,tup_2cm,tup,2.0000,9,Car,7.2952,0,0.9933,False,621,0.0000,7.0245,near<15m
nuscenes,scene-0103_037,tup_2cm,tup,2.0000,11,Car,15.1437,0,0.6484,False,134,0.3284,2.2163,mid15-30m
nuscenes,scene-0103_037,tup_2cm,tup,2.0000,14,Car,11.8875,0,0.3285,False,120,0.8333,2.6869,near<15m
nuscenes,scene-0103_037,tfwd_5cm,tfwd,5.0000,3,Car,26.8914,0,0.0000,True,28,1.0000,0.9431,mid15-30m
nuscenes,scene-0103_037,tfwd_5cm,tfwd,5.0000,5,Car,22.7818,0,0.0000,True,21,1.0000,0.8208,mid15-30m
nuscenes,scene-0103_037,tfwd_5cm,tfwd,5.0000,6,Car,12.3640,0,0.0000,True,98,1.0000,1.6469,near<15m
nuscenes,scene-0103_037,tfwd_5cm,tfwd,5.0000,9,Car,7.2952,0,0.9933,False,621,0.0000,24.1730,near<15m
nuscenes,scene-0103_037,tfwd_5cm,tfwd,5.0000,11,Car,15.1437,0,0.6484,False,134,0.3433,4.0500,mid15-30m
nuscenes,scene-0103_037,tfwd_5cm,tfwd,5.0000,14,Car,11.8875,0,0.3285,False,120,0.8417,3.5488,near<15m
nuscenes,scene-0103_037,tleft_5cm,tleft,5.0000,3,Car,26.8914,0,0.0000,True,28,1.0000,2.5235,mid15-30m
nuscenes,scene-0103_037,tleft_5cm,tleft,5.0000,5,Car,22.7818,0,0.0000,True,21,1.0000,3.0672,mid15-30m
nuscenes,scene-0103_037,tleft_5cm,tleft,5.0000,6,Car,12.3640,0,0.0000,True,98,1.0000,5.7261,near<15m
nuscenes,scene-0103_037,tleft_5cm,tleft,5.0000,9,Car,7.2952,0,0.9933,False,621,0.0000,17.6016,near<15m
nuscenes,scene-0103_037,tleft_5cm,tleft,5.0000,11,Car,15.1437,0,0.6484,False,134,0.3209,5.4696,mid15-30m
nuscenes,scene-0103_037,tleft_5cm,tleft,5.0000,14,Car,11.8875,0,0.3285,False,120,0.8417,6.7306,near<15m
nuscenes,scene-0103_037,tup_5cm,tup,5.0000,3,Car,26.8914,0,0.0000,True,28,1.0000,2.5359,mid15-30m
nuscenes,scene-0103_037,tup_5cm,tup,5.0000,5,Car,22.7818,0,0.0000,True,21,1.0000,3.0635,mid15-30m
nuscenes,scene-0103_037,tup_5cm,tup,5.0000,6,Car,12.3640,0,0.0000,True,98,1.0000,5.7653,near<15m
nuscenes,scene-0103_037,tup_5cm,tup,5.0000,9,Car,7.2952,0,0.9933,False,621,0.0000,17.5529,near<15m
nuscenes,scene-0103_037,tup_5cm,tup,5.0000,11,Car,15.1437,0,0.6484,False,134,0.3284,5.5400,mid15-30m
nuscenes,scene-0103_037,tup_5cm,tup,5.0000,14,Car,11.8875,0,0.3285,False,120,0.8333,6.7160,near<15m
nuscenes,scene-0103_037,tfwd_10cm,tfwd,10.0000,3,Car,26.8914,0,0.0000,True,28,1.0000,1.8824,mid15-30m
nuscenes,scene-0103_037,tfwd_10cm,tfwd,10.0000,5,Car,22.7818,0,0.0000,True,21,1.0000,1.6376,mid15-30m
nuscenes,scene-0103_037,tfwd_10cm,tfwd,10.0000,6,Car,12.3640,0,0.0000,True,98,1.0000,3.2786,near<15m
nuscenes,scene-0103_037,tfwd_10cm,tfwd,10.0000,9,Car,7.2952,0,0.9933,False,621,0.0000,47.6104,near<15m
nuscenes,scene-0103_037,tfwd_10cm,tfwd,10.0000,11,Car,15.1437,0,0.6484,False,134,0.3507,8.0638,mid15-30m
nuscenes,scene-0103_037,tfwd_10cm,tfwd,10.0000,14,Car,11.8875,0,0.3285,False,120,0.8500,7.0594,near<15m
nuscenes,scene-0103_037,tleft_10cm,tleft,10.0000,3,Car,26.8914,0,0.0000,True,28,1.0000,5.0468,mid15-30m
nuscenes,scene-0103_037,tleft_10cm,tleft,10.0000,5,Car,22.7818,0,0.0000,True,21,0.9524,6.1341,mid15-30m
nuscenes,scene-0103_037,tleft_10cm,tleft,10.0000,6,Car,12.3640,0,0.0000,True,98,1.0000,11.4517,near<15m
nuscenes,scene-0103_037,tleft_10cm,tleft,10.0000,9,Car,7.2952,0,0.9933,False,621,0.0000,35.1977,near<15m
nuscenes,scene-0103_037,tleft_10cm,tleft,10.0000,11,Car,15.1437,0,0.6484,False,134,0.2985,10.9387,mid15-30m
nuscenes,scene-0103_037,tleft_10cm,tleft,10.0000,14,Car,11.8875,0,0.3285,False,120,0.8750,13.4604,near<15m
nuscenes,scene-0103_037,tup_10cm,tup,10.0000,3,Car,26.8914,0,0.0000,True,28,1.0000,5.0713,mid15-30m
nuscenes,scene-0103_037,tup_10cm,tup,10.0000,5,Car,22.7818,0,0.0000,True,21,1.0000,6.1263,mid15-30m
nuscenes,scene-0103_037,tup_10cm,tup,10.0000,6,Car,12.3640,0,0.0000,True,98,1.0000,11.5277,near<15m
nuscenes,scene-0103_037,tup_10cm,tup,10.0000,9,Car,7.2952,0,0.9933,False,621,0.0000,35.0779,near<15m
nuscenes,scene-0103_037,tup_10cm,tup,10.0000,11,Car,15.1437,0,0.6484,False,134,0.3284,11.0773,mid15-30m
nuscenes,scene-0103_037,tup_10cm,tup,10.0000,14,Car,11.8875,0,0.3285,False,120,0.8333,13.4282,near<15m
nuscenes,scene-0103_038,baseline,baseline,0.0000,1,Bicycle,16.0772,0,0.0000,True,11,1.0000,0.0000,mid15-30m
nuscenes,scene-0103_038,baseline,baseline,0.0000,3,Car,23.0956,0,0.0000,True,46,1.0000,0.0000,mid15-30m
nuscenes,scene-0103_038,baseline,baseline,0.0000,5,Car,18.8089,0,0.0000,True,56,1.0000,0.0000,mid15-30m
nuscenes,scene-0103_038,baseline,baseline,0.0000,7,Car,5.6515,0,0.8922,False,585,0.3436,0.0000,near<15m
nuscenes,scene-0103_038,baseline,baseline,0.0000,8,Car,27.3645,0,0.0000,True,11,1.0000,0.0000,mid15-30m
nuscenes,scene-0103_038,baseline,baseline,0.0000,11,Car,24.5530,0,0.0000,True,14,1.0000,0.0000,mid15-30m
nuscenes,scene-0103_038,baseline,baseline,0.0000,12,Car,8.3843,0,0.9004,False,378,0.0582,0.0000,near<15m
nuscenes,scene-0103_038,yaw_0.5deg,yaw,0.5000,1,Bicycle,16.0772,0,0.0000,True,11,1.0000,13.9579,mid15-30m
nuscenes,scene-0103_038,yaw_0.5deg,yaw,0.5000,3,Car,23.0956,0,0.0000,True,46,1.0000,13.1724,mid15-30m
nuscenes,scene-0103_038,yaw_0.5deg,yaw,0.5000,5,Car,18.8089,0,0.0000,True,56,1.0000,12.5208,mid15-30m
nuscenes,scene-0103_038,yaw_0.5deg,yaw,0.5000,7,Car,5.6515,0,0.8922,False,585,0.3282,20.7754,near<15m
nuscenes,scene-0103_038,yaw_0.5deg,yaw,0.5000,8,Car,27.3645,0,0.0000,True,11,1.0000,12.4150,mid15-30m
nuscenes,scene-0103_038,yaw_0.5deg,yaw,0.5000,11,Car,24.5530,0,0.0000,True,14,1.0000,11.7085,mid15-30m
nuscenes,scene-0103_038,yaw_0.5deg,yaw,0.5000,12,Car,8.3843,0,0.9004,False,378,0.0767,21.5178,near<15m
nuscenes,scene-0103_038,pitch_0.5deg,pitch,0.5000,1,Bicycle,16.0772,0,0.0000,True,11,1.0000,11.4094,mid15-30m
nuscenes,scene-0103_038,pitch_0.5deg,pitch,0.5000,3,Car,23.0956,0,0.0000,True,46,1.0000,11.1615,mid15-30m
nuscenes,scene-0103_038,pitch_0.5deg,pitch,0.5000,5,Car,18.8089,0,0.0000,True,56,1.0000,11.3339,mid15-30m
nuscenes,scene-0103_038,pitch_0.5deg,pitch,0.5000,7,Car,5.6515,0,0.8922,False,585,0.3368,14.1492,near<15m
nuscenes,scene-0103_038,pitch_0.5deg,pitch,0.5000,8,Car,27.3645,0,0.0000,True,11,1.0000,11.1275,mid15-30m
nuscenes,scene-0103_038,pitch_0.5deg,pitch,0.5000,11,Car,24.5530,0,0.0000,True,14,1.0000,11.2027,mid15-30m
nuscenes,scene-0103_038,pitch_0.5deg,pitch,0.5000,12,Car,8.3843,0,0.9004,False,378,0.0582,12.4742,near<15m
nuscenes,scene-0103_038,roll_0.5deg,roll,0.5000,1,Bicycle,16.0772,0,0.0000,True,11,1.0000,5.3545,mid15-30m
nuscenes,scene-0103_038,roll_0.5deg,roll,0.5000,3,Car,23.0956,0,0.0000,True,46,1.0000,4.7262,mid15-30m
nuscenes,scene-0103_038,roll_0.5deg,roll,0.5000,5,Car,18.8089,0,0.0000,True,56,1.0000,3.6479,mid15-30m
nuscenes,scene-0103_038,roll_0.5deg,roll,0.5000,7,Car,5.6515,0,0.8922,False,585,0.3470,9.7166,near<15m
nuscenes,scene-0103_038,roll_0.5deg,roll,0.5000,8,Car,27.3645,0,0.0000,True,11,1.0000,3.8046,mid15-30m
nuscenes,scene-0103_038,roll_0.5deg,roll,0.5000,11,Car,24.5530,0,0.0000,True,14,1.0000,2.3869,mid15-30m
nuscenes,scene-0103_038,roll_0.5deg,roll,0.5000,12,Car,8.3843,0,0.9004,False,378,0.0582,10.1016,near<15m
nuscenes,scene-0103_038,yaw_1.0deg,yaw,1.0000,1,Bicycle,16.0772,0,0.0000,True,11,0.9091,27.7960,mid15-30m
nuscenes,scene-0103_038,yaw_1.0deg,yaw,1.0000,3,Car,23.0956,0,0.0000,True,46,0.9783,26.4453,mid15-30m
nuscenes,scene-0103_038,yaw_1.0deg,yaw,1.0000,5,Car,18.8089,0,0.0000,True,56,0.9643,24.9679,mid15-30m
nuscenes,scene-0103_038,yaw_1.0deg,yaw,1.0000,7,Car,5.6515,0,0.8922,False,585,0.3009,41.8963,near<15m
nuscenes,scene-0103_038,yaw_1.0deg,yaw,1.0000,8,Car,27.3645,0,0.0000,True,11,1.0000,24.9057,mid15-30m
nuscenes,scene-0103_038,yaw_1.0deg,yaw,1.0000,11,Car,24.5530,0,0.0000,True,14,1.0000,23.3719,mid15-30m
nuscenes,scene-0103_038,yaw_1.0deg,yaw,1.0000,12,Car,8.3843,0,0.9004,False,378,0.0873,42.6760,near<15m
nuscenes,scene-0103_038,pitch_1.0deg,pitch,1.0000,1,Bicycle,16.0772,0,0.0000,True,11,0.8182,22.8391,mid15-30m
nuscenes,scene-0103_038,pitch_1.0deg,pitch,1.0000,3,Car,23.0956,0,0.0000,True,46,1.0000,22.3375,mid15-30m
nuscenes,scene-0103_038,pitch_1.0deg,pitch,1.0000,5,Car,18.8089,0,0.0000,True,56,0.6786,22.6849,mid15-30m
nuscenes,scene-0103_038,pitch_1.0deg,pitch,1.0000,7,Car,5.6515,0,0.8922,False,585,0.3368,28.4183,near<15m
nuscenes,scene-0103_038,pitch_1.0deg,pitch,1.0000,8,Car,27.3645,0,0.0000,True,11,1.0000,22.2686,mid15-30m
nuscenes,scene-0103_038,pitch_1.0deg,pitch,1.0000,11,Car,24.5530,0,0.0000,True,14,0.7143,22.4175,mid15-30m
nuscenes,scene-0103_038,pitch_1.0deg,pitch,1.0000,12,Car,8.3843,0,0.9004,False,378,0.0556,25.0047,near<15m
nuscenes,scene-0103_038,roll_1.0deg,roll,1.0000,1,Bicycle,16.0772,0,0.0000,True,11,1.0000,10.7101,mid15-30m
nuscenes,scene-0103_038,roll_1.0deg,roll,1.0000,3,Car,23.0956,0,0.0000,True,46,1.0000,9.4514,mid15-30m
nuscenes,scene-0103_038,roll_1.0deg,roll,1.0000,5,Car,18.8089,0,0.0000,True,56,1.0000,7.2963,mid15-30m
nuscenes,scene-0103_038,roll_1.0deg,roll,1.0000,7,Car,5.6515,0,0.8922,False,585,0.3470,19.4284,near<15m
nuscenes,scene-0103_038,roll_1.0deg,roll,1.0000,8,Car,27.3645,0,0.0000,True,11,1.0000,7.6085,mid15-30m
nuscenes,scene-0103_038,roll_1.0deg,roll,1.0000,11,Car,24.5530,0,0.0000,True,14,1.0000,4.7740,mid15-30m
nuscenes,scene-0103_038,roll_1.0deg,roll,1.0000,12,Car,8.3843,0,0.9004,False,378,0.0608,20.2074,near<15m
nuscenes,scene-0103_038,yaw_2.0deg,yaw,2.0000,1,Bicycle,16.0772,0,0.0000,True,11,0.4545,55.1279,mid15-30m
nuscenes,scene-0103_038,yaw_2.0deg,yaw,2.0000,3,Car,23.0956,0,0.0000,True,46,0.9130,53.3052,mid15-30m
nuscenes,scene-0103_038,yaw_2.0deg,yaw,2.0000,5,Car,18.8089,0,0.0000,True,56,0.9286,49.6519,mid15-30m
nuscenes,scene-0103_038,yaw_2.0deg,yaw,2.0000,7,Car,5.6515,0,0.8922,False,585,0.2667,85.2276,near<15m
nuscenes,scene-0103_038,yaw_2.0deg,yaw,2.0000,8,Car,27.3645,0,0.0000,True,11,1.0000,50.1249,mid15-30m
nuscenes,scene-0103_038,yaw_2.0deg,yaw,2.0000,11,Car,24.5530,0,0.0000,True,14,0.6429,46.5717,mid15-30m
nuscenes,scene-0103_038,yaw_2.0deg,yaw,2.0000,12,Car,8.3843,0,0.9004,False,378,0.1058,83.9638,near<15m
nuscenes,scene-0103_038,pitch_2.0deg,pitch,2.0000,1,Bicycle,16.0772,0,0.0000,True,11,0.5455,45.7675,mid15-30m
nuscenes,scene-0103_038,pitch_2.0deg,pitch,2.0000,3,Car,23.0956,0,0.0000,True,46,0.9348,44.7404,mid15-30m
nuscenes,scene-0103_038,pitch_2.0deg,pitch,2.0000,5,Car,18.8089,0,0.0000,True,56,0.6786,45.4463,mid15-30m
nuscenes,scene-0103_038,pitch_2.0deg,pitch,2.0000,7,Car,5.6515,0,0.8922,False,585,0.3162,57.3339,near<15m
nuscenes,scene-0103_038,pitch_2.0deg,pitch,2.0000,8,Car,27.3645,0,0.0000,True,11,0.5455,44.5991,mid15-30m
nuscenes,scene-0103_038,pitch_2.0deg,pitch,2.0000,11,Car,24.5530,0,0.0000,True,14,0.2143,44.8905,mid15-30m
nuscenes,scene-0103_038,pitch_2.0deg,pitch,2.0000,12,Car,8.3843,0,0.9004,False,378,0.0556,50.2470,near<15m
nuscenes,scene-0103_038,roll_2.0deg,roll,2.0000,1,Bicycle,16.0772,0,0.0000,True,11,1.0000,21.4242,mid15-30m
nuscenes,scene-0103_038,roll_2.0deg,roll,2.0000,3,Car,23.0956,0,0.0000,True,46,0.8261,18.8981,mid15-30m
nuscenes,scene-0103_038,roll_2.0deg,roll,2.0000,5,Car,18.8089,0,0.0000,True,56,1.0000,14.5943,mid15-30m
nuscenes,scene-0103_038,roll_2.0deg,roll,2.0000,7,Car,5.6515,0,0.8922,False,585,0.3282,38.8368,near<15m
nuscenes,scene-0103_038,roll_2.0deg,roll,2.0000,8,Car,27.3645,0,0.0000,True,11,1.0000,15.2139,mid15-30m
nuscenes,scene-0103_038,roll_2.0deg,roll,2.0000,11,Car,24.5530,0,0.0000,True,14,1.0000,9.5486,mid15-30m
nuscenes,scene-0103_038,roll_2.0deg,roll,2.0000,12,Car,8.3843,0,0.9004,False,378,0.0661,40.4305,near<15m
nuscenes,scene-0103_038,yaw_3.0deg,yaw,3.0000,1,Bicycle,16.0772,0,0.0000,True,11,0.0909,82.0239,mid15-30m
nuscenes,scene-0103_038,yaw_3.0deg,yaw,3.0000,3,Car,23.0956,0,0.0000,True,46,0.8043,80.6068,mid15-30m
nuscenes,scene-0103_038,yaw_3.0deg,yaw,3.0000,5,Car,18.8089,0,0.0000,True,56,0.8571,74.0722,mid15-30m
nuscenes,scene-0103_038,yaw_3.0deg,yaw,3.0000,7,Car,5.6515,0,0.8922,False,585,0.2274,130.1072,near<15m
nuscenes,scene-0103_038,yaw_3.0deg,yaw,3.0000,8,Car,27.3645,0,0.0000,True,11,0.8182,75.6797,mid15-30m
nuscenes,scene-0103_038,yaw_3.0deg,yaw,3.0000,11,Car,24.5530,0,0.0000,True,14,0.4286,69.6158,mid15-30m
nuscenes,scene-0103_038,yaw_3.0deg,yaw,3.0000,12,Car,8.3843,0,0.9004,False,378,0.1138,123.9583,near<15m
nuscenes,scene-0103_038,pitch_3.0deg,pitch,3.0000,1,Bicycle,16.0772,0,0.0000,True,11,0.1818,68.8018,mid15-30m
nuscenes,scene-0103_038,pitch_3.0deg,pitch,3.0000,3,Car,23.0956,0,0.0000,True,46,0.5000,67.2241,mid15-30m
nuscenes,scene-0103_038,pitch_3.0deg,pitch,3.0000,5,Car,18.8089,0,0.0000,True,56,0.3393,68.2997,mid15-30m
nuscenes,scene-0103_038,pitch_3.0deg,pitch,3.0000,7,Car,5.6515,0,0.8922,False,585,0.3111,86.7841,near<15m
nuscenes,scene-0103_038,pitch_3.0deg,pitch,3.0000,8,Car,27.3645,0,0.0000,True,11,0.1818,67.0064,mid15-30m
nuscenes,scene-0103_038,pitch_3.0deg,pitch,3.0000,11,Car,24.5530,0,0.0000,True,14,0.2143,67.4337,mid15-30m
nuscenes,scene-0103_038,pitch_3.0deg,pitch,3.0000,12,Car,8.3843,0,0.9004,False,378,0.0503,75.7520,near<15m
nuscenes,scene-0103_038,roll_3.0deg,roll,3.0000,1,Bicycle,16.0772,0,0.0000,True,11,0.5455,32.1412,mid15-30m
nuscenes,scene-0103_038,roll_3.0deg,roll,3.0000,3,Car,23.0956,0,0.0000,True,46,0.7826,28.3394,mid15-30m
nuscenes,scene-0103_038,roll_3.0deg,roll,3.0000,5,Car,18.8089,0,0.0000,True,56,0.7857,21.8933,mid15-30m
nuscenes,scene-0103_038,roll_3.0deg,roll,3.0000,7,Car,5.6515,0,0.8922,False,585,0.3060,58.2238,near<15m
nuscenes,scene-0103_038,roll_3.0deg,roll,3.0000,8,Car,27.3645,0,0.0000,True,11,1.0000,22.8156,mid15-30m
nuscenes,scene-0103_038,roll_3.0deg,roll,3.0000,11,Car,24.5530,0,0.0000,True,14,0.7143,14.3234,mid15-30m
nuscenes,scene-0103_038,roll_3.0deg,roll,3.0000,12,Car,8.3843,0,0.9004,False,378,0.0661,60.6678,near<15m
nuscenes,scene-0103_038,tfwd_2cm,tfwd,2.0000,1,Bicycle,16.0772,0,0.0000,True,11,1.0000,0.8478,mid15-30m
nuscenes,scene-0103_038,tfwd_2cm,tfwd,2.0000,3,Car,23.0956,0,0.0000,True,46,1.0000,0.5184,mid15-30m
nuscenes,scene-0103_038,tfwd_2cm,tfwd,2.0000,5,Car,18.8089,0,0.0000,True,56,1.0000,0.5156,mid15-30m
nuscenes,scene-0103_038,tfwd_2cm,tfwd,2.0000,7,Car,5.6515,0,0.8922,False,585,0.3538,6.3379,near<15m
nuscenes,scene-0103_038,tfwd_2cm,tfwd,2.0000,8,Car,27.3645,0,0.0000,True,11,1.0000,0.3462,mid15-30m
nuscenes,scene-0103_038,tfwd_2cm,tfwd,2.0000,11,Car,24.5530,0,0.0000,True,14,1.0000,0.2413,mid15-30m
nuscenes,scene-0103_038,tfwd_2cm,tfwd,2.0000,12,Car,8.3843,0,0.9004,False,378,0.0608,4.4565,near<15m
nuscenes,scene-0103_038,tleft_2cm,tleft,2.0000,1,Bicycle,16.0772,0,0.0000,True,11,1.0000,1.7462,mid15-30m
nuscenes,scene-0103_038,tleft_2cm,tleft,2.0000,3,Car,23.0956,0,0.0000,True,46,1.0000,1.1952,mid15-30m
nuscenes,scene-0103_038,tleft_2cm,tleft,2.0000,5,Car,18.8089,0,0.0000,True,56,1.0000,1.5503,mid15-30m
nuscenes,scene-0103_038,tleft_2cm,tleft,2.0000,7,Car,5.6515,0,0.8922,False,585,0.3402,6.8520,near<15m
nuscenes,scene-0103_038,tleft_2cm,tleft,2.0000,8,Car,27.3645,0,0.0000,True,11,1.0000,0.9946,mid15-30m
nuscenes,scene-0103_038,tleft_2cm,tleft,2.0000,11,Car,24.5530,0,0.0000,True,14,1.0000,1.1055,mid15-30m
nuscenes,scene-0103_038,tleft_2cm,tleft,2.0000,12,Car,8.3843,0,0.9004,False,378,0.0661,4.7688,near<15m
nuscenes,scene-0103_038,tup_2cm,tup,2.0000,1,Bicycle,16.0772,0,0.0000,True,11,1.0000,1.7413,mid15-30m
nuscenes,scene-0103_038,tup_2cm,tup,2.0000,3,Car,23.0956,0,0.0000,True,46,1.0000,1.2024,mid15-30m
nuscenes,scene-0103_038,tup_2cm,tup,2.0000,5,Car,18.8089,0,0.0000,True,56,1.0000,1.5477,mid15-30m
nuscenes,scene-0103_038,tup_2cm,tup,2.0000,7,Car,5.6515,0,0.8922,False,585,0.3487,7.0259,near<15m
nuscenes,scene-0103_038,tup_2cm,tup,2.0000,8,Car,27.3645,0,0.0000,True,11,1.0000,0.9997,mid15-30m
nuscenes,scene-0103_038,tup_2cm,tup,2.0000,11,Car,24.5530,0,0.0000,True,14,1.0000,1.1038,mid15-30m
nuscenes,scene-0103_038,tup_2cm,tup,2.0000,12,Car,8.3843,0,0.9004,False,378,0.0582,4.7523,near<15m
nuscenes,scene-0103_038,tfwd_5cm,tfwd,5.0000,1,Bicycle,16.0772,0,0.0000,True,11,1.0000,2.1152,mid15-30m
nuscenes,scene-0103_038,tfwd_5cm,tfwd,5.0000,3,Car,23.0956,0,0.0000,True,46,1.0000,1.2940,mid15-30m
nuscenes,scene-0103_038,tfwd_5cm,tfwd,5.0000,5,Car,18.8089,0,0.0000,True,56,1.0000,1.2866,mid15-30m
nuscenes,scene-0103_038,tfwd_5cm,tfwd,5.0000,7,Car,5.6515,0,0.8922,False,585,0.3607,15.7000,near<15m
nuscenes,scene-0103_038,tfwd_5cm,tfwd,5.0000,8,Car,27.3645,0,0.0000,True,11,1.0000,0.8645,mid15-30m
nuscenes,scene-0103_038,tfwd_5cm,tfwd,5.0000,11,Car,24.5530,0,0.0000,True,14,1.0000,0.6026,mid15-30m
nuscenes,scene-0103_038,tfwd_5cm,tfwd,5.0000,12,Car,8.3843,0,0.9004,False,378,0.0661,11.0757,near<15m
nuscenes,scene-0103_038,tleft_5cm,tleft,5.0000,1,Bicycle,16.0772,0,0.0000,True,11,1.0000,4.3654,mid15-30m
nuscenes,scene-0103_038,tleft_5cm,tleft,5.0000,3,Car,23.0956,0,0.0000,True,46,1.0000,2.9878,mid15-30m
nuscenes,scene-0103_038,tleft_5cm,tleft,5.0000,5,Car,18.8089,0,0.0000,True,56,1.0000,3.8757,mid15-30m
nuscenes,scene-0103_038,tleft_5cm,tleft,5.0000,7,Car,5.6515,0,0.8922,False,585,0.3299,17.1284,near<15m
nuscenes,scene-0103_038,tleft_5cm,tleft,5.0000,8,Car,27.3645,0,0.0000,True,11,1.0000,2.4865,mid15-30m
nuscenes,scene-0103_038,tleft_5cm,tleft,5.0000,11,Car,24.5530,0,0.0000,True,14,1.0000,2.7638,mid15-30m
nuscenes,scene-0103_038,tleft_5cm,tleft,5.0000,12,Car,8.3843,0,0.9004,False,378,0.0661,11.9212,near<15m
nuscenes,scene-0103_038,tup_5cm,tup,5.0000,1,Bicycle,16.0772,0,0.0000,True,11,1.0000,4.3527,mid15-30m
nuscenes,scene-0103_038,tup_5cm,tup,5.0000,3,Car,23.0956,0,0.0000,True,46,1.0000,3.0058,mid15-30m
nuscenes,scene-0103_038,tup_5cm,tup,5.0000,5,Car,18.8089,0,0.0000,True,56,1.0000,3.8688,mid15-30m
nuscenes,scene-0103_038,tup_5cm,tup,5.0000,7,Car,5.6515,0,0.8922,False,585,0.3487,17.5565,near<15m
nuscenes,scene-0103_038,tup_5cm,tup,5.0000,8,Car,27.3645,0,0.0000,True,11,1.0000,2.4990,mid15-30m
nuscenes,scene-0103_038,tup_5cm,tup,5.0000,11,Car,24.5530,0,0.0000,True,14,1.0000,2.7594,mid15-30m
nuscenes,scene-0103_038,tup_5cm,tup,5.0000,12,Car,8.3843,0,0.9004,False,378,0.0582,11.8770,near<15m
nuscenes,scene-0103_038,tfwd_10cm,tfwd,10.0000,1,Bicycle,16.0772,0,0.0000,True,11,1.0000,4.2159,mid15-30m
nuscenes,scene-0103_038,tfwd_10cm,tfwd,10.0000,3,Car,23.0956,0,0.0000,True,46,1.0000,2.5818,mid15-30m
nuscenes,scene-0103_038,tfwd_10cm,tfwd,10.0000,5,Car,18.8089,0,0.0000,True,56,1.0000,2.5653,mid15-30m
nuscenes,scene-0103_038,tfwd_10cm,tfwd,10.0000,7,Car,5.6515,0,0.8922,False,585,0.3761,30.9291,near<15m
nuscenes,scene-0103_038,tfwd_10cm,tfwd,10.0000,8,Car,27.3645,0,0.0000,True,11,1.0000,1.7257,mid15-30m
nuscenes,scene-0103_038,tfwd_10cm,tfwd,10.0000,11,Car,24.5530,0,0.0000,True,14,1.0000,1.2025,mid15-30m
nuscenes,scene-0103_038,tfwd_10cm,tfwd,10.0000,12,Car,8.3843,0,0.9004,False,378,0.0661,21.9364,near<15m
nuscenes,scene-0103_038,tleft_10cm,tleft,10.0000,1,Bicycle,16.0772,0,0.0000,True,11,1.0000,8.7305,mid15-30m
nuscenes,scene-0103_038,tleft_10cm,tleft,10.0000,3,Car,23.0956,0,0.0000,True,46,1.0000,5.9755,mid15-30m
nuscenes,scene-0103_038,tleft_10cm,tleft,10.0000,5,Car,18.8089,0,0.0000,True,56,1.0000,7.7512,mid15-30m
nuscenes,scene-0103_038,tleft_10cm,tleft,10.0000,7,Car,5.6515,0,0.8922,False,585,0.3128,34.2514,near<15m
nuscenes,scene-0103_038,tleft_10cm,tleft,10.0000,8,Car,27.3645,0,0.0000,True,11,1.0000,4.9730,mid15-30m
nuscenes,scene-0103_038,tleft_10cm,tleft,10.0000,11,Car,24.5530,0,0.0000,True,14,1.0000,5.5274,mid15-30m
nuscenes,scene-0103_038,tleft_10cm,tleft,10.0000,12,Car,8.3843,0,0.9004,False,378,0.0767,23.8400,near<15m
nuscenes,scene-0103_038,tup_10cm,tup,10.0000,1,Bicycle,16.0772,0,0.0000,True,11,1.0000,8.7038,mid15-30m
nuscenes,scene-0103_038,tup_10cm,tup,10.0000,3,Car,23.0956,0,0.0000,True,46,1.0000,6.0109,mid15-30m
nuscenes,scene-0103_038,tup_10cm,tup,10.0000,5,Car,18.8089,0,0.0000,True,56,1.0000,7.7364,mid15-30m
nuscenes,scene-0103_038,tup_10cm,tup,10.0000,7,Car,5.6515,0,0.8922,False,585,0.3436,35.0855,near<15m
nuscenes,scene-0103_038,tup_10cm,tup,10.0000,8,Car,27.3645,0,0.0000,True,11,1.0000,4.9975,mid15-30m
nuscenes,scene-0103_038,tup_10cm,tup,10.0000,11,Car,24.5530,0,0.0000,True,14,1.0000,5.5182,mid15-30m
nuscenes,scene-0103_038,tup_10cm,tup,10.0000,12,Car,8.3843,0,0.9004,False,378,0.0582,23.7417,near<15m
nuscenes,scene-0103_039,baseline,baseline,0.0000,2,Car,19.3704,0,0.0081,True,74,1.0000,0.0000,mid15-30m
nuscenes,scene-0103_039,baseline,baseline,0.0000,3,Car,14.8700,0,0.0000,True,93,1.0000,0.0000,near<15m
nuscenes,scene-0103_039,baseline,baseline,0.0000,5,Car,23.4810,0,0.0000,True,20,1.0000,0.0000,mid15-30m
nuscenes,scene-0103_039,baseline,baseline,0.0000,7,Car,20.5097,0,0.0000,True,40,1.0000,0.0000,mid15-30m
nuscenes,scene-0103_039,yaw_0.5deg,yaw,0.5000,2,Car,19.3704,0,0.0081,True,74,1.0000,14.4702,mid15-30m
nuscenes,scene-0103_039,yaw_0.5deg,yaw,0.5000,3,Car,14.8700,0,0.0000,True,93,0.9892,13.4181,near<15m
nuscenes,scene-0103_039,yaw_0.5deg,yaw,0.5000,5,Car,23.4810,0,0.0000,True,20,1.0000,12.9226,mid15-30m
nuscenes,scene-0103_039,yaw_0.5deg,yaw,0.5000,7,Car,20.5097,0,0.0000,True,40,1.0000,12.1376,mid15-30m
nuscenes,scene-0103_039,pitch_0.5deg,pitch,0.5000,2,Car,19.3704,0,0.0081,True,74,1.0000,11.2960,mid15-30m
nuscenes,scene-0103_039,pitch_0.5deg,pitch,0.5000,3,Car,14.8700,0,0.0000,True,93,1.0000,11.4998,near<15m
nuscenes,scene-0103_039,pitch_0.5deg,pitch,0.5000,5,Car,23.4810,0,0.0000,True,20,1.0000,11.1979,mid15-30m
nuscenes,scene-0103_039,pitch_0.5deg,pitch,0.5000,7,Car,20.5097,0,0.0000,True,40,1.0000,11.2816,mid15-30m
nuscenes,scene-0103_039,roll_0.5deg,roll,0.5000,2,Car,19.3704,0,0.0081,True,74,1.0000,5.9844,mid15-30m
nuscenes,scene-0103_039,roll_0.5deg,roll,0.5000,3,Car,14.8700,0,0.0000,True,93,1.0000,4.6624,near<15m
nuscenes,scene-0103_039,roll_0.5deg,roll,0.5000,5,Car,23.4810,0,0.0000,True,20,1.0000,4.4260,mid15-30m
nuscenes,scene-0103_039,roll_0.5deg,roll,0.5000,7,Car,20.5097,0,0.0000,True,40,1.0000,3.1084,mid15-30m
nuscenes,scene-0103_039,yaw_1.0deg,yaw,1.0000,2,Car,19.3704,0,0.0081,True,74,0.9730,29.0806,mid15-30m
nuscenes,scene-0103_039,yaw_1.0deg,yaw,1.0000,3,Car,14.8700,0,0.0000,True,93,0.9677,26.7354,near<15m
nuscenes,scene-0103_039,yaw_1.0deg,yaw,1.0000,5,Car,23.4810,0,0.0000,True,20,1.0000,25.9371,mid15-30m
nuscenes,scene-0103_039,yaw_1.0deg,yaw,1.0000,7,Car,20.5097,0,0.0000,True,40,1.0000,24.2145,mid15-30m
nuscenes,scene-0103_039,pitch_1.0deg,pitch,1.0000,2,Car,19.3704,0,0.0081,True,74,0.9730,22.6157,mid15-30m
nuscenes,scene-0103_039,pitch_1.0deg,pitch,1.0000,3,Car,14.8700,0,0.0000,True,93,1.0000,23.0230,near<15m
nuscenes,scene-0103_039,pitch_1.0deg,pitch,1.0000,5,Car,23.4810,0,0.0000,True,20,1.0000,22.4136,mid15-30m
nuscenes,scene-0103_039,pitch_1.0deg,pitch,1.0000,7,Car,20.5097,0,0.0000,True,40,0.8000,22.5770,mid15-30m
nuscenes,scene-0103_039,roll_1.0deg,roll,1.0000,2,Car,19.3704,0,0.0081,True,74,1.0000,11.9671,mid15-30m
nuscenes,scene-0103_039,roll_1.0deg,roll,1.0000,3,Car,14.8700,0,0.0000,True,93,1.0000,9.3257,near<15m
nuscenes,scene-0103_039,roll_1.0deg,roll,1.0000,5,Car,23.4810,0,0.0000,True,20,1.0000,8.8510,mid15-30m
nuscenes,scene-0103_039,roll_1.0deg,roll,1.0000,7,Car,20.5097,0,0.0000,True,40,1.0000,6.2170,mid15-30m
nuscenes,scene-0103_039,yaw_2.0deg,yaw,2.0000,2,Car,19.3704,0,0.0081,True,74,0.9324,58.7395,mid15-30m
nuscenes,scene-0103_039,yaw_2.0deg,yaw,2.0000,3,Car,14.8700,0,0.0000,True,93,0.9140,53.0805,near<15m
nuscenes,scene-0103_039,yaw_2.0deg,yaw,2.0000,5,Car,23.4810,0,0.0000,True,20,1.0000,52.2540,mid15-30m
nuscenes,scene-0103_039,yaw_2.0deg,yaw,2.0000,7,Car,20.5097,0,0.0000,True,40,0.8750,48.1957,mid15-30m
nuscenes,scene-0103_039,pitch_2.0deg,pitch,2.0000,2,Car,19.3704,0,0.0081,True,74,0.8919,45.3344,mid15-30m
nuscenes,scene-0103_039,pitch_2.0deg,pitch,2.0000,3,Car,14.8700,0,0.0000,True,93,0.9785,46.1482,near<15m
nuscenes,scene-0103_039,pitch_2.0deg,pitch,2.0000,5,Car,23.4810,0,0.0000,True,20,0.5500,44.9058,mid15-30m
nuscenes,scene-0103_039,pitch_2.0deg,pitch,2.0000,7,Car,20.5097,0,0.0000,True,40,0.8000,45.2162,mid15-30m
nuscenes,scene-0103_039,roll_2.0deg,roll,2.0000,2,Car,19.3704,0,0.0081,True,74,1.0000,23.9269,mid15-30m
nuscenes,scene-0103_039,roll_2.0deg,roll,2.0000,3,Car,14.8700,0,0.0000,True,93,1.0000,18.6542,near<15m
nuscenes,scene-0103_039,roll_2.0deg,roll,2.0000,5,Car,23.4810,0,0.0000,True,20,1.0000,17.6978,mid15-30m
nuscenes,scene-0103_039,roll_2.0deg,roll,2.0000,7,Car,20.5097,0,0.0000,True,40,1.0000,12.4352,mid15-30m
nuscenes,scene-0103_039,yaw_3.0deg,yaw,3.0000,2,Car,19.3704,0,0.0081,True,74,0.8243,89.0137,mid15-30m
nuscenes,scene-0103_039,yaw_3.0deg,yaw,3.0000,3,Car,14.8700,0,0.0000,True,93,0.8280,79.0605,near<15m
nuscenes,scene-0103_039,yaw_3.0deg,yaw,3.0000,5,Car,23.4810,0,0.0000,True,20,0.9500,78.9760,mid15-30m
nuscenes,scene-0103_039,yaw_3.0deg,yaw,3.0000,7,Car,20.5097,0,0.0000,True,40,0.6750,71.9619,mid15-30m
nuscenes,scene-0103_039,pitch_3.0deg,pitch,3.0000,2,Car,19.3704,0,0.0081,True,74,0.7297,68.1725,mid15-30m
nuscenes,scene-0103_039,pitch_3.0deg,pitch,3.0000,3,Car,14.8700,0,0.0000,True,93,0.6882,69.3921,near<15m
nuscenes,scene-0103_039,pitch_3.0deg,pitch,3.0000,5,Car,23.4810,0,0.0000,True,20,0.2500,67.4922,mid15-30m
nuscenes,scene-0103_039,pitch_3.0deg,pitch,3.0000,7,Car,20.5097,0,0.0000,True,40,0.5750,67.9327,mid15-30m
nuscenes,scene-0103_039,roll_3.0deg,roll,3.0000,2,Car,19.3704,0,0.0081,True,74,0.9459,35.8786,mid15-30m
nuscenes,scene-0103_039,roll_3.0deg,roll,3.0000,3,Car,14.8700,0,0.0000,True,93,1.0000,27.9848,near<15m
nuscenes,scene-0103_039,roll_3.0deg,roll,3.0000,5,Car,23.4810,0,0.0000,True,20,1.0000,26.5399,mid15-30m
nuscenes,scene-0103_039,roll_3.0deg,roll,3.0000,7,Car,20.5097,0,0.0000,True,40,1.0000,18.6540,mid15-30m
nuscenes,scene-0103_039,tfwd_2cm,tfwd,2.0000,2,Car,19.3704,0,0.0081,True,74,1.0000,0.8287,mid15-30m
nuscenes,scene-0103_039,tfwd_2cm,tfwd,2.0000,3,Car,14.8700,0,0.0000,True,93,1.0000,0.8640,near<15m
nuscenes,scene-0103_039,tfwd_2cm,tfwd,2.0000,5,Car,23.4810,0,0.0000,True,20,1.0000,0.4785,mid15-30m
nuscenes,scene-0103_039,tfwd_2cm,tfwd,2.0000,7,Car,20.5097,0,0.0000,True,40,1.0000,0.3896,mid15-30m
nuscenes,scene-0103_039,tleft_2cm,tleft,2.0000,2,Car,19.3704,0,0.0081,True,74,1.0000,1.5085,mid15-30m
nuscenes,scene-0103_039,tleft_2cm,tleft,2.0000,3,Car,14.8700,0,0.0000,True,93,1.0000,2.0300,near<15m
nuscenes,scene-0103_039,tleft_2cm,tleft,2.0000,5,Car,23.4810,0,0.0000,True,20,1.0000,1.1789,mid15-30m
nuscenes,scene-0103_039,tleft_2cm,tleft,2.0000,7,Car,20.5097,0,0.0000,True,40,1.0000,1.3768,mid15-30m
nuscenes,scene-0103_039,tup_2cm,tup,2.0000,2,Car,19.3704,0,0.0081,True,74,1.0000,1.5225,mid15-30m
nuscenes,scene-0103_039,tup_2cm,tup,2.0000,3,Car,14.8700,0,0.0000,True,93,1.0000,2.0269,near<15m
nuscenes,scene-0103_039,tup_2cm,tup,2.0000,5,Car,23.4810,0,0.0000,True,20,1.0000,1.1868,mid15-30m
nuscenes,scene-0103_039,tup_2cm,tup,2.0000,7,Car,20.5097,0,0.0000,True,40,1.0000,1.3741,mid15-30m
nuscenes,scene-0103_039,tfwd_5cm,tfwd,5.0000,2,Car,19.3704,0,0.0081,True,74,1.0000,2.0681,mid15-30m
nuscenes,scene-0103_039,tfwd_5cm,tfwd,5.0000,3,Car,14.8700,0,0.0000,True,93,1.0000,2.1548,near<15m
nuscenes,scene-0103_039,tfwd_5cm,tfwd,5.0000,5,Car,23.4810,0,0.0000,True,20,1.0000,1.1945,mid15-30m
nuscenes,scene-0103_039,tfwd_5cm,tfwd,5.0000,7,Car,20.5097,0,0.0000,True,40,1.0000,0.9724,mid15-30m
nuscenes,scene-0103_039,tleft_5cm,tleft,5.0000,2,Car,19.3704,0,0.0081,True,74,1.0000,3.7711,mid15-30m
nuscenes,scene-0103_039,tleft_5cm,tleft,5.0000,3,Car,14.8700,0,0.0000,True,93,1.0000,5.0749,near<15m
nuscenes,scene-0103_039,tleft_5cm,tleft,5.0000,5,Car,23.4810,0,0.0000,True,20,1.0000,2.9473,mid15-30m
nuscenes,scene-0103_039,tleft_5cm,tleft,5.0000,7,Car,20.5097,0,0.0000,True,40,1.0000,3.4419,mid15-30m
nuscenes,scene-0103_039,tup_5cm,tup,5.0000,2,Car,19.3704,0,0.0081,True,74,1.0000,3.8059,mid15-30m
nuscenes,scene-0103_039,tup_5cm,tup,5.0000,3,Car,14.8700,0,0.0000,True,93,1.0000,5.0667,near<15m
nuscenes,scene-0103_039,tup_5cm,tup,5.0000,5,Car,23.4810,0,0.0000,True,20,1.0000,2.9667,mid15-30m
nuscenes,scene-0103_039,tup_5cm,tup,5.0000,7,Car,20.5097,0,0.0000,True,40,1.0000,3.4349,mid15-30m
nuscenes,scene-0103_039,tfwd_10cm,tfwd,10.0000,2,Car,19.3704,0,0.0081,True,74,1.0000,4.1236,mid15-30m
nuscenes,scene-0103_039,tfwd_10cm,tfwd,10.0000,3,Car,14.8700,0,0.0000,True,93,1.0000,4.2921,near<15m
nuscenes,scene-0103_039,tfwd_10cm,tfwd,10.0000,5,Car,23.4810,0,0.0000,True,20,1.0000,2.3834,mid15-30m
nuscenes,scene-0103_039,tfwd_10cm,tfwd,10.0000,7,Car,20.5097,0,0.0000,True,40,1.0000,1.9394,mid15-30m
nuscenes,scene-0103_039,tleft_10cm,tleft,10.0000,2,Car,19.3704,0,0.0081,True,74,1.0000,7.5420,mid15-30m
nuscenes,scene-0103_039,tleft_10cm,tleft,10.0000,3,Car,14.8700,0,0.0000,True,93,0.9892,10.1494,near<15m
nuscenes,scene-0103_039,tleft_10cm,tleft,10.0000,5,Car,23.4810,0,0.0000,True,20,1.0000,5.8944,mid15-30m
nuscenes,scene-0103_039,tleft_10cm,tleft,10.0000,7,Car,20.5097,0,0.0000,True,40,1.0000,6.8835,mid15-30m
nuscenes,scene-0103_039,tup_10cm,tup,10.0000,2,Car,19.3704,0,0.0081,True,74,1.0000,7.6105,mid15-30m
nuscenes,scene-0103_039,tup_10cm,tup,10.0000,3,Car,14.8700,0,0.0000,True,93,1.0000,10.1312,near<15m
nuscenes,scene-0103_039,tup_10cm,tup,10.0000,5,Car,23.4810,0,0.0000,True,20,1.0000,5.9326,mid15-30m
nuscenes,scene-0103_039,tup_10cm,tup,10.0000,7,Car,20.5097,0,0.0000,True,40,1.0000,6.8689,mid15-30m
nuscenes,scene-1094_000,baseline,baseline,0.0000,1,Car,24.9216,0,0.0000,True,33,1.0000,0.0000,mid15-30m
nuscenes,scene-1094_000,baseline,baseline,0.0000,3,Car,7.3726,0,0.0538,True,456,1.0000,0.0000,near<15m
nuscenes,scene-1094_000,baseline,baseline,0.0000,11,Car,30.6222,0,0.0000,True,61,1.0000,0.0000,far>30m
nuscenes,scene-1094_000,baseline,baseline,0.0000,12,Pedestrian,13.9824,0,0.0000,True,11,1.0000,0.0000,near<15m
nuscenes,scene-1094_000,yaw_0.5deg,yaw,0.5000,1,Car,24.9216,0,0.0000,True,33,0.9697,14.0178,mid15-30m
nuscenes,scene-1094_000,yaw_0.5deg,yaw,0.5000,3,Car,7.3726,0,0.0538,True,456,1.0000,12.6755,near<15m
nuscenes,scene-1094_000,yaw_0.5deg,yaw,0.5000,11,Car,30.6222,0,0.0000,True,61,1.0000,12.6199,far>30m
nuscenes,scene-1094_000,yaw_0.5deg,yaw,0.5000,12,Pedestrian,13.9824,0,0.0000,True,11,1.0000,12.3843,near<15m
nuscenes,scene-1094_000,pitch_0.5deg,pitch,0.5000,1,Car,24.9216,0,0.0000,True,33,1.0000,11.4799,mid15-30m
nuscenes,scene-1094_000,pitch_0.5deg,pitch,0.5000,3,Car,7.3726,0,0.0538,True,456,1.0000,13.0359,near<15m
nuscenes,scene-1094_000,pitch_0.5deg,pitch,0.5000,11,Car,30.6222,0,0.0000,True,61,1.0000,11.3657,far>30m
nuscenes,scene-1094_000,pitch_0.5deg,pitch,0.5000,12,Pedestrian,13.9824,0,0.0000,True,11,1.0000,11.7850,near<15m
nuscenes,scene-1094_000,roll_0.5deg,roll,0.5000,1,Car,24.9216,0,0.0000,True,33,1.0000,5.3131,mid15-30m
nuscenes,scene-1094_000,roll_0.5deg,roll,0.5000,3,Car,7.3726,0,0.0538,True,456,1.0000,2.3816,near<15m
nuscenes,scene-1094_000,roll_0.5deg,roll,0.5000,11,Car,30.6222,0,0.0000,True,61,1.0000,3.7120,far>30m
nuscenes,scene-1094_000,roll_0.5deg,roll,0.5000,12,Pedestrian,13.9824,0,0.0000,True,11,1.0000,2.9413,near<15m
nuscenes,scene-1094_000,yaw_1.0deg,yaw,1.0000,1,Car,24.9216,0,0.0000,True,33,0.8485,28.1569,mid15-30m
nuscenes,scene-1094_000,yaw_1.0deg,yaw,1.0000,3,Car,7.3726,0,0.0538,True,456,0.9868,25.3493,near<15m
nuscenes,scene-1094_000,yaw_1.0deg,yaw,1.0000,11,Car,30.6222,0,0.0000,True,61,1.0000,25.3160,far>30m
nuscenes,scene-1094_000,yaw_1.0deg,yaw,1.0000,12,Pedestrian,13.9824,0,0.0000,True,11,1.0000,24.8255,near<15m
nuscenes,scene-1094_000,pitch_1.0deg,pitch,1.0000,1,Car,24.9216,0,0.0000,True,33,1.0000,22.9771,mid15-30m
nuscenes,scene-1094_000,pitch_1.0deg,pitch,1.0000,3,Car,7.3726,0,0.0538,True,456,1.0000,26.1206,near<15m
nuscenes,scene-1094_000,pitch_1.0deg,pitch,1.0000,11,Car,30.6222,0,0.0000,True,61,0.9016,22.7418,far>30m
nuscenes,scene-1094_000,pitch_1.0deg,pitch,1.0000,12,Pedestrian,13.9824,0,0.0000,True,11,1.0000,23.5933,near<15m
nuscenes,scene-1094_000,roll_1.0deg,roll,1.0000,1,Car,24.9216,0,0.0000,True,33,1.0000,10.6256,mid15-30m
nuscenes,scene-1094_000,roll_1.0deg,roll,1.0000,3,Car,7.3726,0,0.0538,True,456,1.0000,4.7630,near<15m
nuscenes,scene-1094_000,roll_1.0deg,roll,1.0000,11,Car,30.6222,0,0.0000,True,61,1.0000,7.4237,far>30m
nuscenes,scene-1094_000,roll_1.0deg,roll,1.0000,12,Pedestrian,13.9824,0,0.0000,True,11,1.0000,5.8825,near<15m
nuscenes,scene-1094_000,yaw_2.0deg,yaw,2.0000,1,Car,24.9216,0,0.0000,True,33,0.6061,56.8148,mid15-30m
nuscenes,scene-1094_000,yaw_2.0deg,yaw,2.0000,3,Car,7.3726,0,0.0538,True,456,0.9298,50.7016,near<15m
nuscenes,scene-1094_000,yaw_2.0deg,yaw,2.0000,11,Car,30.6222,0,0.0000,True,61,0.9672,50.9481,far>30m
nuscenes,scene-1094_000,yaw_2.0deg,yaw,2.0000,12,Pedestrian,13.9824,0,0.0000,True,11,1.0000,49.8879,near<15m
nuscenes,scene-1094_000,pitch_2.0deg,pitch,2.0000,1,Car,24.9216,0,0.0000,True,33,0.6970,46.0318,mid15-30m
nuscenes,scene-1094_000,pitch_2.0deg,pitch,2.0000,3,Car,7.3726,0,0.0538,True,456,0.8991,52.4472,near<15m
nuscenes,scene-1094_000,pitch_2.0deg,pitch,2.0000,11,Car,30.6222,0,0.0000,True,61,0.9016,45.5328,far>30m
nuscenes,scene-1094_000,pitch_2.0deg,pitch,2.0000,12,Pedestrian,13.9824,0,0.0000,True,11,0.8182,47.2882,near<15m
nuscenes,scene-1094_000,roll_2.0deg,roll,2.0000,1,Car,24.9216,0,0.0000,True,33,1.0000,21.2487,mid15-30m
nuscenes,scene-1094_000,roll_2.0deg,roll,2.0000,3,Car,7.3726,0,0.0538,True,456,1.0000,9.5257,near<15m
nuscenes,scene-1094_000,roll_2.0deg,roll,2.0000,11,Car,30.6222,0,0.0000,True,61,1.0000,14.8459,far>30m
nuscenes,scene-1094_000,roll_2.0deg,roll,2.0000,12,Pedestrian,13.9824,0,0.0000,True,11,1.0000,11.7640,near<15m
nuscenes,scene-1094_000,yaw_3.0deg,yaw,3.0000,1,Car,24.9216,0,0.0000,True,33,0.5152,86.0062,mid15-30m
nuscenes,scene-1094_000,yaw_3.0deg,yaw,3.0000,3,Car,7.3726,0,0.0538,True,456,0.8947,76.0761,near<15m
nuscenes,scene-1094_000,yaw_3.0deg,yaw,3.0000,11,Car,30.6222,0,0.0000,True,61,0.9180,76.9188,far>30m
nuscenes,scene-1094_000,yaw_3.0deg,yaw,3.0000,12,Pedestrian,13.9824,0,0.0000,True,11,0.2727,75.2076,near<15m
nuscenes,scene-1094_000,pitch_3.0deg,pitch,3.0000,1,Car,24.9216,0,0.0000,True,33,0.2121,69.1803,mid15-30m
nuscenes,scene-1094_000,pitch_3.0deg,pitch,3.0000,3,Car,7.3726,0,0.0538,True,456,0.7982,79.0024,near<15m
nuscenes,scene-1094_000,pitch_3.0deg,pitch,3.0000,11,Car,30.6222,0,0.0000,True,61,0.6721,68.3881,far>30m
nuscenes,scene-1094_000,pitch_3.0deg,pitch,3.0000,12,Pedestrian,13.9824,0,0.0000,True,11,0.8182,71.1016,near<15m
nuscenes,scene-1094_000,roll_3.0deg,roll,3.0000,1,Car,24.9216,0,0.0000,True,33,0.7879,31.8685,mid15-30m
nuscenes,scene-1094_000,roll_3.0deg,roll,3.0000,3,Car,7.3726,0,0.0538,True,456,0.9956,14.2875,near<15m
nuscenes,scene-1094_000,roll_3.0deg,roll,3.0000,11,Car,30.6222,0,0.0000,True,61,0.9344,22.2662,far>30m
nuscenes,scene-1094_000,roll_3.0deg,roll,3.0000,12,Pedestrian,13.9824,0,0.0000,True,11,1.0000,17.6441,near<15m
nuscenes,scene-1094_000,tfwd_2cm,tfwd,2.0000,1,Car,24.9216,0,0.0000,True,33,1.0000,0.5496,mid15-30m
nuscenes,scene-1094_000,tfwd_2cm,tfwd,2.0000,3,Car,7.3726,0,0.0538,True,456,1.0000,0.7743,near<15m
nuscenes,scene-1094_000,tfwd_2cm,tfwd,2.0000,11,Car,30.6222,0,0.0000,True,61,1.0000,0.3022,far>30m
nuscenes,scene-1094_000,tfwd_2cm,tfwd,2.0000,12,Pedestrian,13.9824,0,0.0000,True,11,1.0000,0.4850,near<15m
nuscenes,scene-1094_000,tleft_2cm,tleft,2.0000,1,Car,24.9216,0,0.0000,True,33,1.0000,1.1513,mid15-30m
nuscenes,scene-1094_000,tleft_2cm,tleft,2.0000,3,Car,7.3726,0,0.0538,True,456,1.0000,4.5531,near<15m
nuscenes,scene-1094_000,tleft_2cm,tleft,2.0000,11,Car,30.6222,0,0.0000,True,61,1.0000,0.9036,far>30m
nuscenes,scene-1094_000,tleft_2cm,tleft,2.0000,12,Pedestrian,13.9824,0,0.0000,True,11,1.0000,1.8776,near<15m
nuscenes,scene-1094_000,tup_2cm,tup,2.0000,1,Car,24.9216,0,0.0000,True,33,1.0000,1.1544,mid15-30m
nuscenes,scene-1094_000,tup_2cm,tup,2.0000,3,Car,7.3726,0,0.0538,True,456,1.0000,4.5651,near<15m
nuscenes,scene-1094_000,tup_2cm,tup,2.0000,11,Car,30.6222,0,0.0000,True,61,1.0000,0.9051,far>30m
nuscenes,scene-1094_000,tup_2cm,tup,2.0000,12,Pedestrian,13.9824,0,0.0000,True,11,1.0000,1.8820,near<15m
nuscenes,scene-1094_000,tfwd_5cm,tfwd,5.0000,1,Car,24.9216,0,0.0000,True,33,1.0000,1.3720,mid15-30m
nuscenes,scene-1094_000,tfwd_5cm,tfwd,5.0000,3,Car,7.3726,0,0.0538,True,456,1.0000,1.9255,near<15m
nuscenes,scene-1094_000,tfwd_5cm,tfwd,5.0000,11,Car,30.6222,0,0.0000,True,61,1.0000,0.7547,far>30m
nuscenes,scene-1094_000,tfwd_5cm,tfwd,5.0000,12,Pedestrian,13.9824,0,0.0000,True,11,1.0000,1.2099,near<15m
nuscenes,scene-1094_000,tleft_5cm,tleft,5.0000,1,Car,24.9216,0,0.0000,True,33,1.0000,2.8783,mid15-30m
nuscenes,scene-1094_000,tleft_5cm,tleft,5.0000,3,Car,7.3726,0,0.0538,True,456,1.0000,11.3825,near<15m
nuscenes,scene-1094_000,tleft_5cm,tleft,5.0000,11,Car,30.6222,0,0.0000,True,61,1.0000,2.2589,far>30m
nuscenes,scene-1094_000,tleft_5cm,tleft,5.0000,12,Pedestrian,13.9824,0,0.0000,True,11,1.0000,4.6940,near<15m
nuscenes,scene-1094_000,tup_5cm,tup,5.0000,1,Car,24.9216,0,0.0000,True,33,1.0000,2.8860,mid15-30m
nuscenes,scene-1094_000,tup_5cm,tup,5.0000,3,Car,7.3726,0,0.0538,True,456,1.0000,11.4117,near<15m
nuscenes,scene-1094_000,tup_5cm,tup,5.0000,11,Car,30.6222,0,0.0000,True,61,1.0000,2.2627,far>30m
nuscenes,scene-1094_000,tup_5cm,tup,5.0000,12,Pedestrian,13.9824,0,0.0000,True,11,1.0000,4.7047,near<15m
nuscenes,scene-1094_000,tfwd_10cm,tfwd,10.0000,1,Car,24.9216,0,0.0000,True,33,1.0000,2.7379,mid15-30m
nuscenes,scene-1094_000,tfwd_10cm,tfwd,10.0000,3,Car,7.3726,0,0.0538,True,456,1.0000,3.8170,near<15m
nuscenes,scene-1094_000,tfwd_10cm,tfwd,10.0000,11,Car,30.6222,0,0.0000,True,61,1.0000,1.5068,far>30m
nuscenes,scene-1094_000,tfwd_10cm,tfwd,10.0000,12,Pedestrian,13.9824,0,0.0000,True,11,1.0000,2.4109,near<15m
nuscenes,scene-1094_000,tleft_10cm,tleft,10.0000,1,Car,24.9216,0,0.0000,True,33,1.0000,5.7566,mid15-30m
nuscenes,scene-1094_000,tleft_10cm,tleft,10.0000,3,Car,7.3726,0,0.0538,True,456,0.9956,22.7643,near<15m
nuscenes,scene-1094_000,tleft_10cm,tleft,10.0000,11,Car,30.6222,0,0.0000,True,61,1.0000,4.5178,far>30m
nuscenes,scene-1094_000,tleft_10cm,tleft,10.0000,12,Pedestrian,13.9824,0,0.0000,True,11,1.0000,9.3880,near<15m
nuscenes,scene-1094_000,tup_10cm,tup,10.0000,1,Car,24.9216,0,0.0000,True,33,1.0000,5.7718,mid15-30m
nuscenes,scene-1094_000,tup_10cm,tup,10.0000,3,Car,7.3726,0,0.0538,True,456,0.9364,22.8195,near<15m
nuscenes,scene-1094_000,tup_10cm,tup,10.0000,11,Car,30.6222,0,0.0000,True,61,1.0000,4.5252,far>30m
nuscenes,scene-1094_000,tup_10cm,tup,10.0000,12,Pedestrian,13.9824,0,0.0000,True,11,1.0000,9.4088,near<15m
nuscenes,scene-1094_001,baseline,baseline,0.0000,1,Car,24.8479,0,0.0000,True,25,1.0000,0.0000,mid15-30m
nuscenes,scene-1094_001,baseline,baseline,0.0000,3,Car,7.7220,0,0.0191,True,415,1.0000,0.0000,near<15m
nuscenes,scene-1094_001,baseline,baseline,0.0000,7,Car,32.9051,1,0.3789,False,13,0.5385,0.0000,far>30m
nuscenes,scene-1094_001,baseline,baseline,0.0000,12,Car,30.5493,0,0.0000,True,63,1.0000,0.0000,far>30m
nuscenes,scene-1094_001,yaw_0.5deg,yaw,0.5000,1,Car,24.8479,0,0.0000,True,25,1.0000,13.6731,mid15-30m
nuscenes,scene-1094_001,yaw_0.5deg,yaw,0.5000,3,Car,7.7220,0,0.0191,True,415,1.0000,12.5682,near<15m
nuscenes,scene-1094_001,yaw_0.5deg,yaw,0.5000,7,Car,32.9051,1,0.3789,False,13,0.3077,16.0433,far>30m
nuscenes,scene-1094_001,yaw_0.5deg,yaw,0.5000,12,Car,30.5493,0,0.0000,True,63,1.0000,12.5814,far>30m
nuscenes,scene-1094_001,pitch_0.5deg,pitch,0.5000,1,Car,24.8479,0,0.0000,True,25,1.0000,11.4848,mid15-30m
nuscenes,scene-1094_001,pitch_0.5deg,pitch,0.5000,3,Car,7.7220,0,0.0191,True,415,1.0000,12.8485,near<15m
nuscenes,scene-1094_001,pitch_0.5deg,pitch,0.5000,7,Car,32.9051,1,0.3789,False,13,0.5385,11.3864,far>30m
nuscenes,scene-1094_001,pitch_0.5deg,pitch,0.5000,12,Car,30.5493,0,0.0000,True,63,1.0000,11.3711,far>30m
nuscenes,scene-1094_001,roll_0.5deg,roll,0.5000,1,Car,24.8479,0,0.0000,True,25,1.0000,4.9571,mid15-30m
nuscenes,scene-1094_001,roll_0.5deg,roll,0.5000,3,Car,7.7220,0,0.0191,True,415,1.0000,2.1788,near<15m
nuscenes,scene-1094_001,roll_0.5deg,roll,0.5000,7,Car,32.9051,1,0.3789,False,13,0.5385,7.1766,far>30m
nuscenes,scene-1094_001,roll_0.5deg,roll,0.5000,12,Car,30.5493,0,0.0000,True,63,1.0000,3.6494,far>30m
nuscenes,scene-1094_001,yaw_1.0deg,yaw,1.0000,1,Car,24.8479,0,0.0000,True,25,1.0000,27.4564,mid15-30m
nuscenes,scene-1094_001,yaw_1.0deg,yaw,1.0000,3,Car,7.7220,0,0.0191,True,415,0.9976,25.1374,near<15m
nuscenes,scene-1094_001,yaw_1.0deg,yaw,1.0000,7,Car,32.9051,1,0.3789,False,13,0.0769,32.2734,far>30m
nuscenes,scene-1094_001,yaw_1.0deg,yaw,1.0000,12,Car,30.5493,0,0.0000,True,63,1.0000,25.2374,far>30m
nuscenes,scene-1094_001,pitch_1.0deg,pitch,1.0000,1,Car,24.8479,0,0.0000,True,25,1.0000,22.9866,mid15-30m
nuscenes,scene-1094_001,pitch_1.0deg,pitch,1.0000,3,Car,7.7220,0,0.0191,True,415,1.0000,25.7403,near<15m
nuscenes,scene-1094_001,pitch_1.0deg,pitch,1.0000,7,Car,32.9051,1,0.3789,False,13,0.2308,22.7894,far>30m
nuscenes,scene-1094_001,pitch_1.0deg,pitch,1.0000,12,Car,30.5493,0,0.0000,True,63,0.8095,22.7532,far>30m
nuscenes,scene-1094_001,roll_1.0deg,roll,1.0000,1,Car,24.8479,0,0.0000,True,25,1.0000,9.9138,mid15-30m
nuscenes,scene-1094_001,roll_1.0deg,roll,1.0000,3,Car,7.7220,0,0.0191,True,415,1.0000,4.3575,near<15m
nuscenes,scene-1094_001,roll_1.0deg,roll,1.0000,7,Car,32.9051,1,0.3789,False,13,0.5385,14.3522,far>30m
nuscenes,scene-1094_001,roll_1.0deg,roll,1.0000,12,Car,30.5493,0,0.0000,True,63,1.0000,7.2986,far>30m
nuscenes,scene-1094_001,yaw_2.0deg,yaw,2.0000,1,Car,24.8479,0,0.0000,True,25,1.0000,55.3678,mid15-30m
nuscenes,scene-1094_001,yaw_2.0deg,yaw,2.0000,3,Car,7.7220,0,0.0191,True,415,0.9566,50.2881,near<15m
nuscenes,scene-1094_001,yaw_2.0deg,yaw,2.0000,7,Car,32.9051,1,0.3789,False,13,0.0000,65.3178,far>30m
nuscenes,scene-1094_001,yaw_2.0deg,yaw,2.0000,12,Car,30.5493,0,0.0000,True,63,0.9524,50.7845,far>30m
nuscenes,scene-1094_001,pitch_2.0deg,pitch,2.0000,1,Car,24.8479,0,0.0000,True,25,0.7200,46.0487,mid15-30m
nuscenes,scene-1094_001,pitch_2.0deg,pitch,2.0000,3,Car,7.7220,0,0.0191,True,415,1.0000,51.6647,near<15m
nuscenes,scene-1094_001,pitch_2.0deg,pitch,2.0000,7,Car,32.9051,1,0.3789,False,13,0.1538,45.6535,far>30m
nuscenes,scene-1094_001,pitch_2.0deg,pitch,2.0000,12,Car,30.5493,0,0.0000,True,63,0.8095,45.5579,far>30m
nuscenes,scene-1094_001,roll_2.0deg,roll,2.0000,1,Car,24.8479,0,0.0000,True,25,1.0000,19.8254,mid15-30m
nuscenes,scene-1094_001,roll_2.0deg,roll,2.0000,3,Car,7.7220,0,0.0191,True,415,1.0000,8.7146,near<15m
nuscenes,scene-1094_001,roll_2.0deg,roll,2.0000,7,Car,32.9051,1,0.3789,False,13,0.3077,28.7003,far>30m
nuscenes,scene-1094_001,roll_2.0deg,roll,2.0000,12,Car,30.5493,0,0.0000,True,63,1.0000,14.5958,far>30m
nuscenes,scene-1094_001,yaw_3.0deg,yaw,3.0000,1,Car,24.8479,0,0.0000,True,25,0.8400,83.7639,mid15-30m
nuscenes,scene-1094_001,yaw_3.0deg,yaw,3.0000,3,Car,7.7220,0,0.0191,True,415,0.8916,75.4711,near<15m
nuscenes,scene-1094_001,yaw_3.0deg,yaw,3.0000,7,Car,32.9051,1,0.3789,False,13,0.0000,99.1826,far>30m
nuscenes,scene-1094_001,yaw_3.0deg,yaw,3.0000,12,Car,30.5493,0,0.0000,True,63,0.8889,76.6637,far>30m
nuscenes,scene-1094_001,pitch_3.0deg,pitch,3.0000,1,Car,24.8479,0,0.0000,True,25,0.2000,69.2026,mid15-30m
nuscenes,scene-1094_001,pitch_3.0deg,pitch,3.0000,3,Car,7.7220,0,0.0191,True,415,0.8916,77.7947,near<15m
nuscenes,scene-1094_001,pitch_3.0deg,pitch,3.0000,7,Car,32.9051,1,0.3789,False,13,0.0000,68.6093,far>30m
nuscenes,scene-1094_001,pitch_3.0deg,pitch,3.0000,12,Car,30.5493,0,0.0000,True,63,0.6508,68.4295,far>30m
nuscenes,scene-1094_001,roll_3.0deg,roll,3.0000,1,Car,24.8479,0,0.0000,True,25,0.8000,29.7340,mid15-30m
nuscenes,scene-1094_001,roll_3.0deg,roll,3.0000,3,Car,7.7220,0,0.0191,True,415,1.0000,13.0710,near<15m
nuscenes,scene-1094_001,roll_3.0deg,roll,3.0000,7,Car,32.9051,1,0.3789,False,13,0.3077,43.0431,far>30m
nuscenes,scene-1094_001,roll_3.0deg,roll,3.0000,12,Car,30.5493,0,0.0000,True,63,0.9206,21.8911,far>30m
nuscenes,scene-1094_001,tfwd_2cm,tfwd,2.0000,1,Car,24.8479,0,0.0000,True,25,1.0000,0.5235,mid15-30m
nuscenes,scene-1094_001,tfwd_2cm,tfwd,2.0000,3,Car,7.7220,0,0.0191,True,415,1.0000,0.6574,near<15m
nuscenes,scene-1094_001,tfwd_2cm,tfwd,2.0000,7,Car,32.9051,1,0.3789,False,13,0.6154,0.5977,far>30m
nuscenes,scene-1094_001,tfwd_2cm,tfwd,2.0000,12,Car,30.5493,0,0.0000,True,63,1.0000,0.2974,far>30m
nuscenes,scene-1094_001,tleft_2cm,tleft,2.0000,1,Car,24.8479,0,0.0000,True,25,1.0000,1.1732,mid15-30m
nuscenes,scene-1094_001,tleft_2cm,tleft,2.0000,3,Car,7.7220,0,0.0191,True,415,1.0000,4.2487,near<15m
nuscenes,scene-1094_001,tleft_2cm,tleft,2.0000,7,Car,32.9051,1,0.3789,False,13,0.5385,0.9208,far>30m
nuscenes,scene-1094_001,tleft_2cm,tleft,2.0000,12,Car,30.5493,0,0.0000,True,63,1.0000,0.9049,far>30m
nuscenes,scene-1094_001,tup_2cm,tup,2.0000,1,Car,24.8479,0,0.0000,True,25,1.0000,1.1762,mid15-30m
nuscenes,scene-1094_001,tup_2cm,tup,2.0000,3,Car,7.7220,0,0.0191,True,415,1.0000,4.2588,near<15m
nuscenes,scene-1094_001,tup_2cm,tup,2.0000,7,Car,32.9051,1,0.3789,False,13,0.5385,0.9238,far>30m
nuscenes,scene-1094_001,tup_2cm,tup,2.0000,12,Car,30.5493,0,0.0000,True,63,1.0000,0.9064,far>30m
nuscenes,scene-1094_001,tfwd_5cm,tfwd,5.0000,1,Car,24.8479,0,0.0000,True,25,1.0000,1.3069,mid15-30m
nuscenes,scene-1094_001,tfwd_5cm,tfwd,5.0000,3,Car,7.7220,0,0.0191,True,415,1.0000,1.6354,near<15m
nuscenes,scene-1094_001,tfwd_5cm,tfwd,5.0000,7,Car,32.9051,1,0.3789,False,13,0.6154,1.4925,far>30m
nuscenes,scene-1094_001,tfwd_5cm,tfwd,5.0000,12,Car,30.5493,0,0.0000,True,63,1.0000,0.7428,far>30m
nuscenes,scene-1094_001,tleft_5cm,tleft,5.0000,1,Car,24.8479,0,0.0000,True,25,1.0000,2.9330,mid15-30m
nuscenes,scene-1094_001,tleft_5cm,tleft,5.0000,3,Car,7.7220,0,0.0191,True,415,1.0000,10.6216,near<15m
nuscenes,scene-1094_001,tleft_5cm,tleft,5.0000,7,Car,32.9051,1,0.3789,False,13,0.4615,2.3021,far>30m
nuscenes,scene-1094_001,tleft_5cm,tleft,5.0000,12,Car,30.5493,0,0.0000,True,63,1.0000,2.2622,far>30m
nuscenes,scene-1094_001,tup_5cm,tup,5.0000,1,Car,24.8479,0,0.0000,True,25,1.0000,2.9405,mid15-30m
nuscenes,scene-1094_001,tup_5cm,tup,5.0000,3,Car,7.7220,0,0.0191,True,415,0.9301,10.6459,near<15m
nuscenes,scene-1094_001,tup_5cm,tup,5.0000,7,Car,32.9051,1,0.3789,False,13,0.5385,2.3095,far>30m
nuscenes,scene-1094_001,tup_5cm,tup,5.0000,12,Car,30.5493,0,0.0000,True,63,1.0000,2.2660,far>30m
nuscenes,scene-1094_001,tfwd_10cm,tfwd,10.0000,1,Car,24.8479,0,0.0000,True,25,1.0000,2.6078,mid15-30m
nuscenes,scene-1094_001,tfwd_10cm,tfwd,10.0000,3,Car,7.7220,0,0.0191,True,415,1.0000,3.2439,near<15m
nuscenes,scene-1094_001,tfwd_10cm,tfwd,10.0000,7,Car,32.9051,1,0.3789,False,13,0.6154,2.9797,far>30m
nuscenes,scene-1094_001,tfwd_10cm,tfwd,10.0000,12,Car,30.5493,0,0.0000,True,63,1.0000,1.4829,far>30m
nuscenes,scene-1094_001,tleft_10cm,tleft,10.0000,1,Car,24.8479,0,0.0000,True,25,1.0000,5.8660,mid15-30m
nuscenes,scene-1094_001,tleft_10cm,tleft,10.0000,3,Car,7.7220,0,0.0191,True,415,1.0000,21.2425,near<15m
nuscenes,scene-1094_001,tleft_10cm,tleft,10.0000,7,Car,32.9051,1,0.3789,False,13,0.4615,4.6042,far>30m
nuscenes,scene-1094_001,tleft_10cm,tleft,10.0000,12,Car,30.5493,0,0.0000,True,63,1.0000,4.5243,far>30m
nuscenes,scene-1094_001,tup_10cm,tup,10.0000,1,Car,24.8479,0,0.0000,True,25,1.0000,5.8806,mid15-30m
nuscenes,scene-1094_001,tup_10cm,tup,10.0000,3,Car,7.7220,0,0.0191,True,415,0.9253,21.2885,near<15m
nuscenes,scene-1094_001,tup_10cm,tup,10.0000,7,Car,32.9051,1,0.3789,False,13,0.5385,4.6189,far>30m
nuscenes,scene-1094_001,tup_10cm,tup,10.0000,12,Car,30.5493,0,0.0000,True,63,1.0000,4.5319,far>30m
nuscenes,scene-1094_002,baseline,baseline,0.0000,1,Car,24.7736,0,0.0000,True,20,1.0000,0.0000,mid15-30m
nuscenes,scene-1094_002,baseline,baseline,0.0000,4,Car,8.0703,0,0.0002,True,374,1.0000,0.0000,near<15m
nuscenes,scene-1094_002,baseline,baseline,0.0000,8,Car,32.8573,1,0.3923,False,11,0.4545,0.0000,far>30m
nuscenes,scene-1094_002,baseline,baseline,0.0000,11,Pedestrian,13.3061,0,0.0321,True,13,1.0000,0.0000,near<15m
nuscenes,scene-1094_002,baseline,baseline,0.0000,14,Car,30.4747,0,0.0000,True,64,1.0000,0.0000,far>30m
nuscenes,scene-1094_002,baseline,baseline,0.0000,15,Pedestrian,14.4057,0,0.0000,True,15,1.0000,0.0000,near<15m
nuscenes,scene-1094_002,yaw_0.5deg,yaw,0.5000,1,Car,24.7736,0,0.0000,True,20,1.0000,13.5044,mid15-30m
nuscenes,scene-1094_002,yaw_0.5deg,yaw,0.5000,4,Car,8.0703,0,0.0002,True,374,1.0000,12.4847,near<15m
nuscenes,scene-1094_002,yaw_0.5deg,yaw,0.5000,8,Car,32.8573,1,0.3923,False,11,0.3636,16.1497,far>30m
nuscenes,scene-1094_002,yaw_0.5deg,yaw,0.5000,11,Pedestrian,13.3061,0,0.0321,True,13,1.0000,15.8569,near<15m
nuscenes,scene-1094_002,yaw_0.5deg,yaw,0.5000,14,Car,30.4747,0,0.0000,True,64,1.0000,12.6429,far>30m
nuscenes,scene-1094_002,yaw_0.5deg,yaw,0.5000,15,Pedestrian,14.4057,0,0.0000,True,15,1.0000,12.0723,near<15m
nuscenes,scene-1094_002,pitch_0.5deg,pitch,0.5000,1,Car,24.7736,0,0.0000,True,20,1.0000,11.4976,mid15-30m
nuscenes,scene-1094_002,pitch_0.5deg,pitch,0.5000,4,Car,8.0703,0,0.0002,True,374,1.0000,12.7856,near<15m
nuscenes,scene-1094_002,pitch_0.5deg,pitch,0.5000,8,Car,32.8573,1,0.3923,False,11,0.4545,11.4057,far>30m
nuscenes,scene-1094_002,pitch_0.5deg,pitch,0.5000,11,Pedestrian,13.3061,0,0.0321,True,13,1.0000,11.8620,near<15m
nuscenes,scene-1094_002,pitch_0.5deg,pitch,0.5000,14,Car,30.4747,0,0.0000,True,64,1.0000,11.3687,far>30m
nuscenes,scene-1094_002,pitch_0.5deg,pitch,0.5000,15,Pedestrian,14.4057,0,0.0000,True,15,1.0000,11.7087,near<15m
nuscenes,scene-1094_002,roll_0.5deg,roll,0.5000,1,Car,24.7736,0,0.0000,True,20,1.0000,4.7768,mid15-30m
nuscenes,scene-1094_002,roll_0.5deg,roll,0.5000,4,Car,8.0703,0,0.0002,True,374,0.9973,2.2601,near<15m
nuscenes,scene-1094_002,roll_0.5deg,roll,0.5000,8,Car,32.8573,1,0.3923,False,11,0.4545,7.2593,far>30m
nuscenes,scene-1094_002,roll_0.5deg,roll,0.5000,11,Pedestrian,13.3061,0,0.0321,True,13,1.0000,6.7314,near<15m
nuscenes,scene-1094_002,roll_0.5deg,roll,0.5000,14,Car,30.4747,0,0.0000,True,64,1.0000,3.7395,far>30m
nuscenes,scene-1094_002,roll_0.5deg,roll,0.5000,15,Pedestrian,14.4057,0,0.0000,True,15,1.0000,2.2601,near<15m
nuscenes,scene-1094_002,yaw_1.0deg,yaw,1.0000,1,Car,24.7736,0,0.0000,True,20,0.9500,27.1133,mid15-30m
nuscenes,scene-1094_002,yaw_1.0deg,yaw,1.0000,4,Car,8.0703,0,0.0002,True,374,1.0000,24.9740,near<15m
nuscenes,scene-1094_002,yaw_1.0deg,yaw,1.0000,8,Car,32.8573,1,0.3923,False,11,0.1818,32.4896,far>30m
nuscenes,scene-1094_002,yaw_1.0deg,yaw,1.0000,11,Pedestrian,13.3061,0,0.0321,True,13,0.8462,31.8883,near<15m
nuscenes,scene-1094_002,yaw_1.0deg,yaw,1.0000,14,Car,30.4747,0,0.0000,True,64,0.9844,25.3628,far>30m
nuscenes,scene-1094_002,yaw_1.0deg,yaw,1.0000,15,Pedestrian,14.4057,0,0.0000,True,15,0.9333,24.1875,near<15m
nuscenes,scene-1094_002,pitch_1.0deg,pitch,1.0000,1,Car,24.7736,0,0.0000,True,20,1.0000,23.0132,mid15-30m
nuscenes,scene-1094_002,pitch_1.0deg,pitch,1.0000,4,Car,8.0703,0,0.0002,True,374,1.0000,25.6164,near<15m
nuscenes,scene-1094_002,pitch_1.0deg,pitch,1.0000,8,Car,32.8573,1,0.3923,False,11,0.4545,22.8308,far>30m
nuscenes,scene-1094_002,pitch_1.0deg,pitch,1.0000,11,Pedestrian,13.3061,0,0.0321,True,13,0.8462,23.7462,near<15m
nuscenes,scene-1094_002,pitch_1.0deg,pitch,1.0000,14,Car,30.4747,0,0.0000,True,64,1.0000,22.7480,far>30m
nuscenes,scene-1094_002,pitch_1.0deg,pitch,1.0000,15,Pedestrian,14.4057,0,0.0000,True,15,1.0000,23.4355,near<15m
nuscenes,scene-1094_002,roll_1.0deg,roll,1.0000,1,Car,24.7736,0,0.0000,True,20,1.0000,9.5531,mid15-30m
nuscenes,scene-1094_002,roll_1.0deg,roll,1.0000,4,Car,8.0703,0,0.0002,True,374,0.9973,4.5201,near<15m
nuscenes,scene-1094_002,roll_1.0deg,roll,1.0000,8,Car,32.8573,1,0.3923,False,11,0.4545,14.5176,far>30m
nuscenes,scene-1094_002,roll_1.0deg,roll,1.0000,11,Pedestrian,13.3061,0,0.0321,True,13,1.0000,13.4620,near<15m
nuscenes,scene-1094_002,roll_1.0deg,roll,1.0000,14,Car,30.4747,0,0.0000,True,64,1.0000,7.4787,far>30m
nuscenes,scene-1094_002,roll_1.0deg,roll,1.0000,15,Pedestrian,14.4057,0,0.0000,True,15,1.0000,4.5200,near<15m
nuscenes,scene-1094_002,yaw_2.0deg,yaw,2.0000,1,Car,24.7736,0,0.0000,True,20,0.9500,54.6586,mid15-30m
nuscenes,scene-1094_002,yaw_2.0deg,yaw,2.0000,4,Car,8.0703,0,0.0002,True,374,0.9652,49.9757,near<15m
nuscenes,scene-1094_002,yaw_2.0deg,yaw,2.0000,8,Car,32.8573,1,0.3923,False,11,0.0000,65.7641,far>30m
nuscenes,scene-1094_002,yaw_2.0deg,yaw,2.0000,11,Pedestrian,13.3061,0,0.0321,True,13,0.3077,64.4969,near<15m
nuscenes,scene-1094_002,yaw_2.0deg,yaw,2.0000,14,Car,30.4747,0,0.0000,True,64,0.9375,51.0445,far>30m
nuscenes,scene-1094_002,yaw_2.0deg,yaw,2.0000,15,Pedestrian,14.4057,0,0.0000,True,15,0.6667,48.5552,near<15m
nuscenes,scene-1094_002,pitch_2.0deg,pitch,2.0000,1,Car,24.7736,0,0.0000,True,20,0.6000,46.1065,mid15-30m
nuscenes,scene-1094_002,pitch_2.0deg,pitch,2.0000,4,Car,8.0703,0,0.0002,True,374,1.0000,51.4238,near<15m
nuscenes,scene-1094_002,pitch_2.0deg,pitch,2.0000,8,Car,32.8573,1,0.3923,False,11,0.0000,45.7476,far>30m
nuscenes,scene-1094_002,pitch_2.0deg,pitch,2.0000,11,Pedestrian,13.3061,0,0.0321,True,13,0.8462,47.5908,near<15m
nuscenes,scene-1094_002,pitch_2.0deg,pitch,2.0000,14,Car,30.4747,0,0.0000,True,64,0.8281,45.5460,far>30m
nuscenes,scene-1094_002,pitch_2.0deg,pitch,2.0000,15,Pedestrian,14.4057,0,0.0000,True,15,1.0000,46.9511,near<15m
nuscenes,scene-1094_002,roll_2.0deg,roll,2.0000,1,Car,24.7736,0,0.0000,True,20,1.0000,19.1041,mid15-30m
nuscenes,scene-1094_002,roll_2.0deg,roll,2.0000,4,Car,8.0703,0,0.0002,True,374,0.9947,9.0397,near<15m
nuscenes,scene-1094_002,roll_2.0deg,roll,2.0000,8,Car,32.8573,1,0.3923,False,11,0.4545,29.0310,far>30m
nuscenes,scene-1094_002,roll_2.0deg,roll,2.0000,11,Pedestrian,13.3061,0,0.0321,True,13,1.0000,26.9203,near<15m
nuscenes,scene-1094_002,roll_2.0deg,roll,2.0000,14,Car,30.4747,0,0.0000,True,64,1.0000,14.9560,far>30m
nuscenes,scene-1094_002,roll_2.0deg,roll,2.0000,15,Pedestrian,14.4057,0,0.0000,True,15,1.0000,9.0394,near<15m
nuscenes,scene-1094_002,yaw_3.0deg,yaw,3.0000,1,Car,24.7736,0,0.0000,True,20,0.9500,82.6645,mid15-30m
nuscenes,scene-1094_002,yaw_3.0deg,yaw,3.0000,4,Car,8.0703,0,0.0002,True,374,0.8984,75.0239,near<15m
nuscenes,scene-1094_002,yaw_3.0deg,yaw,3.0000,8,Car,32.8573,1,0.3923,False,11,0.0000,99.8739,far>30m
nuscenes,scene-1094_002,yaw_3.0deg,yaw,3.0000,11,Pedestrian,13.3061,0,0.0321,True,13,0.0000,97.8726,near<15m
nuscenes,scene-1094_002,yaw_3.0deg,yaw,3.0000,14,Car,30.4747,0,0.0000,True,64,0.8906,77.0678,far>30m
nuscenes,scene-1094_002,yaw_3.0deg,yaw,3.0000,15,Pedestrian,14.4057,0,0.0000,True,15,0.2667,73.1215,near<15m
nuscenes,scene-1094_002,pitch_3.0deg,pitch,3.0000,1,Car,24.7736,0,0.0000,True,20,0.6000,69.2961,mid15-30m
nuscenes,scene-1094_002,pitch_3.0deg,pitch,3.0000,4,Car,8.0703,0,0.0002,True,374,0.8877,77.4435,near<15m
nuscenes,scene-1094_002,pitch_3.0deg,pitch,3.0000,8,Car,32.8573,1,0.3923,False,11,0.0000,68.7674,far>30m
nuscenes,scene-1094_002,pitch_3.0deg,pitch,3.0000,11,Pedestrian,13.3061,0,0.0321,True,13,0.8462,71.5522,near<15m
nuscenes,scene-1094_002,pitch_3.0deg,pitch,3.0000,14,Car,30.4747,0,0.0000,True,64,0.7031,68.4094,far>30m
nuscenes,scene-1094_002,pitch_3.0deg,pitch,3.0000,15,Pedestrian,14.4057,0,0.0000,True,15,1.0000,70.5631,near<15m
nuscenes,scene-1094_002,roll_3.0deg,roll,3.0000,1,Car,24.7736,0,0.0000,True,20,0.9000,28.6522,mid15-30m
nuscenes,scene-1094_002,roll_3.0deg,roll,3.0000,4,Car,8.0703,0,0.0002,True,374,0.9947,13.5585,near<15m
nuscenes,scene-1094_002,roll_3.0deg,roll,3.0000,8,Car,32.8573,1,0.3923,False,11,0.4545,43.5391,far>30m
nuscenes,scene-1094_002,roll_3.0deg,roll,3.0000,11,Pedestrian,13.3061,0,0.0321,True,13,0.7692,40.3738,near<15m
nuscenes,scene-1094_002,roll_3.0deg,roll,3.0000,14,Car,30.4747,0,0.0000,True,64,0.7656,22.4313,far>30m
nuscenes,scene-1094_002,roll_3.0deg,roll,3.0000,15,Pedestrian,14.4057,0,0.0000,True,15,1.0000,13.5578,near<15m
nuscenes,scene-1094_002,tfwd_2cm,tfwd,2.0000,1,Car,24.7736,0,0.0000,True,20,1.0000,0.5108,mid15-30m
nuscenes,scene-1094_002,tfwd_2cm,tfwd,2.0000,4,Car,8.0703,0,0.0002,True,374,1.0000,0.6478,near<15m
nuscenes,scene-1094_002,tfwd_2cm,tfwd,2.0000,8,Car,32.8573,1,0.3923,False,11,0.4545,0.6096,far>30m
nuscenes,scene-1094_002,tfwd_2cm,tfwd,2.0000,11,Pedestrian,13.3061,0,0.0321,True,13,1.0000,1.3406,near<15m
nuscenes,scene-1094_002,tfwd_2cm,tfwd,2.0000,14,Car,30.4747,0,0.0000,True,64,1.0000,0.3066,far>30m
nuscenes,scene-1094_002,tfwd_2cm,tfwd,2.0000,15,Pedestrian,14.4057,0,0.0000,True,15,1.0000,0.3549,near<15m
nuscenes,scene-1094_002,tleft_2cm,tleft,2.0000,1,Car,24.7736,0,0.0000,True,20,1.0000,1.1882,mid15-30m
nuscenes,scene-1094_002,tleft_2cm,tleft,2.0000,4,Car,8.0703,0,0.0002,True,374,1.0000,4.0057,near<15m
nuscenes,scene-1094_002,tleft_2cm,tleft,2.0000,8,Car,32.8573,1,0.3923,False,11,0.4545,0.9289,far>30m
nuscenes,scene-1094_002,tleft_2cm,tleft,2.0000,11,Pedestrian,13.3061,0,0.0321,True,13,1.0000,2.2132,near<15m
nuscenes,scene-1094_002,tleft_2cm,tleft,2.0000,14,Car,30.4747,0,0.0000,True,64,1.0000,0.9105,far>30m
nuscenes,scene-1094_002,tleft_2cm,tleft,2.0000,15,Pedestrian,14.4057,0,0.0000,True,15,1.0000,1.7982,near<15m
nuscenes,scene-1094_002,tup_2cm,tup,2.0000,1,Car,24.7736,0,0.0000,True,20,1.0000,1.1913,mid15-30m
nuscenes,scene-1094_002,tup_2cm,tup,2.0000,4,Car,8.0703,0,0.0002,True,374,0.9973,4.0161,near<15m
nuscenes,scene-1094_002,tup_2cm,tup,2.0000,8,Car,32.8573,1,0.3923,False,11,0.4545,0.9322,far>30m
nuscenes,scene-1094_002,tup_2cm,tup,2.0000,11,Pedestrian,13.3061,0,0.0321,True,13,1.0000,2.2205,near<15m
nuscenes,scene-1094_002,tup_2cm,tup,2.0000,14,Car,30.4747,0,0.0000,True,64,1.0000,0.9121,far>30m
nuscenes,scene-1094_002,tup_2cm,tup,2.0000,15,Pedestrian,14.4057,0,0.0000,True,15,1.0000,1.8012,near<15m
nuscenes,scene-1094_002,tfwd_5cm,tfwd,5.0000,1,Car,24.7736,0,0.0000,True,20,1.0000,1.2751,mid15-30m
nuscenes,scene-1094_002,tfwd_5cm,tfwd,5.0000,4,Car,8.0703,0,0.0002,True,374,1.0000,1.6119,near<15m
nuscenes,scene-1094_002,tfwd_5cm,tfwd,5.0000,8,Car,32.8573,1,0.3923,False,11,0.4545,1.5223,far>30m
nuscenes,scene-1094_002,tfwd_5cm,tfwd,5.0000,11,Pedestrian,13.3061,0,0.0321,True,13,1.0000,3.3427,near<15m
nuscenes,scene-1094_002,tfwd_5cm,tfwd,5.0000,14,Car,30.4747,0,0.0000,True,64,1.0000,0.7656,far>30m
nuscenes,scene-1094_002,tfwd_5cm,tfwd,5.0000,15,Pedestrian,14.4057,0,0.0000,True,15,1.0000,0.8854,near<15m
nuscenes,scene-1094_002,tleft_5cm,tleft,5.0000,1,Car,24.7736,0,0.0000,True,20,1.0000,2.9706,mid15-30m
nuscenes,scene-1094_002,tleft_5cm,tleft,5.0000,4,Car,8.0703,0,0.0002,True,374,1.0000,10.0141,near<15m
nuscenes,scene-1094_002,tleft_5cm,tleft,5.0000,8,Car,32.8573,1,0.3923,False,11,0.4545,2.3223,far>30m
nuscenes,scene-1094_002,tleft_5cm,tleft,5.0000,11,Pedestrian,13.3061,0,0.0321,True,13,1.0000,5.5330,near<15m
nuscenes,scene-1094_002,tleft_5cm,tleft,5.0000,14,Car,30.4747,0,0.0000,True,64,1.0000,2.2762,far>30m
nuscenes,scene-1094_002,tleft_5cm,tleft,5.0000,15,Pedestrian,14.4057,0,0.0000,True,15,1.0000,4.4954,near<15m
nuscenes,scene-1094_002,tup_5cm,tup,5.0000,1,Car,24.7736,0,0.0000,True,20,1.0000,2.9782,mid15-30m
nuscenes,scene-1094_002,tup_5cm,tup,5.0000,4,Car,8.0703,0,0.0002,True,374,0.9947,10.0395,near<15m
nuscenes,scene-1094_002,tup_5cm,tup,5.0000,8,Car,32.8573,1,0.3923,False,11,0.4545,2.3303,far>30m
nuscenes,scene-1094_002,tup_5cm,tup,5.0000,11,Pedestrian,13.3061,0,0.0321,True,13,1.0000,5.5509,near<15m
nuscenes,scene-1094_002,tup_5cm,tup,5.0000,14,Car,30.4747,0,0.0000,True,64,1.0000,2.2801,far>30m
nuscenes,scene-1094_002,tup_5cm,tup,5.0000,15,Pedestrian,14.4057,0,0.0000,True,15,1.0000,4.5028,near<15m
nuscenes,scene-1094_002,tfwd_10cm,tfwd,10.0000,1,Car,24.7736,0,0.0000,True,20,1.0000,2.5442,mid15-30m
nuscenes,scene-1094_002,tfwd_10cm,tfwd,10.0000,4,Car,8.0703,0,0.0002,True,374,1.0000,3.1986,near<15m
nuscenes,scene-1094_002,tfwd_10cm,tfwd,10.0000,8,Car,32.8573,1,0.3923,False,11,0.4545,3.0390,far>30m
nuscenes,scene-1094_002,tfwd_10cm,tfwd,10.0000,11,Pedestrian,13.3061,0,0.0321,True,13,1.0000,6.6563,near<15m
nuscenes,scene-1094_002,tfwd_10cm,tfwd,10.0000,14,Car,30.4747,0,0.0000,True,64,1.0000,1.5285,far>30m
nuscenes,scene-1094_002,tfwd_10cm,tfwd,10.0000,15,Pedestrian,14.4057,0,0.0000,True,15,1.0000,1.7646,near<15m
nuscenes,scene-1094_002,tleft_10cm,tleft,10.0000,1,Car,24.7736,0,0.0000,True,20,1.0000,5.9411,mid15-30m
nuscenes,scene-1094_002,tleft_10cm,tleft,10.0000,4,Car,8.0703,0,0.0002,True,374,1.0000,20.0276,near<15m
nuscenes,scene-1094_002,tleft_10cm,tleft,10.0000,8,Car,32.8573,1,0.3923,False,11,0.4545,4.6445,far>30m
nuscenes,scene-1094_002,tleft_10cm,tleft,10.0000,11,Pedestrian,13.3061,0,0.0321,True,13,1.0000,11.0659,near<15m
nuscenes,scene-1094_002,tleft_10cm,tleft,10.0000,14,Car,30.4747,0,0.0000,True,64,1.0000,4.5525,far>30m
nuscenes,scene-1094_002,tleft_10cm,tleft,10.0000,15,Pedestrian,14.4057,0,0.0000,True,15,1.0000,8.9907,near<15m
nuscenes,scene-1094_002,tup_10cm,tup,10.0000,1,Car,24.7736,0,0.0000,True,20,1.0000,5.9562,mid15-30m
nuscenes,scene-1094_002,tup_10cm,tup,10.0000,4,Car,8.0703,0,0.0002,True,374,0.9947,20.0760,near<15m
nuscenes,scene-1094_002,tup_10cm,tup,10.0000,8,Car,32.8573,1,0.3923,False,11,0.4545,4.6605,far>30m
nuscenes,scene-1094_002,tup_10cm,tup,10.0000,11,Pedestrian,13.3061,0,0.0321,True,13,1.0000,11.1010,near<15m
nuscenes,scene-1094_002,tup_10cm,tup,10.0000,14,Car,30.4747,0,0.0000,True,64,1.0000,4.5601,far>30m
nuscenes,scene-1094_002,tup_10cm,tup,10.0000,15,Pedestrian,14.4057,0,0.0000,True,15,1.0000,9.0050,near<15m
nuscenes,scene-1094_003,baseline,baseline,0.0000,1,Car,24.5932,0,0.0000,True,28,1.0000,0.0000,mid15-30m
nuscenes,scene-1094_003,baseline,baseline,0.0000,5,Car,8.2963,0,0.0000,True,366,1.0000,0.0000,near<15m
nuscenes,scene-1094_003,baseline,baseline,0.0000,9,Car,32.6663,2,0.4385,False,10,0.7000,0.0000,far>30m
nuscenes,scene-1094_003,baseline,baseline,0.0000,12,Car,6.8322,0,0.9693,False,369,0.0217,0.0000,near<15m
nuscenes,scene-1094_003,baseline,baseline,0.0000,13,Pedestrian,12.7321,0,0.9085,False,11,0.0000,0.0000,near<15m
nuscenes,scene-1094_003,baseline,baseline,0.0000,17,Car,30.2900,0,0.0000,True,67,1.0000,0.0000,far>30m
nuscenes,scene-1094_003,baseline,baseline,0.0000,18,Pedestrian,14.5281,2,0.0000,False,11,1.0000,0.0000,near<15m
nuscenes,scene-1094_003,yaw_0.5deg,yaw,0.5000,1,Car,24.5932,0,0.0000,True,28,0.9643,14.1500,mid15-30m
nuscenes,scene-1094_003,yaw_0.5deg,yaw,0.5000,5,Car,8.2963,0,0.0000,True,366,1.0000,12.4095,near<15m
nuscenes,scene-1094_003,yaw_0.5deg,yaw,0.5000,9,Car,32.6663,2,0.4385,False,10,0.7000,15.8231,far>30m
nuscenes,scene-1094_003,yaw_0.5deg,yaw,0.5000,12,Car,6.8322,0,0.9693,False,369,0.0379,24.8626,near<15m
nuscenes,scene-1094_003,yaw_0.5deg,yaw,0.5000,13,Pedestrian,12.7321,0,0.9085,False,11,0.0000,17.0435,near<15m
nuscenes,scene-1094_003,yaw_0.5deg,yaw,0.5000,17,Car,30.2900,0,0.0000,True,67,1.0000,12.6986,far>30m
nuscenes,scene-1094_003,yaw_0.5deg,yaw,0.5000,18,Pedestrian,14.5281,2,0.0000,False,11,1.0000,11.9961,near<15m
nuscenes,scene-1094_003,pitch_0.5deg,pitch,0.5000,1,Car,24.5932,0,0.0000,True,28,1.0000,11.4788,mid15-30m
nuscenes,scene-1094_003,pitch_0.5deg,pitch,0.5000,5,Car,8.2963,0,0.0000,True,366,1.0000,12.6807,near<15m
nuscenes,scene-1094_003,pitch_0.5deg,pitch,0.5000,9,Car,32.6663,2,0.4385,False,10,0.7000,11.4017,far>30m
nuscenes,scene-1094_003,pitch_0.5deg,pitch,0.5000,12,Car,6.8322,0,0.9693,False,369,0.0217,15.1146,near<15m
nuscenes,scene-1094_003,pitch_0.5deg,pitch,0.5000,13,Pedestrian,12.7321,0,0.9085,False,11,0.0000,11.9660,near<15m
nuscenes,scene-1094_003,pitch_0.5deg,pitch,0.5000,17,Car,30.2900,0,0.0000,True,67,1.0000,11.3650,far>30m
nuscenes,scene-1094_003,pitch_0.5deg,pitch,0.5000,18,Pedestrian,14.5281,2,0.0000,False,11,1.0000,11.7089,near<15m
nuscenes,scene-1094_003,roll_0.5deg,roll,0.5000,1,Car,24.5932,0,0.0000,True,28,1.0000,5.4421,mid15-30m
nuscenes,scene-1094_003,roll_0.5deg,roll,0.5000,5,Car,8.2963,0,0.0000,True,366,1.0000,2.1907,near<15m
nuscenes,scene-1094_003,roll_0.5deg,roll,0.5000,9,Car,32.6663,2,0.4385,False,10,0.7000,6.9996,far>30m
nuscenes,scene-1094_003,roll_0.5deg,roll,0.5000,12,Car,6.8322,0,0.9693,False,369,0.0244,11.6807,near<15m
nuscenes,scene-1094_003,roll_0.5deg,roll,0.5000,13,Pedestrian,12.7321,0,0.9085,False,11,0.0000,7.6265,near<15m
nuscenes,scene-1094_003,roll_0.5deg,roll,0.5000,17,Car,30.2900,0,0.0000,True,67,1.0000,3.8216,far>30m
nuscenes,scene-1094_003,roll_0.5deg,roll,0.5000,18,Pedestrian,14.5281,2,0.0000,False,11,1.0000,2.1395,near<15m
nuscenes,scene-1094_003,yaw_1.0deg,yaw,1.0000,1,Car,24.5932,0,0.0000,True,28,0.7500,28.4257,mid15-30m
nuscenes,scene-1094_003,yaw_1.0deg,yaw,1.0000,5,Car,8.2963,0,0.0000,True,366,1.0000,24.8287,near<15m
nuscenes,scene-1094_003,yaw_1.0deg,yaw,1.0000,9,Car,32.6663,2,0.4385,False,10,0.6000,31.8262,far>30m
nuscenes,scene-1094_003,yaw_1.0deg,yaw,1.0000,12,Car,6.8322,0,0.9693,False,369,0.0461,49.2613,near<15m
nuscenes,scene-1094_003,yaw_1.0deg,yaw,1.0000,13,Pedestrian,12.7321,0,0.9085,False,11,0.0000,34.2991,near<15m
nuscenes,scene-1094_003,yaw_1.0deg,yaw,1.0000,17,Car,30.2900,0,0.0000,True,67,0.9701,25.4762,far>30m
nuscenes,scene-1094_003,yaw_1.0deg,yaw,1.0000,18,Pedestrian,14.5281,2,0.0000,False,11,1.0000,24.0316,near<15m
nuscenes,scene-1094_003,pitch_1.0deg,pitch,1.0000,1,Car,24.5932,0,0.0000,True,28,1.0000,22.9754,mid15-30m
nuscenes,scene-1094_003,pitch_1.0deg,pitch,1.0000,5,Car,8.2963,0,0.0000,True,366,1.0000,25.4047,near<15m
nuscenes,scene-1094_003,pitch_1.0deg,pitch,1.0000,9,Car,32.6663,2,0.4385,False,10,0.7000,22.8223,far>30m
nuscenes,scene-1094_003,pitch_1.0deg,pitch,1.0000,12,Car,6.8322,0,0.9693,False,369,0.0163,30.3596,near<15m
nuscenes,scene-1094_003,pitch_1.0deg,pitch,1.0000,13,Pedestrian,12.7321,0,0.9085,False,11,0.0000,23.9610,near<15m
nuscenes,scene-1094_003,pitch_1.0deg,pitch,1.0000,17,Car,30.2900,0,0.0000,True,67,1.0000,22.7406,far>30m
nuscenes,scene-1094_003,pitch_1.0deg,pitch,1.0000,18,Pedestrian,14.5281,2,0.0000,False,11,1.0000,23.4370,near<15m
nuscenes,scene-1094_003,roll_1.0deg,roll,1.0000,1,Car,24.5932,0,0.0000,True,28,1.0000,10.8836,mid15-30m
nuscenes,scene-1094_003,roll_1.0deg,roll,1.0000,5,Car,8.2963,0,0.0000,True,366,0.9973,4.3813,near<15m
nuscenes,scene-1094_003,roll_1.0deg,roll,1.0000,9,Car,32.6663,2,0.4385,False,10,0.7000,13.9983,far>30m
nuscenes,scene-1094_003,roll_1.0deg,roll,1.0000,12,Car,6.8322,0,0.9693,False,369,0.0271,23.3630,near<15m
nuscenes,scene-1094_003,roll_1.0deg,roll,1.0000,13,Pedestrian,12.7321,0,0.9085,False,11,0.0000,15.2520,near<15m
nuscenes,scene-1094_003,roll_1.0deg,roll,1.0000,17,Car,30.2900,0,0.0000,True,67,1.0000,7.6430,far>30m
nuscenes,scene-1094_003,roll_1.0deg,roll,1.0000,18,Pedestrian,14.5281,2,0.0000,False,11,1.0000,4.2788,near<15m
nuscenes,scene-1094_003,yaw_2.0deg,yaw,2.0000,1,Car,24.5932,0,0.0000,True,28,0.5000,57.3698,mid15-30m
nuscenes,scene-1094_003,yaw_2.0deg,yaw,2.0000,5,Car,8.2963,0,0.0000,True,366,0.9699,49.7054,near<15m
nuscenes,scene-1094_003,yaw_2.0deg,yaw,2.0000,9,Car,32.6663,2,0.4385,False,10,0.3000,64.3948,far>30m
nuscenes,scene-1094_003,yaw_2.0deg,yaw,2.0000,12,Car,6.8322,0,0.9693,False,369,0.0623,96.7364,near<15m
nuscenes,scene-1094_003,yaw_2.0deg,yaw,2.0000,13,Pedestrian,12.7321,0,0.9085,False,11,0.0000,69.4747,near<15m
nuscenes,scene-1094_003,yaw_2.0deg,yaw,2.0000,17,Car,30.2900,0,0.0000,True,67,0.9254,51.2796,far>30m
nuscenes,scene-1094_003,yaw_2.0deg,yaw,2.0000,18,Pedestrian,14.5281,2,0.0000,False,11,0.6364,48.2295,near<15m
nuscenes,scene-1094_003,pitch_2.0deg,pitch,2.0000,1,Car,24.5932,0,0.0000,True,28,0.6786,46.0302,mid15-30m
nuscenes,scene-1094_003,pitch_2.0deg,pitch,2.0000,5,Car,8.2963,0,0.0000,True,366,1.0000,50.9930,near<15m
nuscenes,scene-1094_003,pitch_2.0deg,pitch,2.0000,9,Car,32.6663,2,0.4385,False,10,0.0000,45.7288,far>30m
nuscenes,scene-1094_003,pitch_2.0deg,pitch,2.0000,12,Car,6.8322,0,0.9693,False,369,0.0163,61.2620,near<15m
nuscenes,scene-1094_003,pitch_2.0deg,pitch,2.0000,13,Pedestrian,12.7321,0,0.9085,False,11,0.0000,48.0474,near<15m
nuscenes,scene-1094_003,pitch_2.0deg,pitch,2.0000,17,Car,30.2900,0,0.0000,True,67,0.8507,45.5312,far>30m
nuscenes,scene-1094_003,pitch_2.0deg,pitch,2.0000,18,Pedestrian,14.5281,2,0.0000,False,11,0.8182,46.9592,near<15m
nuscenes,scene-1094_003,roll_2.0deg,roll,2.0000,1,Car,24.5932,0,0.0000,True,28,0.9286,21.7646,mid15-30m
nuscenes,scene-1094_003,roll_2.0deg,roll,2.0000,5,Car,8.2963,0,0.0000,True,366,0.9973,8.7622,near<15m
nuscenes,scene-1094_003,roll_2.0deg,roll,2.0000,9,Car,32.6663,2,0.4385,False,10,0.7000,27.9926,far>30m
nuscenes,scene-1094_003,roll_2.0deg,roll,2.0000,12,Car,6.8322,0,0.9693,False,369,0.0298,46.7318,near<15m
nuscenes,scene-1094_003,roll_2.0deg,roll,2.0000,13,Pedestrian,12.7321,0,0.9085,False,11,0.0000,30.4994,near<15m
nuscenes,scene-1094_003,roll_2.0deg,roll,2.0000,17,Car,30.2900,0,0.0000,True,67,1.0000,15.2845,far>30m
nuscenes,scene-1094_003,roll_2.0deg,roll,2.0000,18,Pedestrian,14.5281,2,0.0000,False,11,1.0000,8.5570,near<15m
nuscenes,scene-1094_003,yaw_3.0deg,yaw,3.0000,1,Car,24.5932,0,0.0000,True,28,0.5000,86.8660,mid15-30m
nuscenes,scene-1094_003,yaw_3.0deg,yaw,3.0000,5,Car,8.2963,0,0.0000,True,366,0.9153,74.6485,near<15m
nuscenes,scene-1094_003,yaw_3.0deg,yaw,3.0000,9,Car,32.6663,2,0.4385,False,10,0.0000,97.7537,far>30m
nuscenes,scene-1094_003,yaw_3.0deg,yaw,3.0000,12,Car,6.8322,0,0.9693,False,369,0.0569,142.5551,near<15m
nuscenes,scene-1094_003,yaw_3.0deg,yaw,3.0000,13,Pedestrian,12.7321,0,0.9085,False,11,0.0000,105.5846,near<15m
nuscenes,scene-1094_003,yaw_3.0deg,yaw,3.0000,17,Car,30.2900,0,0.0000,True,67,0.8806,77.4334,far>30m
nuscenes,scene-1094_003,yaw_3.0deg,yaw,3.0000,18,Pedestrian,14.5281,2,0.0000,False,11,0.2727,72.6114,near<15m
nuscenes,scene-1094_003,pitch_3.0deg,pitch,3.0000,1,Car,24.5932,0,0.0000,True,28,0.6786,69.1809,mid15-30m
nuscenes,scene-1094_003,pitch_3.0deg,pitch,3.0000,5,Car,8.2963,0,0.0000,True,366,0.9290,76.7856,near<15m
nuscenes,scene-1094_003,pitch_3.0deg,pitch,3.0000,9,Car,32.6663,2,0.4385,False,10,0.0000,68.7367,far>30m
nuscenes,scene-1094_003,pitch_3.0deg,pitch,3.0000,12,Car,6.8322,0,0.9693,False,369,0.0163,92.7496,near<15m
nuscenes,scene-1094_003,pitch_3.0deg,pitch,3.0000,13,Pedestrian,12.7321,0,0.9085,False,11,0.0000,72.2791,near<15m
nuscenes,scene-1094_003,pitch_3.0deg,pitch,3.0000,17,Car,30.2900,0,0.0000,True,67,0.6866,68.3871,far>30m
nuscenes,scene-1094_003,pitch_3.0deg,pitch,3.0000,18,Pedestrian,14.5281,2,0.0000,False,11,0.8182,70.5827,near<15m
nuscenes,scene-1094_003,roll_3.0deg,roll,3.0000,1,Car,24.5932,0,0.0000,True,28,0.8214,32.6421,mid15-30m
nuscenes,scene-1094_003,roll_3.0deg,roll,3.0000,5,Car,8.2963,0,0.0000,True,366,0.9973,13.1422,near<15m
nuscenes,scene-1094_003,roll_3.0deg,roll,3.0000,9,Car,32.6663,2,0.4385,False,10,0.7000,41.9818,far>30m
nuscenes,scene-1094_003,roll_3.0deg,roll,3.0000,12,Car,6.8322,0,0.9693,False,369,0.0352,70.1046,near<15m
nuscenes,scene-1094_003,roll_3.0deg,roll,3.0000,13,Pedestrian,12.7321,0,0.9085,False,11,0.0000,45.7410,near<15m
nuscenes,scene-1094_003,roll_3.0deg,roll,3.0000,17,Car,30.2900,0,0.0000,True,67,0.7463,22.9240,far>30m
nuscenes,scene-1094_003,roll_3.0deg,roll,3.0000,18,Pedestrian,14.5281,2,0.0000,False,11,1.0000,12.8343,near<15m
nuscenes,scene-1094_003,tfwd_2cm,tfwd,2.0000,1,Car,24.5932,0,0.0000,True,28,1.0000,0.5710,mid15-30m
nuscenes,scene-1094_003,tfwd_2cm,tfwd,2.0000,5,Car,8.2963,0,0.0000,True,366,1.0000,0.6021,near<15m
nuscenes,scene-1094_003,tfwd_2cm,tfwd,2.0000,9,Car,32.6663,2,0.4385,False,10,0.7000,0.5945,far>30m
nuscenes,scene-1094_003,tfwd_2cm,tfwd,2.0000,12,Car,6.8322,0,0.9693,False,369,0.0244,7.0655,near<15m
nuscenes,scene-1094_003,tfwd_2cm,tfwd,2.0000,13,Pedestrian,12.7321,0,0.9085,False,11,0.0000,1.6430,near<15m
nuscenes,scene-1094_003,tfwd_2cm,tfwd,2.0000,17,Car,30.2900,0,0.0000,True,67,1.0000,0.3164,far>30m
nuscenes,scene-1094_003,tfwd_2cm,tfwd,2.0000,18,Pedestrian,14.5281,2,0.0000,False,11,1.0000,0.3306,near<15m
nuscenes,scene-1094_003,tleft_2cm,tleft,2.0000,1,Car,24.5932,0,0.0000,True,28,1.0000,1.1684,mid15-30m
nuscenes,scene-1094_003,tleft_2cm,tleft,2.0000,5,Car,8.2963,0,0.0000,True,366,1.0000,3.8332,near<15m
nuscenes,scene-1094_003,tleft_2cm,tleft,2.0000,9,Car,32.6663,2,0.4385,False,10,0.7000,0.9397,far>30m
nuscenes,scene-1094_003,tleft_2cm,tleft,2.0000,12,Car,6.8322,0,0.9693,False,369,0.0271,6.6788,near<15m
nuscenes,scene-1094_003,tleft_2cm,tleft,2.0000,13,Pedestrian,12.7321,0,0.9085,False,11,0.0000,2.3946,near<15m
nuscenes,scene-1094_003,tleft_2cm,tleft,2.0000,17,Car,30.2900,0,0.0000,True,67,1.0000,0.9195,far>30m
nuscenes,scene-1094_003,tleft_2cm,tleft,2.0000,18,Pedestrian,14.5281,2,0.0000,False,11,1.0000,1.7806,near<15m
nuscenes,scene-1094_003,tup_2cm,tup,2.0000,1,Car,24.5932,0,0.0000,True,28,1.0000,1.1717,mid15-30m
nuscenes,scene-1094_003,tup_2cm,tup,2.0000,5,Car,8.2963,0,0.0000,True,366,0.9973,3.8434,near<15m
nuscenes,scene-1094_003,tup_2cm,tup,2.0000,9,Car,32.6663,2,0.4385,False,10,0.7000,0.9429,far>30m
nuscenes,scene-1094_003,tup_2cm,tup,2.0000,12,Car,6.8322,0,0.9693,False,369,0.0217,6.6869,near<15m
nuscenes,scene-1094_003,tup_2cm,tup,2.0000,13,Pedestrian,12.7321,0,0.9085,False,11,0.0000,2.4042,near<15m
nuscenes,scene-1094_003,tup_2cm,tup,2.0000,17,Car,30.2900,0,0.0000,True,67,1.0000,0.9211,far>30m
nuscenes,scene-1094_003,tup_2cm,tup,2.0000,18,Pedestrian,14.5281,2,0.0000,False,11,1.0000,1.7838,near<15m
nuscenes,scene-1094_003,tfwd_5cm,tfwd,5.0000,1,Car,24.5932,0,0.0000,True,28,1.0000,1.4256,mid15-30m
nuscenes,scene-1094_003,tfwd_5cm,tfwd,5.0000,5,Car,8.2963,0,0.0000,True,366,1.0000,1.4984,near<15m
nuscenes,scene-1094_003,tfwd_5cm,tfwd,5.0000,9,Car,32.6663,2,0.4385,False,10,0.7000,1.4846,far>30m
nuscenes,scene-1094_003,tfwd_5cm,tfwd,5.0000,12,Car,6.8322,0,0.9693,False,369,0.0271,17.5201,near<15m
nuscenes,scene-1094_003,tfwd_5cm,tfwd,5.0000,13,Pedestrian,12.7321,0,0.9085,False,11,0.0000,4.0960,near<15m
nuscenes,scene-1094_003,tfwd_5cm,tfwd,5.0000,17,Car,30.2900,0,0.0000,True,67,1.0000,0.7902,far>30m
nuscenes,scene-1094_003,tfwd_5cm,tfwd,5.0000,18,Pedestrian,14.5281,2,0.0000,False,11,1.0000,0.8248,near<15m
nuscenes,scene-1094_003,tleft_5cm,tleft,5.0000,1,Car,24.5932,0,0.0000,True,28,1.0000,2.9210,mid15-30m
nuscenes,scene-1094_003,tleft_5cm,tleft,5.0000,5,Car,8.2963,0,0.0000,True,366,1.0000,9.5828,near<15m
nuscenes,scene-1094_003,tleft_5cm,tleft,5.0000,9,Car,32.6663,2,0.4385,False,10,0.7000,2.3492,far>30m
nuscenes,scene-1094_003,tleft_5cm,tleft,5.0000,12,Car,6.8322,0,0.9693,False,369,0.0271,16.6965,near<15m
nuscenes,scene-1094_003,tleft_5cm,tleft,5.0000,13,Pedestrian,12.7321,0,0.9085,False,11,0.0000,5.9864,near<15m
nuscenes,scene-1094_003,tleft_5cm,tleft,5.0000,17,Car,30.2900,0,0.0000,True,67,1.0000,2.2987,far>30m
nuscenes,scene-1094_003,tleft_5cm,tleft,5.0000,18,Pedestrian,14.5281,2,0.0000,False,11,1.0000,4.4516,near<15m
nuscenes,scene-1094_003,tup_5cm,tup,5.0000,1,Car,24.5932,0,0.0000,True,28,1.0000,2.9292,mid15-30m
nuscenes,scene-1094_003,tup_5cm,tup,5.0000,5,Car,8.2963,0,0.0000,True,366,0.9973,9.6076,near<15m
nuscenes,scene-1094_003,tup_5cm,tup,5.0000,9,Car,32.6663,2,0.4385,False,10,0.7000,2.3572,far>30m
nuscenes,scene-1094_003,tup_5cm,tup,5.0000,12,Car,6.8322,0,0.9693,False,369,0.0217,16.7146,near<15m
nuscenes,scene-1094_003,tup_5cm,tup,5.0000,13,Pedestrian,12.7321,0,0.9085,False,11,0.0000,6.0102,near<15m
nuscenes,scene-1094_003,tup_5cm,tup,5.0000,17,Car,30.2900,0,0.0000,True,67,1.0000,2.3027,far>30m
nuscenes,scene-1094_003,tup_5cm,tup,5.0000,18,Pedestrian,14.5281,2,0.0000,False,11,1.0000,4.4593,near<15m
nuscenes,scene-1094_003,tfwd_10cm,tfwd,10.0000,1,Car,24.5932,0,0.0000,True,28,1.0000,2.8447,mid15-30m
nuscenes,scene-1094_003,tfwd_10cm,tfwd,10.0000,5,Car,8.2963,0,0.0000,True,366,1.0000,2.9744,near<15m
nuscenes,scene-1094_003,tfwd_10cm,tfwd,10.0000,9,Car,32.6663,2,0.4385,False,10,0.7000,2.9638,far>30m
nuscenes,scene-1094_003,tfwd_10cm,tfwd,10.0000,12,Car,6.8322,0,0.9693,False,369,0.0325,34.5714,near<15m
nuscenes,scene-1094_003,tfwd_10cm,tfwd,10.0000,13,Pedestrian,12.7321,0,0.9085,False,11,0.0000,8.1535,near<15m
nuscenes,scene-1094_003,tfwd_10cm,tfwd,10.0000,17,Car,30.2900,0,0.0000,True,67,1.0000,1.5776,far>30m
nuscenes,scene-1094_003,tfwd_10cm,tfwd,10.0000,18,Pedestrian,14.5281,2,0.0000,False,11,1.0000,1.6439,near<15m
nuscenes,scene-1094_003,tleft_10cm,tleft,10.0000,1,Car,24.5932,0,0.0000,True,28,1.0000,5.8419,mid15-30m
nuscenes,scene-1094_003,tleft_10cm,tleft,10.0000,5,Car,8.2963,0,0.0000,True,366,1.0000,19.1650,near<15m
nuscenes,scene-1094_003,tleft_10cm,tleft,10.0000,9,Car,32.6663,2,0.4385,False,10,0.7000,4.6983,far>30m
nuscenes,scene-1094_003,tleft_10cm,tleft,10.0000,12,Car,6.8322,0,0.9693,False,369,0.0379,33.3913,near<15m
nuscenes,scene-1094_003,tleft_10cm,tleft,10.0000,13,Pedestrian,12.7321,0,0.9085,False,11,0.0000,11.9726,near<15m
nuscenes,scene-1094_003,tleft_10cm,tleft,10.0000,17,Car,30.2900,0,0.0000,True,67,1.0000,4.5973,far>30m
nuscenes,scene-1094_003,tleft_10cm,tleft,10.0000,18,Pedestrian,14.5281,2,0.0000,False,11,1.0000,8.9031,near<15m
nuscenes,scene-1094_003,tup_10cm,tup,10.0000,1,Car,24.5932,0,0.0000,True,28,1.0000,5.8581,mid15-30m
nuscenes,scene-1094_003,tup_10cm,tup,10.0000,5,Car,8.2963,0,0.0000,True,366,0.9973,19.2125,near<15m
nuscenes,scene-1094_003,tup_10cm,tup,10.0000,9,Car,32.6663,2,0.4385,False,10,0.7000,4.7143,far>30m
nuscenes,scene-1094_003,tup_10cm,tup,10.0000,12,Car,6.8322,0,0.9693,False,369,0.0217,33.4208,near<15m
nuscenes,scene-1094_003,tup_10cm,tup,10.0000,13,Pedestrian,12.7321,0,0.9085,False,11,0.0000,12.0193,near<15m
nuscenes,scene-1094_003,tup_10cm,tup,10.0000,17,Car,30.2900,0,0.0000,True,67,1.0000,4.6053,far>30m
nuscenes,scene-1094_003,tup_10cm,tup,10.0000,18,Pedestrian,14.5281,2,0.0000,False,11,1.0000,8.9180,near<15m
nuscenes,scene-1094_004,baseline,baseline,0.0000,1,Car,24.1921,0,0.0000,True,27,1.0000,0.0000,mid15-30m
nuscenes,scene-1094_004,baseline,baseline,0.0000,5,Car,8.4840,0,0.0000,True,360,1.0000,0.0000,near<15m
nuscenes,scene-1094_004,baseline,baseline,0.0000,9,Car,32.2702,1,0.5221,False,12,0.5000,0.0000,far>30m
nuscenes,scene-1094_004,baseline,baseline,0.0000,12,Car,8.4610,0,0.9467,False,242,0.0372,0.0000,near<15m
nuscenes,scene-1094_004,baseline,baseline,0.0000,16,Car,29.8738,0,0.0000,True,68,1.0000,0.0000,mid15-30m
nuscenes,scene-1094_004,yaw_0.5deg,yaw,0.5000,1,Car,24.1921,0,0.0000,True,27,0.9630,14.0005,mid15-30m
nuscenes,scene-1094_004,yaw_0.5deg,yaw,0.5000,5,Car,8.4840,0,0.0000,True,360,1.0000,12.3794,near<15m
nuscenes,scene-1094_004,yaw_0.5deg,yaw,0.5000,9,Car,32.2702,1,0.5221,False,12,0.4167,16.2013,far>30m
nuscenes,scene-1094_004,yaw_0.5deg,yaw,0.5000,12,Car,8.4610,0,0.9467,False,242,0.0496,20.4630,near<15m
nuscenes,scene-1094_004,yaw_0.5deg,yaw,0.5000,16,Car,29.8738,0,0.0000,True,68,1.0000,12.7596,mid15-30m
nuscenes,scene-1094_004,pitch_0.5deg,pitch,0.5000,1,Car,24.1921,0,0.0000,True,27,1.0000,11.4879,mid15-30m
nuscenes,scene-1094_004,pitch_0.5deg,pitch,0.5000,5,Car,8.4840,0,0.0000,True,360,1.0000,12.5759,near<15m
nuscenes,scene-1094_004,pitch_0.5deg,pitch,0.5000,9,Car,32.2702,1,0.5221,False,12,0.5000,11.4020,far>30m
nuscenes,scene-1094_004,pitch_0.5deg,pitch,0.5000,12,Car,8.4610,0,0.9467,False,242,0.0331,13.5066,near<15m
nuscenes,scene-1094_004,pitch_0.5deg,pitch,0.5000,16,Car,29.8738,0,0.0000,True,68,1.0000,11.3662,mid15-30m
nuscenes,scene-1094_004,roll_0.5deg,roll,0.5000,1,Car,24.1921,0,0.0000,True,27,1.0000,5.2960,mid15-30m
nuscenes,scene-1094_004,roll_0.5deg,roll,0.5000,5,Car,8.4840,0,0.0000,True,360,1.0000,2.2013,near<15m
nuscenes,scene-1094_004,roll_0.5deg,roll,0.5000,9,Car,32.2702,1,0.5221,False,12,0.5000,7.2919,far>30m
nuscenes,scene-1094_004,roll_0.5deg,roll,0.5000,12,Car,8.4610,0,0.9467,False,242,0.0413,9.6094,near<15m
nuscenes,scene-1094_004,roll_0.5deg,roll,0.5000,16,Car,29.8738,0,0.0000,True,68,1.0000,3.9078,mid15-30m
nuscenes,scene-1094_004,yaw_1.0deg,yaw,1.0000,1,Car,24.1921,0,0.0000,True,27,0.8148,28.1217,mid15-30m
nuscenes,scene-1094_004,yaw_1.0deg,yaw,1.0000,5,Car,8.4840,0,0.0000,True,360,0.9917,24.7756,near<15m
nuscenes,scene-1094_004,yaw_1.0deg,yaw,1.0000,9,Car,32.2702,1,0.5221,False,12,0.2500,32.5946,far>30m
nuscenes,scene-1094_004,yaw_1.0deg,yaw,1.0000,12,Car,8.4610,0,0.9467,False,242,0.0496,40.6168,near<15m
nuscenes,scene-1094_004,yaw_1.0deg,yaw,1.0000,16,Car,29.8738,0,0.0000,True,68,0.9706,25.6003,mid15-30m
nuscenes,scene-1094_004,pitch_1.0deg,pitch,1.0000,1,Car,24.1921,0,0.0000,True,27,1.0000,22.9936,mid15-30m
nuscenes,scene-1094_004,pitch_1.0deg,pitch,1.0000,5,Car,8.4840,0,0.0000,True,360,1.0000,25.1927,near<15m
nuscenes,scene-1094_004,pitch_1.0deg,pitch,1.0000,9,Car,32.2702,1,0.5221,False,12,0.5000,22.8234,far>30m
nuscenes,scene-1094_004,pitch_1.0deg,pitch,1.0000,12,Car,8.4610,0,0.9467,False,242,0.0289,27.0921,near<15m
nuscenes,scene-1094_004,pitch_1.0deg,pitch,1.0000,16,Car,29.8738,0,0.0000,True,68,1.0000,22.7434,mid15-30m
nuscenes,scene-1094_004,roll_1.0deg,roll,1.0000,1,Car,24.1921,0,0.0000,True,27,1.0000,10.5915,mid15-30m
nuscenes,scene-1094_004,roll_1.0deg,roll,1.0000,5,Car,8.4840,0,0.0000,True,360,0.9944,4.4024,near<15m
nuscenes,scene-1094_004,roll_1.0deg,roll,1.0000,9,Car,32.2702,1,0.5221,False,12,0.5000,14.5829,far>30m
nuscenes,scene-1094_004,roll_1.0deg,roll,1.0000,12,Car,8.4610,0,0.9467,False,242,0.0455,19.2199,near<15m
nuscenes,scene-1094_004,roll_1.0deg,roll,1.0000,16,Car,29.8738,0,0.0000,True,68,1.0000,7.8154,mid15-30m
nuscenes,scene-1094_004,yaw_2.0deg,yaw,2.0000,1,Car,24.1921,0,0.0000,True,27,0.7778,56.7419,mid15-30m
nuscenes,scene-1094_004,yaw_2.0deg,yaw,2.0000,5,Car,8.4840,0,0.0000,True,360,0.9583,49.6273,near<15m
nuscenes,scene-1094_004,yaw_2.0deg,yaw,2.0000,9,Car,32.2702,1,0.5221,False,12,0.0833,65.9811,far>30m
nuscenes,scene-1094_004,yaw_2.0deg,yaw,2.0000,12,Car,8.4610,0,0.9467,False,242,0.0455,80.0377,near<15m
nuscenes,scene-1094_004,yaw_2.0deg,yaw,2.0000,16,Car,29.8738,0,0.0000,True,68,0.9265,51.5367,mid15-30m
nuscenes,scene-1094_004,pitch_2.0deg,pitch,2.0000,1,Car,24.1921,0,0.0000,True,27,1.0000,46.0666,mid15-30m
nuscenes,scene-1094_004,pitch_2.0deg,pitch,2.0000,5,Car,8.4840,0,0.0000,True,360,0.9750,50.5594,near<15m
nuscenes,scene-1094_004,pitch_2.0deg,pitch,2.0000,9,Car,32.2702,1,0.5221,False,12,0.0000,45.7328,far>30m
nuscenes,scene-1094_004,pitch_2.0deg,pitch,2.0000,12,Car,8.4610,0,0.9467,False,242,0.0289,54.5142,near<15m
nuscenes,scene-1094_004,pitch_2.0deg,pitch,2.0000,16,Car,29.8738,0,0.0000,True,68,0.8235,45.5385,mid15-30m
nuscenes,scene-1094_004,roll_2.0deg,roll,2.0000,1,Car,24.1921,0,0.0000,True,27,0.8889,21.1805,mid15-30m
nuscenes,scene-1094_004,roll_2.0deg,roll,2.0000,5,Car,8.4840,0,0.0000,True,360,0.9889,8.8043,near<15m
nuscenes,scene-1094_004,roll_2.0deg,roll,2.0000,9,Car,32.2702,1,0.5221,False,12,0.5000,29.1615,far>30m
nuscenes,scene-1094_004,roll_2.0deg,roll,2.0000,12,Car,8.4610,0,0.9467,False,242,0.0372,38.4435,near<15m
nuscenes,scene-1094_004,roll_2.0deg,roll,2.0000,16,Car,29.8738,0,0.0000,True,68,1.0000,15.6292,mid15-30m
nuscenes,scene-1094_004,yaw_3.0deg,yaw,3.0000,1,Car,24.1921,0,0.0000,True,27,0.7778,85.8928,mid15-30m
nuscenes,scene-1094_004,yaw_3.0deg,yaw,3.0000,5,Car,8.4840,0,0.0000,True,360,0.8944,74.5736,near<15m
nuscenes,scene-1094_004,yaw_3.0deg,yaw,3.0000,9,Car,32.2702,1,0.5221,False,12,0.0000,100.2108,far>30m
nuscenes,scene-1094_004,yaw_3.0deg,yaw,3.0000,12,Car,8.4610,0,0.9467,False,242,0.0702,118.3417,near<15m
nuscenes,scene-1094_004,yaw_3.0deg,yaw,3.0000,16,Car,29.8738,0,0.0000,True,68,0.8824,77.8328,mid15-30m
nuscenes,scene-1094_004,pitch_3.0deg,pitch,3.0000,1,Car,24.1921,0,0.0000,True,27,0.6667,69.2355,mid15-30m
nuscenes,scene-1094_004,pitch_3.0deg,pitch,3.0000,5,Car,8.4840,0,0.0000,True,360,0.9750,76.1205,near<15m
nuscenes,scene-1094_004,pitch_3.0deg,pitch,3.0000,9,Car,32.2702,1,0.5221,False,12,0.0000,68.7456,far>30m
nuscenes,scene-1094_004,pitch_3.0deg,pitch,3.0000,12,Car,8.4610,0,0.9467,False,242,0.0289,82.2962,near<15m
nuscenes,scene-1094_004,pitch_3.0deg,pitch,3.0000,16,Car,29.8738,0,0.0000,True,68,0.6618,68.4006,mid15-30m
nuscenes,scene-1094_004,roll_3.0deg,roll,3.0000,1,Car,24.1921,0,0.0000,True,27,0.8519,31.7662,mid15-30m
nuscenes,scene-1094_004,roll_3.0deg,roll,3.0000,5,Car,8.4840,0,0.0000,True,360,0.9889,13.2053,near<15m
nuscenes,scene-1094_004,roll_3.0deg,roll,3.0000,9,Car,32.2702,1,0.5221,False,12,0.5000,43.7347,far>30m
nuscenes,scene-1094_004,roll_3.0deg,roll,3.0000,12,Car,8.4610,0,0.9467,False,242,0.0455,57.6691,near<15m
nuscenes,scene-1094_004,roll_3.0deg,roll,3.0000,16,Car,29.8738,0,0.0000,True,68,0.7647,23.4410,mid15-30m
nuscenes,scene-1094_004,tfwd_2cm,tfwd,2.0000,1,Car,24.1921,0,0.0000,True,27,1.0000,0.5814,mid15-30m
nuscenes,scene-1094_004,tfwd_2cm,tfwd,2.0000,5,Car,8.4840,0,0.0000,True,360,1.0000,0.5927,near<15m
nuscenes,scene-1094_004,tfwd_2cm,tfwd,2.0000,9,Car,32.2702,1,0.5221,False,12,0.5000,0.6306,far>30m
nuscenes,scene-1094_004,tfwd_2cm,tfwd,2.0000,12,Car,8.4610,0,0.9467,False,242,0.0413,4.1376,near<15m
nuscenes,scene-1094_004,tfwd_2cm,tfwd,2.0000,16,Car,29.8738,0,0.0000,True,68,1.0000,0.3296,mid15-30m
nuscenes,scene-1094_004,tleft_2cm,tleft,2.0000,1,Car,24.1921,0,0.0000,True,27,1.0000,1.2218,mid15-30m
nuscenes,scene-1094_004,tleft_2cm,tleft,2.0000,5,Car,8.4840,0,0.0000,True,360,1.0000,3.6960,near<15m
nuscenes,scene-1094_004,tleft_2cm,tleft,2.0000,9,Car,32.2702,1,0.5221,False,12,0.5000,0.9564,far>30m
nuscenes,scene-1094_004,tleft_2cm,tleft,2.0000,12,Car,8.4610,0,0.9467,False,242,0.0455,4.7929,near<15m
nuscenes,scene-1094_004,tleft_2cm,tleft,2.0000,16,Car,29.8738,0,0.0000,True,68,1.0000,0.9366,mid15-30m
nuscenes,scene-1094_004,tup_2cm,tup,2.0000,1,Car,24.1921,0,0.0000,True,27,1.0000,1.2252,mid15-30m
nuscenes,scene-1094_004,tup_2cm,tup,2.0000,5,Car,8.4840,0,0.0000,True,360,0.9944,3.7057,near<15m
nuscenes,scene-1094_004,tup_2cm,tup,2.0000,9,Car,32.2702,1,0.5221,False,12,0.5000,0.9597,far>30m
nuscenes,scene-1094_004,tup_2cm,tup,2.0000,12,Car,8.4610,0,0.9467,False,242,0.0372,4.7950,near<15m
nuscenes,scene-1094_004,tup_2cm,tup,2.0000,16,Car,29.8738,0,0.0000,True,68,1.0000,0.9383,mid15-30m
nuscenes,scene-1094_004,tfwd_5cm,tfwd,5.0000,1,Car,24.1921,0,0.0000,True,27,1.0000,1.4514,mid15-30m
nuscenes,scene-1094_004,tfwd_5cm,tfwd,5.0000,5,Car,8.4840,0,0.0000,True,360,1.0000,1.4752,near<15m
nuscenes,scene-1094_004,tfwd_5cm,tfwd,5.0000,9,Car,32.2702,1,0.5221,False,12,0.5000,1.5746,far>30m
nuscenes,scene-1094_004,tfwd_5cm,tfwd,5.0000,12,Car,8.4610,0,0.9467,False,242,0.0455,10.2846,near<15m
nuscenes,scene-1094_004,tfwd_5cm,tfwd,5.0000,16,Car,29.8738,0,0.0000,True,68,1.0000,0.8230,mid15-30m
nuscenes,scene-1094_004,tleft_5cm,tleft,5.0000,1,Car,24.1921,0,0.0000,True,27,1.0000,3.0545,mid15-30m
nuscenes,scene-1094_004,tleft_5cm,tleft,5.0000,5,Car,8.4840,0,0.0000,True,360,1.0000,9.2398,near<15m
nuscenes,scene-1094_004,tleft_5cm,tleft,5.0000,9,Car,32.2702,1,0.5221,False,12,0.5000,2.3909,far>30m
nuscenes,scene-1094_004,tleft_5cm,tleft,5.0000,12,Car,8.4610,0,0.9467,False,242,0.0372,11.9820,near<15m
nuscenes,scene-1094_004,tleft_5cm,tleft,5.0000,16,Car,29.8738,0,0.0000,True,68,1.0000,2.3415,mid15-30m
nuscenes,scene-1094_004,tup_5cm,tup,5.0000,1,Car,24.1921,0,0.0000,True,27,1.0000,3.0629,mid15-30m
nuscenes,scene-1094_004,tup_5cm,tup,5.0000,5,Car,8.4840,0,0.0000,True,360,0.9889,9.2636,near<15m
nuscenes,scene-1094_004,tup_5cm,tup,5.0000,9,Car,32.2702,1,0.5221,False,12,0.5000,2.3993,far>30m
nuscenes,scene-1094_004,tup_5cm,tup,5.0000,12,Car,8.4610,0,0.9467,False,242,0.0372,11.9862,near<15m
nuscenes,scene-1094_004,tup_5cm,tup,5.0000,16,Car,29.8738,0,0.0000,True,68,1.0000,2.3457,mid15-30m
nuscenes,scene-1094_004,tfwd_10cm,tfwd,10.0000,1,Car,24.1921,0,0.0000,True,27,1.0000,2.8958,mid15-30m
nuscenes,scene-1094_004,tfwd_10cm,tfwd,10.0000,5,Car,8.4840,0,0.0000,True,360,1.0000,2.9293,near<15m
nuscenes,scene-1094_004,tfwd_10cm,tfwd,10.0000,9,Car,32.2702,1,0.5221,False,12,0.5000,3.1432,far>30m
nuscenes,scene-1094_004,tfwd_10cm,tfwd,10.0000,12,Car,8.4610,0,0.9467,False,242,0.0413,20.3747,near<15m
nuscenes,scene-1094_004,tfwd_10cm,tfwd,10.0000,16,Car,29.8738,0,0.0000,True,68,1.0000,1.6429,mid15-30m
nuscenes,scene-1094_004,tleft_10cm,tleft,10.0000,1,Car,24.1921,0,0.0000,True,27,1.0000,6.1089,mid15-30m
nuscenes,scene-1094_004,tleft_10cm,tleft,10.0000,5,Car,8.4840,0,0.0000,True,360,1.0000,18.4791,near<15m
nuscenes,scene-1094_004,tleft_10cm,tleft,10.0000,9,Car,32.2702,1,0.5221,False,12,0.5000,4.7817,far>30m
nuscenes,scene-1094_004,tleft_10cm,tleft,10.0000,12,Car,8.4610,0,0.9467,False,242,0.0496,23.9631,near<15m
nuscenes,scene-1094_004,tleft_10cm,tleft,10.0000,16,Car,29.8738,0,0.0000,True,68,1.0000,4.6829,mid15-30m
nuscenes,scene-1094_004,tup_10cm,tup,10.0000,1,Car,24.1921,0,0.0000,True,27,1.0000,6.1255,mid15-30m
nuscenes,scene-1094_004,tup_10cm,tup,10.0000,5,Car,8.4840,0,0.0000,True,360,0.9889,18.5246,near<15m
nuscenes,scene-1094_004,tup_10cm,tup,10.0000,9,Car,32.2702,1,0.5221,False,12,0.5000,4.7984,far>30m
nuscenes,scene-1094_004,tup_10cm,tup,10.0000,12,Car,8.4610,0,0.9467,False,242,0.0372,23.9683,near<15m
nuscenes,scene-1094_004,tup_10cm,tup,10.0000,16,Car,29.8738,0,0.0000,True,68,1.0000,4.6913,mid15-30m
nuscenes,scene-1094_005,baseline,baseline,0.0000,1,Car,23.5217,0,0.0000,True,30,1.0000,0.0000,mid15-30m
nuscenes,scene-1094_005,baseline,baseline,0.0000,5,Car,8.4818,0,0.0000,True,374,1.0000,0.0000,near<15m
nuscenes,scene-1094_005,baseline,baseline,0.0000,9,Car,31.6241,1,0.6494,False,12,0.0000,0.0000,far>30m
nuscenes,scene-1094_005,baseline,baseline,0.0000,12,Car,9.8832,0,0.9846,False,153,0.0000,0.0000,near<15m
nuscenes,scene-1094_005,baseline,baseline,0.0000,16,Car,29.1723,0,0.0000,True,70,1.0000,0.0000,mid15-30m
nuscenes,scene-1094_005,yaw_0.5deg,yaw,0.5000,1,Car,23.5217,0,0.0000,True,30,1.0000,14.0835,mid15-30m
nuscenes,scene-1094_005,yaw_0.5deg,yaw,0.5000,5,Car,8.4818,0,0.0000,True,374,0.9947,12.4278,near<15m
nuscenes,scene-1094_005,yaw_0.5deg,yaw,0.5000,9,Car,31.6241,1,0.6494,False,12,0.0000,16.8901,far>30m
nuscenes,scene-1094_005,yaw_0.5deg,yaw,0.5000,12,Car,9.8832,0,0.9846,False,153,0.0065,19.5986,near<15m
nuscenes,scene-1094_005,yaw_0.5deg,yaw,0.5000,16,Car,29.1723,0,0.0000,True,70,1.0000,12.9297,mid15-30m
nuscenes,scene-1094_005,pitch_0.5deg,pitch,0.5000,1,Car,23.5217,0,0.0000,True,30,1.0000,11.5181,mid15-30m
nuscenes,scene-1094_005,pitch_0.5deg,pitch,0.5000,5,Car,8.4818,0,0.0000,True,374,1.0000,12.5830,near<15m
nuscenes,scene-1094_005,pitch_0.5deg,pitch,0.5000,9,Car,31.6241,1,0.6494,False,12,0.0000,11.4036,far>30m
nuscenes,scene-1094_005,pitch_0.5deg,pitch,0.5000,12,Car,9.8832,0,0.9846,False,153,0.0000,12.8900,near<15m
nuscenes,scene-1094_005,pitch_0.5deg,pitch,0.5000,16,Car,29.1723,0,0.0000,True,70,1.0000,11.3674,mid15-30m
nuscenes,scene-1094_005,roll_0.5deg,roll,0.5000,1,Car,23.5217,0,0.0000,True,30,1.0000,5.4182,mid15-30m
nuscenes,scene-1094_005,roll_0.5deg,roll,0.5000,5,Car,8.4818,0,0.0000,True,374,1.0000,2.4757,near<15m
nuscenes,scene-1094_005,roll_0.5deg,roll,0.5000,9,Car,31.6241,1,0.6494,False,12,0.0000,7.8031,far>30m
nuscenes,scene-1094_005,roll_0.5deg,roll,0.5000,12,Car,9.8832,0,0.9846,False,153,0.0000,9.1916,near<15m
nuscenes,scene-1094_005,roll_0.5deg,roll,0.5000,16,Car,29.1723,0,0.0000,True,70,1.0000,4.1455,mid15-30m
nuscenes,scene-1094_005,yaw_1.0deg,yaw,1.0000,1,Car,23.5217,0,0.0000,True,30,1.0000,28.2904,mid15-30m
nuscenes,scene-1094_005,yaw_1.0deg,yaw,1.0000,5,Car,8.4818,0,0.0000,True,374,0.9813,24.8818,near<15m
nuscenes,scene-1094_005,yaw_1.0deg,yaw,1.0000,9,Car,31.6241,1,0.6494,False,12,0.0000,33.9940,far>30m
nuscenes,scene-1094_005,yaw_1.0deg,yaw,1.0000,12,Car,9.8832,0,0.9846,False,153,0.0065,38.9138,near<15m
nuscenes,scene-1094_005,yaw_1.0deg,yaw,1.0000,16,Car,29.1723,0,0.0000,True,70,0.9857,25.9466,mid15-30m
nuscenes,scene-1094_005,pitch_1.0deg,pitch,1.0000,1,Car,23.5217,0,0.0000,True,30,1.0000,23.0563,mid15-30m
nuscenes,scene-1094_005,pitch_1.0deg,pitch,1.0000,5,Car,8.4818,0,0.0000,True,374,1.0000,25.2094,near<15m
nuscenes,scene-1094_005,pitch_1.0deg,pitch,1.0000,9,Car,31.6241,1,0.6494,False,12,0.0000,22.8274,far>30m
nuscenes,scene-1094_005,pitch_1.0deg,pitch,1.0000,12,Car,9.8832,0,0.9846,False,153,0.0000,25.8416,near<15m
nuscenes,scene-1094_005,pitch_1.0deg,pitch,1.0000,16,Car,29.1723,0,0.0000,True,70,1.0000,22.7467,mid15-30m
nuscenes,scene-1094_005,roll_1.0deg,roll,1.0000,1,Car,23.5217,0,0.0000,True,30,1.0000,10.8358,mid15-30m
nuscenes,scene-1094_005,roll_1.0deg,roll,1.0000,5,Car,8.4818,0,0.0000,True,374,1.0000,4.9512,near<15m
nuscenes,scene-1094_005,roll_1.0deg,roll,1.0000,9,Car,31.6241,1,0.6494,False,12,0.0000,15.6052,far>30m
nuscenes,scene-1094_005,roll_1.0deg,roll,1.0000,12,Car,9.8832,0,0.9846,False,153,0.0000,18.3843,near<15m
nuscenes,scene-1094_005,roll_1.0deg,roll,1.0000,16,Car,29.1723,0,0.0000,True,70,1.0000,8.2907,mid15-30m
nuscenes,scene-1094_005,yaw_2.0deg,yaw,2.0000,1,Car,23.5217,0,0.0000,True,30,1.0000,57.0902,mid15-30m
nuscenes,scene-1094_005,yaw_2.0deg,yaw,2.0000,5,Car,8.4818,0,0.0000,True,374,0.9412,49.8778,near<15m
nuscenes,scene-1094_005,yaw_2.0deg,yaw,2.0000,9,Car,31.6241,1,0.6494,False,12,0.0000,68.8704,far>30m
nuscenes,scene-1094_005,yaw_2.0deg,yaw,2.0000,12,Car,9.8832,0,0.9846,False,153,0.0065,76.7311,near<15m
nuscenes,scene-1094_005,yaw_2.0deg,yaw,2.0000,16,Car,29.1723,0,0.0000,True,70,0.9429,52.2537,mid15-30m
nuscenes,scene-1094_005,pitch_2.0deg,pitch,2.0000,1,Car,23.5217,0,0.0000,True,30,0.7667,46.2012,mid15-30m
nuscenes,scene-1094_005,pitch_2.0deg,pitch,2.0000,5,Car,8.4818,0,0.0000,True,374,1.0000,50.6029,near<15m
nuscenes,scene-1094_005,pitch_2.0deg,pitch,2.0000,9,Car,31.6241,1,0.6494,False,12,0.0000,45.7444,far>30m
nuscenes,scene-1094_005,pitch_2.0deg,pitch,2.0000,12,Car,9.8832,0,0.9846,False,153,0.0000,51.9423,near<15m
nuscenes,scene-1094_005,pitch_2.0deg,pitch,2.0000,16,Car,29.1723,0,0.0000,True,70,0.8000,45.5482,mid15-30m
nuscenes,scene-1094_005,roll_2.0deg,roll,2.0000,1,Car,23.5217,0,0.0000,True,30,0.7333,21.6690,mid15-30m
nuscenes,scene-1094_005,roll_2.0deg,roll,2.0000,5,Car,8.4818,0,0.0000,True,374,1.0000,9.9017,near<15m
nuscenes,scene-1094_005,roll_2.0deg,roll,2.0000,9,Car,31.6241,1,0.6494,False,12,0.0000,31.2056,far>30m
nuscenes,scene-1094_005,roll_2.0deg,roll,2.0000,12,Car,9.8832,0,0.9846,False,153,0.0131,36.7718,near<15m
nuscenes,scene-1094_005,roll_2.0deg,roll,2.0000,16,Car,29.1723,0,0.0000,True,70,0.9714,16.5797,mid15-30m
nuscenes,scene-1094_005,yaw_3.0deg,yaw,3.0000,1,Car,23.5217,0,0.0000,True,30,1.0000,86.4321,mid15-30m
nuscenes,scene-1094_005,yaw_3.0deg,yaw,3.0000,5,Car,8.4818,0,0.0000,True,374,0.8877,75.0070,near<15m
nuscenes,scene-1094_005,yaw_3.0deg,yaw,3.0000,9,Car,31.6241,1,0.6494,False,12,0.0000,104.6869,far>30m
nuscenes,scene-1094_005,yaw_3.0deg,yaw,3.0000,12,Car,9.8832,0,0.9846,False,153,0.0261,113.5226,near<15m
nuscenes,scene-1094_005,yaw_3.0deg,yaw,3.0000,16,Car,29.1723,0,0.0000,True,70,0.8714,78.9462,mid15-30m
nuscenes,scene-1094_005,pitch_3.0deg,pitch,3.0000,1,Car,23.5217,0,0.0000,True,30,0.4333,69.4512,mid15-30m
nuscenes,scene-1094_005,pitch_3.0deg,pitch,3.0000,5,Car,8.4818,0,0.0000,True,374,0.9118,76.2010,near<15m
nuscenes,scene-1094_005,pitch_3.0deg,pitch,3.0000,9,Car,31.6241,1,0.6494,False,12,0.0000,68.7685,far>30m
nuscenes,scene-1094_005,pitch_3.0deg,pitch,3.0000,12,Car,9.8832,0,0.9846,False,153,0.0000,78.3277,near<15m
nuscenes,scene-1094_005,pitch_3.0deg,pitch,3.0000,16,Car,29.1723,0,0.0000,True,70,0.6143,68.4201,mid15-30m
nuscenes,scene-1094_005,roll_3.0deg,roll,3.0000,1,Car,23.5217,0,0.0000,True,30,0.7333,32.4987,mid15-30m
nuscenes,scene-1094_005,roll_3.0deg,roll,3.0000,5,Car,8.4818,0,0.0000,True,374,0.9947,14.8512,near<15m
nuscenes,scene-1094_005,roll_3.0deg,roll,3.0000,9,Car,31.6241,1,0.6494,False,12,0.0000,46.8001,far>30m
nuscenes,scene-1094_005,roll_3.0deg,roll,3.0000,12,Car,9.8832,0,0.9846,False,153,0.0131,55.1611,near<15m
nuscenes,scene-1094_005,roll_3.0deg,roll,3.0000,16,Car,29.1723,0,0.0000,True,70,0.7143,24.8664,mid15-30m
nuscenes,scene-1094_005,tfwd_2cm,tfwd,2.0000,1,Car,23.5217,0,0.0000,True,30,1.0000,0.6244,mid15-30m
nuscenes,scene-1094_005,tfwd_2cm,tfwd,2.0000,5,Car,8.4818,0,0.0000,True,374,1.0000,0.6872,near<15m
nuscenes,scene-1094_005,tfwd_2cm,tfwd,2.0000,9,Car,31.6241,1,0.6494,False,12,0.0000,0.6953,far>30m
nuscenes,scene-1094_005,tfwd_2cm,tfwd,2.0000,12,Car,9.8832,0,0.9846,False,153,0.0000,3.2474,near<15m
nuscenes,scene-1094_005,tfwd_2cm,tfwd,2.0000,16,Car,29.1723,0,0.0000,True,70,1.0000,0.3586,mid15-30m
nuscenes,scene-1094_005,tleft_2cm,tleft,2.0000,1,Car,23.5217,0,0.0000,True,30,1.0000,1.2795,mid15-30m
nuscenes,scene-1094_005,tleft_2cm,tleft,2.0000,5,Car,8.4818,0,0.0000,True,374,1.0000,3.6908,near<15m
nuscenes,scene-1094_005,tleft_2cm,tleft,2.0000,9,Car,31.6241,1,0.6494,False,12,0.0000,0.9852,far>30m
nuscenes,scene-1094_005,tleft_2cm,tleft,2.0000,12,Car,9.8832,0,0.9846,False,153,0.0000,3.9302,near<15m
nuscenes,scene-1094_005,tleft_2cm,tleft,2.0000,16,Car,29.1723,0,0.0000,True,70,1.0000,0.9604,mid15-30m
nuscenes,scene-1094_005,tup_2cm,tup,2.0000,1,Car,23.5217,0,0.0000,True,30,1.0000,1.2834,mid15-30m
nuscenes,scene-1094_005,tup_2cm,tup,2.0000,5,Car,8.4818,0,0.0000,True,374,1.0000,3.7018,near<15m
nuscenes,scene-1094_005,tup_2cm,tup,2.0000,9,Car,31.6241,1,0.6494,False,12,0.0000,0.9890,far>30m
nuscenes,scene-1094_005,tup_2cm,tup,2.0000,12,Car,9.8832,0,0.9846,False,153,0.0000,3.9291,near<15m
nuscenes,scene-1094_005,tup_2cm,tup,2.0000,16,Car,29.1723,0,0.0000,True,70,1.0000,0.9624,mid15-30m
nuscenes,scene-1094_005,tfwd_5cm,tfwd,5.0000,1,Car,23.5217,0,0.0000,True,30,1.0000,1.5587,mid15-30m
nuscenes,scene-1094_005,tfwd_5cm,tfwd,5.0000,5,Car,8.4818,0,0.0000,True,374,1.0000,1.7104,near<15m
nuscenes,scene-1094_005,tfwd_5cm,tfwd,5.0000,9,Car,31.6241,1,0.6494,False,12,0.0000,1.7362,far>30m
nuscenes,scene-1094_005,tfwd_5cm,tfwd,5.0000,12,Car,9.8832,0,0.9846,False,153,0.0000,8.0807,near<15m
nuscenes,scene-1094_005,tfwd_5cm,tfwd,5.0000,16,Car,29.1723,0,0.0000,True,70,1.0000,0.8956,mid15-30m
nuscenes,scene-1094_005,tleft_5cm,tleft,5.0000,1,Car,23.5217,0,0.0000,True,30,1.0000,3.1987,mid15-30m
nuscenes,scene-1094_005,tleft_5cm,tleft,5.0000,5,Car,8.4818,0,0.0000,True,374,1.0000,9.2267,near<15m
nuscenes,scene-1094_005,tleft_5cm,tleft,5.0000,9,Car,31.6241,1,0.6494,False,12,0.0000,2.4631,far>30m
nuscenes,scene-1094_005,tleft_5cm,tleft,5.0000,12,Car,9.8832,0,0.9846,False,153,0.0000,9.8253,near<15m
nuscenes,scene-1094_005,tleft_5cm,tleft,5.0000,16,Car,29.1723,0,0.0000,True,70,1.0000,2.4010,mid15-30m
nuscenes,scene-1094_005,tup_5cm,tup,5.0000,1,Car,23.5217,0,0.0000,True,30,1.0000,3.2084,mid15-30m
nuscenes,scene-1094_005,tup_5cm,tup,5.0000,5,Car,8.4818,0,0.0000,True,374,1.0000,9.2537,near<15m
nuscenes,scene-1094_005,tup_5cm,tup,5.0000,9,Car,31.6241,1,0.6494,False,12,0.0000,2.4726,far>30m
nuscenes,scene-1094_005,tup_5cm,tup,5.0000,12,Car,9.8832,0,0.9846,False,153,0.0000,9.8220,near<15m
nuscenes,scene-1094_005,tup_5cm,tup,5.0000,16,Car,29.1723,0,0.0000,True,70,1.0000,2.4059,mid15-30m
nuscenes,scene-1094_005,tfwd_10cm,tfwd,10.0000,1,Car,23.5217,0,0.0000,True,30,1.0000,3.1095,mid15-30m
nuscenes,scene-1094_005,tfwd_10cm,tfwd,10.0000,5,Car,8.4818,0,0.0000,True,374,1.0000,3.3963,near<15m
nuscenes,scene-1094_005,tfwd_10cm,tfwd,10.0000,9,Car,31.6241,1,0.6494,False,12,0.0000,3.4656,far>30m
nuscenes,scene-1094_005,tfwd_10cm,tfwd,10.0000,12,Car,9.8832,0,0.9846,False,153,0.0065,16.0364,near<15m
nuscenes,scene-1094_005,tfwd_10cm,tfwd,10.0000,16,Car,29.1723,0,0.0000,True,70,1.0000,1.7878,mid15-30m
nuscenes,scene-1094_005,tleft_10cm,tleft,10.0000,1,Car,23.5217,0,0.0000,True,30,1.0000,6.3973,mid15-30m
nuscenes,scene-1094_005,tleft_10cm,tleft,10.0000,5,Car,8.4818,0,0.0000,True,374,0.9947,18.4530,near<15m
nuscenes,scene-1094_005,tleft_10cm,tleft,10.0000,9,Car,31.6241,1,0.6494,False,12,0.0000,4.9261,far>30m
nuscenes,scene-1094_005,tleft_10cm,tleft,10.0000,12,Car,9.8832,0,0.9846,False,153,0.0131,19.6499,near<15m
nuscenes,scene-1094_005,tleft_10cm,tleft,10.0000,16,Car,29.1723,0,0.0000,True,70,1.0000,4.8020,mid15-30m
nuscenes,scene-1094_005,tup_10cm,tup,10.0000,1,Car,23.5217,0,0.0000,True,30,1.0000,6.4165,mid15-30m
nuscenes,scene-1094_005,tup_10cm,tup,10.0000,5,Car,8.4818,0,0.0000,True,374,1.0000,18.5049,near<15m
nuscenes,scene-1094_005,tup_10cm,tup,10.0000,9,Car,31.6241,1,0.6494,False,12,0.0000,4.9449,far>30m
nuscenes,scene-1094_005,tup_10cm,tup,10.0000,12,Car,9.8832,0,0.9846,False,153,0.0000,19.6411,near<15m
nuscenes,scene-1094_005,tup_10cm,tup,10.0000,16,Car,29.1723,0,0.0000,True,70,1.0000,4.8116,mid15-30m
nuscenes,scene-1094_006,baseline,baseline,0.0000,1,Car,22.6409,0,0.0451,True,50,1.0000,0.0000,mid15-30m
nuscenes,scene-1094_006,baseline,baseline,0.0000,5,Car,8.3037,0,0.0000,True,397,1.0000,0.0000,near<15m
nuscenes,scene-1094_006,baseline,baseline,0.0000,14,Car,25.9768,2,0.0000,False,10,1.0000,0.0000,mid15-30m
nuscenes,scene-1094_006,baseline,baseline,0.0000,15,Car,28.2464,0,0.0000,True,64,1.0000,0.0000,mid15-30m
nuscenes,scene-1094_006,yaw_0.5deg,yaw,0.5000,1,Car,22.6409,0,0.0451,True,50,1.0000,14.7154,mid15-30m
nuscenes,scene-1094_006,yaw_0.5deg,yaw,0.5000,5,Car,8.3037,0,0.0000,True,397,0.9950,12.6619,near<15m
nuscenes,scene-1094_006,yaw_0.5deg,yaw,0.5000,14,Car,25.9768,2,0.0000,False,10,1.0000,13.3257,mid15-30m
nuscenes,scene-1094_006,yaw_0.5deg,yaw,0.5000,15,Car,28.2464,0,0.0000,True,64,1.0000,13.0480,mid15-30m
nuscenes,scene-1094_006,pitch_0.5deg,pitch,0.5000,1,Car,22.6409,0,0.0451,True,50,1.0000,11.5176,mid15-30m
nuscenes,scene-1094_006,pitch_0.5deg,pitch,0.5000,5,Car,8.3037,0,0.0000,True,397,1.0000,12.5973,near<15m
nuscenes,scene-1094_006,pitch_0.5deg,pitch,0.5000,14,Car,25.9768,2,0.0000,False,10,1.0000,11.4791,mid15-30m
nuscenes,scene-1094_006,pitch_0.5deg,pitch,0.5000,15,Car,28.2464,0,0.0000,True,64,1.0000,11.3683,mid15-30m
nuscenes,scene-1094_006,roll_0.5deg,roll,0.5000,1,Car,22.6409,0,0.0451,True,50,1.0000,5.9881,mid15-30m
nuscenes,scene-1094_006,roll_0.5deg,roll,0.5000,5,Car,8.3037,0,0.0000,True,397,1.0000,2.8584,near<15m
nuscenes,scene-1094_006,roll_0.5deg,roll,0.5000,14,Car,25.9768,2,0.0000,False,10,1.0000,4.6580,mid15-30m
nuscenes,scene-1094_006,roll_0.5deg,roll,0.5000,15,Car,28.2464,0,0.0000,True,64,1.0000,4.2804,mid15-30m
nuscenes,scene-1094_006,yaw_1.0deg,yaw,1.0000,1,Car,22.6409,0,0.0451,True,50,0.9800,29.5741,mid15-30m
nuscenes,scene-1094_006,yaw_1.0deg,yaw,1.0000,5,Car,8.3037,0,0.0000,True,397,0.9849,25.3654,near<15m
nuscenes,scene-1094_006,yaw_1.0deg,yaw,1.0000,14,Car,25.9768,2,0.0000,False,10,1.0000,26.7512,mid15-30m
nuscenes,scene-1094_006,yaw_1.0deg,yaw,1.0000,15,Car,28.2464,0,0.0000,True,64,0.9844,26.1870,mid15-30m
nuscenes,scene-1094_006,pitch_1.0deg,pitch,1.0000,1,Car,22.6409,0,0.0451,True,50,0.8600,23.0543,mid15-30m
nuscenes,scene-1094_006,pitch_1.0deg,pitch,1.0000,5,Car,8.3037,0,0.0000,True,397,1.0000,25.2380,near<15m
nuscenes,scene-1094_006,pitch_1.0deg,pitch,1.0000,14,Car,25.9768,2,0.0000,False,10,1.0000,22.9801,mid15-30m
nuscenes,scene-1094_006,pitch_1.0deg,pitch,1.0000,15,Car,28.2464,0,0.0000,True,64,1.0000,22.7471,mid15-30m
nuscenes,scene-1094_006,roll_1.0deg,roll,1.0000,1,Car,22.6409,0,0.0451,True,50,1.0000,11.9755,mid15-30m
nuscenes,scene-1094_006,roll_1.0deg,roll,1.0000,5,Car,8.3037,0,0.0000,True,397,1.0000,5.7167,near<15m
nuscenes,scene-1094_006,roll_1.0deg,roll,1.0000,14,Car,25.9768,2,0.0000,False,10,1.0000,9.3156,mid15-30m
nuscenes,scene-1094_006,roll_1.0deg,roll,1.0000,15,Car,28.2464,0,0.0000,True,64,1.0000,8.5604,mid15-30m
nuscenes,scene-1094_006,yaw_2.0deg,yaw,2.0000,1,Car,22.6409,0,0.0451,True,50,0.8600,59.7395,mid15-30m
nuscenes,scene-1094_006,yaw_2.0deg,yaw,2.0000,5,Car,8.3037,0,0.0000,True,397,0.9496,50.9073,near<15m
nuscenes,scene-1094_006,yaw_2.0deg,yaw,2.0000,14,Car,25.9768,2,0.0000,False,10,1.0000,53.9147,mid15-30m
nuscenes,scene-1094_006,yaw_2.0deg,yaw,2.0000,15,Car,28.2464,0,0.0000,True,64,0.9531,52.7505,mid15-30m
nuscenes,scene-1094_006,pitch_2.0deg,pitch,2.0000,1,Car,22.6409,0,0.0451,True,50,0.8600,46.1938,mid15-30m
nuscenes,scene-1094_006,pitch_2.0deg,pitch,2.0000,5,Car,8.3037,0,0.0000,True,397,1.0000,50.6603,near<15m
nuscenes,scene-1094_006,pitch_2.0deg,pitch,2.0000,14,Car,25.9768,2,0.0000,False,10,0.0000,46.0552,mid15-30m
nuscenes,scene-1094_006,pitch_2.0deg,pitch,2.0000,15,Car,28.2464,0,0.0000,True,64,0.8750,45.5439,mid15-30m
nuscenes,scene-1094_006,roll_2.0deg,roll,2.0000,1,Car,22.6409,0,0.0451,True,50,1.0000,23.9477,mid15-30m
nuscenes,scene-1094_006,roll_2.0deg,roll,2.0000,5,Car,8.3037,0,0.0000,True,397,1.0000,11.4324,near<15m
nuscenes,scene-1094_006,roll_2.0deg,roll,2.0000,14,Car,25.9768,2,0.0000,False,10,1.0000,18.6291,mid15-30m
nuscenes,scene-1094_006,roll_2.0deg,roll,2.0000,15,Car,28.2464,0,0.0000,True,64,1.0000,17.1190,mid15-30m
nuscenes,scene-1094_006,yaw_3.0deg,yaw,3.0000,1,Car,22.6409,0,0.0451,True,50,0.7000,90.5341,mid15-30m
nuscenes,scene-1094_006,yaw_3.0deg,yaw,3.0000,5,Car,8.3037,0,0.0000,True,397,0.9093,76.6461,near<15m
nuscenes,scene-1094_006,yaw_3.0deg,yaw,3.0000,14,Car,25.9768,2,0.0000,False,10,1.0000,81.5176,mid15-30m
nuscenes,scene-1094_006,yaw_3.0deg,yaw,3.0000,15,Car,28.2464,0,0.0000,True,64,0.9062,79.7161,mid15-30m
nuscenes,scene-1094_006,pitch_3.0deg,pitch,3.0000,1,Car,22.6409,0,0.0451,True,50,0.6200,69.4353,mid15-30m
nuscenes,scene-1094_006,pitch_3.0deg,pitch,3.0000,5,Car,8.3037,0,0.0000,True,397,0.9043,76.2875,near<15m
nuscenes,scene-1094_006,pitch_3.0deg,pitch,3.0000,14,Car,25.9768,2,0.0000,False,10,0.0000,69.2417,mid15-30m
nuscenes,scene-1094_006,pitch_3.0deg,pitch,3.0000,15,Car,28.2464,0,0.0000,True,64,0.6875,68.4061,mid15-30m
nuscenes,scene-1094_006,roll_3.0deg,roll,3.0000,1,Car,22.6409,0,0.0451,True,50,0.7800,35.9159,mid15-30m
nuscenes,scene-1094_006,roll_3.0deg,roll,3.0000,5,Car,8.3037,0,0.0000,True,397,0.9975,17.1467,near<15m
nuscenes,scene-1094_006,roll_3.0deg,roll,3.0000,14,Car,25.9768,2,0.0000,False,10,1.0000,27.9397,mid15-30m
nuscenes,scene-1094_006,roll_3.0deg,roll,3.0000,15,Car,28.2464,0,0.0000,True,64,0.9531,25.6751,mid15-30m
nuscenes,scene-1094_006,tfwd_2cm,tfwd,2.0000,1,Car,22.6409,0,0.0451,True,50,1.0000,0.7234,mid15-30m
nuscenes,scene-1094_006,tfwd_2cm,tfwd,2.0000,5,Car,8.3037,0,0.0000,True,397,1.0000,0.8538,near<15m
nuscenes,scene-1094_006,tfwd_2cm,tfwd,2.0000,14,Car,25.9768,2,0.0000,False,10,1.0000,0.4709,mid15-30m
nuscenes,scene-1094_006,tfwd_2cm,tfwd,2.0000,15,Car,28.2464,0,0.0000,True,64,1.0000,0.3870,mid15-30m
nuscenes,scene-1094_006,tleft_2cm,tleft,2.0000,1,Car,22.6409,0,0.0451,True,50,1.0000,1.3412,mid15-30m
nuscenes,scene-1094_006,tleft_2cm,tleft,2.0000,5,Car,8.3037,0,0.0000,True,397,1.0000,3.8101,near<15m
nuscenes,scene-1094_006,tleft_2cm,tleft,2.0000,14,Car,25.9768,2,0.0000,False,10,1.0000,1.1236,mid15-30m
nuscenes,scene-1094_006,tleft_2cm,tleft,2.0000,15,Car,28.2464,0,0.0000,True,64,1.0000,1.0029,mid15-30m
nuscenes,scene-1094_006,tup_2cm,tup,2.0000,1,Car,22.6409,0,0.0451,True,50,1.0000,1.3454,mid15-30m
nuscenes,scene-1094_006,tup_2cm,tup,2.0000,5,Car,8.3037,0,0.0000,True,397,1.0000,3.8228,near<15m
nuscenes,scene-1094_006,tup_2cm,tup,2.0000,14,Car,25.9768,2,0.0000,False,10,1.0000,1.1270,mid15-30m
nuscenes,scene-1094_006,tup_2cm,tup,2.0000,15,Car,28.2464,0,0.0000,True,64,1.0000,1.0049,mid15-30m
nuscenes,scene-1094_006,tfwd_5cm,tfwd,5.0000,1,Car,22.6409,0,0.0451,True,50,1.0000,1.8057,mid15-30m
nuscenes,scene-1094_006,tfwd_5cm,tfwd,5.0000,5,Car,8.3037,0,0.0000,True,397,1.0000,2.1250,near<15m
nuscenes,scene-1094_006,tfwd_5cm,tfwd,5.0000,14,Car,25.9768,2,0.0000,False,10,1.0000,1.1756,mid15-30m
nuscenes,scene-1094_006,tfwd_5cm,tfwd,5.0000,15,Car,28.2464,0,0.0000,True,64,1.0000,0.9664,mid15-30m
nuscenes,scene-1094_006,tleft_5cm,tleft,5.0000,1,Car,22.6409,0,0.0451,True,50,1.0000,3.3529,mid15-30m
nuscenes,scene-1094_006,tleft_5cm,tleft,5.0000,5,Car,8.3037,0,0.0000,True,397,1.0000,9.5251,near<15m
nuscenes,scene-1094_006,tleft_5cm,tleft,5.0000,14,Car,25.9768,2,0.0000,False,10,1.0000,2.8089,mid15-30m
nuscenes,scene-1094_006,tleft_5cm,tleft,5.0000,15,Car,28.2464,0,0.0000,True,64,1.0000,2.5072,mid15-30m
nuscenes,scene-1094_006,tup_5cm,tup,5.0000,1,Car,22.6409,0,0.0451,True,50,1.0000,3.3634,mid15-30m
nuscenes,scene-1094_006,tup_5cm,tup,5.0000,5,Car,8.3037,0,0.0000,True,397,1.0000,9.5562,near<15m
nuscenes,scene-1094_006,tup_5cm,tup,5.0000,14,Car,25.9768,2,0.0000,False,10,1.0000,2.8174,mid15-30m
nuscenes,scene-1094_006,tup_5cm,tup,5.0000,15,Car,28.2464,0,0.0000,True,64,1.0000,2.5121,mid15-30m
nuscenes,scene-1094_006,tfwd_10cm,tfwd,10.0000,1,Car,22.6409,0,0.0451,True,50,1.0000,3.6019,mid15-30m
nuscenes,scene-1094_006,tfwd_10cm,tfwd,10.0000,5,Car,8.3037,0,0.0000,True,397,1.0000,4.2186,near<15m
nuscenes,scene-1094_006,tfwd_10cm,tfwd,10.0000,14,Car,25.9768,2,0.0000,False,10,1.0000,2.3461,mid15-30m
nuscenes,scene-1094_006,tfwd_10cm,tfwd,10.0000,15,Car,28.2464,0,0.0000,True,64,1.0000,1.9291,mid15-30m
nuscenes,scene-1094_006,tleft_10cm,tleft,10.0000,1,Car,22.6409,0,0.0451,True,50,1.0000,6.7057,mid15-30m
nuscenes,scene-1094_006,tleft_10cm,tleft,10.0000,5,Car,8.3037,0,0.0000,True,397,0.9950,19.0497,near<15m
nuscenes,scene-1094_006,tleft_10cm,tleft,10.0000,14,Car,25.9768,2,0.0000,False,10,1.0000,5.6178,mid15-30m
nuscenes,scene-1094_006,tleft_10cm,tleft,10.0000,15,Car,28.2464,0,0.0000,True,64,1.0000,5.0144,mid15-30m
nuscenes,scene-1094_006,tup_10cm,tup,10.0000,1,Car,22.6409,0,0.0451,True,50,1.0000,6.7265,mid15-30m
nuscenes,scene-1094_006,tup_10cm,tup,10.0000,5,Car,8.3037,0,0.0000,True,397,1.0000,19.1095,near<15m
nuscenes,scene-1094_006,tup_10cm,tup,10.0000,14,Car,25.9768,2,0.0000,False,10,1.0000,5.6346,mid15-30m
nuscenes,scene-1094_006,tup_10cm,tup,10.0000,15,Car,28.2464,0,0.0000,True,64,1.0000,5.0240,mid15-30m
nuscenes,scene-1094_007,baseline,baseline,0.0000,0,Car,21.5282,0,0.2405,True,65,0.7385,0.0000,mid15-30m
nuscenes,scene-1094_007,baseline,baseline,0.0000,4,Car,8.0483,0,0.0190,True,424,1.0000,0.0000,near<15m
nuscenes,scene-1094_007,baseline,baseline,0.0000,13,Car,27.0684,2,0.0000,False,62,1.0000,0.0000,mid15-30m
nuscenes,scene-1094_007,yaw_0.5deg,yaw,0.5000,0,Car,21.5282,0,0.2405,True,65,0.6769,15.4523,mid15-30m
nuscenes,scene-1094_007,yaw_0.5deg,yaw,0.5000,4,Car,8.0483,0,0.0190,True,424,0.9953,13.1042,near<15m
nuscenes,scene-1094_007,yaw_0.5deg,yaw,0.5000,13,Car,27.0684,2,0.0000,False,62,1.0000,13.5610,mid15-30m
nuscenes,scene-1094_007,pitch_0.5deg,pitch,0.5000,0,Car,21.5282,0,0.2405,True,65,0.7385,11.5087,mid15-30m
nuscenes,scene-1094_007,pitch_0.5deg,pitch,0.5000,4,Car,8.0483,0,0.0190,True,424,1.0000,12.5645,near<15m
nuscenes,scene-1094_007,pitch_0.5deg,pitch,0.5000,13,Car,27.0684,2,0.0000,False,62,1.0000,11.3447,mid15-30m
nuscenes,scene-1094_007,roll_0.5deg,roll,0.5000,0,Car,21.5282,0,0.2405,True,65,0.7385,6.6088,mid15-30m
nuscenes,scene-1094_007,roll_0.5deg,roll,0.5000,4,Car,8.0483,0,0.0190,True,424,1.0000,3.5600,near<15m
nuscenes,scene-1094_007,roll_0.5deg,roll,0.5000,13,Car,27.0684,2,0.0000,False,62,1.0000,4.8859,mid15-30m
nuscenes,scene-1094_007,yaw_1.0deg,yaw,1.0000,0,Car,21.5282,0,0.2405,True,65,0.5846,31.0712,mid15-30m
nuscenes,scene-1094_007,yaw_1.0deg,yaw,1.0000,4,Car,8.0483,0,0.0190,True,424,0.9858,26.2737,near<15m
nuscenes,scene-1094_007,yaw_1.0deg,yaw,1.0000,13,Car,27.0684,2,0.0000,False,62,0.9516,27.2303,mid15-30m
nuscenes,scene-1094_007,pitch_1.0deg,pitch,1.0000,0,Car,21.5282,0,0.2405,True,65,0.7231,23.0364,mid15-30m
nuscenes,scene-1094_007,pitch_1.0deg,pitch,1.0000,4,Car,8.0483,0,0.0190,True,424,1.0000,25.1710,near<15m
nuscenes,scene-1094_007,pitch_1.0deg,pitch,1.0000,13,Car,27.0684,2,0.0000,False,62,1.0000,22.6962,mid15-30m
nuscenes,scene-1094_007,roll_1.0deg,roll,1.0000,0,Car,21.5282,0,0.2405,True,65,0.7385,13.2167,mid15-30m
nuscenes,scene-1094_007,roll_1.0deg,roll,1.0000,4,Car,8.0483,0,0.0190,True,424,1.0000,7.1198,near<15m
nuscenes,scene-1094_007,roll_1.0deg,roll,1.0000,13,Car,27.0684,2,0.0000,False,62,1.0000,9.7713,mid15-30m
nuscenes,scene-1094_007,yaw_2.0deg,yaw,2.0000,0,Car,21.5282,0,0.2405,True,65,0.4769,62.8304,mid15-30m
nuscenes,scene-1094_007,yaw_2.0deg,yaw,2.0000,4,Car,8.0483,0,0.0190,True,424,0.9481,52.8204,near<15m
nuscenes,scene-1094_007,yaw_2.0deg,yaw,2.0000,13,Car,27.0684,2,0.0000,False,62,0.8548,54.9081,mid15-30m
nuscenes,scene-1094_007,pitch_2.0deg,pitch,2.0000,0,Car,21.5282,0,0.2405,True,65,0.4923,46.1577,mid15-30m
nuscenes,scene-1094_007,pitch_2.0deg,pitch,2.0000,4,Car,8.0483,0,0.0190,True,424,1.0000,50.5200,near<15m
nuscenes,scene-1094_007,pitch_2.0deg,pitch,2.0000,13,Car,27.0684,2,0.0000,False,62,1.0000,45.4274,mid15-30m
nuscenes,scene-1094_007,roll_2.0deg,roll,2.0000,0,Car,21.5282,0,0.2405,True,65,0.7385,26.4296,mid15-30m
nuscenes,scene-1094_007,roll_2.0deg,roll,2.0000,4,Car,8.0483,0,0.0190,True,424,0.9528,14.2382,near<15m
nuscenes,scene-1094_007,roll_2.0deg,roll,2.0000,13,Car,27.0684,2,0.0000,False,62,0.8871,19.5403,mid15-30m
nuscenes,scene-1094_007,yaw_3.0deg,yaw,3.0000,0,Car,21.5282,0,0.2405,True,65,0.3846,95.3218,mid15-30m
nuscenes,scene-1094_007,yaw_3.0deg,yaw,3.0000,4,Car,8.0483,0,0.0190,True,424,0.9151,79.6638,near<15m
nuscenes,scene-1094_007,yaw_3.0deg,yaw,3.0000,13,Car,27.0684,2,0.0000,False,62,0.7581,83.0626,mid15-30m
nuscenes,scene-1094_007,pitch_3.0deg,pitch,3.0000,0,Car,21.5282,0,0.2405,True,65,0.4462,69.3810,mid15-30m
nuscenes,scene-1094_007,pitch_3.0deg,pitch,3.0000,4,Car,8.0483,0,0.0190,True,424,0.9009,76.0679,near<15m
nuscenes,scene-1094_007,pitch_3.0deg,pitch,3.0000,13,Car,27.0684,2,0.0000,False,62,0.9032,68.2093,mid15-30m
nuscenes,scene-1094_007,roll_3.0deg,roll,3.0000,0,Car,21.5282,0,0.2405,True,65,0.7385,39.6378,mid15-30m
nuscenes,scene-1094_007,roll_3.0deg,roll,3.0000,4,Car,8.0483,0,0.0190,True,424,0.9316,21.3547,near<15m
nuscenes,scene-1094_007,roll_3.0deg,roll,3.0000,13,Car,27.0684,2,0.0000,False,62,0.8871,29.3064,mid15-30m
nuscenes,scene-1094_007,tfwd_2cm,tfwd,2.0000,0,Car,21.5282,0,0.2405,True,65,0.7538,0.8413,mid15-30m
nuscenes,scene-1094_007,tfwd_2cm,tfwd,2.0000,4,Car,8.0483,0,0.0190,True,424,1.0000,1.1743,near<15m
nuscenes,scene-1094_007,tfwd_2cm,tfwd,2.0000,13,Car,27.0684,2,0.0000,False,62,1.0000,0.4615,mid15-30m
nuscenes,scene-1094_007,tleft_2cm,tleft,2.0000,0,Car,21.5282,0,0.2405,True,65,0.7231,1.4136,mid15-30m
nuscenes,scene-1094_007,tleft_2cm,tleft,2.0000,4,Car,8.0483,0,0.0190,True,424,1.0000,4.0037,near<15m
nuscenes,scene-1094_007,tleft_2cm,tleft,2.0000,13,Car,27.0684,2,0.0000,False,62,1.0000,1.0459,mid15-30m
nuscenes,scene-1094_007,tup_2cm,tup,2.0000,0,Car,21.5282,0,0.2405,True,65,0.7385,1.4181,mid15-30m
nuscenes,scene-1094_007,tup_2cm,tup,2.0000,4,Car,8.0483,0,0.0190,True,424,1.0000,4.0172,near<15m
nuscenes,scene-1094_007,tup_2cm,tup,2.0000,13,Car,27.0684,2,0.0000,False,62,1.0000,1.0477,mid15-30m
nuscenes,scene-1094_007,tfwd_5cm,tfwd,5.0000,0,Car,21.5282,0,0.2405,True,65,0.7692,2.0997,mid15-30m
nuscenes,scene-1094_007,tfwd_5cm,tfwd,5.0000,4,Car,8.0483,0,0.0190,True,424,1.0000,2.9219,near<15m
nuscenes,scene-1094_007,tfwd_5cm,tfwd,5.0000,13,Car,27.0684,2,0.0000,False,62,1.0000,1.1522,mid15-30m
nuscenes,scene-1094_007,tleft_5cm,tleft,5.0000,0,Car,21.5282,0,0.2405,True,65,0.7231,3.5341,mid15-30m
nuscenes,scene-1094_007,tleft_5cm,tleft,5.0000,4,Car,8.0483,0,0.0190,True,424,1.0000,10.0091,near<15m
nuscenes,scene-1094_007,tleft_5cm,tleft,5.0000,13,Car,27.0684,2,0.0000,False,62,1.0000,2.6148,mid15-30m
nuscenes,scene-1094_007,tup_5cm,tup,5.0000,0,Car,21.5282,0,0.2405,True,65,0.7385,3.5451,mid15-30m
nuscenes,scene-1094_007,tup_5cm,tup,5.0000,4,Car,8.0483,0,0.0190,True,424,0.9741,10.0420,near<15m
nuscenes,scene-1094_007,tup_5cm,tup,5.0000,13,Car,27.0684,2,0.0000,False,62,1.0000,2.6192,mid15-30m
nuscenes,scene-1094_007,tfwd_10cm,tfwd,10.0000,0,Car,21.5282,0,0.2405,True,65,0.7692,4.1877,mid15-30m
nuscenes,scene-1094_007,tfwd_10cm,tfwd,10.0000,4,Car,8.0483,0,0.0190,True,424,1.0000,5.7984,near<15m
nuscenes,scene-1094_007,tfwd_10cm,tfwd,10.0000,13,Car,27.0684,2,0.0000,False,62,1.0000,2.2997,mid15-30m
nuscenes,scene-1094_007,tleft_10cm,tleft,10.0000,0,Car,21.5282,0,0.2405,True,65,0.7231,7.0681,mid15-30m
nuscenes,scene-1094_007,tleft_10cm,tleft,10.0000,4,Car,8.0483,0,0.0190,True,424,0.9953,20.0176,near<15m
nuscenes,scene-1094_007,tleft_10cm,tleft,10.0000,13,Car,27.0684,2,0.0000,False,62,1.0000,5.2296,mid15-30m
nuscenes,scene-1094_007,tup_10cm,tup,10.0000,0,Car,21.5282,0,0.2405,True,65,0.7385,7.0898,mid15-30m
nuscenes,scene-1094_007,tup_10cm,tup,10.0000,4,Car,8.0483,0,0.0190,True,424,0.9363,20.0809,near<15m
nuscenes,scene-1094_007,tup_10cm,tup,10.0000,13,Car,27.0684,2,0.0000,False,62,1.0000,5.2382,mid15-30m
nuscenes,scene-1094_008,baseline,baseline,0.0000,0,Car,20.4307,0,0.4266,False,72,0.4306,0.0000,mid15-30m
nuscenes,scene-1094_008,baseline,baseline,0.0000,4,Car,7.9419,0,0.0337,True,414,1.0000,0.0000,near<15m
nuscenes,scene-1094_008,baseline,baseline,0.0000,8,Car,29.1857,1,0.0000,True,18,1.0000,0.0000,mid15-30m
nuscenes,scene-1094_008,baseline,baseline,0.0000,12,Car,25.8269,2,0.0000,False,62,1.0000,0.0000,mid15-30m
nuscenes,scene-1094_008,baseline,baseline,0.0000,13,Pedestrian,12.2698,0,0.0000,True,18,1.0000,0.0000,near<15m
nuscenes,scene-1094_008,yaw_0.5deg,yaw,0.5000,0,Car,20.4307,0,0.4266,False,72,0.3611,16.3288,mid15-30m
nuscenes,scene-1094_008,yaw_0.5deg,yaw,0.5000,4,Car,7.9419,0,0.0337,True,414,0.9976,14.2377,near<15m
nuscenes,scene-1094_008,yaw_0.5deg,yaw,0.5000,8,Car,29.1857,1,0.0000,True,18,1.0000,11.6004,mid15-30m
nuscenes,scene-1094_008,yaw_0.5deg,yaw,0.5000,12,Car,25.8269,2,0.0000,False,62,1.0000,13.7066,mid15-30m
nuscenes,scene-1094_008,yaw_0.5deg,yaw,0.5000,13,Pedestrian,12.2698,0,0.0000,True,18,1.0000,11.8126,near<15m
nuscenes,scene-1094_008,pitch_0.5deg,pitch,0.5000,0,Car,20.4307,0,0.4266,False,72,0.4167,11.5184,mid15-30m
nuscenes,scene-1094_008,pitch_0.5deg,pitch,0.5000,4,Car,7.9419,0,0.0337,True,414,1.0000,12.6220,near<15m
nuscenes,scene-1094_008,pitch_0.5deg,pitch,0.5000,8,Car,29.1857,1,0.0000,True,18,0.5556,11.3318,mid15-30m
nuscenes,scene-1094_008,pitch_0.5deg,pitch,0.5000,12,Car,25.8269,2,0.0000,False,62,1.0000,11.3520,mid15-30m
nuscenes,scene-1094_008,pitch_0.5deg,pitch,0.5000,13,Pedestrian,12.2698,0,0.0000,True,18,1.0000,11.7350,near<15m
nuscenes,scene-1094_008,roll_0.5deg,roll,0.5000,0,Car,20.4307,0,0.4266,False,72,0.4167,7.2748,mid15-30m
nuscenes,scene-1094_008,roll_0.5deg,roll,0.5000,4,Car,7.9419,0,0.0337,True,414,1.0000,4.8617,near<15m
nuscenes,scene-1094_008,roll_0.5deg,roll,0.5000,8,Car,29.1857,1,0.0000,True,18,1.0000,1.7875,mid15-30m
nuscenes,scene-1094_008,roll_0.5deg,roll,0.5000,12,Car,25.8269,2,0.0000,False,62,1.0000,5.0145,mid15-30m
nuscenes,scene-1094_008,roll_0.5deg,roll,0.5000,13,Pedestrian,12.2698,0,0.0000,True,18,1.0000,1.4683,near<15m
nuscenes,scene-1094_008,yaw_1.0deg,yaw,1.0000,0,Car,20.4307,0,0.4266,False,72,0.3194,32.8517,mid15-30m
nuscenes,scene-1094_008,yaw_1.0deg,yaw,1.0000,4,Car,7.9419,0,0.0337,True,414,0.9855,28.5840,near<15m
nuscenes,scene-1094_008,yaw_1.0deg,yaw,1.0000,8,Car,29.1857,1,0.0000,True,18,0.8889,23.2342,mid15-30m
nuscenes,scene-1094_008,yaw_1.0deg,yaw,1.0000,12,Car,25.8269,2,0.0000,False,62,0.9839,27.5259,mid15-30m
nuscenes,scene-1094_008,yaw_1.0deg,yaw,1.0000,13,Pedestrian,12.2698,0,0.0000,True,18,1.0000,23.6499,near<15m
nuscenes,scene-1094_008,pitch_1.0deg,pitch,1.0000,0,Car,20.4307,0,0.4266,False,72,0.4167,23.0522,mid15-30m
nuscenes,scene-1094_008,pitch_1.0deg,pitch,1.0000,4,Car,7.9419,0,0.0337,True,414,1.0000,25.2864,near<15m
nuscenes,scene-1094_008,pitch_1.0deg,pitch,1.0000,8,Car,29.1857,1,0.0000,True,18,0.5556,22.6753,mid15-30m
nuscenes,scene-1094_008,pitch_1.0deg,pitch,1.0000,12,Car,25.8269,2,0.0000,False,62,1.0000,22.7061,mid15-30m
nuscenes,scene-1094_008,pitch_1.0deg,pitch,1.0000,13,Pedestrian,12.2698,0,0.0000,True,18,1.0000,23.4878,near<15m
nuscenes,scene-1094_008,roll_1.0deg,roll,1.0000,0,Car,20.4307,0,0.4266,False,72,0.4167,14.5487,mid15-30m
nuscenes,scene-1094_008,roll_1.0deg,roll,1.0000,4,Car,7.9419,0,0.0337,True,414,1.0000,9.7228,near<15m
nuscenes,scene-1094_008,roll_1.0deg,roll,1.0000,8,Car,29.1857,1,0.0000,True,18,1.0000,3.5749,mid15-30m
nuscenes,scene-1094_008,roll_1.0deg,roll,1.0000,12,Car,25.8269,2,0.0000,False,62,1.0000,10.0285,mid15-30m
nuscenes,scene-1094_008,roll_1.0deg,roll,1.0000,13,Pedestrian,12.2698,0,0.0000,True,18,1.0000,2.9366,near<15m
nuscenes,scene-1094_008,yaw_2.0deg,yaw,2.0000,0,Car,20.4307,0,0.4266,False,72,0.1944,66.5048,mid15-30m
nuscenes,scene-1094_008,yaw_2.0deg,yaw,2.0000,4,Car,7.9419,0,0.0337,True,414,0.9469,57.6182,near<15m
nuscenes,scene-1094_008,yaw_2.0deg,yaw,2.0000,8,Car,29.1857,1,0.0000,True,18,0.6111,46.6099,mid15-30m
nuscenes,scene-1094_008,yaw_2.0deg,yaw,2.0000,12,Car,25.8269,2,0.0000,False,62,0.9355,55.5171,mid15-30m
nuscenes,scene-1094_008,yaw_2.0deg,yaw,2.0000,13,Pedestrian,12.2698,0,0.0000,True,18,1.0000,47.4065,near<15m
nuscenes,scene-1094_008,pitch_2.0deg,pitch,2.0000,0,Car,20.4307,0,0.4266,False,72,0.3333,46.1746,mid15-30m
nuscenes,scene-1094_008,pitch_2.0deg,pitch,2.0000,4,Car,7.9419,0,0.0337,True,414,0.9783,50.7529,near<15m
nuscenes,scene-1094_008,pitch_2.0deg,pitch,2.0000,8,Car,29.1857,1,0.0000,True,18,0.0000,45.4044,mid15-30m
nuscenes,scene-1094_008,pitch_2.0deg,pitch,2.0000,12,Car,25.8269,2,0.0000,False,62,1.0000,45.4281,mid15-30m
nuscenes,scene-1094_008,pitch_2.0deg,pitch,2.0000,13,Pedestrian,12.2698,0,0.0000,True,18,0.8333,47.0547,near<15m
nuscenes,scene-1094_008,roll_2.0deg,roll,2.0000,0,Car,20.4307,0,0.4266,False,72,0.3889,29.0930,mid15-30m
nuscenes,scene-1094_008,roll_2.0deg,roll,2.0000,4,Car,7.9419,0,0.0337,True,414,1.0000,19.4433,near<15m
nuscenes,scene-1094_008,roll_2.0deg,roll,2.0000,8,Car,29.1857,1,0.0000,True,18,1.0000,7.1494,mid15-30m
nuscenes,scene-1094_008,roll_2.0deg,roll,2.0000,12,Car,25.8269,2,0.0000,False,62,1.0000,20.0547,mid15-30m
nuscenes,scene-1094_008,roll_2.0deg,roll,2.0000,13,Pedestrian,12.2698,0,0.0000,True,18,1.0000,5.8729,near<15m
nuscenes,scene-1094_008,yaw_3.0deg,yaw,3.0000,0,Car,20.4307,0,0.4266,False,72,0.0972,101.0112,mid15-30m
nuscenes,scene-1094_008,yaw_3.0deg,yaw,3.0000,4,Car,7.9419,0,0.0337,True,414,0.9130,87.1350,near<15m
nuscenes,scene-1094_008,yaw_3.0deg,yaw,3.0000,8,Car,29.1857,1,0.0000,True,18,0.3333,70.1433,mid15-30m
nuscenes,scene-1094_008,yaw_3.0deg,yaw,3.0000,12,Car,25.8269,2,0.0000,False,62,0.8387,84.0039,mid15-30m
nuscenes,scene-1094_008,yaw_3.0deg,yaw,3.0000,13,Pedestrian,12.2698,0,0.0000,True,18,0.4444,71.2864,near<15m
nuscenes,scene-1094_008,pitch_3.0deg,pitch,3.0000,0,Car,20.4307,0,0.4266,False,72,0.3333,69.3848,mid15-30m
nuscenes,scene-1094_008,pitch_3.0deg,pitch,3.0000,4,Car,7.9419,0,0.0337,True,414,0.9420,76.4212,near<15m
nuscenes,scene-1094_008,pitch_3.0deg,pitch,3.0000,8,Car,29.1857,1,0.0000,True,18,0.0000,68.2019,mid15-30m
nuscenes,scene-1094_008,pitch_3.0deg,pitch,3.0000,12,Car,25.8269,2,0.0000,False,62,1.0000,68.1816,mid15-30m
nuscenes,scene-1094_008,pitch_3.0deg,pitch,3.0000,13,Pedestrian,12.2698,0,0.0000,True,18,0.8333,70.7168,near<15m
nuscenes,scene-1094_008,roll_3.0deg,roll,3.0000,0,Car,20.4307,0,0.4266,False,72,0.3056,43.6318,mid15-30m
nuscenes,scene-1094_008,roll_3.0deg,roll,3.0000,4,Car,7.9419,0,0.0337,True,414,0.9396,29.1607,near<15m
nuscenes,scene-1094_008,roll_3.0deg,roll,3.0000,8,Car,29.1857,1,0.0000,True,18,1.0000,10.7230,mid15-30m
nuscenes,scene-1094_008,roll_3.0deg,roll,3.0000,12,Car,25.8269,2,0.0000,False,62,1.0000,30.0778,mid15-30m
nuscenes,scene-1094_008,roll_3.0deg,roll,3.0000,13,Pedestrian,12.2698,0,0.0000,True,18,1.0000,8.8085,near<15m
nuscenes,scene-1094_008,tfwd_2cm,tfwd,2.0000,0,Car,20.4307,0,0.4266,False,72,0.4306,0.9976,mid15-30m
nuscenes,scene-1094_008,tfwd_2cm,tfwd,2.0000,4,Car,7.9419,0,0.0337,True,414,1.0000,1.7602,near<15m
nuscenes,scene-1094_008,tfwd_2cm,tfwd,2.0000,8,Car,29.1857,1,0.0000,True,18,1.0000,0.1411,mid15-30m
nuscenes,scene-1094_008,tfwd_2cm,tfwd,2.0000,12,Car,25.8269,2,0.0000,False,62,1.0000,0.5016,mid15-30m
nuscenes,scene-1094_008,tfwd_2cm,tfwd,2.0000,13,Pedestrian,12.2698,0,0.0000,True,18,1.0000,0.2577,near<15m
nuscenes,scene-1094_008,tleft_2cm,tleft,2.0000,0,Car,20.4307,0,0.4266,False,72,0.4167,1.5207,mid15-30m
nuscenes,scene-1094_008,tleft_2cm,tleft,2.0000,4,Car,7.9419,0,0.0337,True,414,1.0000,4.2173,near<15m
nuscenes,scene-1094_008,tleft_2cm,tleft,2.0000,8,Car,29.1857,1,0.0000,True,18,1.0000,0.8883,mid15-30m
nuscenes,scene-1094_008,tleft_2cm,tleft,2.0000,12,Car,25.8269,2,0.0000,False,62,1.0000,1.1059,mid15-30m
nuscenes,scene-1094_008,tleft_2cm,tleft,2.0000,13,Pedestrian,12.2698,0,0.0000,True,18,1.0000,2.1175,near<15m
nuscenes,scene-1094_008,tup_2cm,tup,2.0000,0,Car,20.4307,0,0.4266,False,72,0.4306,1.5253,mid15-30m
nuscenes,scene-1094_008,tup_2cm,tup,2.0000,4,Car,7.9419,0,0.0337,True,414,1.0000,4.2332,near<15m
nuscenes,scene-1094_008,tup_2cm,tup,2.0000,8,Car,29.1857,1,0.0000,True,18,1.0000,0.8893,mid15-30m
nuscenes,scene-1094_008,tup_2cm,tup,2.0000,12,Car,25.8269,2,0.0000,False,62,1.0000,1.1074,mid15-30m
nuscenes,scene-1094_008,tup_2cm,tup,2.0000,13,Pedestrian,12.2698,0,0.0000,True,18,1.0000,2.1204,near<15m
nuscenes,scene-1094_008,tfwd_5cm,tfwd,5.0000,0,Car,20.4307,0,0.4266,False,72,0.4306,2.4896,mid15-30m
nuscenes,scene-1094_008,tfwd_5cm,tfwd,5.0000,4,Car,7.9419,0,0.0337,True,414,1.0000,4.3785,near<15m
nuscenes,scene-1094_008,tfwd_5cm,tfwd,5.0000,8,Car,29.1857,1,0.0000,True,18,1.0000,0.3524,mid15-30m
nuscenes,scene-1094_008,tfwd_5cm,tfwd,5.0000,12,Car,25.8269,2,0.0000,False,62,1.0000,1.2523,mid15-30m
nuscenes,scene-1094_008,tfwd_5cm,tfwd,5.0000,13,Pedestrian,12.2698,0,0.0000,True,18,1.0000,0.6427,near<15m
nuscenes,scene-1094_008,tleft_5cm,tleft,5.0000,0,Car,20.4307,0,0.4266,False,72,0.4028,3.8016,mid15-30m
nuscenes,scene-1094_008,tleft_5cm,tleft,5.0000,4,Car,7.9419,0,0.0337,True,414,1.0000,10.5430,near<15m
nuscenes,scene-1094_008,tleft_5cm,tleft,5.0000,8,Car,29.1857,1,0.0000,True,18,1.0000,2.2207,mid15-30m
nuscenes,scene-1094_008,tleft_5cm,tleft,5.0000,12,Car,25.8269,2,0.0000,False,62,1.0000,2.7648,mid15-30m
nuscenes,scene-1094_008,tleft_5cm,tleft,5.0000,13,Pedestrian,12.2698,0,0.0000,True,18,1.0000,5.2937,near<15m
nuscenes,scene-1094_008,tup_5cm,tup,5.0000,0,Car,20.4307,0,0.4266,False,72,0.4306,3.8132,mid15-30m
nuscenes,scene-1094_008,tup_5cm,tup,5.0000,4,Car,7.9419,0,0.0337,True,414,1.0000,10.5819,near<15m
nuscenes,scene-1094_008,tup_5cm,tup,5.0000,8,Car,29.1857,1,0.0000,True,18,1.0000,2.2233,mid15-30m
nuscenes,scene-1094_008,tup_5cm,tup,5.0000,12,Car,25.8269,2,0.0000,False,62,1.0000,2.7684,mid15-30m
nuscenes,scene-1094_008,tup_5cm,tup,5.0000,13,Pedestrian,12.2698,0,0.0000,True,18,1.0000,5.3006,near<15m
nuscenes,scene-1094_008,tfwd_10cm,tfwd,10.0000,0,Car,20.4307,0,0.4266,False,72,0.4306,4.9644,mid15-30m
nuscenes,scene-1094_008,tfwd_10cm,tfwd,10.0000,4,Car,7.9419,0,0.0337,True,414,1.0000,8.6851,near<15m
nuscenes,scene-1094_008,tfwd_10cm,tfwd,10.0000,8,Car,29.1857,1,0.0000,True,18,1.0000,0.7036,mid15-30m
nuscenes,scene-1094_008,tfwd_10cm,tfwd,10.0000,12,Car,25.8269,2,0.0000,False,62,1.0000,2.4992,mid15-30m
nuscenes,scene-1094_008,tfwd_10cm,tfwd,10.0000,13,Pedestrian,12.2698,0,0.0000,True,18,1.0000,1.2800,near<15m
nuscenes,scene-1094_008,tleft_10cm,tleft,10.0000,0,Car,20.4307,0,0.4266,False,72,0.4028,7.6032,mid15-30m
nuscenes,scene-1094_008,tleft_10cm,tleft,10.0000,4,Car,7.9419,0,0.0337,True,414,0.9976,21.0853,near<15m
nuscenes,scene-1094_008,tleft_10cm,tleft,10.0000,8,Car,29.1857,1,0.0000,True,18,1.0000,4.4413,mid15-30m
nuscenes,scene-1094_008,tleft_10cm,tleft,10.0000,12,Car,25.8269,2,0.0000,False,62,1.0000,5.5296,mid15-30m
nuscenes,scene-1094_008,tleft_10cm,tleft,10.0000,13,Pedestrian,12.2698,0,0.0000,True,18,1.0000,10.5872,near<15m
nuscenes,scene-1094_008,tup_10cm,tup,10.0000,0,Car,20.4307,0,0.4266,False,72,0.4306,7.6259,mid15-30m
nuscenes,scene-1094_008,tup_10cm,tup,10.0000,4,Car,7.9419,0,0.0337,True,414,1.0000,21.1602,near<15m
nuscenes,scene-1094_008,tup_10cm,tup,10.0000,8,Car,29.1857,1,0.0000,True,18,1.0000,4.4464,mid15-30m
nuscenes,scene-1094_008,tup_10cm,tup,10.0000,12,Car,25.8269,2,0.0000,False,62,1.0000,5.5366,mid15-30m
nuscenes,scene-1094_008,tup_10cm,tup,10.0000,13,Pedestrian,12.2698,0,0.0000,True,18,1.0000,10.6004,near<15m
nuscenes,scene-1094_009,baseline,baseline,0.0000,0,Car,19.3248,0,0.5711,False,19,0.0000,0.0000,mid15-30m
nuscenes,scene-1094_009,baseline,baseline,0.0000,4,Car,8.1614,0,0.4018,False,390,0.6359,0.0000,near<15m
nuscenes,scene-1094_009,baseline,baseline,0.0000,9,Car,27.8075,1,0.0000,True,11,1.0000,0.0000,mid15-30m
nuscenes,scene-1094_009,baseline,baseline,0.0000,13,Car,24.5647,2,0.0000,False,84,1.0000,0.0000,mid15-30m
nuscenes,scene-1094_009,baseline,baseline,0.0000,14,Pedestrian,11.2578,0,0.0000,True,23,1.0000,0.0000,near<15m
nuscenes,scene-1094_009,yaw_0.5deg,yaw,0.5000,0,Car,19.3248,0,0.5711,False,19,0.0000,17.6026,mid15-30m
nuscenes,scene-1094_009,yaw_0.5deg,yaw,0.5000,4,Car,8.1614,0,0.4018,False,390,0.6154,16.4292,near<15m
nuscenes,scene-1094_009,yaw_0.5deg,yaw,0.5000,9,Car,27.8075,1,0.0000,True,11,1.0000,11.6248,mid15-30m
nuscenes,scene-1094_009,yaw_0.5deg,yaw,0.5000,13,Car,24.5647,2,0.0000,False,84,1.0000,13.8315,mid15-30m
nuscenes,scene-1094_009,yaw_0.5deg,yaw,0.5000,14,Pedestrian,11.2578,0,0.0000,True,23,1.0000,11.8190,near<15m
nuscenes,scene-1094_009,pitch_0.5deg,pitch,0.5000,0,Car,19.3248,0,0.5711,False,19,0.0000,11.5116,mid15-30m
nuscenes,scene-1094_009,pitch_0.5deg,pitch,0.5000,4,Car,8.1614,0,0.4018,False,390,0.6308,12.6753,near<15m
nuscenes,scene-1094_009,pitch_0.5deg,pitch,0.5000,9,Car,27.8075,1,0.0000,True,11,1.0000,11.3327,mid15-30m
nuscenes,scene-1094_009,pitch_0.5deg,pitch,0.5000,13,Car,24.5647,2,0.0000,False,84,1.0000,11.3888,mid15-30m
nuscenes,scene-1094_009,pitch_0.5deg,pitch,0.5000,14,Pedestrian,11.2578,0,0.0000,True,23,1.0000,11.7781,near<15m
nuscenes,scene-1094_009,roll_0.5deg,roll,0.5000,0,Car,19.3248,0,0.5711,False,19,0.0000,8.1415,mid15-30m
nuscenes,scene-1094_009,roll_0.5deg,roll,0.5000,4,Car,8.1614,0,0.4018,False,390,0.6308,6.7568,near<15m
nuscenes,scene-1094_009,roll_0.5deg,roll,0.5000,9,Car,27.8075,1,0.0000,True,11,1.0000,1.7834,mid15-30m
nuscenes,scene-1094_009,roll_0.5deg,roll,0.5000,13,Car,24.5647,2,0.0000,False,84,1.0000,5.0902,mid15-30m
nuscenes,scene-1094_009,roll_0.5deg,roll,0.5000,14,Pedestrian,11.2578,0,0.0000,True,23,1.0000,1.1863,near<15m
nuscenes,scene-1094_009,yaw_1.0deg,yaw,1.0000,0,Car,19.3248,0,0.5711,False,19,0.0000,35.4398,mid15-30m
nuscenes,scene-1094_009,yaw_1.0deg,yaw,1.0000,4,Car,8.1614,0,0.4018,False,390,0.5974,33.0423,near<15m
nuscenes,scene-1094_009,yaw_1.0deg,yaw,1.0000,9,Car,27.8075,1,0.0000,True,11,0.9091,23.2840,mid15-30m
nuscenes,scene-1094_009,yaw_1.0deg,yaw,1.0000,13,Car,24.5647,2,0.0000,False,84,0.9881,27.7792,mid15-30m
nuscenes,scene-1094_009,yaw_1.0deg,yaw,1.0000,14,Pedestrian,11.2578,0,0.0000,True,23,1.0000,23.6577,near<15m
nuscenes,scene-1094_009,pitch_1.0deg,pitch,1.0000,0,Car,19.3248,0,0.5711,False,19,0.0000,23.0313,mid15-30m
nuscenes,scene-1094_009,pitch_1.0deg,pitch,1.0000,4,Car,8.1614,0,0.4018,False,390,0.6282,25.3946,near<15m
nuscenes,scene-1094_009,pitch_1.0deg,pitch,1.0000,9,Car,27.8075,1,0.0000,True,11,0.1818,22.6739,mid15-30m
nuscenes,scene-1094_009,pitch_1.0deg,pitch,1.0000,13,Car,24.5647,2,0.0000,False,84,1.0000,22.7794,mid15-30m
nuscenes,scene-1094_009,pitch_1.0deg,pitch,1.0000,14,Pedestrian,11.2578,0,0.0000,True,23,1.0000,23.5718,near<15m
nuscenes,scene-1094_009,roll_1.0deg,roll,1.0000,0,Car,19.3248,0,0.5711,False,19,0.0000,16.2818,mid15-30m
nuscenes,scene-1094_009,roll_1.0deg,roll,1.0000,4,Car,8.1614,0,0.4018,False,390,0.6282,13.5126,near<15m
nuscenes,scene-1094_009,roll_1.0deg,roll,1.0000,9,Car,27.8075,1,0.0000,True,11,1.0000,3.5668,mid15-30m
nuscenes,scene-1094_009,roll_1.0deg,roll,1.0000,13,Car,24.5647,2,0.0000,False,84,1.0000,10.1799,mid15-30m
nuscenes,scene-1094_009,roll_1.0deg,roll,1.0000,14,Pedestrian,11.2578,0,0.0000,True,23,1.0000,2.3725,near<15m
nuscenes,scene-1094_009,yaw_2.0deg,yaw,2.0000,0,Car,19.3248,0,0.5711,False,19,0.0000,71.8494,mid15-30m
nuscenes,scene-1094_009,yaw_2.0deg,yaw,2.0000,4,Car,8.1614,0,0.4018,False,390,0.5333,66.8448,near<15m
nuscenes,scene-1094_009,yaw_2.0deg,yaw,2.0000,9,Car,27.8075,1,0.0000,True,11,0.6364,46.7136,mid15-30m
nuscenes,scene-1094_009,yaw_2.0deg,yaw,2.0000,13,Car,24.5647,2,0.0000,False,84,0.9167,56.0379,mid15-30m
nuscenes,scene-1094_009,yaw_2.0deg,yaw,2.0000,14,Pedestrian,11.2578,0,0.0000,True,23,0.9565,47.4025,near<15m
nuscenes,scene-1094_009,pitch_2.0deg,pitch,2.0000,0,Car,19.3248,0,0.5711,False,19,0.0000,46.1039,mid15-30m
nuscenes,scene-1094_009,pitch_2.0deg,pitch,2.0000,4,Car,8.1614,0,0.4018,False,390,0.6231,50.9762,near<15m
nuscenes,scene-1094_009,pitch_2.0deg,pitch,2.0000,9,Car,27.8075,1,0.0000,True,11,0.1818,45.3890,mid15-30m
nuscenes,scene-1094_009,pitch_2.0deg,pitch,2.0000,13,Car,24.5647,2,0.0000,False,84,0.9286,45.5743,mid15-30m
nuscenes,scene-1094_009,pitch_2.0deg,pitch,2.0000,14,Pedestrian,11.2578,0,0.0000,True,23,0.9130,47.2143,near<15m
nuscenes,scene-1094_009,roll_2.0deg,roll,2.0000,0,Car,19.3248,0,0.5711,False,19,0.0000,32.5582,mid15-30m
nuscenes,scene-1094_009,roll_2.0deg,roll,2.0000,4,Car,8.1614,0,0.4018,False,390,0.6231,27.0212,near<15m
nuscenes,scene-1094_009,roll_2.0deg,roll,2.0000,9,Car,27.8075,1,0.0000,True,11,1.0000,7.1331,mid15-30m
nuscenes,scene-1094_009,roll_2.0deg,roll,2.0000,13,Car,24.5647,2,0.0000,False,84,1.0000,20.3573,mid15-30m
nuscenes,scene-1094_009,roll_2.0deg,roll,2.0000,14,Pedestrian,11.2578,0,0.0000,True,23,1.0000,4.7447,near<15m
nuscenes,scene-1094_009,yaw_3.0deg,yaw,3.0000,0,Car,19.3248,0,0.5711,False,19,0.0000,109.2931,mid15-30m
nuscenes,scene-1094_009,yaw_3.0deg,yaw,3.0000,4,Car,8.1614,0,0.4018,False,390,0.4692,101.4595,near<15m
nuscenes,scene-1094_009,yaw_3.0deg,yaw,3.0000,9,Car,27.8075,1,0.0000,True,11,0.3636,70.3050,mid15-30m
nuscenes,scene-1094_009,yaw_3.0deg,yaw,3.0000,13,Car,24.5647,2,0.0000,False,84,0.8452,84.8074,mid15-30m
nuscenes,scene-1094_009,yaw_3.0deg,yaw,3.0000,14,Pedestrian,11.2578,0,0.0000,True,23,0.4348,71.2507,near<15m
nuscenes,scene-1094_009,pitch_3.0deg,pitch,3.0000,0,Car,19.3248,0,0.5711,False,19,0.0000,69.2355,mid15-30m
nuscenes,scene-1094_009,pitch_3.0deg,pitch,3.0000,4,Car,8.1614,0,0.4018,False,390,0.6205,76.7677,near<15m
nuscenes,scene-1094_009,pitch_3.0deg,pitch,3.0000,9,Car,27.8075,1,0.0000,True,11,0.0000,68.1601,mid15-30m
nuscenes,scene-1094_009,pitch_3.0deg,pitch,3.0000,13,Car,24.5647,2,0.0000,False,84,0.8214,68.4003,mid15-30m
nuscenes,scene-1094_009,pitch_3.0deg,pitch,3.0000,14,Pedestrian,11.2578,0,0.0000,True,23,0.9130,70.9438,near<15m
nuscenes,scene-1094_009,roll_3.0deg,roll,3.0000,0,Car,19.3248,0,0.5711,False,19,0.0000,48.8280,mid15-30m
nuscenes,scene-1094_009,roll_3.0deg,roll,3.0000,4,Car,8.1614,0,0.4018,False,390,0.6077,40.5246,near<15m
nuscenes,scene-1094_009,roll_3.0deg,roll,3.0000,9,Car,27.8075,1,0.0000,True,11,1.0000,10.6986,mid15-30m
nuscenes,scene-1094_009,roll_3.0deg,roll,3.0000,13,Car,24.5647,2,0.0000,False,84,0.8452,30.5315,mid15-30m
nuscenes,scene-1094_009,roll_3.0deg,roll,3.0000,14,Pedestrian,11.2578,0,0.0000,True,23,1.0000,7.1164,near<15m
nuscenes,scene-1094_009,tfwd_2cm,tfwd,2.0000,0,Car,19.3248,0,0.5711,False,19,0.0000,1.1789,mid15-30m
nuscenes,scene-1094_009,tfwd_2cm,tfwd,2.0000,4,Car,8.1614,0,0.4018,False,390,0.6385,2.5924,near<15m
nuscenes,scene-1094_009,tfwd_2cm,tfwd,2.0000,9,Car,27.8075,1,0.0000,True,11,1.0000,0.1484,mid15-30m
nuscenes,scene-1094_009,tfwd_2cm,tfwd,2.0000,13,Car,24.5647,2,0.0000,False,84,1.0000,0.5374,mid15-30m
nuscenes,scene-1094_009,tfwd_2cm,tfwd,2.0000,14,Pedestrian,11.2578,0,0.0000,True,23,1.0000,0.2195,near<15m
nuscenes,scene-1094_009,tleft_2cm,tleft,2.0000,0,Car,19.3248,0,0.5711,False,19,0.0000,1.6039,mid15-30m
nuscenes,scene-1094_009,tleft_2cm,tleft,2.0000,4,Car,8.1614,0,0.4018,False,390,0.6256,4.3661,near<15m
nuscenes,scene-1094_009,tleft_2cm,tleft,2.0000,9,Car,27.8075,1,0.0000,True,11,1.0000,0.9285,mid15-30m
nuscenes,scene-1094_009,tleft_2cm,tleft,2.0000,13,Car,24.5647,2,0.0000,False,84,1.0000,1.1683,mid15-30m
nuscenes,scene-1094_009,tleft_2cm,tleft,2.0000,14,Pedestrian,11.2578,0,0.0000,True,23,1.0000,2.2962,near<15m
nuscenes,scene-1094_009,tup_2cm,tup,2.0000,0,Car,19.3248,0,0.5711,False,19,0.0000,1.6064,mid15-30m
nuscenes,scene-1094_009,tup_2cm,tup,2.0000,4,Car,8.1614,0,0.4018,False,390,0.6359,4.3810,near<15m
nuscenes,scene-1094_009,tup_2cm,tup,2.0000,9,Car,27.8075,1,0.0000,True,11,1.0000,0.9291,mid15-30m
nuscenes,scene-1094_009,tup_2cm,tup,2.0000,13,Car,24.5647,2,0.0000,False,84,1.0000,1.1689,mid15-30m
nuscenes,scene-1094_009,tup_2cm,tup,2.0000,14,Pedestrian,11.2578,0,0.0000,True,23,1.0000,2.2983,near<15m
nuscenes,scene-1094_009,tfwd_5cm,tfwd,5.0000,0,Car,19.3248,0,0.5711,False,19,0.0000,2.9416,mid15-30m
nuscenes,scene-1094_009,tfwd_5cm,tfwd,5.0000,4,Car,8.1614,0,0.4018,False,390,0.6462,6.4476,near<15m
nuscenes,scene-1094_009,tfwd_5cm,tfwd,5.0000,9,Car,27.8075,1,0.0000,True,11,1.0000,0.3706,mid15-30m
nuscenes,scene-1094_009,tfwd_5cm,tfwd,5.0000,13,Car,24.5647,2,0.0000,False,84,1.0000,1.3415,mid15-30m
nuscenes,scene-1094_009,tfwd_5cm,tfwd,5.0000,14,Pedestrian,11.2578,0,0.0000,True,23,1.0000,0.5473,near<15m
nuscenes,scene-1094_009,tleft_5cm,tleft,5.0000,0,Car,19.3248,0,0.5711,False,19,0.0000,4.0096,mid15-30m
nuscenes,scene-1094_009,tleft_5cm,tleft,5.0000,4,Car,8.1614,0,0.4018,False,390,0.6179,10.9151,near<15m
nuscenes,scene-1094_009,tleft_5cm,tleft,5.0000,9,Car,27.8075,1,0.0000,True,11,1.0000,2.3212,mid15-30m
nuscenes,scene-1094_009,tleft_5cm,tleft,5.0000,13,Car,24.5647,2,0.0000,False,84,1.0000,2.9206,mid15-30m
nuscenes,scene-1094_009,tleft_5cm,tleft,5.0000,14,Pedestrian,11.2578,0,0.0000,True,23,1.0000,5.7405,near<15m
nuscenes,scene-1094_009,tup_5cm,tup,5.0000,0,Car,19.3248,0,0.5711,False,19,0.0000,4.0157,mid15-30m
nuscenes,scene-1094_009,tup_5cm,tup,5.0000,4,Car,8.1614,0,0.4018,False,390,0.6359,10.9514,near<15m
nuscenes,scene-1094_009,tup_5cm,tup,5.0000,9,Car,27.8075,1,0.0000,True,11,1.0000,2.3227,mid15-30m
nuscenes,scene-1094_009,tup_5cm,tup,5.0000,13,Car,24.5647,2,0.0000,False,84,1.0000,2.9223,mid15-30m
nuscenes,scene-1094_009,tup_5cm,tup,5.0000,14,Pedestrian,11.2578,0,0.0000,True,23,1.0000,5.7455,near<15m
nuscenes,scene-1094_009,tfwd_10cm,tfwd,10.0000,0,Car,19.3248,0,0.5711,False,19,0.0000,5.8647,mid15-30m
nuscenes,scene-1094_009,tfwd_10cm,tfwd,10.0000,4,Car,8.1614,0,0.4018,False,390,0.6641,12.7853,near<15m
nuscenes,scene-1094_009,tfwd_10cm,tfwd,10.0000,9,Car,27.8075,1,0.0000,True,11,1.0000,0.7398,mid15-30m
nuscenes,scene-1094_009,tfwd_10cm,tfwd,10.0000,13,Car,24.5647,2,0.0000,False,84,1.0000,2.6769,mid15-30m
nuscenes,scene-1094_009,tfwd_10cm,tfwd,10.0000,14,Pedestrian,11.2578,0,0.0000,True,23,1.0000,1.0897,near<15m
nuscenes,scene-1094_009,tleft_10cm,tleft,10.0000,0,Car,19.3248,0,0.5711,False,19,0.0000,8.0192,mid15-30m
nuscenes,scene-1094_009,tleft_10cm,tleft,10.0000,4,Car,8.1614,0,0.4018,False,390,0.6154,21.8298,near<15m
nuscenes,scene-1094_009,tleft_10cm,tleft,10.0000,9,Car,27.8075,1,0.0000,True,11,1.0000,4.6424,mid15-30m
nuscenes,scene-1094_009,tleft_10cm,tleft,10.0000,13,Car,24.5647,2,0.0000,False,84,1.0000,5.8412,mid15-30m
nuscenes,scene-1094_009,tleft_10cm,tleft,10.0000,14,Pedestrian,11.2578,0,0.0000,True,23,1.0000,11.4810,near<15m
nuscenes,scene-1094_009,tup_10cm,tup,10.0000,0,Car,19.3248,0,0.5711,False,19,0.0000,8.0310,mid15-30m
nuscenes,scene-1094_009,tup_10cm,tup,10.0000,4,Car,8.1614,0,0.4018,False,390,0.6359,21.8989,near<15m
nuscenes,scene-1094_009,tup_10cm,tup,10.0000,9,Car,27.8075,1,0.0000,True,11,1.0000,4.6452,mid15-30m
nuscenes,scene-1094_009,tup_10cm,tup,10.0000,13,Car,24.5647,2,0.0000,False,84,1.0000,5.8443,mid15-30m
nuscenes,scene-1094_009,tup_10cm,tup,10.0000,14,Pedestrian,11.2578,0,0.0000,True,23,1.0000,11.4899,near<15m
nuscenes,scene-1094_010,baseline,baseline,0.0000,0,Car,18.2184,0,0.4952,False,13,0.1538,0.0000,mid15-30m
nuscenes,scene-1094_010,baseline,baseline,0.0000,4,Car,8.6836,0,0.7111,False,352,0.2699,0.0000,near<15m
nuscenes,scene-1094_010,baseline,baseline,0.0000,8,Car,26.4501,0,0.0000,True,20,1.0000,0.0000,mid15-30m
nuscenes,scene-1094_010,baseline,baseline,0.0000,9,Pedestrian,19.8698,0,0.0000,True,11,1.0000,0.0000,mid15-30m
nuscenes,scene-1094_010,baseline,baseline,0.0000,10,Car,21.1911,2,0.0947,False,32,1.0000,0.0000,mid15-30m
nuscenes,scene-1094_010,baseline,baseline,0.0000,11,Car,23.3036,0,0.0000,True,115,1.0000,0.0000,mid15-30m
nuscenes,scene-1094_010,baseline,baseline,0.0000,12,Pedestrian,10.3192,0,0.0000,True,34,1.0000,0.0000,near<15m
nuscenes,scene-1094_010,yaw_0.5deg,yaw,0.5000,0,Car,18.2184,0,0.4952,False,13,0.0769,16.8942,mid15-30m
nuscenes,scene-1094_010,yaw_0.5deg,yaw,0.5000,4,Car,8.6836,0,0.7111,False,352,0.2386,19.0811,near<15m
nuscenes,scene-1094_010,yaw_0.5deg,yaw,0.5000,8,Car,26.4501,0,0.0000,True,20,1.0000,11.4311,mid15-30m
nuscenes,scene-1094_010,yaw_0.5deg,yaw,0.5000,9,Pedestrian,19.8698,0,0.0000,True,11,1.0000,14.0226,mid15-30m
nuscenes,scene-1094_010,yaw_0.5deg,yaw,0.5000,10,Car,21.1911,2,0.0947,False,32,1.0000,13.9547,mid15-30m
nuscenes,scene-1094_010,yaw_0.5deg,yaw,0.5000,11,Car,23.3036,0,0.0000,True,115,1.0000,13.2866,mid15-30m
nuscenes,scene-1094_010,yaw_0.5deg,yaw,0.5000,12,Pedestrian,10.3192,0,0.0000,True,34,1.0000,11.7898,near<15m
nuscenes,scene-1094_010,pitch_0.5deg,pitch,0.5000,0,Car,18.2184,0,0.4952,False,13,0.1538,11.5563,mid15-30m
nuscenes,scene-1094_010,pitch_0.5deg,pitch,0.5000,4,Car,8.6836,0,0.7111,False,352,0.2670,12.7119,near<15m
nuscenes,scene-1094_010,pitch_0.5deg,pitch,0.5000,8,Car,26.4501,0,0.0000,True,20,1.0000,11.3384,mid15-30m
nuscenes,scene-1094_010,pitch_0.5deg,pitch,0.5000,9,Pedestrian,19.8698,0,0.0000,True,11,0.9091,11.4917,mid15-30m
nuscenes,scene-1094_010,pitch_0.5deg,pitch,0.5000,10,Car,21.1911,2,0.0947,False,32,1.0000,11.4927,mid15-30m
nuscenes,scene-1094_010,pitch_0.5deg,pitch,0.5000,11,Car,23.3036,0,0.0000,True,115,1.0000,11.4305,mid15-30m
nuscenes,scene-1094_010,pitch_0.5deg,pitch,0.5000,12,Pedestrian,10.3192,0,0.0000,True,34,1.0000,11.8351,near<15m
nuscenes,scene-1094_010,roll_0.5deg,roll,0.5000,0,Car,18.2184,0,0.4952,False,13,0.1538,7.5904,mid15-30m
nuscenes,scene-1094_010,roll_0.5deg,roll,0.5000,4,Car,8.6836,0,0.7111,False,352,0.2670,8.5397,near<15m
nuscenes,scene-1094_010,roll_0.5deg,roll,0.5000,8,Car,26.4501,0,0.0000,True,20,1.0000,0.9026,mid15-30m
nuscenes,scene-1094_010,roll_0.5deg,roll,0.5000,9,Pedestrian,19.8698,0,0.0000,True,11,1.0000,5.4084,mid15-30m
nuscenes,scene-1094_010,roll_0.5deg,roll,0.5000,10,Car,21.1911,2,0.0947,False,32,1.0000,5.1711,mid15-30m
nuscenes,scene-1094_010,roll_0.5deg,roll,0.5000,11,Car,23.3036,0,0.0000,True,115,1.0000,4.4225,mid15-30m
nuscenes,scene-1094_010,roll_0.5deg,roll,0.5000,12,Pedestrian,10.3192,0,0.0000,True,34,1.0000,0.6553,near<15m
nuscenes,scene-1094_010,yaw_1.0deg,yaw,1.0000,0,Car,18.2184,0,0.4952,False,13,0.0769,34.0001,mid15-30m
nuscenes,scene-1094_010,yaw_1.0deg,yaw,1.0000,4,Car,8.6836,0,0.7111,False,352,0.2074,38.4371,near<15m
nuscenes,scene-1094_010,yaw_1.0deg,yaw,1.0000,8,Car,26.4501,0,0.0000,True,20,1.0000,22.8807,mid15-30m
nuscenes,scene-1094_010,yaw_1.0deg,yaw,1.0000,9,Pedestrian,19.8698,0,0.0000,True,11,1.0000,27.9278,mid15-30m
nuscenes,scene-1094_010,yaw_1.0deg,yaw,1.0000,10,Car,21.1911,2,0.0947,False,32,1.0000,28.0284,mid15-30m
nuscenes,scene-1094_010,yaw_1.0deg,yaw,1.0000,11,Car,23.3036,0,0.0000,True,115,1.0000,26.6710,mid15-30m
nuscenes,scene-1094_010,yaw_1.0deg,yaw,1.0000,12,Pedestrian,10.3192,0,0.0000,True,34,1.0000,23.5808,near<15m
nuscenes,scene-1094_010,pitch_1.0deg,pitch,1.0000,0,Car,18.2184,0,0.4952,False,13,0.1538,23.1102,mid15-30m
nuscenes,scene-1094_010,pitch_1.0deg,pitch,1.0000,4,Car,8.6836,0,0.7111,False,352,0.2642,25.4680,near<15m
nuscenes,scene-1094_010,pitch_1.0deg,pitch,1.0000,8,Car,26.4501,0,0.0000,True,20,1.0000,22.6802,mid15-30m
nuscenes,scene-1094_010,pitch_1.0deg,pitch,1.0000,9,Pedestrian,19.8698,0,0.0000,True,11,0.8182,22.9952,mid15-30m
nuscenes,scene-1094_010,pitch_1.0deg,pitch,1.0000,10,Car,21.1911,2,0.0947,False,32,0.6250,22.9967,mid15-30m
nuscenes,scene-1094_010,pitch_1.0deg,pitch,1.0000,11,Car,23.3036,0,0.0000,True,115,0.8609,22.8633,mid15-30m
nuscenes,scene-1094_010,pitch_1.0deg,pitch,1.0000,12,Pedestrian,10.3192,0,0.0000,True,34,1.0000,23.6845,near<15m
nuscenes,scene-1094_010,roll_1.0deg,roll,1.0000,0,Car,18.2184,0,0.4952,False,13,0.1538,15.1799,mid15-30m
nuscenes,scene-1094_010,roll_1.0deg,roll,1.0000,4,Car,8.6836,0,0.7111,False,352,0.2642,17.0781,near<15m
nuscenes,scene-1094_010,roll_1.0deg,roll,1.0000,8,Car,26.4501,0,0.0000,True,20,1.0000,1.8053,mid15-30m
nuscenes,scene-1094_010,roll_1.0deg,roll,1.0000,9,Pedestrian,19.8698,0,0.0000,True,11,1.0000,10.8172,mid15-30m
nuscenes,scene-1094_010,roll_1.0deg,roll,1.0000,10,Car,21.1911,2,0.0947,False,32,1.0000,10.3416,mid15-30m
nuscenes,scene-1094_010,roll_1.0deg,roll,1.0000,11,Car,23.3036,0,0.0000,True,115,1.0000,8.8447,mid15-30m
nuscenes,scene-1094_010,roll_1.0deg,roll,1.0000,12,Pedestrian,10.3192,0,0.0000,True,34,1.0000,1.3105,near<15m
nuscenes,scene-1094_010,yaw_2.0deg,yaw,2.0000,0,Car,18.2184,0,0.4952,False,13,0.0769,68.8741,mid15-30m
nuscenes,scene-1094_010,yaw_2.0deg,yaw,2.0000,4,Car,8.6836,0,0.7111,False,352,0.1477,78.0122,near<15m
nuscenes,scene-1094_010,yaw_2.0deg,yaw,2.0000,8,Car,26.4501,0,0.0000,True,20,0.9000,45.8430,mid15-30m
nuscenes,scene-1094_010,yaw_2.0deg,yaw,2.0000,9,Pedestrian,19.8698,0,0.0000,True,11,0.3636,55.4002,mid15-30m
nuscenes,scene-1094_010,yaw_2.0deg,yaw,2.0000,10,Car,21.1911,2,0.0947,False,32,1.0000,56.5487,mid15-30m
nuscenes,scene-1094_010,yaw_2.0deg,yaw,2.0000,11,Car,23.3036,0,0.0000,True,115,0.9565,53.7463,mid15-30m
nuscenes,scene-1094_010,yaw_2.0deg,yaw,2.0000,12,Pedestrian,10.3192,0,0.0000,True,34,0.9706,47.1744,near<15m
nuscenes,scene-1094_010,pitch_2.0deg,pitch,2.0000,0,Car,18.2184,0,0.4952,False,13,0.1538,46.2191,mid15-30m
nuscenes,scene-1094_010,pitch_2.0deg,pitch,2.0000,4,Car,8.6836,0,0.7111,False,352,0.2557,51.1241,near<15m
nuscenes,scene-1094_010,pitch_2.0deg,pitch,2.0000,8,Car,26.4501,0,0.0000,True,20,0.2000,45.3813,mid15-30m
nuscenes,scene-1094_010,pitch_2.0deg,pitch,2.0000,9,Pedestrian,19.8698,0,0.0000,True,11,0.6364,46.0459,mid15-30m
nuscenes,scene-1094_010,pitch_2.0deg,pitch,2.0000,10,Car,21.1911,2,0.0947,False,32,0.6250,46.0472,mid15-30m
nuscenes,scene-1094_010,pitch_2.0deg,pitch,2.0000,11,Car,23.3036,0,0.0000,True,115,0.8609,45.7440,mid15-30m
nuscenes,scene-1094_010,pitch_2.0deg,pitch,2.0000,12,Pedestrian,10.3192,0,0.0000,True,34,0.8529,47.4344,near<15m
nuscenes,scene-1094_010,roll_2.0deg,roll,2.0000,0,Car,18.2184,0,0.4952,False,13,0.1538,30.3551,mid15-30m
nuscenes,scene-1094_010,roll_2.0deg,roll,2.0000,4,Car,8.6836,0,0.7111,False,352,0.2614,34.1504,near<15m
nuscenes,scene-1094_010,roll_2.0deg,roll,2.0000,8,Car,26.4501,0,0.0000,True,20,1.0000,3.6103,mid15-30m
nuscenes,scene-1094_010,roll_2.0deg,roll,2.0000,9,Pedestrian,19.8698,0,0.0000,True,11,0.8182,21.6353,mid15-30m
nuscenes,scene-1094_010,roll_2.0deg,roll,2.0000,10,Car,21.1911,2,0.0947,False,32,1.0000,20.6809,mid15-30m
nuscenes,scene-1094_010,roll_2.0deg,roll,2.0000,11,Car,23.3036,0,0.0000,True,115,1.0000,17.6875,mid15-30m
nuscenes,scene-1094_010,roll_2.0deg,roll,2.0000,12,Pedestrian,10.3192,0,0.0000,True,34,1.0000,2.6209,near<15m
nuscenes,scene-1094_010,yaw_3.0deg,yaw,3.0000,0,Car,18.2184,0,0.4952,False,13,0.0000,104.6795,mid15-30m
nuscenes,scene-1094_010,yaw_3.0deg,yaw,3.0000,4,Car,8.6836,0,0.7111,False,352,0.0909,118.8064,near<15m
nuscenes,scene-1094_010,yaw_3.0deg,yaw,3.0000,8,Car,26.4501,0,0.0000,True,20,0.7500,68.9020,mid15-30m
nuscenes,scene-1094_010,yaw_3.0deg,yaw,3.0000,9,Pedestrian,19.8698,0,0.0000,True,11,0.0000,82.4454,mid15-30m
nuscenes,scene-1094_010,yaw_3.0deg,yaw,3.0000,10,Car,21.1911,2,0.0947,False,32,1.0000,85.5927,mid15-30m
nuscenes,scene-1094_010,yaw_3.0deg,yaw,3.0000,11,Car,23.3036,0,0.0000,True,115,0.9130,81.2530,mid15-30m
nuscenes,scene-1094_010,yaw_3.0deg,yaw,3.0000,12,Pedestrian,10.3192,0,0.0000,True,34,0.5588,70.7966,near<15m
nuscenes,scene-1094_010,pitch_3.0deg,pitch,3.0000,0,Car,18.2184,0,0.4952,False,13,0.1538,69.3444,mid15-30m
nuscenes,scene-1094_010,pitch_3.0deg,pitch,3.0000,4,Car,8.6836,0,0.7111,False,352,0.2500,76.9924,near<15m
nuscenes,scene-1094_010,pitch_3.0deg,pitch,3.0000,8,Car,26.4501,0,0.0000,True,20,0.0000,68.1179,mid15-30m
nuscenes,scene-1094_010,pitch_3.0deg,pitch,3.0000,9,Pedestrian,19.8698,0,0.0000,True,11,0.6364,69.1683,mid15-30m
nuscenes,scene-1094_010,pitch_3.0deg,pitch,3.0000,10,Car,21.1911,2,0.0947,False,32,0.2188,69.1676,mid15-30m
nuscenes,scene-1094_010,pitch_3.0deg,pitch,3.0000,11,Car,23.3036,0,0.0000,True,115,0.6870,68.6576,mid15-30m
nuscenes,scene-1094_010,pitch_3.0deg,pitch,3.0000,12,Pedestrian,10.3192,0,0.0000,True,34,0.8529,71.2662,near<15m
nuscenes,scene-1094_010,roll_3.0deg,roll,3.0000,0,Car,18.2184,0,0.4952,False,13,0.0000,45.5246,mid15-30m
nuscenes,scene-1094_010,roll_3.0deg,roll,3.0000,4,Car,8.6836,0,0.7111,False,352,0.2557,51.2157,near<15m
nuscenes,scene-1094_010,roll_3.0deg,roll,3.0000,8,Car,26.4501,0,0.0000,True,20,1.0000,5.4151,mid15-30m
nuscenes,scene-1094_010,roll_3.0deg,roll,3.0000,9,Pedestrian,19.8698,0,0.0000,True,11,0.8182,32.4535,mid15-30m
nuscenes,scene-1094_010,roll_3.0deg,roll,3.0000,10,Car,21.1911,2,0.0947,False,32,0.7812,31.0170,mid15-30m
nuscenes,scene-1094_010,roll_3.0deg,roll,3.0000,11,Car,23.3036,0,0.0000,True,115,1.0000,26.5278,mid15-30m
nuscenes,scene-1094_010,roll_3.0deg,roll,3.0000,12,Pedestrian,10.3192,0,0.0000,True,34,1.0000,3.9312,near<15m
nuscenes,scene-1094_010,tfwd_2cm,tfwd,2.0000,0,Car,18.2184,0,0.4952,False,13,0.1538,1.1584,mid15-30m
nuscenes,scene-1094_010,tfwd_2cm,tfwd,2.0000,4,Car,8.6836,0,0.7111,False,352,0.2756,3.3528,near<15m
nuscenes,scene-1094_010,tfwd_2cm,tfwd,2.0000,8,Car,26.4501,0,0.0000,True,20,1.0000,0.0809,mid15-30m
nuscenes,scene-1094_010,tfwd_2cm,tfwd,2.0000,9,Pedestrian,19.8698,0,0.0000,True,11,1.0000,0.6926,mid15-30m
nuscenes,scene-1094_010,tfwd_2cm,tfwd,2.0000,10,Car,21.1911,2,0.0947,False,32,1.0000,0.6461,mid15-30m
nuscenes,scene-1094_010,tfwd_2cm,tfwd,2.0000,11,Car,23.3036,0,0.0000,True,115,1.0000,0.4900,mid15-30m
nuscenes,scene-1094_010,tfwd_2cm,tfwd,2.0000,12,Pedestrian,10.3192,0,0.0000,True,34,1.0000,0.1106,near<15m
nuscenes,scene-1094_010,tleft_2cm,tleft,2.0000,0,Car,18.2184,0,0.4952,False,13,0.1538,1.6913,mid15-30m
nuscenes,scene-1094_010,tleft_2cm,tleft,2.0000,4,Car,8.6836,0,0.7111,False,352,0.2585,4.4175,near<15m
nuscenes,scene-1094_010,tleft_2cm,tleft,2.0000,8,Car,26.4501,0,0.0000,True,20,1.0000,0.9754,mid15-30m
nuscenes,scene-1094_010,tleft_2cm,tleft,2.0000,9,Pedestrian,19.8698,0,0.0000,True,11,1.0000,1.4168,mid15-30m
nuscenes,scene-1094_010,tleft_2cm,tleft,2.0000,10,Car,21.1911,2,0.0947,False,32,1.0000,1.3872,mid15-30m
nuscenes,scene-1094_010,tleft_2cm,tleft,2.0000,11,Car,23.3036,0,0.0000,True,115,1.0000,1.2289,mid15-30m
nuscenes,scene-1094_010,tleft_2cm,tleft,2.0000,12,Pedestrian,10.3192,0,0.0000,True,34,1.0000,2.4895,near<15m
nuscenes,scene-1094_010,tup_2cm,tup,2.0000,0,Car,18.2184,0,0.4952,False,13,0.1538,1.6880,mid15-30m
nuscenes,scene-1094_010,tup_2cm,tup,2.0000,4,Car,8.6836,0,0.7111,False,352,0.2699,4.4201,near<15m
nuscenes,scene-1094_010,tup_2cm,tup,2.0000,8,Car,26.4501,0,0.0000,True,20,1.0000,0.9751,mid15-30m
nuscenes,scene-1094_010,tup_2cm,tup,2.0000,9,Pedestrian,19.8698,0,0.0000,True,11,1.0000,1.4186,mid15-30m
nuscenes,scene-1094_010,tup_2cm,tup,2.0000,10,Car,21.1911,2,0.0947,False,32,1.0000,1.3867,mid15-30m
nuscenes,scene-1094_010,tup_2cm,tup,2.0000,11,Car,23.3036,0,0.0000,True,115,1.0000,1.2277,mid15-30m
nuscenes,scene-1094_010,tup_2cm,tup,2.0000,12,Pedestrian,10.3192,0,0.0000,True,34,1.0000,2.4909,near<15m
nuscenes,scene-1094_010,tfwd_5cm,tfwd,5.0000,0,Car,18.2184,0,0.4952,False,13,0.1538,2.8902,mid15-30m
nuscenes,scene-1094_010,tfwd_5cm,tfwd,5.0000,4,Car,8.6836,0,0.7111,False,352,0.2784,8.3384,near<15m
nuscenes,scene-1094_010,tfwd_5cm,tfwd,5.0000,8,Car,26.4501,0,0.0000,True,20,1.0000,0.2020,mid15-30m
nuscenes,scene-1094_010,tfwd_5cm,tfwd,5.0000,9,Pedestrian,19.8698,0,0.0000,True,11,1.0000,1.7286,mid15-30m
nuscenes,scene-1094_010,tfwd_5cm,tfwd,5.0000,10,Car,21.1911,2,0.0947,False,32,1.0000,1.6127,mid15-30m
nuscenes,scene-1094_010,tfwd_5cm,tfwd,5.0000,11,Car,23.3036,0,0.0000,True,115,1.0000,1.2231,mid15-30m
nuscenes,scene-1094_010,tfwd_5cm,tfwd,5.0000,12,Pedestrian,10.3192,0,0.0000,True,34,1.0000,0.2756,near<15m
nuscenes,scene-1094_010,tleft_5cm,tleft,5.0000,0,Car,18.2184,0,0.4952,False,13,0.1538,4.2281,mid15-30m
nuscenes,scene-1094_010,tleft_5cm,tleft,5.0000,4,Car,8.6836,0,0.7111,False,352,0.2500,11.0439,near<15m
nuscenes,scene-1094_010,tleft_5cm,tleft,5.0000,8,Car,26.4501,0,0.0000,True,20,1.0000,2.4385,mid15-30m
nuscenes,scene-1094_010,tleft_5cm,tleft,5.0000,9,Pedestrian,19.8698,0,0.0000,True,11,1.0000,3.5419,mid15-30m
nuscenes,scene-1094_010,tleft_5cm,tleft,5.0000,10,Car,21.1911,2,0.0947,False,32,1.0000,3.4679,mid15-30m
nuscenes,scene-1094_010,tleft_5cm,tleft,5.0000,11,Car,23.3036,0,0.0000,True,115,1.0000,3.0722,mid15-30m
nuscenes,scene-1094_010,tleft_5cm,tleft,5.0000,12,Pedestrian,10.3192,0,0.0000,True,34,1.0000,6.2237,near<15m
nuscenes,scene-1094_010,tup_5cm,tup,5.0000,0,Car,18.2184,0,0.4952,False,13,0.1538,4.2199,mid15-30m
nuscenes,scene-1094_010,tup_5cm,tup,5.0000,4,Car,8.6836,0,0.7111,False,352,0.2699,11.0491,near<15m
nuscenes,scene-1094_010,tup_5cm,tup,5.0000,8,Car,26.4501,0,0.0000,True,20,1.0000,2.4377,mid15-30m
nuscenes,scene-1094_010,tup_5cm,tup,5.0000,9,Pedestrian,19.8698,0,0.0000,True,11,1.0000,3.5464,mid15-30m
nuscenes,scene-1094_010,tup_5cm,tup,5.0000,10,Car,21.1911,2,0.0947,False,32,1.0000,3.4666,mid15-30m
nuscenes,scene-1094_010,tup_5cm,tup,5.0000,11,Car,23.3036,0,0.0000,True,115,1.0000,3.0692,mid15-30m
nuscenes,scene-1094_010,tup_5cm,tup,5.0000,12,Pedestrian,10.3192,0,0.0000,True,34,1.0000,6.2268,near<15m
nuscenes,scene-1094_010,tfwd_10cm,tfwd,10.0000,0,Car,18.2184,0,0.4952,False,13,0.1538,5.7613,mid15-30m
nuscenes,scene-1094_010,tfwd_10cm,tfwd,10.0000,4,Car,8.6836,0,0.7111,False,352,0.2926,16.5332,near<15m
nuscenes,scene-1094_010,tfwd_10cm,tfwd,10.0000,8,Car,26.4501,0,0.0000,True,20,1.0000,0.4033,mid15-30m
nuscenes,scene-1094_010,tfwd_10cm,tfwd,10.0000,9,Pedestrian,19.8698,0,0.0000,True,11,1.0000,3.4475,mid15-30m
nuscenes,scene-1094_010,tfwd_10cm,tfwd,10.0000,10,Car,21.1911,2,0.0947,False,32,1.0000,3.2166,mid15-30m
nuscenes,scene-1094_010,tfwd_10cm,tfwd,10.0000,11,Car,23.3036,0,0.0000,True,115,1.0000,2.4403,mid15-30m
nuscenes,scene-1094_010,tfwd_10cm,tfwd,10.0000,12,Pedestrian,10.3192,0,0.0000,True,34,1.0000,0.5485,near<15m
nuscenes,scene-1094_010,tleft_10cm,tleft,10.0000,0,Car,18.2184,0,0.4952,False,13,0.1538,8.4563,mid15-30m
nuscenes,scene-1094_010,tleft_10cm,tleft,10.0000,4,Car,8.6836,0,0.7111,False,352,0.2301,22.0881,near<15m
nuscenes,scene-1094_010,tleft_10cm,tleft,10.0000,8,Car,26.4501,0,0.0000,True,20,1.0000,4.8769,mid15-30m
nuscenes,scene-1094_010,tleft_10cm,tleft,10.0000,9,Pedestrian,19.8698,0,0.0000,True,11,1.0000,7.0839,mid15-30m
nuscenes,scene-1094_010,tleft_10cm,tleft,10.0000,10,Car,21.1911,2,0.0947,False,32,1.0000,6.9359,mid15-30m
nuscenes,scene-1094_010,tleft_10cm,tleft,10.0000,11,Car,23.3036,0,0.0000,True,115,1.0000,6.1445,mid15-30m
nuscenes,scene-1094_010,tleft_10cm,tleft,10.0000,12,Pedestrian,10.3192,0,0.0000,True,34,1.0000,12.4476,near<15m
nuscenes,scene-1094_010,tup_10cm,tup,10.0000,0,Car,18.2184,0,0.4952,False,13,0.1538,8.4393,mid15-30m
nuscenes,scene-1094_010,tup_10cm,tup,10.0000,4,Car,8.6836,0,0.7111,False,352,0.2699,22.0946,near<15m
nuscenes,scene-1094_010,tup_10cm,tup,10.0000,8,Car,26.4501,0,0.0000,True,20,1.0000,4.8751,mid15-30m
nuscenes,scene-1094_010,tup_10cm,tup,10.0000,9,Pedestrian,19.8698,0,0.0000,True,11,1.0000,7.0925,mid15-30m
nuscenes,scene-1094_010,tup_10cm,tup,10.0000,10,Car,21.1911,2,0.0947,False,32,1.0000,6.9328,mid15-30m
nuscenes,scene-1094_010,tup_10cm,tup,10.0000,11,Car,23.3036,0,0.0000,True,115,1.0000,6.1380,mid15-30m
nuscenes,scene-1094_010,tup_10cm,tup,10.0000,12,Pedestrian,10.3192,0,0.0000,True,34,1.0000,12.4525,near<15m
nuscenes,scene-1094_011,baseline,baseline,0.0000,0,Car,17.0625,0,0.0861,True,89,0.9888,0.0000,mid15-30m
nuscenes,scene-1094_011,baseline,baseline,0.0000,4,Car,9.5562,0,0.9212,False,260,0.0269,0.0000,near<15m
nuscenes,scene-1094_011,baseline,baseline,0.0000,9,Car,25.1321,0,0.0000,True,31,1.0000,0.0000,mid15-30m
nuscenes,scene-1094_011,baseline,baseline,0.0000,10,Car,19.9347,2,0.0000,False,25,1.0000,0.0000,mid15-30m
nuscenes,scene-1094_011,baseline,baseline,0.0000,11,Car,22.0158,0,0.0000,True,121,1.0000,0.0000,mid15-30m
nuscenes,scene-1094_011,baseline,baseline,0.0000,12,Pedestrian,9.4183,0,0.0000,True,40,1.0000,0.0000,near<15m
nuscenes,scene-1094_011,yaw_0.5deg,yaw,0.5000,0,Car,17.0625,0,0.0861,True,89,0.9438,14.8866,mid15-30m
nuscenes,scene-1094_011,yaw_0.5deg,yaw,0.5000,4,Car,9.5562,0,0.9212,False,260,0.0038,20.8240,near<15m
nuscenes,scene-1094_011,yaw_0.5deg,yaw,0.5000,9,Car,25.1321,0,0.0000,True,31,1.0000,11.3690,mid15-30m
nuscenes,scene-1094_011,yaw_0.5deg,yaw,0.5000,10,Car,19.9347,2,0.0000,False,25,1.0000,13.1927,mid15-30m
nuscenes,scene-1094_011,yaw_0.5deg,yaw,0.5000,11,Car,22.0158,0,0.0000,True,121,1.0000,12.5399,mid15-30m
nuscenes,scene-1094_011,yaw_0.5deg,yaw,0.5000,12,Pedestrian,9.4183,0,0.0000,True,40,1.0000,12.0996,near<15m
nuscenes,scene-1094_011,pitch_0.5deg,pitch,0.5000,0,Car,17.0625,0,0.0861,True,89,0.9888,11.6442,mid15-30m
nuscenes,scene-1094_011,pitch_0.5deg,pitch,0.5000,4,Car,9.5562,0,0.9212,False,260,0.0269,12.6578,near<15m
nuscenes,scene-1094_011,pitch_0.5deg,pitch,0.5000,9,Car,25.1321,0,0.0000,True,31,0.7419,11.3540,mid15-30m
nuscenes,scene-1094_011,pitch_0.5deg,pitch,0.5000,10,Car,19.9347,2,0.0000,False,25,1.0000,11.5166,mid15-30m
nuscenes,scene-1094_011,pitch_0.5deg,pitch,0.5000,11,Car,22.0158,0,0.0000,True,121,1.0000,11.4507,mid15-30m
nuscenes,scene-1094_011,pitch_0.5deg,pitch,0.5000,12,Pedestrian,9.4183,0,0.0000,True,40,1.0000,11.9067,near<15m
nuscenes,scene-1094_011,roll_0.5deg,roll,0.5000,0,Car,17.0625,0,0.0861,True,89,0.9888,5.9030,mid15-30m
nuscenes,scene-1094_011,roll_0.5deg,roll,0.5000,4,Car,9.5562,0,0.9212,False,260,0.0269,9.5873,near<15m
nuscenes,scene-1094_011,roll_0.5deg,roll,0.5000,9,Car,25.1321,0,0.0000,True,31,1.0000,0.4339,mid15-30m
nuscenes,scene-1094_011,roll_0.5deg,roll,0.5000,10,Car,19.9347,2,0.0000,False,25,1.0000,4.2499,mid15-30m
nuscenes,scene-1094_011,roll_0.5deg,roll,0.5000,11,Car,22.0158,0,0.0000,True,121,1.0000,3.3363,mid15-30m
nuscenes,scene-1094_011,roll_0.5deg,roll,0.5000,12,Pedestrian,9.4183,0,0.0000,True,40,1.0000,1.9190,near<15m
nuscenes,scene-1094_011,yaw_1.0deg,yaw,1.0000,0,Car,17.0625,0,0.0861,True,89,0.8876,29.9199,mid15-30m
nuscenes,scene-1094_011,yaw_1.0deg,yaw,1.0000,4,Car,9.5562,0,0.9212,False,260,0.0000,41.9854,near<15m
nuscenes,scene-1094_011,yaw_1.0deg,yaw,1.0000,9,Car,25.1321,0,0.0000,True,31,1.0000,22.7350,mid15-30m
nuscenes,scene-1094_011,yaw_1.0deg,yaw,1.0000,10,Car,19.9347,2,0.0000,False,25,1.0000,26.4790,mid15-30m
nuscenes,scene-1094_011,yaw_1.0deg,yaw,1.0000,11,Car,22.0158,0,0.0000,True,121,0.9835,25.1506,mid15-30m
nuscenes,scene-1094_011,yaw_1.0deg,yaw,1.0000,12,Pedestrian,9.4183,0,0.0000,True,40,0.9750,24.1682,near<15m
nuscenes,scene-1094_011,pitch_1.0deg,pitch,1.0000,0,Car,17.0625,0,0.0861,True,89,0.9888,23.2984,mid15-30m
nuscenes,scene-1094_011,pitch_1.0deg,pitch,1.0000,4,Car,9.5562,0,0.9212,False,260,0.0231,25.3595,near<15m
nuscenes,scene-1094_011,pitch_1.0deg,pitch,1.0000,9,Car,25.1321,0,0.0000,True,31,0.7419,22.7132,mid15-30m
nuscenes,scene-1094_011,pitch_1.0deg,pitch,1.0000,10,Car,19.9347,2,0.0000,False,25,1.0000,23.0443,mid15-30m
nuscenes,scene-1094_011,pitch_1.0deg,pitch,1.0000,11,Car,22.0158,0,0.0000,True,121,1.0000,22.9040,mid15-30m
nuscenes,scene-1094_011,pitch_1.0deg,pitch,1.0000,12,Pedestrian,9.4183,0,0.0000,True,40,1.0000,23.8292,near<15m
nuscenes,scene-1094_011,roll_1.0deg,roll,1.0000,0,Car,17.0625,0,0.0861,True,89,0.9888,11.8053,mid15-30m
nuscenes,scene-1094_011,roll_1.0deg,roll,1.0000,4,Car,9.5562,0,0.9212,False,260,0.0231,19.1731,near<15m
nuscenes,scene-1094_011,roll_1.0deg,roll,1.0000,9,Car,25.1321,0,0.0000,True,31,1.0000,0.8678,mid15-30m
nuscenes,scene-1094_011,roll_1.0deg,roll,1.0000,10,Car,19.9347,2,0.0000,False,25,1.0000,8.4995,mid15-30m
nuscenes,scene-1094_011,roll_1.0deg,roll,1.0000,11,Car,22.0158,0,0.0000,True,121,1.0000,6.6725,mid15-30m
nuscenes,scene-1094_011,roll_1.0deg,roll,1.0000,12,Pedestrian,9.4183,0,0.0000,True,40,1.0000,3.8380,near<15m
nuscenes,scene-1094_011,yaw_2.0deg,yaw,2.0000,0,Car,17.0625,0,0.0861,True,89,0.7640,60.4456,mid15-30m
nuscenes,scene-1094_011,yaw_2.0deg,yaw,2.0000,4,Car,9.5562,0,0.9212,False,260,0.0000,85.3699,near<15m
nuscenes,scene-1094_011,yaw_2.0deg,yaw,2.0000,9,Car,25.1321,0,0.0000,True,31,0.9032,45.4656,mid15-30m
nuscenes,scene-1094_011,yaw_2.0deg,yaw,2.0000,10,Car,19.9347,2,0.0000,False,25,1.0000,53.3454,mid15-30m
nuscenes,scene-1094_011,yaw_2.0deg,yaw,2.0000,11,Car,22.0158,0,0.0000,True,121,0.9421,50.5949,mid15-30m
nuscenes,scene-1094_011,yaw_2.0deg,yaw,2.0000,12,Pedestrian,9.4183,0,0.0000,True,40,0.8000,48.2209,near<15m
nuscenes,scene-1094_011,pitch_2.0deg,pitch,2.0000,0,Car,17.0625,0,0.0861,True,89,0.8315,46.6454,mid15-30m
nuscenes,scene-1094_011,pitch_2.0deg,pitch,2.0000,4,Car,9.5562,0,0.9212,False,260,0.0192,50.9068,near<15m
nuscenes,scene-1094_011,pitch_2.0deg,pitch,2.0000,9,Car,25.1321,0,0.0000,True,31,0.0968,45.4541,mid15-30m
nuscenes,scene-1094_011,pitch_2.0deg,pitch,2.0000,10,Car,19.9347,2,0.0000,False,25,0.5200,46.1407,mid15-30m
nuscenes,scene-1094_011,pitch_2.0deg,pitch,2.0000,11,Car,22.0158,0,0.0000,True,121,0.8430,45.8262,mid15-30m
nuscenes,scene-1094_011,pitch_2.0deg,pitch,2.0000,12,Pedestrian,9.4183,0,0.0000,True,40,0.9250,47.7298,near<15m
nuscenes,scene-1094_011,roll_2.0deg,roll,2.0000,0,Car,17.0625,0,0.0861,True,89,0.9888,23.6076,mid15-30m
nuscenes,scene-1094_011,roll_2.0deg,roll,2.0000,4,Car,9.5562,0,0.9212,False,260,0.0192,38.3393,near<15m
nuscenes,scene-1094_011,roll_2.0deg,roll,2.0000,9,Car,25.1321,0,0.0000,True,31,1.0000,1.7356,mid15-30m
nuscenes,scene-1094_011,roll_2.0deg,roll,2.0000,10,Car,19.9347,2,0.0000,False,25,1.0000,16.9972,mid15-30m
nuscenes,scene-1094_011,roll_2.0deg,roll,2.0000,11,Car,22.0158,0,0.0000,True,121,1.0000,13.3437,mid15-30m
nuscenes,scene-1094_011,roll_2.0deg,roll,2.0000,12,Pedestrian,9.4183,0,0.0000,True,40,1.0000,7.6760,near<15m
nuscenes,scene-1094_011,yaw_3.0deg,yaw,3.0000,0,Car,17.0625,0,0.0861,True,89,0.6854,91.6161,mid15-30m
nuscenes,scene-1094_011,yaw_3.0deg,yaw,3.0000,4,Car,9.5562,0,0.9212,False,260,0.0000,130.2566,near<15m
nuscenes,scene-1094_011,yaw_3.0deg,yaw,3.0000,9,Car,25.1321,0,0.0000,True,31,0.7742,68.2063,mid15-30m
nuscenes,scene-1094_011,yaw_3.0deg,yaw,3.0000,10,Car,19.9347,2,0.0000,False,25,1.0000,80.6255,mid15-30m
nuscenes,scene-1094_011,yaw_3.0deg,yaw,3.0000,11,Car,22.0158,0,0.0000,True,121,0.8926,76.3551,mid15-30m
nuscenes,scene-1094_011,yaw_3.0deg,yaw,3.0000,12,Pedestrian,9.4183,0,0.0000,True,40,0.3750,72.1751,near<15m
nuscenes,scene-1094_011,pitch_3.0deg,pitch,3.0000,0,Car,17.0625,0,0.0861,True,89,0.8202,70.0582,mid15-30m
nuscenes,scene-1094_011,pitch_3.0deg,pitch,3.0000,4,Car,9.5562,0,0.9212,False,260,0.0154,76.6665,near<15m
nuscenes,scene-1094_011,pitch_3.0deg,pitch,3.0000,9,Car,25.1321,0,0.0000,True,31,0.0968,68.2374,mid15-30m
nuscenes,scene-1094_011,pitch_3.0deg,pitch,3.0000,10,Car,19.9347,2,0.0000,False,25,0.2800,69.3054,mid15-30m
nuscenes,scene-1094_011,pitch_3.0deg,pitch,3.0000,11,Car,22.0158,0,0.0000,True,121,0.6777,68.7819,mid15-30m
nuscenes,scene-1094_011,pitch_3.0deg,pitch,3.0000,12,Pedestrian,9.4183,0,0.0000,True,40,0.8250,71.7187,near<15m
nuscenes,scene-1094_011,roll_3.0deg,roll,3.0000,0,Car,17.0625,0,0.0861,True,89,0.8090,35.4060,mid15-30m
nuscenes,scene-1094_011,roll_3.0deg,roll,3.0000,4,Car,9.5562,0,0.9212,False,260,0.0154,57.4970,near<15m
nuscenes,scene-1094_011,roll_3.0deg,roll,3.0000,9,Car,25.1321,0,0.0000,True,31,1.0000,2.6033,mid15-30m
nuscenes,scene-1094_011,roll_3.0deg,roll,3.0000,10,Car,19.9347,2,0.0000,False,25,0.7200,25.4926,mid15-30m
nuscenes,scene-1094_011,roll_3.0deg,roll,3.0000,11,Car,22.0158,0,0.0000,True,121,1.0000,20.0132,mid15-30m
nuscenes,scene-1094_011,roll_3.0deg,roll,3.0000,12,Pedestrian,9.4183,0,0.0000,True,40,1.0000,11.5136,near<15m
nuscenes,scene-1094_011,tfwd_2cm,tfwd,2.0000,0,Car,17.0625,0,0.0861,True,89,0.9888,0.9633,mid15-30m
nuscenes,scene-1094_011,tfwd_2cm,tfwd,2.0000,4,Car,9.5562,0,0.9212,False,260,0.0269,3.5466,near<15m
nuscenes,scene-1094_011,tfwd_2cm,tfwd,2.0000,9,Car,25.1321,0,0.0000,True,31,1.0000,0.0424,mid15-30m
nuscenes,scene-1094_011,tfwd_2cm,tfwd,2.0000,10,Car,19.9347,2,0.0000,False,25,1.0000,0.5425,mid15-30m
nuscenes,scene-1094_011,tfwd_2cm,tfwd,2.0000,11,Car,22.0158,0,0.0000,True,121,1.0000,0.3786,mid15-30m
nuscenes,scene-1094_011,tfwd_2cm,tfwd,2.0000,12,Pedestrian,9.4183,0,0.0000,True,40,1.0000,0.4575,near<15m
nuscenes,scene-1094_011,tleft_2cm,tleft,2.0000,0,Car,17.0625,0,0.0861,True,89,0.9775,1.8227,mid15-30m
nuscenes,scene-1094_011,tleft_2cm,tleft,2.0000,4,Car,9.5562,0,0.9212,False,260,0.0192,4.1641,near<15m
nuscenes,scene-1094_011,tleft_2cm,tleft,2.0000,9,Car,25.1321,0,0.0000,True,31,1.0000,1.0266,mid15-30m
nuscenes,scene-1094_011,tleft_2cm,tleft,2.0000,10,Car,19.9347,2,0.0000,False,25,1.0000,1.4236,mid15-30m
nuscenes,scene-1094_011,tleft_2cm,tleft,2.0000,11,Car,22.0158,0,0.0000,True,121,1.0000,1.2662,mid15-30m
nuscenes,scene-1094_011,tleft_2cm,tleft,2.0000,12,Pedestrian,9.4183,0,0.0000,True,40,1.0000,2.7263,near<15m
nuscenes,scene-1094_011,tup_2cm,tup,2.0000,0,Car,17.0625,0,0.0861,True,89,0.9888,1.8178,mid15-30m
nuscenes,scene-1094_011,tup_2cm,tup,2.0000,4,Car,9.5562,0,0.9212,False,260,0.0269,4.1519,near<15m
nuscenes,scene-1094_011,tup_2cm,tup,2.0000,9,Car,25.1321,0,0.0000,True,31,1.0000,1.0267,mid15-30m
nuscenes,scene-1094_011,tup_2cm,tup,2.0000,10,Car,19.9347,2,0.0000,False,25,1.0000,1.4212,mid15-30m
nuscenes,scene-1094_011,tup_2cm,tup,2.0000,11,Car,22.0158,0,0.0000,True,121,1.0000,1.2637,mid15-30m
nuscenes,scene-1094_011,tup_2cm,tup,2.0000,12,Pedestrian,9.4183,0,0.0000,True,40,1.0000,2.7303,near<15m
nuscenes,scene-1094_011,tfwd_5cm,tfwd,5.0000,0,Car,17.0625,0,0.0861,True,89,0.9888,2.4030,mid15-30m
nuscenes,scene-1094_011,tfwd_5cm,tfwd,5.0000,4,Car,9.5562,0,0.9212,False,260,0.0269,8.8230,near<15m
nuscenes,scene-1094_011,tfwd_5cm,tfwd,5.0000,9,Car,25.1321,0,0.0000,True,31,1.0000,0.1059,mid15-30m
nuscenes,scene-1094_011,tfwd_5cm,tfwd,5.0000,10,Car,19.9347,2,0.0000,False,25,1.0000,1.3539,mid15-30m
nuscenes,scene-1094_011,tfwd_5cm,tfwd,5.0000,11,Car,22.0158,0,0.0000,True,121,1.0000,0.9450,mid15-30m
nuscenes,scene-1094_011,tfwd_5cm,tfwd,5.0000,12,Pedestrian,9.4183,0,0.0000,True,40,1.0000,1.1400,near<15m
nuscenes,scene-1094_011,tleft_5cm,tleft,5.0000,0,Car,17.0625,0,0.0861,True,89,0.9663,4.5568,mid15-30m
nuscenes,scene-1094_011,tleft_5cm,tleft,5.0000,4,Car,9.5562,0,0.9212,False,260,0.0115,10.4105,near<15m
nuscenes,scene-1094_011,tleft_5cm,tleft,5.0000,9,Car,25.1321,0,0.0000,True,31,1.0000,2.5665,mid15-30m
nuscenes,scene-1094_011,tleft_5cm,tleft,5.0000,10,Car,19.9347,2,0.0000,False,25,1.0000,3.5590,mid15-30m
nuscenes,scene-1094_011,tleft_5cm,tleft,5.0000,11,Car,22.0158,0,0.0000,True,121,1.0000,3.1655,mid15-30m
nuscenes,scene-1094_011,tleft_5cm,tleft,5.0000,12,Pedestrian,9.4183,0,0.0000,True,40,1.0000,6.8158,near<15m
nuscenes,scene-1094_011,tup_5cm,tup,5.0000,0,Car,17.0625,0,0.0861,True,89,0.9888,4.5442,mid15-30m
nuscenes,scene-1094_011,tup_5cm,tup,5.0000,4,Car,9.5562,0,0.9212,False,260,0.0269,10.3788,near<15m
nuscenes,scene-1094_011,tup_5cm,tup,5.0000,9,Car,25.1321,0,0.0000,True,31,1.0000,2.5668,mid15-30m
nuscenes,scene-1094_011,tup_5cm,tup,5.0000,10,Car,19.9347,2,0.0000,False,25,1.0000,3.5528,mid15-30m
nuscenes,scene-1094_011,tup_5cm,tup,5.0000,11,Car,22.0158,0,0.0000,True,121,1.0000,3.1593,mid15-30m
nuscenes,scene-1094_011,tup_5cm,tup,5.0000,12,Pedestrian,9.4183,0,0.0000,True,40,1.0000,6.8252,near<15m
nuscenes,scene-1094_011,tfwd_10cm,tfwd,10.0000,0,Car,17.0625,0,0.0861,True,89,0.9888,4.7889,mid15-30m
nuscenes,scene-1094_011,tfwd_10cm,tfwd,10.0000,4,Car,9.5562,0,0.9212,False,260,0.0423,17.5031,near<15m
nuscenes,scene-1094_011,tfwd_10cm,tfwd,10.0000,9,Car,25.1321,0,0.0000,True,31,1.0000,0.2114,mid15-30m
nuscenes,scene-1094_011,tfwd_10cm,tfwd,10.0000,10,Car,19.9347,2,0.0000,False,25,1.0000,2.7002,mid15-30m
nuscenes,scene-1094_011,tfwd_10cm,tfwd,10.0000,11,Car,22.0158,0,0.0000,True,121,1.0000,1.8854,mid15-30m
nuscenes,scene-1094_011,tfwd_10cm,tfwd,10.0000,12,Pedestrian,9.4183,0,0.0000,True,40,1.0000,2.2678,near<15m
nuscenes,scene-1094_011,tleft_10cm,tleft,10.0000,0,Car,17.0625,0,0.0861,True,89,0.9663,9.1137,mid15-30m
nuscenes,scene-1094_011,tleft_10cm,tleft,10.0000,4,Car,9.5562,0,0.9212,False,260,0.0000,20.8219,near<15m
nuscenes,scene-1094_011,tleft_10cm,tleft,10.0000,9,Car,25.1321,0,0.0000,True,31,1.0000,5.1330,mid15-30m
nuscenes,scene-1094_011,tleft_10cm,tleft,10.0000,10,Car,19.9347,2,0.0000,False,25,1.0000,7.1181,mid15-30m
nuscenes,scene-1094_011,tleft_10cm,tleft,10.0000,11,Car,22.0158,0,0.0000,True,121,1.0000,6.3310,mid15-30m
nuscenes,scene-1094_011,tleft_10cm,tleft,10.0000,12,Pedestrian,9.4183,0,0.0000,True,40,1.0000,13.6319,near<15m
nuscenes,scene-1094_011,tup_10cm,tup,10.0000,0,Car,17.0625,0,0.0861,True,89,0.9888,9.0878,mid15-30m
nuscenes,scene-1094_011,tup_10cm,tup,10.0000,4,Car,9.5562,0,0.9212,False,260,0.0269,20.7543,near<15m
nuscenes,scene-1094_011,tup_10cm,tup,10.0000,9,Car,25.1321,0,0.0000,True,31,1.0000,5.1333,mid15-30m
nuscenes,scene-1094_011,tup_10cm,tup,10.0000,10,Car,19.9347,2,0.0000,False,25,1.0000,7.1053,mid15-30m
nuscenes,scene-1094_011,tup_10cm,tup,10.0000,11,Car,22.0158,0,0.0000,True,121,1.0000,6.3182,mid15-30m
nuscenes,scene-1094_011,tup_10cm,tup,10.0000,12,Pedestrian,9.4183,0,0.0000,True,40,1.0000,13.6491,near<15m
nuscenes,scene-1094_012,baseline,baseline,0.0000,0,Car,15.8688,0,0.0000,True,125,1.0000,0.0000,mid15-30m
nuscenes,scene-1094_012,baseline,baseline,0.0000,6,Car,10.7330,0,0.8526,False,194,0.0876,0.0000,near<15m
nuscenes,scene-1094_012,baseline,baseline,0.0000,9,Car,24.4619,2,0.0000,False,15,1.0000,0.0000,mid15-30m
nuscenes,scene-1094_012,baseline,baseline,0.0000,10,Car,23.9146,0,0.0000,True,27,1.0000,0.0000,mid15-30m
nuscenes,scene-1094_012,baseline,baseline,0.0000,11,Car,18.6624,2,0.0000,False,24,1.0000,0.0000,mid15-30m
nuscenes,scene-1094_012,baseline,baseline,0.0000,12,Car,20.7333,0,0.0000,True,121,1.0000,0.0000,mid15-30m
nuscenes,scene-1094_012,baseline,baseline,0.0000,13,Pedestrian,8.7084,0,0.0000,True,47,1.0000,0.0000,near<15m
nuscenes,scene-1094_012,yaw_0.5deg,yaw,0.5000,0,Car,15.8688,0,0.0000,True,125,0.9920,13.1784,mid15-30m
nuscenes,scene-1094_012,yaw_0.5deg,yaw,0.5000,6,Car,10.7330,0,0.8526,False,194,0.0515,19.2482,near<15m
nuscenes,scene-1094_012,yaw_0.5deg,yaw,0.5000,9,Car,24.4619,2,0.0000,False,15,1.0000,14.3182,mid15-30m
nuscenes,scene-1094_012,yaw_0.5deg,yaw,0.5000,10,Car,23.9146,0,0.0000,True,27,1.0000,11.9275,mid15-30m
nuscenes,scene-1094_012,yaw_0.5deg,yaw,0.5000,11,Car,18.6624,2,0.0000,False,24,1.0000,11.9993,mid15-30m
nuscenes,scene-1094_012,yaw_0.5deg,yaw,0.5000,12,Car,20.7333,0,0.0000,True,121,1.0000,11.7026,mid15-30m
nuscenes,scene-1094_012,yaw_0.5deg,yaw,0.5000,13,Pedestrian,8.7084,0,0.0000,True,47,1.0000,14.1277,near<15m
nuscenes,scene-1094_012,pitch_0.5deg,pitch,0.5000,0,Car,15.8688,0,0.0000,True,125,1.0000,11.6526,mid15-30m
nuscenes,scene-1094_012,pitch_0.5deg,pitch,0.5000,6,Car,10.7330,0,0.8526,False,194,0.0876,12.4213,near<15m
nuscenes,scene-1094_012,pitch_0.5deg,pitch,0.5000,9,Car,24.4619,2,0.0000,False,15,1.0000,11.4536,mid15-30m
nuscenes,scene-1094_012,pitch_0.5deg,pitch,0.5000,10,Car,23.9146,0,0.0000,True,27,1.0000,11.3571,mid15-30m
nuscenes,scene-1094_012,pitch_0.5deg,pitch,0.5000,11,Car,18.6624,2,0.0000,False,24,1.0000,11.5281,mid15-30m
nuscenes,scene-1094_012,pitch_0.5deg,pitch,0.5000,12,Car,20.7333,0,0.0000,True,121,1.0000,11.4544,mid15-30m
nuscenes,scene-1094_012,pitch_0.5deg,pitch,0.5000,13,Pedestrian,8.7084,0,0.0000,True,47,1.0000,12.0417,near<15m
nuscenes,scene-1094_012,roll_0.5deg,roll,0.5000,0,Car,15.8688,0,0.0000,True,125,1.0000,4.0143,mid15-30m
nuscenes,scene-1094_012,roll_0.5deg,roll,0.5000,6,Car,10.7330,0,0.8526,False,194,0.0825,8.7372,near<15m
nuscenes,scene-1094_012,roll_0.5deg,roll,0.5000,9,Car,24.4619,2,0.0000,False,15,1.0000,5.5262,mid15-30m
nuscenes,scene-1094_012,roll_0.5deg,roll,0.5000,10,Car,23.9146,0,0.0000,True,27,1.0000,2.5518,mid15-30m
nuscenes,scene-1094_012,roll_0.5deg,roll,0.5000,11,Car,18.6624,2,0.0000,False,24,1.0000,2.2470,mid15-30m
nuscenes,scene-1094_012,roll_0.5deg,roll,0.5000,12,Car,20.7333,0,0.0000,True,121,1.0000,1.4831,mid15-30m
nuscenes,scene-1094_012,roll_0.5deg,roll,0.5000,13,Pedestrian,8.7084,0,0.0000,True,47,1.0000,5.0866,near<15m
nuscenes,scene-1094_012,yaw_1.0deg,yaw,1.0000,0,Car,15.8688,0,0.0000,True,125,0.9680,26.4466,mid15-30m
nuscenes,scene-1094_012,yaw_1.0deg,yaw,1.0000,6,Car,10.7330,0,0.8526,False,194,0.0258,38.7797,near<15m
nuscenes,scene-1094_012,yaw_1.0deg,yaw,1.0000,9,Car,24.4619,2,0.0000,False,15,0.9333,28.7684,mid15-30m
nuscenes,scene-1094_012,yaw_1.0deg,yaw,1.0000,10,Car,23.9146,0,0.0000,True,27,1.0000,23.8099,mid15-30m
nuscenes,scene-1094_012,yaw_1.0deg,yaw,1.0000,11,Car,18.6624,2,0.0000,False,24,1.0000,24.0451,mid15-30m
nuscenes,scene-1094_012,yaw_1.0deg,yaw,1.0000,12,Car,20.7333,0,0.0000,True,121,1.0000,23.4353,mid15-30m
nuscenes,scene-1094_012,yaw_1.0deg,yaw,1.0000,13,Pedestrian,8.7084,0,0.0000,True,47,1.0000,28.1454,near<15m
nuscenes,scene-1094_012,pitch_1.0deg,pitch,1.0000,0,Car,15.8688,0,0.0000,True,125,1.0000,23.3157,mid15-30m
nuscenes,scene-1094_012,pitch_1.0deg,pitch,1.0000,6,Car,10.7330,0,0.8526,False,194,0.0825,24.8800,near<15m
nuscenes,scene-1094_012,pitch_1.0deg,pitch,1.0000,9,Car,24.4619,2,0.0000,False,15,1.0000,22.9165,mid15-30m
nuscenes,scene-1094_012,pitch_1.0deg,pitch,1.0000,10,Car,23.9146,0,0.0000,True,27,1.0000,22.7183,mid15-30m
nuscenes,scene-1094_012,pitch_1.0deg,pitch,1.0000,11,Car,18.6624,2,0.0000,False,24,1.0000,23.0673,mid15-30m
nuscenes,scene-1094_012,pitch_1.0deg,pitch,1.0000,12,Car,20.7333,0,0.0000,True,121,1.0000,22.9112,mid15-30m
nuscenes,scene-1094_012,pitch_1.0deg,pitch,1.0000,13,Pedestrian,8.7084,0,0.0000,True,47,1.0000,24.1025,near<15m
nuscenes,scene-1094_012,roll_1.0deg,roll,1.0000,0,Car,15.8688,0,0.0000,True,125,1.0000,8.0284,mid15-30m
nuscenes,scene-1094_012,roll_1.0deg,roll,1.0000,6,Car,10.7330,0,0.8526,False,194,0.0773,17.4732,near<15m
nuscenes,scene-1094_012,roll_1.0deg,roll,1.0000,9,Car,24.4619,2,0.0000,False,15,1.0000,11.0518,mid15-30m
nuscenes,scene-1094_012,roll_1.0deg,roll,1.0000,10,Car,23.9146,0,0.0000,True,27,1.0000,5.1037,mid15-30m
nuscenes,scene-1094_012,roll_1.0deg,roll,1.0000,11,Car,18.6624,2,0.0000,False,24,1.0000,4.4940,mid15-30m
nuscenes,scene-1094_012,roll_1.0deg,roll,1.0000,12,Car,20.7333,0,0.0000,True,121,1.0000,2.9661,mid15-30m
nuscenes,scene-1094_012,roll_1.0deg,roll,1.0000,13,Pedestrian,8.7084,0,0.0000,True,47,1.0000,10.1735,near<15m
nuscenes,scene-1094_012,yaw_2.0deg,yaw,2.0000,0,Car,15.8688,0,0.0000,True,125,0.8560,53.2650,mid15-30m
nuscenes,scene-1094_012,yaw_2.0deg,yaw,2.0000,6,Car,10.7330,0,0.8526,False,194,0.0000,78.7320,near<15m
nuscenes,scene-1094_012,yaw_2.0deg,yaw,2.0000,9,Car,24.4619,2,0.0000,False,15,0.6000,58.0817,mid15-30m
nuscenes,scene-1094_012,yaw_2.0deg,yaw,2.0000,10,Car,23.9146,0,0.0000,True,27,0.9259,47.4480,mid15-30m
nuscenes,scene-1094_012,yaw_2.0deg,yaw,2.0000,11,Car,18.6624,2,0.0000,False,24,1.0000,48.2848,mid15-30m
nuscenes,scene-1094_012,yaw_2.0deg,yaw,2.0000,12,Car,20.7333,0,0.0000,True,121,0.9752,46.9988,mid15-30m
nuscenes,scene-1094_012,yaw_2.0deg,yaw,2.0000,13,Pedestrian,8.7084,0,0.0000,True,47,0.9574,55.8653,near<15m
nuscenes,scene-1094_012,pitch_2.0deg,pitch,2.0000,0,Car,15.8688,0,0.0000,True,125,1.0000,46.6818,mid15-30m
nuscenes,scene-1094_012,pitch_2.0deg,pitch,2.0000,6,Car,10.7330,0,0.8526,False,194,0.0722,49.9205,near<15m
nuscenes,scene-1094_012,pitch_2.0deg,pitch,2.0000,9,Car,24.4619,2,0.0000,False,15,0.2667,45.8780,mid15-30m
nuscenes,scene-1094_012,pitch_2.0deg,pitch,2.0000,10,Car,23.9146,0,0.0000,True,27,0.0741,45.4601,mid15-30m
nuscenes,scene-1094_012,pitch_2.0deg,pitch,2.0000,11,Car,18.6624,2,0.0000,False,24,0.3333,46.1869,mid15-30m
nuscenes,scene-1094_012,pitch_2.0deg,pitch,2.0000,12,Car,20.7333,0,0.0000,True,121,0.8512,45.8390,mid15-30m
nuscenes,scene-1094_012,pitch_2.0deg,pitch,2.0000,13,Pedestrian,8.7084,0,0.0000,True,47,1.0000,48.2905,near<15m
nuscenes,scene-1094_012,roll_2.0deg,roll,2.0000,0,Car,15.8688,0,0.0000,True,125,1.0000,16.0551,mid15-30m
nuscenes,scene-1094_012,roll_2.0deg,roll,2.0000,6,Car,10.7330,0,0.8526,False,194,0.0773,34.9406,near<15m
nuscenes,scene-1094_012,roll_2.0deg,roll,2.0000,9,Car,24.4619,2,0.0000,False,15,1.0000,22.1010,mid15-30m
nuscenes,scene-1094_012,roll_2.0deg,roll,2.0000,10,Car,23.9146,0,0.0000,True,27,1.0000,10.2075,mid15-30m
nuscenes,scene-1094_012,roll_2.0deg,roll,2.0000,11,Car,18.6624,2,0.0000,False,24,1.0000,8.9873,mid15-30m
nuscenes,scene-1094_012,roll_2.0deg,roll,2.0000,12,Car,20.7333,0,0.0000,True,121,1.0000,5.9317,mid15-30m
nuscenes,scene-1094_012,roll_2.0deg,roll,2.0000,13,Pedestrian,8.7084,0,0.0000,True,47,1.0000,20.3479,near<15m
nuscenes,scene-1094_012,yaw_3.0deg,yaw,3.0000,0,Car,15.8688,0,0.0000,True,125,0.7200,80.4811,mid15-30m
nuscenes,scene-1094_012,yaw_3.0deg,yaw,3.0000,6,Car,10.7330,0,0.8526,False,194,0.0000,119.9397,near<15m
nuscenes,scene-1094_012,yaw_3.0deg,yaw,3.0000,9,Car,24.4619,2,0.0000,False,15,0.4000,87.9746,mid15-30m
nuscenes,scene-1094_012,yaw_3.0deg,yaw,3.0000,10,Car,23.9146,0,0.0000,True,27,0.8148,70.9312,mid15-30m
nuscenes,scene-1094_012,yaw_3.0deg,yaw,3.0000,11,Car,18.6624,2,0.0000,False,24,1.0000,72.7373,mid15-30m
nuscenes,scene-1094_012,yaw_3.0deg,yaw,3.0000,12,Car,20.7333,0,0.0000,True,121,0.9174,70.7070,mid15-30m
nuscenes,scene-1094_012,yaw_3.0deg,yaw,3.0000,13,Pedestrian,8.7084,0,0.0000,True,47,0.7021,83.1874,near<15m
nuscenes,scene-1094_012,pitch_3.0deg,pitch,3.0000,0,Car,15.8688,0,0.0000,True,125,0.7840,70.1145,mid15-30m
nuscenes,scene-1094_012,pitch_3.0deg,pitch,3.0000,6,Car,10.7330,0,0.8526,False,194,0.0670,75.1440,near<15m
nuscenes,scene-1094_012,pitch_3.0deg,pitch,3.0000,9,Car,24.4619,2,0.0000,False,15,0.2667,68.9008,mid15-30m
nuscenes,scene-1094_012,pitch_3.0deg,pitch,3.0000,10,Car,23.9146,0,0.0000,True,27,0.0741,68.2402,mid15-30m
nuscenes,scene-1094_012,pitch_3.0deg,pitch,3.0000,11,Car,18.6624,2,0.0000,False,24,0.2917,69.3743,mid15-30m
nuscenes,scene-1094_012,pitch_3.0deg,pitch,3.0000,12,Car,20.7333,0,0.0000,True,121,0.6860,68.7985,mid15-30m
nuscenes,scene-1094_012,pitch_3.0deg,pitch,3.0000,13,Pedestrian,8.7084,0,0.0000,True,47,0.8936,72.5825,near<15m
nuscenes,scene-1094_012,roll_3.0deg,roll,3.0000,0,Car,15.8688,0,0.0000,True,125,1.0000,24.0797,mid15-30m
nuscenes,scene-1094_012,roll_3.0deg,roll,3.0000,6,Car,10.7330,0,0.8526,False,194,0.0722,52.4007,near<15m
nuscenes,scene-1094_012,roll_3.0deg,roll,3.0000,9,Car,24.4619,2,0.0000,False,15,0.7333,33.1466,mid15-30m
nuscenes,scene-1094_012,roll_3.0deg,roll,3.0000,10,Car,23.9146,0,0.0000,True,27,1.0000,15.3110,mid15-30m
nuscenes,scene-1094_012,roll_3.0deg,roll,3.0000,11,Car,18.6624,2,0.0000,False,24,1.0000,13.4796,mid15-30m
nuscenes,scene-1094_012,roll_3.0deg,roll,3.0000,12,Car,20.7333,0,0.0000,True,121,1.0000,8.8968,mid15-30m
nuscenes,scene-1094_012,roll_3.0deg,roll,3.0000,13,Pedestrian,8.7084,0,0.0000,True,47,1.0000,30.5225,near<15m
nuscenes,scene-1094_012,tfwd_2cm,tfwd,2.0000,0,Car,15.8688,0,0.0000,True,125,1.0000,0.6540,mid15-30m
nuscenes,scene-1094_012,tfwd_2cm,tfwd,2.0000,6,Car,10.7330,0,0.8526,False,194,0.0928,2.7612,near<15m
nuscenes,scene-1094_012,tfwd_2cm,tfwd,2.0000,9,Car,24.4619,2,0.0000,False,15,1.0000,0.5764,mid15-30m
nuscenes,scene-1094_012,tfwd_2cm,tfwd,2.0000,10,Car,23.9146,0,0.0000,True,27,1.0000,0.2589,mid15-30m
nuscenes,scene-1094_012,tfwd_2cm,tfwd,2.0000,11,Car,18.6624,2,0.0000,False,24,1.0000,0.2917,mid15-30m
nuscenes,scene-1094_012,tfwd_2cm,tfwd,2.0000,12,Car,20.7333,0,0.0000,True,121,1.0000,0.1699,mid15-30m
nuscenes,scene-1094_012,tfwd_2cm,tfwd,2.0000,13,Pedestrian,8.7084,0,0.0000,True,47,1.0000,1.4554,near<15m
nuscenes,scene-1094_012,tleft_2cm,tleft,2.0000,0,Car,15.8688,0,0.0000,True,125,1.0000,1.8296,mid15-30m
nuscenes,scene-1094_012,tleft_2cm,tleft,2.0000,6,Car,10.7330,0,0.8526,False,194,0.0773,3.5513,near<15m
nuscenes,scene-1094_012,tleft_2cm,tleft,2.0000,9,Car,24.4619,2,0.0000,False,15,1.0000,1.1622,mid15-30m
nuscenes,scene-1094_012,tleft_2cm,tleft,2.0000,10,Car,23.9146,0,0.0000,True,27,1.0000,1.1092,mid15-30m
nuscenes,scene-1094_012,tleft_2cm,tleft,2.0000,11,Car,18.6624,2,0.0000,False,24,1.0000,1.4638,mid15-30m
nuscenes,scene-1094_012,tleft_2cm,tleft,2.0000,12,Car,20.7333,0,0.0000,True,121,1.0000,1.2963,mid15-30m
nuscenes,scene-1094_012,tleft_2cm,tleft,2.0000,13,Pedestrian,8.7084,0,0.0000,True,47,1.0000,3.1751,near<15m
nuscenes,scene-1094_012,tup_2cm,tup,2.0000,0,Car,15.8688,0,0.0000,True,125,1.0000,1.8246,mid15-30m
nuscenes,scene-1094_012,tup_2cm,tup,2.0000,6,Car,10.7330,0,0.8526,False,194,0.0876,3.5338,near<15m
nuscenes,scene-1094_012,tup_2cm,tup,2.0000,9,Car,24.4619,2,0.0000,False,15,1.0000,1.1576,mid15-30m
nuscenes,scene-1094_012,tup_2cm,tup,2.0000,10,Car,23.9146,0,0.0000,True,27,1.0000,1.1111,mid15-30m
nuscenes,scene-1094_012,tup_2cm,tup,2.0000,11,Car,18.6624,2,0.0000,False,24,1.0000,1.4619,mid15-30m
nuscenes,scene-1094_012,tup_2cm,tup,2.0000,12,Car,20.7333,0,0.0000,True,121,1.0000,1.2945,mid15-30m
nuscenes,scene-1094_012,tup_2cm,tup,2.0000,13,Pedestrian,8.7084,0,0.0000,True,47,1.0000,3.1893,near<15m
nuscenes,scene-1094_012,tfwd_5cm,tfwd,5.0000,0,Car,15.8688,0,0.0000,True,125,1.0000,1.6314,mid15-30m
nuscenes,scene-1094_012,tfwd_5cm,tfwd,5.0000,6,Car,10.7330,0,0.8526,False,194,0.0979,6.8742,near<15m
nuscenes,scene-1094_012,tfwd_5cm,tfwd,5.0000,9,Car,24.4619,2,0.0000,False,15,1.0000,1.4389,mid15-30m
nuscenes,scene-1094_012,tfwd_5cm,tfwd,5.0000,10,Car,23.9146,0,0.0000,True,27,1.0000,0.6465,mid15-30m
nuscenes,scene-1094_012,tfwd_5cm,tfwd,5.0000,11,Car,18.6624,2,0.0000,False,24,1.0000,0.7279,mid15-30m
nuscenes,scene-1094_012,tfwd_5cm,tfwd,5.0000,12,Car,20.7333,0,0.0000,True,121,1.0000,0.4242,mid15-30m
nuscenes,scene-1094_012,tfwd_5cm,tfwd,5.0000,13,Pedestrian,8.7084,0,0.0000,True,47,1.0000,3.6249,near<15m
nuscenes,scene-1094_012,tleft_5cm,tleft,5.0000,0,Car,15.8688,0,0.0000,True,125,1.0000,4.5741,mid15-30m
nuscenes,scene-1094_012,tleft_5cm,tleft,5.0000,6,Car,10.7330,0,0.8526,False,194,0.0670,8.8785,near<15m
nuscenes,scene-1094_012,tleft_5cm,tleft,5.0000,9,Car,24.4619,2,0.0000,False,15,1.0000,2.9055,mid15-30m
nuscenes,scene-1094_012,tleft_5cm,tleft,5.0000,10,Car,23.9146,0,0.0000,True,27,1.0000,2.7729,mid15-30m
nuscenes,scene-1094_012,tleft_5cm,tleft,5.0000,11,Car,18.6624,2,0.0000,False,24,1.0000,3.6594,mid15-30m
nuscenes,scene-1094_012,tleft_5cm,tleft,5.0000,12,Car,20.7333,0,0.0000,True,121,1.0000,3.2408,mid15-30m
nuscenes,scene-1094_012,tleft_5cm,tleft,5.0000,13,Pedestrian,8.7084,0,0.0000,True,47,1.0000,7.9379,near<15m
nuscenes,scene-1094_012,tup_5cm,tup,5.0000,0,Car,15.8688,0,0.0000,True,125,1.0000,4.5614,mid15-30m
nuscenes,scene-1094_012,tup_5cm,tup,5.0000,6,Car,10.7330,0,0.8526,False,194,0.0876,8.8338,near<15m
nuscenes,scene-1094_012,tup_5cm,tup,5.0000,9,Car,24.4619,2,0.0000,False,15,1.0000,2.8940,mid15-30m
nuscenes,scene-1094_012,tup_5cm,tup,5.0000,10,Car,23.9146,0,0.0000,True,27,1.0000,2.7778,mid15-30m
nuscenes,scene-1094_012,tup_5cm,tup,5.0000,11,Car,18.6624,2,0.0000,False,24,1.0000,3.6547,mid15-30m
nuscenes,scene-1094_012,tup_5cm,tup,5.0000,12,Car,20.7333,0,0.0000,True,121,1.0000,3.2362,mid15-30m
nuscenes,scene-1094_012,tup_5cm,tup,5.0000,13,Pedestrian,8.7084,0,0.0000,True,47,1.0000,7.9728,near<15m
nuscenes,scene-1094_012,tfwd_10cm,tfwd,10.0000,0,Car,15.8688,0,0.0000,True,125,1.0000,3.2511,mid15-30m
nuscenes,scene-1094_012,tfwd_10cm,tfwd,10.0000,6,Car,10.7330,0,0.8526,False,194,0.1186,13.6535,near<15m
nuscenes,scene-1094_012,tfwd_10cm,tfwd,10.0000,9,Car,24.4619,2,0.0000,False,15,1.0000,2.8713,mid15-30m
nuscenes,scene-1094_012,tfwd_10cm,tfwd,10.0000,10,Car,23.9146,0,0.0000,True,27,1.0000,1.2901,mid15-30m
nuscenes,scene-1094_012,tfwd_10cm,tfwd,10.0000,11,Car,18.6624,2,0.0000,False,24,1.0000,1.4516,mid15-30m
nuscenes,scene-1094_012,tfwd_10cm,tfwd,10.0000,12,Car,20.7333,0,0.0000,True,121,1.0000,0.8463,mid15-30m
nuscenes,scene-1094_012,tfwd_10cm,tfwd,10.0000,13,Pedestrian,8.7084,0,0.0000,True,47,1.0000,7.2047,near<15m
nuscenes,scene-1094_012,tleft_10cm,tleft,10.0000,0,Car,15.8688,0,0.0000,True,125,1.0000,9.1486,mid15-30m
nuscenes,scene-1094_012,tleft_10cm,tleft,10.0000,6,Car,10.7330,0,0.8526,False,194,0.0464,17.7581,near<15m
nuscenes,scene-1094_012,tleft_10cm,tleft,10.0000,9,Car,24.4619,2,0.0000,False,15,1.0000,5.8112,mid15-30m
nuscenes,scene-1094_012,tleft_10cm,tleft,10.0000,10,Car,23.9146,0,0.0000,True,27,1.0000,5.5460,mid15-30m
nuscenes,scene-1094_012,tleft_10cm,tleft,10.0000,11,Car,18.6624,2,0.0000,False,24,1.0000,7.3190,mid15-30m
nuscenes,scene-1094_012,tleft_10cm,tleft,10.0000,12,Car,20.7333,0,0.0000,True,121,1.0000,6.4818,mid15-30m
nuscenes,scene-1094_012,tleft_10cm,tleft,10.0000,13,Pedestrian,8.7084,0,0.0000,True,47,1.0000,15.8767,near<15m
nuscenes,scene-1094_012,tup_10cm,tup,10.0000,0,Car,15.8688,0,0.0000,True,125,1.0000,9.1221,mid15-30m
nuscenes,scene-1094_012,tup_10cm,tup,10.0000,6,Car,10.7330,0,0.8526,False,194,0.0928,17.6652,near<15m
nuscenes,scene-1094_012,tup_10cm,tup,10.0000,9,Car,24.4619,2,0.0000,False,15,1.0000,5.7877,mid15-30m
nuscenes,scene-1094_012,tup_10cm,tup,10.0000,10,Car,23.9146,0,0.0000,True,27,1.0000,5.5554,mid15-30m
nuscenes,scene-1094_012,tup_10cm,tup,10.0000,11,Car,18.6624,2,0.0000,False,24,1.0000,7.3091,mid15-30m
nuscenes,scene-1094_012,tup_10cm,tup,10.0000,12,Car,20.7333,0,0.0000,True,121,1.0000,6.4721,mid15-30m
nuscenes,scene-1094_012,tup_10cm,tup,10.0000,13,Pedestrian,8.7084,0,0.0000,True,47,1.0000,15.9436,near<15m
nuscenes,scene-1094_013,baseline,baseline,0.0000,0,Car,14.4482,0,0.0000,True,125,1.0000,0.0000,near<15m
nuscenes,scene-1094_013,baseline,baseline,0.0000,2,Car,34.0153,2,0.0000,False,10,1.0000,0.0000,far>30m
nuscenes,scene-1094_013,baseline,baseline,0.0000,4,Car,39.9973,2,0.0000,False,15,1.0000,0.0000,far>30m
nuscenes,scene-1094_013,baseline,baseline,0.0000,5,Car,12.0530,0,0.4858,False,127,0.5906,0.0000,near<15m
nuscenes,scene-1094_013,baseline,baseline,0.0000,8,Car,23.0585,2,0.0000,False,14,1.0000,0.0000,mid15-30m
nuscenes,scene-1094_013,baseline,baseline,0.0000,10,Car,22.7469,0,0.0144,True,28,1.0000,0.0000,mid15-30m
nuscenes,scene-1094_013,baseline,baseline,0.0000,11,Car,17.2896,2,0.0000,False,35,1.0000,0.0000,mid15-30m
nuscenes,scene-1094_013,baseline,baseline,0.0000,12,Car,19.3799,0,0.0000,True,168,1.0000,0.0000,mid15-30m
nuscenes,scene-1094_013,yaw_0.5deg,yaw,0.5000,0,Car,14.4482,0,0.0000,True,125,1.0000,11.9294,near<15m
nuscenes,scene-1094_013,yaw_0.5deg,yaw,0.5000,2,Car,34.0153,2,0.0000,False,10,1.0000,12.4885,far>30m
nuscenes,scene-1094_013,yaw_0.5deg,yaw,0.5000,4,Car,39.9973,2,0.0000,False,15,1.0000,13.5196,far>30m
nuscenes,scene-1094_013,yaw_0.5deg,yaw,0.5000,5,Car,12.0530,0,0.4858,False,127,0.5354,16.4473,near<15m
nuscenes,scene-1094_013,yaw_0.5deg,yaw,0.5000,8,Car,23.0585,2,0.0000,False,14,1.0000,12.3543,mid15-30m
nuscenes,scene-1094_013,yaw_0.5deg,yaw,0.5000,10,Car,22.7469,0,0.0144,True,28,1.0000,13.8343,mid15-30m
nuscenes,scene-1094_013,yaw_0.5deg,yaw,0.5000,11,Car,17.2896,2,0.0000,False,35,1.0000,11.5380,mid15-30m
nuscenes,scene-1094_013,yaw_0.5deg,yaw,0.5000,12,Car,19.3799,0,0.0000,True,168,1.0000,11.5881,mid15-30m
nuscenes,scene-1094_013,pitch_0.5deg,pitch,0.5000,0,Car,14.4482,0,0.0000,True,125,1.0000,11.6668,near<15m
nuscenes,scene-1094_013,pitch_0.5deg,pitch,0.5000,2,Car,34.0153,2,0.0000,False,10,1.0000,11.3261,far>30m
nuscenes,scene-1094_013,pitch_0.5deg,pitch,0.5000,4,Car,39.9973,2,0.0000,False,15,1.0000,11.3181,far>30m
nuscenes,scene-1094_013,pitch_0.5deg,pitch,0.5000,5,Car,12.0530,0,0.4858,False,127,0.5906,12.1160,near<15m
nuscenes,scene-1094_013,pitch_0.5deg,pitch,0.5000,8,Car,23.0585,2,0.0000,False,14,1.0000,11.4310,mid15-30m
nuscenes,scene-1094_013,pitch_0.5deg,pitch,0.5000,10,Car,22.7469,0,0.0144,True,28,1.0000,11.3587,mid15-30m
nuscenes,scene-1094_013,pitch_0.5deg,pitch,0.5000,11,Car,17.2896,2,0.0000,False,35,1.0000,11.5355,mid15-30m
nuscenes,scene-1094_013,pitch_0.5deg,pitch,0.5000,12,Car,19.3799,0,0.0000,True,168,1.0000,11.4620,mid15-30m
nuscenes,scene-1094_013,roll_0.5deg,roll,0.5000,0,Car,14.4482,0,0.0000,True,125,1.0000,1.6224,near<15m
nuscenes,scene-1094_013,roll_0.5deg,roll,0.5000,2,Car,34.0153,2,0.0000,False,10,1.0000,3.4754,far>30m
nuscenes,scene-1094_013,roll_0.5deg,roll,0.5000,4,Car,39.9973,2,0.0000,False,15,1.0000,4.8474,far>30m
nuscenes,scene-1094_013,roll_0.5deg,roll,0.5000,5,Car,12.0530,0,0.4858,False,127,0.5906,6.9141,near<15m
nuscenes,scene-1094_013,roll_0.5deg,roll,0.5000,8,Car,23.0585,2,0.0000,False,14,1.0000,3.0911,mid15-30m
nuscenes,scene-1094_013,roll_0.5deg,roll,0.5000,10,Car,22.7469,0,0.0144,True,28,1.0000,5.3083,mid15-30m
nuscenes,scene-1094_013,roll_0.5deg,roll,0.5000,11,Car,17.2896,2,0.0000,False,35,1.0000,0.6261,mid15-30m
nuscenes,scene-1094_013,roll_0.5deg,roll,0.5000,12,Car,19.3799,0,0.0000,True,168,1.0000,1.2948,mid15-30m
nuscenes,scene-1094_013,yaw_1.0deg,yaw,1.0000,0,Car,14.4482,0,0.0000,True,125,0.9760,23.8928,near<15m
nuscenes,scene-1094_013,yaw_1.0deg,yaw,1.0000,2,Car,34.0153,2,0.0000,False,10,1.0000,25.0510,far>30m
nuscenes,scene-1094_013,yaw_1.0deg,yaw,1.0000,4,Car,39.9973,2,0.0000,False,15,0.9333,27.1487,far>30m
nuscenes,scene-1094_013,yaw_1.0deg,yaw,1.0000,5,Car,12.0530,0,0.4858,False,127,0.4803,33.0866,near<15m
nuscenes,scene-1094_013,yaw_1.0deg,yaw,1.0000,8,Car,23.0585,2,0.0000,False,14,0.9286,24.7743,mid15-30m
nuscenes,scene-1094_013,yaw_1.0deg,yaw,1.0000,10,Car,22.7469,0,0.0144,True,28,1.0000,27.5563,mid15-30m
nuscenes,scene-1094_013,yaw_1.0deg,yaw,1.0000,11,Car,17.2896,2,0.0000,False,35,1.0000,23.0733,mid15-30m
nuscenes,scene-1094_013,yaw_1.0deg,yaw,1.0000,12,Car,19.3799,0,0.0000,True,168,1.0000,23.1609,mid15-30m
nuscenes,scene-1094_013,pitch_1.0deg,pitch,1.0000,0,Car,14.4482,0,0.0000,True,125,1.0000,23.3441,near<15m
nuscenes,scene-1094_013,pitch_1.0deg,pitch,1.0000,2,Car,34.0153,2,0.0000,False,10,0.6000,22.6538,far>30m
nuscenes,scene-1094_013,pitch_1.0deg,pitch,1.0000,4,Car,39.9973,2,0.0000,False,15,1.0000,22.6315,far>30m
nuscenes,scene-1094_013,pitch_1.0deg,pitch,1.0000,5,Car,12.0530,0,0.4858,False,127,0.5827,24.2578,near<15m
nuscenes,scene-1094_013,pitch_1.0deg,pitch,1.0000,8,Car,23.0585,2,0.0000,False,14,1.0000,22.8698,mid15-30m
nuscenes,scene-1094_013,pitch_1.0deg,pitch,1.0000,10,Car,22.7469,0,0.0144,True,28,1.0000,22.7212,mid15-30m
nuscenes,scene-1094_013,pitch_1.0deg,pitch,1.0000,11,Car,17.2896,2,0.0000,False,35,1.0000,23.0820,mid15-30m
nuscenes,scene-1094_013,pitch_1.0deg,pitch,1.0000,12,Car,19.3799,0,0.0000,True,168,1.0000,22.9231,mid15-30m
nuscenes,scene-1094_013,roll_1.0deg,roll,1.0000,0,Car,14.4482,0,0.0000,True,125,1.0000,3.2448,near<15m
nuscenes,scene-1094_013,roll_1.0deg,roll,1.0000,2,Car,34.0153,2,0.0000,False,10,1.0000,6.9506,far>30m
nuscenes,scene-1094_013,roll_1.0deg,roll,1.0000,4,Car,39.9973,2,0.0000,False,15,1.0000,9.6944,far>30m
nuscenes,scene-1094_013,roll_1.0deg,roll,1.0000,5,Car,12.0530,0,0.4858,False,127,0.5906,13.8274,near<15m
nuscenes,scene-1094_013,roll_1.0deg,roll,1.0000,8,Car,23.0585,2,0.0000,False,14,1.0000,6.1820,mid15-30m
nuscenes,scene-1094_013,roll_1.0deg,roll,1.0000,10,Car,22.7469,0,0.0144,True,28,1.0000,10.6169,mid15-30m
nuscenes,scene-1094_013,roll_1.0deg,roll,1.0000,11,Car,17.2896,2,0.0000,False,35,1.0000,1.2521,mid15-30m
nuscenes,scene-1094_013,roll_1.0deg,roll,1.0000,12,Car,19.3799,0,0.0000,True,168,1.0000,2.5896,mid15-30m
nuscenes,scene-1094_013,yaw_2.0deg,yaw,2.0000,0,Car,14.4482,0,0.0000,True,125,0.8720,47.9300,near<15m
nuscenes,scene-1094_013,yaw_2.0deg,yaw,2.0000,2,Car,34.0153,2,0.0000,False,10,0.8000,50.4084,far>30m
nuscenes,scene-1094_013,yaw_2.0deg,yaw,2.0000,4,Car,39.9973,2,0.0000,False,15,0.5333,54.7494,far>30m
nuscenes,scene-1094_013,yaw_2.0deg,yaw,2.0000,5,Car,12.0530,0,0.4858,False,127,0.3701,66.9658,near<15m
nuscenes,scene-1094_013,yaw_2.0deg,yaw,2.0000,8,Car,23.0585,2,0.0000,False,14,0.6429,49.8217,mid15-30m
nuscenes,scene-1094_013,yaw_2.0deg,yaw,2.0000,10,Car,22.7469,0,0.0144,True,28,0.8929,54.6773,mid15-30m
nuscenes,scene-1094_013,yaw_2.0deg,yaw,2.0000,11,Car,17.2896,2,0.0000,False,35,1.0000,46.1431,mid15-30m
nuscenes,scene-1094_013,yaw_2.0deg,yaw,2.0000,12,Car,19.3799,0,0.0000,True,168,0.9821,46.2679,mid15-30m
nuscenes,scene-1094_013,pitch_2.0deg,pitch,2.0000,0,Car,14.4482,0,0.0000,True,125,0.9600,46.7381,near<15m
nuscenes,scene-1094_013,pitch_2.0deg,pitch,2.0000,2,Car,34.0153,2,0.0000,False,10,0.6000,45.3218,far>30m
nuscenes,scene-1094_013,pitch_2.0deg,pitch,2.0000,4,Car,39.9973,2,0.0000,False,15,0.7333,45.2521,far>30m
nuscenes,scene-1094_013,pitch_2.0deg,pitch,2.0000,5,Car,12.0530,0,0.4858,False,127,0.5827,48.6282,near<15m
nuscenes,scene-1094_013,pitch_2.0deg,pitch,2.0000,8,Car,23.0585,2,0.0000,False,14,0.3571,45.7785,mid15-30m
nuscenes,scene-1094_013,pitch_2.0deg,pitch,2.0000,10,Car,22.7469,0,0.0144,True,28,0.1429,45.4657,mid15-30m
nuscenes,scene-1094_013,pitch_2.0deg,pitch,2.0000,11,Car,17.2896,2,0.0000,False,35,0.5429,46.2156,mid15-30m
nuscenes,scene-1094_013,pitch_2.0deg,pitch,2.0000,12,Car,19.3799,0,0.0000,True,168,0.8929,45.8503,mid15-30m
nuscenes,scene-1094_013,roll_2.0deg,roll,2.0000,0,Car,14.4482,0,0.0000,True,125,1.0000,6.4891,near<15m
nuscenes,scene-1094_013,roll_2.0deg,roll,2.0000,2,Car,34.0153,2,0.0000,False,10,1.0000,13.8999,far>30m
nuscenes,scene-1094_013,roll_2.0deg,roll,2.0000,4,Car,39.9973,2,0.0000,False,15,0.9333,19.3865,far>30m
nuscenes,scene-1094_013,roll_2.0deg,roll,2.0000,5,Car,12.0530,0,0.4858,False,127,0.5827,27.6510,near<15m
nuscenes,scene-1094_013,roll_2.0deg,roll,2.0000,8,Car,23.0585,2,0.0000,False,14,1.0000,12.3631,mid15-30m
nuscenes,scene-1094_013,roll_2.0deg,roll,2.0000,10,Car,22.7469,0,0.0144,True,28,1.0000,21.2348,mid15-30m
nuscenes,scene-1094_013,roll_2.0deg,roll,2.0000,11,Car,17.2896,2,0.0000,False,35,1.0000,2.5042,mid15-30m
nuscenes,scene-1094_013,roll_2.0deg,roll,2.0000,12,Car,19.3799,0,0.0000,True,168,1.0000,5.1792,mid15-30m
nuscenes,scene-1094_013,yaw_3.0deg,yaw,3.0000,0,Car,14.4482,0,0.0000,True,125,0.7600,72.1289,near<15m
nuscenes,scene-1094_013,yaw_3.0deg,yaw,3.0000,2,Car,34.0153,2,0.0000,False,10,0.2000,76.0940,far>30m
nuscenes,scene-1094_013,yaw_3.0deg,yaw,3.0000,4,Car,39.9973,2,0.0000,False,15,0.3333,82.8312,far>30m
nuscenes,scene-1094_013,yaw_3.0deg,yaw,3.0000,5,Car,12.0530,0,0.4858,False,127,0.2598,101.6902,near<15m
nuscenes,scene-1094_013,yaw_3.0deg,yaw,3.0000,8,Car,23.0585,2,0.0000,False,14,0.3571,75.1631,mid15-30m
nuscenes,scene-1094_013,yaw_3.0deg,yaw,3.0000,10,Car,22.7469,0,0.0144,True,28,0.7143,81.3903,mid15-30m
nuscenes,scene-1094_013,yaw_3.0deg,yaw,3.0000,11,Car,17.2896,2,0.0000,False,35,1.0000,69.2244,mid15-30m
nuscenes,scene-1094_013,yaw_3.0deg,yaw,3.0000,12,Car,19.3799,0,0.0000,True,168,0.9286,69.3365,mid15-30m
nuscenes,scene-1094_013,pitch_3.0deg,pitch,3.0000,0,Car,14.4482,0,0.0000,True,125,0.7840,70.1980,near<15m
nuscenes,scene-1094_013,pitch_3.0deg,pitch,3.0000,2,Car,34.0153,2,0.0000,False,10,0.0000,68.0188,far>30m
nuscenes,scene-1094_013,pitch_3.0deg,pitch,3.0000,4,Car,39.9973,2,0.0000,False,15,0.7333,67.8770,far>30m
nuscenes,scene-1094_013,pitch_3.0deg,pitch,3.0000,5,Car,12.0530,0,0.4858,False,127,0.4724,73.1310,near<15m
nuscenes,scene-1094_013,pitch_3.0deg,pitch,3.0000,8,Car,23.0585,2,0.0000,False,14,0.0000,68.7413,mid15-30m
nuscenes,scene-1094_013,pitch_3.0deg,pitch,3.0000,10,Car,22.7469,0,0.0144,True,28,0.0000,68.2490,mid15-30m
nuscenes,scene-1094_013,pitch_3.0deg,pitch,3.0000,11,Car,17.2896,2,0.0000,False,35,0.0286,69.4162,mid15-30m
nuscenes,scene-1094_013,pitch_3.0deg,pitch,3.0000,12,Car,19.3799,0,0.0000,True,168,0.7619,68.7965,mid15-30m
nuscenes,scene-1094_013,roll_3.0deg,roll,3.0000,0,Car,14.4482,0,0.0000,True,125,1.0000,9.7328,near<15m
nuscenes,scene-1094_013,roll_3.0deg,roll,3.0000,2,Car,34.0153,2,0.0000,False,10,0.4000,20.8474,far>30m
nuscenes,scene-1094_013,roll_3.0deg,roll,3.0000,4,Car,39.9973,2,0.0000,False,15,0.2667,29.0757,far>30m
nuscenes,scene-1094_013,roll_3.0deg,roll,3.0000,5,Car,12.0530,0,0.4858,False,127,0.5827,41.4697,near<15m
nuscenes,scene-1094_013,roll_3.0deg,roll,3.0000,8,Car,23.0585,2,0.0000,False,14,1.0000,18.5426,mid15-30m
nuscenes,scene-1094_013,roll_3.0deg,roll,3.0000,10,Car,22.7469,0,0.0144,True,28,0.5714,31.8527,mid15-30m
nuscenes,scene-1094_013,roll_3.0deg,roll,3.0000,11,Car,17.2896,2,0.0000,False,35,1.0000,3.7561,mid15-30m
nuscenes,scene-1094_013,roll_3.0deg,roll,3.0000,12,Car,19.3799,0,0.0000,True,168,1.0000,7.7684,mid15-30m
nuscenes,scene-1094_013,tfwd_2cm,tfwd,2.0000,0,Car,14.4482,0,0.0000,True,125,1.0000,0.2680,near<15m
nuscenes,scene-1094_013,tfwd_2cm,tfwd,2.0000,2,Car,34.0153,2,0.0000,False,10,1.0000,0.2519,far>30m
nuscenes,scene-1094_013,tfwd_2cm,tfwd,2.0000,4,Car,39.9973,2,0.0000,False,15,1.0000,0.3046,far>30m
nuscenes,scene-1094_013,tfwd_2cm,tfwd,2.0000,5,Car,12.0530,0,0.4858,False,127,0.6063,1.7992,near<15m
nuscenes,scene-1094_013,tfwd_2cm,tfwd,2.0000,8,Car,23.0585,2,0.0000,False,14,1.0000,0.3155,mid15-30m
nuscenes,scene-1094_013,tfwd_2cm,tfwd,2.0000,10,Car,22.7469,0,0.0144,True,28,1.0000,0.6063,mid15-30m
nuscenes,scene-1094_013,tfwd_2cm,tfwd,2.0000,11,Car,17.2896,2,0.0000,False,35,1.0000,0.0731,mid15-30m
nuscenes,scene-1094_013,tfwd_2cm,tfwd,2.0000,12,Car,19.3799,0,0.0000,True,168,1.0000,0.1760,mid15-30m
nuscenes,scene-1094_013,tleft_2cm,tleft,2.0000,0,Car,14.4482,0,0.0000,True,125,1.0000,1.9491,near<15m
nuscenes,scene-1094_013,tleft_2cm,tleft,2.0000,2,Car,34.0153,2,0.0000,False,10,1.0000,0.8042,far>30m
nuscenes,scene-1094_013,tleft_2cm,tleft,2.0000,4,Car,39.9973,2,0.0000,False,15,1.0000,0.6980,far>30m
nuscenes,scene-1094_013,tleft_2cm,tleft,2.0000,5,Car,12.0530,0,0.4858,False,127,0.5827,2.9292,near<15m
nuscenes,scene-1094_013,tleft_2cm,tleft,2.0000,8,Car,23.0585,2,0.0000,False,14,1.0000,1.1404,mid15-30m
nuscenes,scene-1094_013,tleft_2cm,tleft,2.0000,10,Car,22.7469,0,0.0144,True,28,1.0000,1.2467,mid15-30m
nuscenes,scene-1094_013,tleft_2cm,tleft,2.0000,11,Car,17.2896,2,0.0000,False,35,1.0000,1.5830,mid15-30m
nuscenes,scene-1094_013,tleft_2cm,tleft,2.0000,12,Car,19.3799,0,0.0000,True,168,1.0000,1.3870,mid15-30m
nuscenes,scene-1094_013,tup_2cm,tup,2.0000,0,Car,14.4482,0,0.0000,True,125,1.0000,1.9466,near<15m
nuscenes,scene-1094_013,tup_2cm,tup,2.0000,2,Car,34.0153,2,0.0000,False,10,1.0000,0.8010,far>30m
nuscenes,scene-1094_013,tup_2cm,tup,2.0000,4,Car,39.9973,2,0.0000,False,15,1.0000,0.6940,far>30m
nuscenes,scene-1094_013,tup_2cm,tup,2.0000,5,Car,12.0530,0,0.4858,False,127,0.5906,2.9119,near<15m
nuscenes,scene-1094_013,tup_2cm,tup,2.0000,8,Car,23.0585,2,0.0000,False,14,1.0000,1.1370,mid15-30m
nuscenes,scene-1094_013,tup_2cm,tup,2.0000,10,Car,22.7469,0,0.0144,True,28,1.0000,1.2533,mid15-30m
nuscenes,scene-1094_013,tup_2cm,tup,2.0000,11,Car,17.2896,2,0.0000,False,35,1.0000,1.5842,mid15-30m
nuscenes,scene-1094_013,tup_2cm,tup,2.0000,12,Car,19.3799,0,0.0000,True,168,1.0000,1.3876,mid15-30m
nuscenes,scene-1094_013,tfwd_5cm,tfwd,5.0000,0,Car,14.4482,0,0.0000,True,125,1.0000,0.6685,near<15m
nuscenes,scene-1094_013,tfwd_5cm,tfwd,5.0000,2,Car,34.0153,2,0.0000,False,10,1.0000,0.6291,far>30m
nuscenes,scene-1094_013,tfwd_5cm,tfwd,5.0000,4,Car,39.9973,2,0.0000,False,15,1.0000,0.7608,far>30m
nuscenes,scene-1094_013,tfwd_5cm,tfwd,5.0000,5,Car,12.0530,0,0.4858,False,127,0.6142,4.4827,near<15m
nuscenes,scene-1094_013,tfwd_5cm,tfwd,5.0000,8,Car,23.0585,2,0.0000,False,14,1.0000,0.7877,mid15-30m
nuscenes,scene-1094_013,tfwd_5cm,tfwd,5.0000,10,Car,22.7469,0,0.0144,True,28,1.0000,1.5134,mid15-30m
nuscenes,scene-1094_013,tfwd_5cm,tfwd,5.0000,11,Car,17.2896,2,0.0000,False,35,1.0000,0.1823,mid15-30m
nuscenes,scene-1094_013,tfwd_5cm,tfwd,5.0000,12,Car,19.3799,0,0.0000,True,168,1.0000,0.4392,mid15-30m
nuscenes,scene-1094_013,tleft_5cm,tleft,5.0000,0,Car,14.4482,0,0.0000,True,125,1.0000,4.8729,near<15m
nuscenes,scene-1094_013,tleft_5cm,tleft,5.0000,2,Car,34.0153,2,0.0000,False,10,1.0000,2.0105,far>30m
nuscenes,scene-1094_013,tleft_5cm,tleft,5.0000,4,Car,39.9973,2,0.0000,False,15,1.0000,1.7450,far>30m
nuscenes,scene-1094_013,tleft_5cm,tleft,5.0000,5,Car,12.0530,0,0.4858,False,127,0.5748,7.3234,near<15m
nuscenes,scene-1094_013,tleft_5cm,tleft,5.0000,8,Car,23.0585,2,0.0000,False,14,1.0000,2.8511,mid15-30m
nuscenes,scene-1094_013,tleft_5cm,tleft,5.0000,10,Car,22.7469,0,0.0144,True,28,1.0000,3.1169,mid15-30m
nuscenes,scene-1094_013,tleft_5cm,tleft,5.0000,11,Car,17.2896,2,0.0000,False,35,1.0000,3.9576,mid15-30m
nuscenes,scene-1094_013,tleft_5cm,tleft,5.0000,12,Car,19.3799,0,0.0000,True,168,1.0000,3.4675,mid15-30m
nuscenes,scene-1094_013,tup_5cm,tup,5.0000,0,Car,14.4482,0,0.0000,True,125,1.0000,4.8664,near<15m
nuscenes,scene-1094_013,tup_5cm,tup,5.0000,2,Car,34.0153,2,0.0000,False,10,1.0000,2.0026,far>30m
nuscenes,scene-1094_013,tup_5cm,tup,5.0000,4,Car,39.9973,2,0.0000,False,15,1.0000,1.7349,far>30m
nuscenes,scene-1094_013,tup_5cm,tup,5.0000,5,Car,12.0530,0,0.4858,False,127,0.5906,7.2794,near<15m
nuscenes,scene-1094_013,tup_5cm,tup,5.0000,8,Car,23.0585,2,0.0000,False,14,1.0000,2.8424,mid15-30m
nuscenes,scene-1094_013,tup_5cm,tup,5.0000,10,Car,22.7469,0,0.0144,True,28,1.0000,3.1332,mid15-30m
nuscenes,scene-1094_013,tup_5cm,tup,5.0000,11,Car,17.2896,2,0.0000,False,35,1.0000,3.9604,mid15-30m
nuscenes,scene-1094_013,tup_5cm,tup,5.0000,12,Car,19.3799,0,0.0000,True,168,1.0000,3.4689,mid15-30m
nuscenes,scene-1094_013,tfwd_10cm,tfwd,10.0000,0,Car,14.4482,0,0.0000,True,125,1.0000,1.3320,near<15m
nuscenes,scene-1094_013,tfwd_10cm,tfwd,10.0000,2,Car,34.0153,2,0.0000,False,10,1.0000,1.2563,far>30m
nuscenes,scene-1094_013,tfwd_10cm,tfwd,10.0000,4,Car,39.9973,2,0.0000,False,15,1.0000,1.5195,far>30m
nuscenes,scene-1094_013,tfwd_10cm,tfwd,10.0000,5,Car,12.0530,0,0.4858,False,127,0.6220,8.9143,near<15m
nuscenes,scene-1094_013,tfwd_10cm,tfwd,10.0000,8,Car,23.0585,2,0.0000,False,14,1.0000,1.5718,mid15-30m
nuscenes,scene-1094_013,tfwd_10cm,tfwd,10.0000,10,Car,22.7469,0,0.0144,True,28,1.0000,3.0192,mid15-30m
nuscenes,scene-1094_013,tfwd_10cm,tfwd,10.0000,11,Car,17.2896,2,0.0000,False,35,1.0000,0.3635,mid15-30m
nuscenes,scene-1094_013,tfwd_10cm,tfwd,10.0000,12,Car,19.3799,0,0.0000,True,168,1.0000,0.8760,mid15-30m
nuscenes,scene-1094_013,tleft_10cm,tleft,10.0000,0,Car,14.4482,0,0.0000,True,125,1.0000,9.7462,near<15m
nuscenes,scene-1094_013,tleft_10cm,tleft,10.0000,2,Car,34.0153,2,0.0000,False,10,1.0000,4.0210,far>30m
nuscenes,scene-1094_013,tleft_10cm,tleft,10.0000,4,Car,39.9973,2,0.0000,False,15,1.0000,3.4901,far>30m
nuscenes,scene-1094_013,tleft_10cm,tleft,10.0000,5,Car,12.0530,0,0.4858,False,127,0.5433,14.6478,near<15m
nuscenes,scene-1094_013,tleft_10cm,tleft,10.0000,8,Car,23.0585,2,0.0000,False,14,1.0000,5.7023,mid15-30m
nuscenes,scene-1094_013,tleft_10cm,tleft,10.0000,10,Car,22.7469,0,0.0144,True,28,1.0000,6.2340,mid15-30m
nuscenes,scene-1094_013,tleft_10cm,tleft,10.0000,11,Car,17.2896,2,0.0000,False,35,1.0000,7.9155,mid15-30m
nuscenes,scene-1094_013,tleft_10cm,tleft,10.0000,12,Car,19.3799,0,0.0000,True,168,1.0000,6.9352,mid15-30m
nuscenes,scene-1094_013,tup_10cm,tup,10.0000,0,Car,14.4482,0,0.0000,True,125,1.0000,9.7320,near<15m
nuscenes,scene-1094_013,tup_10cm,tup,10.0000,2,Car,34.0153,2,0.0000,False,10,1.0000,4.0050,far>30m
nuscenes,scene-1094_013,tup_10cm,tup,10.0000,4,Car,39.9973,2,0.0000,False,15,1.0000,3.4696,far>30m
nuscenes,scene-1094_013,tup_10cm,tup,10.0000,5,Car,12.0530,0,0.4858,False,127,0.5984,14.5572,near<15m
nuscenes,scene-1094_013,tup_10cm,tup,10.0000,8,Car,23.0585,2,0.0000,False,14,1.0000,5.6846,mid15-30m
nuscenes,scene-1094_013,tup_10cm,tup,10.0000,10,Car,22.7469,0,0.0144,True,28,1.0000,6.2661,mid15-30m
nuscenes,scene-1094_013,tup_10cm,tup,10.0000,11,Car,17.2896,2,0.0000,False,35,1.0000,7.9203,mid15-30m
nuscenes,scene-1094_013,tup_10cm,tup,10.0000,12,Car,19.3799,0,0.0000,True,168,1.0000,6.9374,mid15-30m
nuscenes,scene-1094_014,baseline,baseline,0.0000,0,Car,12.8011,0,0.0000,True,164,1.0000,0.0000,near<15m
nuscenes,scene-1094_014,baseline,baseline,0.0000,1,Car,28.1716,0,0.0000,True,13,1.0000,0.0000,mid15-30m
nuscenes,scene-1094_014,baseline,baseline,0.0000,2,Car,32.3691,2,0.0000,False,11,1.0000,0.0000,far>30m
nuscenes,scene-1094_014,baseline,baseline,0.0000,3,Car,38.3505,2,0.0000,False,16,1.0000,0.0000,far>30m
nuscenes,scene-1094_014,baseline,baseline,0.0000,4,Car,13.4030,0,0.0000,True,92,1.0000,0.0000,near<15m
nuscenes,scene-1094_014,baseline,baseline,0.0000,6,Car,21.3973,2,0.0000,False,11,1.0000,0.0000,mid15-30m
nuscenes,scene-1094_014,baseline,baseline,0.0000,8,Car,15.7353,2,0.0000,False,44,1.0000,0.0000,mid15-30m
nuscenes,scene-1094_014,baseline,baseline,0.0000,9,Car,17.8900,0,0.0000,True,195,1.0000,0.0000,mid15-30m
nuscenes,scene-1094_014,yaw_0.5deg,yaw,0.5000,0,Car,12.8011,0,0.0000,True,164,1.0000,11.8749,near<15m
nuscenes,scene-1094_014,yaw_0.5deg,yaw,0.5000,1,Car,28.1716,0,0.0000,True,13,1.0000,11.5863,mid15-30m
nuscenes,scene-1094_014,yaw_0.5deg,yaw,0.5000,2,Car,32.3691,2,0.0000,False,11,1.0000,11.3682,far>30m
nuscenes,scene-1094_014,yaw_0.5deg,yaw,0.5000,3,Car,38.3505,2,0.0000,False,16,1.0000,11.6843,far>30m
nuscenes,scene-1094_014,yaw_0.5deg,yaw,0.5000,4,Car,13.4030,0,0.0000,True,92,1.0000,13.7433,near<15m
nuscenes,scene-1094_014,yaw_0.5deg,yaw,0.5000,6,Car,21.3973,2,0.0000,False,11,1.0000,11.4260,mid15-30m
nuscenes,scene-1094_014,yaw_0.5deg,yaw,0.5000,8,Car,15.7353,2,0.0000,False,44,1.0000,12.5849,mid15-30m
nuscenes,scene-1094_014,yaw_0.5deg,yaw,0.5000,9,Car,17.8900,0,0.0000,True,195,1.0000,13.1858,mid15-30m
nuscenes,scene-1094_014,pitch_0.5deg,pitch,0.5000,0,Car,12.8011,0,0.0000,True,164,1.0000,11.7183,near<15m
nuscenes,scene-1094_014,pitch_0.5deg,pitch,0.5000,1,Car,28.1716,0,0.0000,True,13,1.0000,11.3490,mid15-30m
nuscenes,scene-1094_014,pitch_0.5deg,pitch,0.5000,2,Car,32.3691,2,0.0000,False,11,1.0000,11.2950,far>30m
nuscenes,scene-1094_014,pitch_0.5deg,pitch,0.5000,3,Car,38.3505,2,0.0000,False,16,0.9375,11.2783,far>30m
nuscenes,scene-1094_014,pitch_0.5deg,pitch,0.5000,4,Car,13.4030,0,0.0000,True,92,1.0000,11.8658,near<15m
nuscenes,scene-1094_014,pitch_0.5deg,pitch,0.5000,6,Car,21.3973,2,0.0000,False,11,1.0000,11.4128,mid15-30m
nuscenes,scene-1094_014,pitch_0.5deg,pitch,0.5000,8,Car,15.7353,2,0.0000,False,44,1.0000,11.5810,mid15-30m
nuscenes,scene-1094_014,pitch_0.5deg,pitch,0.5000,9,Car,17.8900,0,0.0000,True,195,1.0000,11.4867,mid15-30m
nuscenes,scene-1094_014,roll_0.5deg,roll,0.5000,0,Car,12.8011,0,0.0000,True,164,1.0000,1.5102,near<15m
nuscenes,scene-1094_014,roll_0.5deg,roll,0.5000,1,Car,28.1716,0,0.0000,True,13,1.0000,1.4684,mid15-30m
nuscenes,scene-1094_014,roll_0.5deg,roll,0.5000,2,Car,32.3691,2,0.0000,False,11,1.0000,0.8095,far>30m
nuscenes,scene-1094_014,roll_0.5deg,roll,0.5000,3,Car,38.3505,2,0.0000,False,16,1.0000,2.0745,far>30m
nuscenes,scene-1094_014,roll_0.5deg,roll,0.5000,4,Car,13.4030,0,0.0000,True,92,1.0000,4.5361,near<15m
nuscenes,scene-1094_014,roll_0.5deg,roll,0.5000,6,Car,21.3973,2,0.0000,False,11,1.0000,0.4070,mid15-30m
nuscenes,scene-1094_014,roll_0.5deg,roll,0.5000,8,Car,15.7353,2,0.0000,False,44,1.0000,3.5317,mid15-30m
nuscenes,scene-1094_014,roll_0.5deg,roll,0.5000,9,Car,17.8900,0,0.0000,True,195,1.0000,4.3854,mid15-30m
nuscenes,scene-1094_014,yaw_1.0deg,yaw,1.0000,0,Car,12.8011,0,0.0000,True,164,0.9756,23.7279,near<15m
nuscenes,scene-1094_014,yaw_1.0deg,yaw,1.0000,1,Car,28.1716,0,0.0000,True,13,1.0000,23.2042,mid15-30m
nuscenes,scene-1094_014,yaw_1.0deg,yaw,1.0000,2,Car,32.3691,2,0.0000,False,11,1.0000,22.7549,far>30m
nuscenes,scene-1094_014,yaw_1.0deg,yaw,1.0000,3,Car,38.3505,2,0.0000,False,16,0.9375,23.4107,far>30m
nuscenes,scene-1094_014,yaw_1.0deg,yaw,1.0000,4,Car,13.4030,0,0.0000,True,92,0.9565,27.5926,near<15m
nuscenes,scene-1094_014,yaw_1.0deg,yaw,1.0000,6,Car,21.3973,2,0.0000,False,11,0.9091,22.8618,mid15-30m
nuscenes,scene-1094_014,yaw_1.0deg,yaw,1.0000,8,Car,15.7353,2,0.0000,False,44,1.0000,25.1040,mid15-30m
nuscenes,scene-1094_014,yaw_1.0deg,yaw,1.0000,9,Car,17.8900,0,0.0000,True,195,1.0000,26.2834,mid15-30m
nuscenes,scene-1094_014,pitch_1.0deg,pitch,1.0000,0,Car,12.8011,0,0.0000,True,164,1.0000,23.4490,near<15m
nuscenes,scene-1094_014,pitch_1.0deg,pitch,1.0000,1,Car,28.1716,0,0.0000,True,13,1.0000,22.7024,mid15-30m
nuscenes,scene-1094_014,pitch_1.0deg,pitch,1.0000,2,Car,32.3691,2,0.0000,False,11,1.0000,22.5920,far>30m
nuscenes,scene-1094_014,pitch_1.0deg,pitch,1.0000,3,Car,38.3505,2,0.0000,False,16,0.9375,22.5533,far>30m
nuscenes,scene-1094_014,pitch_1.0deg,pitch,1.0000,4,Car,13.4030,0,0.0000,True,92,1.0000,23.7492,near<15m
nuscenes,scene-1094_014,pitch_1.0deg,pitch,1.0000,6,Car,21.3973,2,0.0000,False,11,1.0000,22.8337,mid15-30m
nuscenes,scene-1094_014,pitch_1.0deg,pitch,1.0000,8,Car,15.7353,2,0.0000,False,44,0.6818,23.1766,mid15-30m
nuscenes,scene-1094_014,pitch_1.0deg,pitch,1.0000,9,Car,17.8900,0,0.0000,True,195,0.9949,22.9725,mid15-30m
nuscenes,scene-1094_014,roll_1.0deg,roll,1.0000,0,Car,12.8011,0,0.0000,True,164,1.0000,3.0204,near<15m
nuscenes,scene-1094_014,roll_1.0deg,roll,1.0000,1,Car,28.1716,0,0.0000,True,13,1.0000,2.9368,mid15-30m
nuscenes,scene-1094_014,roll_1.0deg,roll,1.0000,2,Car,32.3691,2,0.0000,False,11,1.0000,1.6189,far>30m
nuscenes,scene-1094_014,roll_1.0deg,roll,1.0000,3,Car,38.3505,2,0.0000,False,16,1.0000,4.1489,far>30m
nuscenes,scene-1094_014,roll_1.0deg,roll,1.0000,4,Car,13.4030,0,0.0000,True,92,1.0000,9.0718,near<15m
nuscenes,scene-1094_014,roll_1.0deg,roll,1.0000,6,Car,21.3973,2,0.0000,False,11,1.0000,0.8139,mid15-30m
nuscenes,scene-1094_014,roll_1.0deg,roll,1.0000,8,Car,15.7353,2,0.0000,False,44,1.0000,7.0635,mid15-30m
nuscenes,scene-1094_014,roll_1.0deg,roll,1.0000,9,Car,17.8900,0,0.0000,True,195,1.0000,8.7710,mid15-30m
nuscenes,scene-1094_014,yaw_2.0deg,yaw,2.0000,0,Car,12.8011,0,0.0000,True,164,0.8963,47.3764,near<15m
nuscenes,scene-1094_014,yaw_2.0deg,yaw,2.0000,1,Car,28.1716,0,0.0000,True,13,0.9231,46.5431,mid15-30m
nuscenes,scene-1094_014,yaw_2.0deg,yaw,2.0000,2,Car,32.3691,2,0.0000,False,11,0.6364,45.5911,far>30m
nuscenes,scene-1094_014,yaw_2.0deg,yaw,2.0000,3,Car,38.3505,2,0.0000,False,16,0.5000,46.9983,far>30m
nuscenes,scene-1094_014,yaw_2.0deg,yaw,2.0000,4,Car,13.4030,0,0.0000,True,92,0.8370,55.6235,near<15m
nuscenes,scene-1094_014,yaw_2.0deg,yaw,2.0000,6,Car,21.3973,2,0.0000,False,11,0.7273,45.7700,mid15-30m
nuscenes,scene-1094_014,yaw_2.0deg,yaw,2.0000,8,Car,15.7353,2,0.0000,False,44,1.0000,49.9551,mid15-30m
nuscenes,scene-1094_014,yaw_2.0deg,yaw,2.0000,9,Car,17.8900,0,0.0000,True,195,0.9795,52.2266,mid15-30m
nuscenes,scene-1094_014,pitch_2.0deg,pitch,2.0000,0,Car,12.8011,0,0.0000,True,164,0.9756,46.9554,near<15m
nuscenes,scene-1094_014,pitch_2.0deg,pitch,2.0000,1,Car,28.1716,0,0.0000,True,13,0.0000,45.4297,mid15-30m
nuscenes,scene-1094_014,pitch_2.0deg,pitch,2.0000,2,Car,32.3691,2,0.0000,False,11,0.5455,45.1988,far>30m
nuscenes,scene-1094_014,pitch_2.0deg,pitch,2.0000,3,Car,38.3505,2,0.0000,False,16,0.6875,45.1008,far>30m
nuscenes,scene-1094_014,pitch_2.0deg,pitch,2.0000,4,Car,13.4030,0,0.0000,True,92,1.0000,47.5771,near<15m
nuscenes,scene-1094_014,pitch_2.0deg,pitch,2.0000,6,Car,21.3973,2,0.0000,False,11,0.1818,45.7074,mid15-30m
nuscenes,scene-1094_014,pitch_2.0deg,pitch,2.0000,8,Car,15.7353,2,0.0000,False,44,0.6818,46.4191,mid15-30m
nuscenes,scene-1094_014,pitch_2.0deg,pitch,2.0000,9,Car,17.8900,0,0.0000,True,195,0.9949,45.9496,mid15-30m
nuscenes,scene-1094_014,roll_2.0deg,roll,2.0000,0,Car,12.8011,0,0.0000,True,164,1.0000,6.0408,near<15m
nuscenes,scene-1094_014,roll_2.0deg,roll,2.0000,1,Car,28.1716,0,0.0000,True,13,1.0000,5.8732,mid15-30m
nuscenes,scene-1094_014,roll_2.0deg,roll,2.0000,2,Car,32.3691,2,0.0000,False,11,1.0000,3.2376,far>30m
nuscenes,scene-1094_014,roll_2.0deg,roll,2.0000,3,Car,38.3505,2,0.0000,False,16,1.0000,8.2973,far>30m
nuscenes,scene-1094_014,roll_2.0deg,roll,2.0000,4,Car,13.4030,0,0.0000,True,92,1.0000,18.1417,near<15m
nuscenes,scene-1094_014,roll_2.0deg,roll,2.0000,6,Car,21.3973,2,0.0000,False,11,1.0000,1.6278,mid15-30m
nuscenes,scene-1094_014,roll_2.0deg,roll,2.0000,8,Car,15.7353,2,0.0000,False,44,1.0000,14.1273,mid15-30m
nuscenes,scene-1094_014,roll_2.0deg,roll,2.0000,9,Car,17.8900,0,0.0000,True,195,0.9949,17.5426,mid15-30m
nuscenes,scene-1094_014,yaw_3.0deg,yaw,3.0000,0,Car,12.8011,0,0.0000,True,164,0.8049,70.9618,near<15m
nuscenes,scene-1094_014,yaw_3.0deg,yaw,3.0000,1,Car,28.1716,0,0.0000,True,13,0.7692,70.0327,mid15-30m
nuscenes,scene-1094_014,yaw_3.0deg,yaw,3.0000,2,Car,32.3691,2,0.0000,False,11,0.0909,68.5237,far>30m
nuscenes,scene-1094_014,yaw_3.0deg,yaw,3.0000,3,Car,38.3505,2,0.0000,False,16,0.3125,70.7796,far>30m
nuscenes,scene-1094_014,yaw_3.0deg,yaw,3.0000,4,Car,13.4030,0,0.0000,True,92,0.7609,84.1222,near<15m
nuscenes,scene-1094_014,yaw_3.0deg,yaw,3.0000,6,Car,21.3973,2,0.0000,False,11,0.4545,68.7395,mid15-30m
nuscenes,scene-1094_014,yaw_3.0deg,yaw,3.0000,8,Car,15.7353,2,0.0000,False,44,1.0000,74.5732,mid15-30m
nuscenes,scene-1094_014,yaw_3.0deg,yaw,3.0000,9,Car,17.8900,0,0.0000,True,195,0.9385,77.8528,mid15-30m
nuscenes,scene-1094_014,pitch_3.0deg,pitch,3.0000,0,Car,12.8011,0,0.0000,True,164,0.8537,70.5351,near<15m
nuscenes,scene-1094_014,pitch_3.0deg,pitch,3.0000,1,Car,28.1716,0,0.0000,True,13,0.0000,68.1965,mid15-30m
nuscenes,scene-1094_014,pitch_3.0deg,pitch,3.0000,2,Car,32.3691,2,0.0000,False,11,0.0000,67.8347,far>30m
nuscenes,scene-1094_014,pitch_3.0deg,pitch,3.0000,3,Car,38.3505,2,0.0000,False,16,0.6250,67.6568,far>30m
nuscenes,scene-1094_014,pitch_3.0deg,pitch,3.0000,4,Car,13.4030,0,0.0000,True,92,0.7500,71.5014,near<15m
nuscenes,scene-1094_014,pitch_3.0deg,pitch,3.0000,6,Car,21.3973,2,0.0000,False,11,0.0000,68.6359,mid15-30m
nuscenes,scene-1094_014,pitch_3.0deg,pitch,3.0000,8,Car,15.7353,2,0.0000,False,44,0.3636,69.7437,mid15-30m
nuscenes,scene-1094_014,pitch_3.0deg,pitch,3.0000,9,Car,17.8900,0,0.0000,True,195,0.8872,68.9470,mid15-30m
nuscenes,scene-1094_014,roll_3.0deg,roll,3.0000,0,Car,12.8011,0,0.0000,True,164,1.0000,9.0609,near<15m
nuscenes,scene-1094_014,roll_3.0deg,roll,3.0000,1,Car,28.1716,0,0.0000,True,13,1.0000,8.8090,mid15-30m
nuscenes,scene-1094_014,roll_3.0deg,roll,3.0000,2,Car,32.3691,2,0.0000,False,11,1.0000,4.8561,far>30m
nuscenes,scene-1094_014,roll_3.0deg,roll,3.0000,3,Car,38.3505,2,0.0000,False,16,1.0000,12.4447,far>30m
nuscenes,scene-1094_014,roll_3.0deg,roll,3.0000,4,Car,13.4030,0,0.0000,True,92,1.0000,27.2090,near<15m
nuscenes,scene-1094_014,roll_3.0deg,roll,3.0000,6,Car,21.3973,2,0.0000,False,11,1.0000,2.4415,mid15-30m
nuscenes,scene-1094_014,roll_3.0deg,roll,3.0000,8,Car,15.7353,2,0.0000,False,44,0.7955,21.1908,mid15-30m
nuscenes,scene-1094_014,roll_3.0deg,roll,3.0000,9,Car,17.8900,0,0.0000,True,195,0.9949,26.3140,mid15-30m
nuscenes,scene-1094_014,tfwd_2cm,tfwd,2.0000,0,Car,12.8011,0,0.0000,True,164,1.0000,0.3032,near<15m
nuscenes,scene-1094_014,tfwd_2cm,tfwd,2.0000,1,Car,28.1716,0,0.0000,True,13,1.0000,0.1263,mid15-30m
nuscenes,scene-1094_014,tfwd_2cm,tfwd,2.0000,2,Car,32.3691,2,0.0000,False,11,1.0000,0.0602,far>30m
nuscenes,scene-1094_014,tfwd_2cm,tfwd,2.0000,3,Car,38.3505,2,0.0000,False,16,1.0000,0.1270,far>30m
nuscenes,scene-1094_014,tfwd_2cm,tfwd,2.0000,4,Car,13.4030,0,0.0000,True,92,1.0000,0.9587,near<15m
nuscenes,scene-1094_014,tfwd_2cm,tfwd,2.0000,6,Car,21.3973,2,0.0000,False,11,1.0000,0.0352,mid15-30m
nuscenes,scene-1094_014,tfwd_2cm,tfwd,2.0000,8,Car,15.7353,2,0.0000,False,44,1.0000,0.5788,mid15-30m
nuscenes,scene-1094_014,tfwd_2cm,tfwd,2.0000,9,Car,17.8900,0,0.0000,True,195,1.0000,0.6600,mid15-30m
nuscenes,scene-1094_014,tleft_2cm,tleft,2.0000,0,Car,12.8011,0,0.0000,True,164,1.0000,2.2135,near<15m
nuscenes,scene-1094_014,tleft_2cm,tleft,2.0000,1,Car,28.1716,0,0.0000,True,13,1.0000,0.9587,mid15-30m
nuscenes,scene-1094_014,tleft_2cm,tleft,2.0000,2,Car,32.3691,2,0.0000,False,11,1.0000,0.8048,far>30m
nuscenes,scene-1094_014,tleft_2cm,tleft,2.0000,3,Car,38.3505,2,0.0000,False,16,1.0000,0.6747,far>30m
nuscenes,scene-1094_014,tleft_2cm,tleft,2.0000,4,Car,13.4030,0,0.0000,True,92,1.0000,2.3823,near<15m
nuscenes,scene-1094_014,tleft_2cm,tleft,2.0000,6,Car,21.3973,2,0.0000,False,11,1.0000,1.1905,mid15-30m
nuscenes,scene-1094_014,tleft_2cm,tleft,2.0000,8,Car,15.7353,2,0.0000,False,44,1.0000,1.8103,mid15-30m
nuscenes,scene-1094_014,tleft_2cm,tleft,2.0000,9,Car,17.8900,0,0.0000,True,195,1.0000,1.6145,mid15-30m
nuscenes,scene-1094_014,tup_2cm,tup,2.0000,0,Car,12.8011,0,0.0000,True,164,1.0000,2.2179,near<15m
nuscenes,scene-1094_014,tup_2cm,tup,2.0000,1,Car,28.1716,0,0.0000,True,13,1.0000,0.9570,mid15-30m
nuscenes,scene-1094_014,tup_2cm,tup,2.0000,2,Car,32.3691,2,0.0000,False,11,1.0000,0.8038,far>30m
nuscenes,scene-1094_014,tup_2cm,tup,2.0000,3,Car,38.3505,2,0.0000,False,16,1.0000,0.6726,far>30m
nuscenes,scene-1094_014,tup_2cm,tup,2.0000,4,Car,13.4030,0,0.0000,True,92,1.0000,2.3719,near<15m
nuscenes,scene-1094_014,tup_2cm,tup,2.0000,6,Car,21.3973,2,0.0000,False,11,1.0000,1.1903,mid15-30m
nuscenes,scene-1094_014,tup_2cm,tup,2.0000,8,Car,15.7353,2,0.0000,False,44,1.0000,1.8186,mid15-30m
nuscenes,scene-1094_014,tup_2cm,tup,2.0000,9,Car,17.8900,0,0.0000,True,195,1.0000,1.6215,mid15-30m
nuscenes,scene-1094_014,tfwd_5cm,tfwd,5.0000,0,Car,12.8011,0,0.0000,True,164,1.0000,0.7559,near<15m
nuscenes,scene-1094_014,tfwd_5cm,tfwd,5.0000,1,Car,28.1716,0,0.0000,True,13,1.0000,0.3155,mid15-30m
nuscenes,scene-1094_014,tfwd_5cm,tfwd,5.0000,2,Car,32.3691,2,0.0000,False,11,1.0000,0.1505,far>30m
nuscenes,scene-1094_014,tfwd_5cm,tfwd,5.0000,3,Car,38.3505,2,0.0000,False,16,1.0000,0.3173,far>30m
nuscenes,scene-1094_014,tfwd_5cm,tfwd,5.0000,4,Car,13.4030,0,0.0000,True,92,1.0000,2.3899,near<15m
nuscenes,scene-1094_014,tfwd_5cm,tfwd,5.0000,6,Car,21.3973,2,0.0000,False,11,1.0000,0.0878,mid15-30m
nuscenes,scene-1094_014,tfwd_5cm,tfwd,5.0000,8,Car,15.7353,2,0.0000,False,44,1.0000,1.4439,mid15-30m
nuscenes,scene-1094_014,tfwd_5cm,tfwd,5.0000,9,Car,17.8900,0,0.0000,True,195,1.0000,1.6468,mid15-30m
nuscenes,scene-1094_014,tleft_5cm,tleft,5.0000,0,Car,12.8011,0,0.0000,True,164,1.0000,5.5338,near<15m
nuscenes,scene-1094_014,tleft_5cm,tleft,5.0000,1,Car,28.1716,0,0.0000,True,13,1.0000,2.3969,mid15-30m
nuscenes,scene-1094_014,tleft_5cm,tleft,5.0000,2,Car,32.3691,2,0.0000,False,11,1.0000,2.0121,far>30m
nuscenes,scene-1094_014,tleft_5cm,tleft,5.0000,3,Car,38.3505,2,0.0000,False,16,1.0000,1.6868,far>30m
nuscenes,scene-1094_014,tleft_5cm,tleft,5.0000,4,Car,13.4030,0,0.0000,True,92,1.0000,5.9560,near<15m
nuscenes,scene-1094_014,tleft_5cm,tleft,5.0000,6,Car,21.3973,2,0.0000,False,11,1.0000,2.9763,mid15-30m
nuscenes,scene-1094_014,tleft_5cm,tleft,5.0000,8,Car,15.7353,2,0.0000,False,44,1.0000,4.5259,mid15-30m
nuscenes,scene-1094_014,tleft_5cm,tleft,5.0000,9,Car,17.8900,0,0.0000,True,195,1.0000,4.0363,mid15-30m
nuscenes,scene-1094_014,tup_5cm,tup,5.0000,0,Car,12.8011,0,0.0000,True,164,1.0000,5.5444,near<15m
nuscenes,scene-1094_014,tup_5cm,tup,5.0000,1,Car,28.1716,0,0.0000,True,13,1.0000,2.3924,mid15-30m
nuscenes,scene-1094_014,tup_5cm,tup,5.0000,2,Car,32.3691,2,0.0000,False,11,1.0000,2.0096,far>30m
nuscenes,scene-1094_014,tup_5cm,tup,5.0000,3,Car,38.3505,2,0.0000,False,16,1.0000,1.6815,far>30m
nuscenes,scene-1094_014,tup_5cm,tup,5.0000,4,Car,13.4030,0,0.0000,True,92,1.0000,5.9295,near<15m
nuscenes,scene-1094_014,tup_5cm,tup,5.0000,6,Car,21.3973,2,0.0000,False,11,1.0000,2.9757,mid15-30m
nuscenes,scene-1094_014,tup_5cm,tup,5.0000,8,Car,15.7353,2,0.0000,False,44,1.0000,4.5464,mid15-30m
nuscenes,scene-1094_014,tup_5cm,tup,5.0000,9,Car,17.8900,0,0.0000,True,195,1.0000,4.0537,mid15-30m
nuscenes,scene-1094_014,tfwd_10cm,tfwd,10.0000,0,Car,12.8011,0,0.0000,True,164,1.0000,1.5050,near<15m
nuscenes,scene-1094_014,tfwd_10cm,tfwd,10.0000,1,Car,28.1716,0,0.0000,True,13,1.0000,0.6298,mid15-30m
nuscenes,scene-1094_014,tfwd_10cm,tfwd,10.0000,2,Car,32.3691,2,0.0000,False,11,1.0000,0.3005,far>30m
nuscenes,scene-1094_014,tfwd_10cm,tfwd,10.0000,3,Car,38.3505,2,0.0000,False,16,1.0000,0.6338,far>30m
nuscenes,scene-1094_014,tfwd_10cm,tfwd,10.0000,4,Car,13.4030,0,0.0000,True,92,1.0000,4.7577,near<15m
nuscenes,scene-1094_014,tfwd_10cm,tfwd,10.0000,6,Car,21.3973,2,0.0000,False,11,1.0000,0.1753,mid15-30m
nuscenes,scene-1094_014,tfwd_10cm,tfwd,10.0000,8,Car,15.7353,2,0.0000,False,44,1.0000,2.8774,mid15-30m
nuscenes,scene-1094_014,tfwd_10cm,tfwd,10.0000,9,Car,17.8900,0,0.0000,True,195,1.0000,3.2828,mid15-30m
nuscenes,scene-1094_014,tleft_10cm,tleft,10.0000,0,Car,12.8011,0,0.0000,True,164,1.0000,11.0683,near<15m
nuscenes,scene-1094_014,tleft_10cm,tleft,10.0000,1,Car,28.1716,0,0.0000,True,13,1.0000,4.7938,mid15-30m
nuscenes,scene-1094_014,tleft_10cm,tleft,10.0000,2,Car,32.3691,2,0.0000,False,11,1.0000,4.0243,far>30m
nuscenes,scene-1094_014,tleft_10cm,tleft,10.0000,3,Car,38.3505,2,0.0000,False,16,1.0000,3.3736,far>30m
nuscenes,scene-1094_014,tleft_10cm,tleft,10.0000,4,Car,13.4030,0,0.0000,True,92,1.0000,11.9127,near<15m
nuscenes,scene-1094_014,tleft_10cm,tleft,10.0000,6,Car,21.3973,2,0.0000,False,11,1.0000,5.9527,mid15-30m
nuscenes,scene-1094_014,tleft_10cm,tleft,10.0000,8,Car,15.7353,2,0.0000,False,44,1.0000,9.0522,mid15-30m
nuscenes,scene-1094_014,tleft_10cm,tleft,10.0000,9,Car,17.8900,0,0.0000,True,195,1.0000,8.0730,mid15-30m
nuscenes,scene-1094_014,tup_10cm,tup,10.0000,0,Car,12.8011,0,0.0000,True,164,1.0000,11.0878,near<15m
nuscenes,scene-1094_014,tup_10cm,tup,10.0000,1,Car,28.1716,0,0.0000,True,13,1.0000,4.7847,mid15-30m
nuscenes,scene-1094_014,tup_10cm,tup,10.0000,2,Car,32.3691,2,0.0000,False,11,1.0000,4.0190,far>30m
nuscenes,scene-1094_014,tup_10cm,tup,10.0000,3,Car,38.3505,2,0.0000,False,16,1.0000,3.3629,far>30m
nuscenes,scene-1094_014,tup_10cm,tup,10.0000,4,Car,13.4030,0,0.0000,True,92,1.0000,11.8580,near<15m
nuscenes,scene-1094_014,tup_10cm,tup,10.0000,6,Car,21.3973,2,0.0000,False,11,1.0000,5.9510,mid15-30m
nuscenes,scene-1094_014,tup_10cm,tup,10.0000,8,Car,15.7353,2,0.0000,False,44,1.0000,9.0921,mid15-30m
nuscenes,scene-1094_014,tup_10cm,tup,10.0000,9,Car,17.8900,0,0.0000,True,195,1.0000,8.1069,mid15-30m
nuscenes,scene-1094_015,baseline,baseline,0.0000,0,Car,10.9985,0,0.1445,True,257,0.9533,0.0000,near<15m
nuscenes,scene-1094_015,baseline,baseline,0.0000,1,Car,26.2377,0,0.0000,True,18,1.0000,0.0000,mid15-30m
nuscenes,scene-1094_015,baseline,baseline,0.0000,2,Car,30.4662,2,0.0000,False,13,1.0000,0.0000,far>30m
nuscenes,scene-1094_015,baseline,baseline,0.0000,3,Car,36.4098,2,0.0000,False,16,1.0000,0.0000,far>30m
nuscenes,scene-1094_015,baseline,baseline,0.0000,4,Car,14.7176,0,0.0000,True,79,1.0000,0.0000,near<15m
nuscenes,scene-1094_015,baseline,baseline,0.0000,5,Car,19.5196,1,0.0000,True,20,1.0000,0.0000,mid15-30m
nuscenes,scene-1094_015,baseline,baseline,0.0000,8,Car,14.0989,2,0.5231,False,44,0.0227,0.0000,near<15m
nuscenes,scene-1094_015,baseline,baseline,0.0000,9,Car,16.3770,0,0.7974,False,248,0.1734,0.0000,mid15-30m
nuscenes,scene-1094_015,yaw_0.5deg,yaw,0.5000,0,Car,10.9985,0,0.1445,True,257,0.9883,14.1360,near<15m
nuscenes,scene-1094_015,yaw_0.5deg,yaw,0.5000,1,Car,26.2377,0,0.0000,True,18,1.0000,11.4434,mid15-30m
nuscenes,scene-1094_015,yaw_0.5deg,yaw,0.5000,2,Car,30.4662,2,0.0000,False,13,1.0000,11.5896,far>30m
nuscenes,scene-1094_015,yaw_0.5deg,yaw,0.5000,3,Car,36.4098,2,0.0000,False,16,1.0000,11.2672,far>30m
nuscenes,scene-1094_015,yaw_0.5deg,yaw,0.5000,4,Car,14.7176,0,0.0000,True,79,0.9873,12.1276,near<15m
nuscenes,scene-1094_015,yaw_0.5deg,yaw,0.5000,5,Car,19.5196,1,0.0000,True,20,1.0000,12.0026,mid15-30m
nuscenes,scene-1094_015,yaw_0.5deg,yaw,0.5000,8,Car,14.0989,2,0.5231,False,44,0.0455,17.3952,near<15m
nuscenes,scene-1094_015,yaw_0.5deg,yaw,0.5000,9,Car,16.3770,0,0.7974,False,248,0.2056,18.7566,mid15-30m
nuscenes,scene-1094_015,pitch_0.5deg,pitch,0.5000,0,Car,10.9985,0,0.1445,True,257,0.9533,11.8835,near<15m
nuscenes,scene-1094_015,pitch_0.5deg,pitch,0.5000,1,Car,26.2377,0,0.0000,True,18,0.8889,11.3293,mid15-30m
nuscenes,scene-1094_015,pitch_0.5deg,pitch,0.5000,2,Car,30.4662,2,0.0000,False,13,1.0000,11.2711,far>30m
nuscenes,scene-1094_015,pitch_0.5deg,pitch,0.5000,3,Car,36.4098,2,0.0000,False,16,1.0000,11.2465,far>30m
nuscenes,scene-1094_015,pitch_0.5deg,pitch,0.5000,4,Car,14.7176,0,0.0000,True,79,1.0000,11.6920,near<15m
nuscenes,scene-1094_015,pitch_0.5deg,pitch,0.5000,5,Car,19.5196,1,0.0000,True,20,1.0000,11.4206,mid15-30m
nuscenes,scene-1094_015,pitch_0.5deg,pitch,0.5000,8,Car,14.0989,2,0.5231,False,44,0.0227,11.7331,near<15m
nuscenes,scene-1094_015,pitch_0.5deg,pitch,0.5000,9,Car,16.3770,0,0.7974,False,248,0.1734,11.6080,mid15-30m
nuscenes,scene-1094_015,roll_0.5deg,roll,0.5000,0,Car,10.9985,0,0.1445,True,257,0.9533,5.1445,near<15m
nuscenes,scene-1094_015,roll_0.5deg,roll,0.5000,1,Car,26.2377,0,0.0000,True,18,1.0000,1.1982,mid15-30m
nuscenes,scene-1094_015,roll_0.5deg,roll,0.5000,2,Car,30.4662,2,0.0000,False,13,1.0000,1.9955,far>30m
nuscenes,scene-1094_015,roll_0.5deg,roll,0.5000,3,Car,36.4098,2,0.0000,False,16,1.0000,0.8027,far>30m
nuscenes,scene-1094_015,roll_0.5deg,roll,0.5000,4,Car,14.7176,0,0.0000,True,79,1.0000,2.2611,near<15m
nuscenes,scene-1094_015,roll_0.5deg,roll,0.5000,5,Car,19.5196,1,0.0000,True,20,1.0000,2.6824,mid15-30m
nuscenes,scene-1094_015,roll_0.5deg,roll,0.5000,8,Car,14.0989,2,0.5231,False,44,0.0227,8.1084,near<15m
nuscenes,scene-1094_015,roll_0.5deg,roll,0.5000,9,Car,16.3770,0,0.7974,False,248,0.1734,8.9240,mid15-30m
nuscenes,scene-1094_015,yaw_1.0deg,yaw,1.0000,0,Car,10.9985,0,0.1445,True,257,0.9883,28.1596,near<15m
nuscenes,scene-1094_015,yaw_1.0deg,yaw,1.0000,1,Car,26.2377,0,0.0000,True,18,1.0000,22.8689,mid15-30m
nuscenes,scene-1094_015,yaw_1.0deg,yaw,1.0000,2,Car,30.4662,2,0.0000,False,13,1.0000,23.1466,far>30m
nuscenes,scene-1094_015,yaw_1.0deg,yaw,1.0000,3,Car,36.4098,2,0.0000,False,16,0.9375,22.5265,far>30m
nuscenes,scene-1094_015,yaw_1.0deg,yaw,1.0000,4,Car,14.7176,0,0.0000,True,79,0.9241,24.3020,near<15m
nuscenes,scene-1094_015,yaw_1.0deg,yaw,1.0000,5,Car,19.5196,1,0.0000,True,20,0.9500,23.9584,mid15-30m
nuscenes,scene-1094_015,yaw_1.0deg,yaw,1.0000,8,Car,14.0989,2,0.5231,False,44,0.0909,34.5724,near<15m
nuscenes,scene-1094_015,yaw_1.0deg,yaw,1.0000,9,Car,16.3770,0,0.7974,False,248,0.2218,37.2482,mid15-30m
nuscenes,scene-1094_015,pitch_1.0deg,pitch,1.0000,0,Car,10.9985,0,0.1445,True,257,0.9533,23.7854,near<15m
nuscenes,scene-1094_015,pitch_1.0deg,pitch,1.0000,1,Car,26.2377,0,0.0000,True,18,0.8889,22.6634,mid15-30m
nuscenes,scene-1094_015,pitch_1.0deg,pitch,1.0000,2,Car,30.4662,2,0.0000,False,13,1.0000,22.5438,far>30m
nuscenes,scene-1094_015,pitch_1.0deg,pitch,1.0000,3,Car,36.4098,2,0.0000,False,16,1.0000,22.4893,far>30m
nuscenes,scene-1094_015,pitch_1.0deg,pitch,1.0000,4,Car,14.7176,0,0.0000,True,79,1.0000,23.3987,near<15m
nuscenes,scene-1094_015,pitch_1.0deg,pitch,1.0000,5,Car,19.5196,1,0.0000,True,20,0.8000,22.8508,mid15-30m
nuscenes,scene-1094_015,pitch_1.0deg,pitch,1.0000,8,Car,14.0989,2,0.5231,False,44,0.0227,23.4882,near<15m
nuscenes,scene-1094_015,pitch_1.0deg,pitch,1.0000,9,Car,16.3770,0,0.7974,False,248,0.1734,23.2154,mid15-30m
nuscenes,scene-1094_015,roll_1.0deg,roll,1.0000,0,Car,10.9985,0,0.1445,True,257,0.9572,10.2893,near<15m
nuscenes,scene-1094_015,roll_1.0deg,roll,1.0000,1,Car,26.2377,0,0.0000,True,18,1.0000,2.3965,mid15-30m
nuscenes,scene-1094_015,roll_1.0deg,roll,1.0000,2,Car,30.4662,2,0.0000,False,13,1.0000,3.9910,far>30m
nuscenes,scene-1094_015,roll_1.0deg,roll,1.0000,3,Car,36.4098,2,0.0000,False,16,1.0000,1.6054,far>30m
nuscenes,scene-1094_015,roll_1.0deg,roll,1.0000,4,Car,14.7176,0,0.0000,True,79,1.0000,4.5220,near<15m
nuscenes,scene-1094_015,roll_1.0deg,roll,1.0000,5,Car,19.5196,1,0.0000,True,20,1.0000,5.3648,mid15-30m
nuscenes,scene-1094_015,roll_1.0deg,roll,1.0000,8,Car,14.0989,2,0.5231,False,44,0.0227,16.2175,near<15m
nuscenes,scene-1094_015,roll_1.0deg,roll,1.0000,9,Car,16.3770,0,0.7974,False,248,0.1734,17.8489,mid15-30m
nuscenes,scene-1094_015,yaw_2.0deg,yaw,2.0000,0,Car,10.9985,0,0.1445,True,257,0.9377,55.8847,near<15m
nuscenes,scene-1094_015,yaw_2.0deg,yaw,2.0000,1,Car,26.2377,0,0.0000,True,18,0.8889,45.6741,mid15-30m
nuscenes,scene-1094_015,yaw_2.0deg,yaw,2.0000,2,Car,30.4662,2,0.0000,False,13,0.9231,46.1707,far>30m
nuscenes,scene-1094_015,yaw_2.0deg,yaw,2.0000,3,Car,36.4098,2,0.0000,False,16,0.5625,45.0287,far>30m
nuscenes,scene-1094_015,yaw_2.0deg,yaw,2.0000,4,Car,14.7176,0,0.0000,True,79,0.8987,48.8007,near<15m
nuscenes,scene-1094_015,yaw_2.0deg,yaw,2.0000,5,Car,19.5196,1,0.0000,True,20,0.7500,47.7381,mid15-30m
nuscenes,scene-1094_015,yaw_2.0deg,yaw,2.0000,8,Car,14.0989,2,0.5231,False,44,0.2500,68.2996,near<15m
nuscenes,scene-1094_015,yaw_2.0deg,yaw,2.0000,9,Car,16.3770,0,0.7974,False,248,0.2500,73.4707,mid15-30m
nuscenes,scene-1094_015,pitch_2.0deg,pitch,2.0000,0,Car,10.9985,0,0.1445,True,257,0.9455,47.6529,near<15m
nuscenes,scene-1094_015,pitch_2.0deg,pitch,2.0000,1,Car,26.2377,0,0.0000,True,18,0.0000,45.3536,mid15-30m
nuscenes,scene-1094_015,pitch_2.0deg,pitch,2.0000,2,Car,30.4662,2,0.0000,False,13,0.6154,45.1008,far>30m
nuscenes,scene-1094_015,pitch_2.0deg,pitch,2.0000,3,Car,36.4098,2,0.0000,False,16,0.7500,44.9711,far>30m
nuscenes,scene-1094_015,pitch_2.0deg,pitch,2.0000,4,Car,14.7176,0,0.0000,True,79,0.8481,46.8643,near<15m
nuscenes,scene-1094_015,pitch_2.0deg,pitch,2.0000,5,Car,19.5196,1,0.0000,True,20,0.8000,45.7474,mid15-30m
nuscenes,scene-1094_015,pitch_2.0deg,pitch,2.0000,8,Car,14.0989,2,0.5231,False,44,0.0227,47.0732,near<15m
nuscenes,scene-1094_015,pitch_2.0deg,pitch,2.0000,9,Car,16.3770,0,0.7974,False,248,0.1734,46.4376,mid15-30m
nuscenes,scene-1094_015,roll_2.0deg,roll,2.0000,0,Car,10.9985,0,0.1445,True,257,0.9611,20.5794,near<15m
nuscenes,scene-1094_015,roll_2.0deg,roll,2.0000,1,Car,26.2377,0,0.0000,True,18,1.0000,4.7929,mid15-30m
nuscenes,scene-1094_015,roll_2.0deg,roll,2.0000,2,Car,30.4662,2,0.0000,False,13,1.0000,7.9820,far>30m
nuscenes,scene-1094_015,roll_2.0deg,roll,2.0000,3,Car,36.4098,2,0.0000,False,16,1.0000,3.2107,far>30m
nuscenes,scene-1094_015,roll_2.0deg,roll,2.0000,4,Car,14.7176,0,0.0000,True,79,1.0000,9.0435,near<15m
nuscenes,scene-1094_015,roll_2.0deg,roll,2.0000,5,Car,19.5196,1,0.0000,True,20,1.0000,10.7297,mid15-30m
nuscenes,scene-1094_015,roll_2.0deg,roll,2.0000,8,Car,14.0989,2,0.5231,False,44,0.0227,32.4377,near<15m
nuscenes,scene-1094_015,roll_2.0deg,roll,2.0000,9,Car,16.3770,0,0.7974,False,248,0.1734,35.7010,mid15-30m
nuscenes,scene-1094_015,yaw_3.0deg,yaw,3.0000,0,Car,10.9985,0,0.1445,True,257,0.8677,83.2037,near<15m
nuscenes,scene-1094_015,yaw_3.0deg,yaw,3.0000,1,Car,26.2377,0,0.0000,True,18,0.8333,68.4300,mid15-30m
nuscenes,scene-1094_015,yaw_3.0deg,yaw,3.0000,2,Car,30.4662,2,0.0000,False,13,0.4615,69.0878,far>30m
nuscenes,scene-1094_015,yaw_3.0deg,yaw,3.0000,3,Car,36.4098,2,0.0000,False,16,0.3750,67.5207,far>30m
nuscenes,scene-1094_015,yaw_3.0deg,yaw,3.0000,4,Car,14.7176,0,0.0000,True,79,0.7468,73.5147,near<15m
nuscenes,scene-1094_015,yaw_3.0deg,yaw,3.0000,5,Car,19.5196,1,0.0000,True,20,0.6000,71.3561,mid15-30m
nuscenes,scene-1094_015,yaw_3.0deg,yaw,3.0000,8,Car,14.0989,2,0.5231,False,44,0.3864,101.2335,near<15m
nuscenes,scene-1094_015,yaw_3.0deg,yaw,3.0000,9,Car,16.3770,0,0.7974,False,248,0.2540,108.7331,mid15-30m
nuscenes,scene-1094_015,pitch_3.0deg,pitch,3.0000,0,Car,10.9985,0,0.1445,True,257,0.9144,71.6204,near<15m
nuscenes,scene-1094_015,pitch_3.0deg,pitch,3.0000,1,Car,26.2377,0,0.0000,True,18,0.0000,68.0850,mid15-30m
nuscenes,scene-1094_015,pitch_3.0deg,pitch,3.0000,2,Car,30.4662,2,0.0000,False,13,0.0000,67.6855,far>30m
nuscenes,scene-1094_015,pitch_3.0deg,pitch,3.0000,3,Car,36.4098,2,0.0000,False,16,0.7500,67.4593,far>30m
nuscenes,scene-1094_015,pitch_3.0deg,pitch,3.0000,4,Car,14.7176,0,0.0000,True,79,0.5823,70.4129,near<15m
nuscenes,scene-1094_015,pitch_3.0deg,pitch,3.0000,5,Car,19.5196,1,0.0000,True,20,0.1500,68.7050,mid15-30m
nuscenes,scene-1094_015,pitch_3.0deg,pitch,3.0000,8,Car,14.0989,2,0.5231,False,44,0.0227,70.7743,near<15m
nuscenes,scene-1094_015,pitch_3.0deg,pitch,3.0000,9,Car,16.3770,0,0.7974,False,248,0.1734,69.6856,mid15-30m
nuscenes,scene-1094_015,roll_3.0deg,roll,3.0000,0,Car,10.9985,0,0.1445,True,257,0.9689,30.8696,near<15m
nuscenes,scene-1094_015,roll_3.0deg,roll,3.0000,1,Car,26.2377,0,0.0000,True,18,1.0000,7.1890,mid15-30m
nuscenes,scene-1094_015,roll_3.0deg,roll,3.0000,2,Car,30.4662,2,0.0000,False,13,1.0000,11.9725,far>30m
nuscenes,scene-1094_015,roll_3.0deg,roll,3.0000,3,Car,36.4098,2,0.0000,False,16,1.0000,4.8158,far>30m
nuscenes,scene-1094_015,roll_3.0deg,roll,3.0000,4,Car,14.7176,0,0.0000,True,79,1.0000,13.5640,near<15m
nuscenes,scene-1094_015,roll_3.0deg,roll,3.0000,5,Car,19.5196,1,0.0000,True,20,1.0000,16.0942,mid15-30m
nuscenes,scene-1094_015,roll_3.0deg,roll,3.0000,8,Car,14.0989,2,0.5231,False,44,0.0227,48.6593,near<15m
nuscenes,scene-1094_015,roll_3.0deg,roll,3.0000,9,Car,16.3770,0,0.7974,False,248,0.1734,53.5549,mid15-30m
nuscenes,scene-1094_015,tfwd_2cm,tfwd,2.0000,0,Car,10.9985,0,0.1445,True,257,0.9533,1.3575,near<15m
nuscenes,scene-1094_015,tfwd_2cm,tfwd,2.0000,1,Car,26.2377,0,0.0000,True,18,1.0000,0.1132,mid15-30m
nuscenes,scene-1094_015,tfwd_2cm,tfwd,2.0000,2,Car,30.4662,2,0.0000,False,13,1.0000,0.1572,far>30m
nuscenes,scene-1094_015,tfwd_2cm,tfwd,2.0000,3,Car,36.4098,2,0.0000,False,16,1.0000,0.0552,far>30m
nuscenes,scene-1094_015,tfwd_2cm,tfwd,2.0000,4,Car,14.7176,0,0.0000,True,79,1.0000,0.3985,near<15m
nuscenes,scene-1094_015,tfwd_2cm,tfwd,2.0000,5,Car,19.5196,1,0.0000,True,20,1.0000,0.3301,mid15-30m
nuscenes,scene-1094_015,tfwd_2cm,tfwd,2.0000,8,Car,14.0989,2,0.5231,False,44,0.0227,1.7946,near<15m
nuscenes,scene-1094_015,tfwd_2cm,tfwd,2.0000,9,Car,16.3770,0,0.7974,False,248,0.1734,1.7662,mid15-30m
nuscenes,scene-1094_015,tleft_2cm,tleft,2.0000,0,Car,10.9985,0,0.1445,True,257,0.9650,2.8506,near<15m
nuscenes,scene-1094_015,tleft_2cm,tleft,2.0000,1,Car,26.2377,0,0.0000,True,18,1.0000,1.0286,mid15-30m
nuscenes,scene-1094_015,tleft_2cm,tleft,2.0000,2,Car,30.4662,2,0.0000,False,13,1.0000,0.8621,far>30m
nuscenes,scene-1094_015,tleft_2cm,tleft,2.0000,3,Car,36.4098,2,0.0000,False,16,1.0000,0.7011,far>30m
nuscenes,scene-1094_015,tleft_2cm,tleft,2.0000,4,Car,14.7176,0,0.0000,True,79,1.0000,2.0172,near<15m
nuscenes,scene-1094_015,tleft_2cm,tleft,2.0000,5,Car,19.5196,1,0.0000,True,20,1.0000,1.3541,mid15-30m
nuscenes,scene-1094_015,tleft_2cm,tleft,2.0000,8,Car,14.0989,2,0.5231,False,44,0.0227,2.4273,near<15m
nuscenes,scene-1094_015,tleft_2cm,tleft,2.0000,9,Car,16.3770,0,0.7974,False,248,0.1734,2.1146,mid15-30m
nuscenes,scene-1094_015,tup_2cm,tup,2.0000,0,Car,10.9985,0,0.1445,True,257,0.9533,2.8675,near<15m
nuscenes,scene-1094_015,tup_2cm,tup,2.0000,1,Car,26.2377,0,0.0000,True,18,1.0000,1.0298,mid15-30m
nuscenes,scene-1094_015,tup_2cm,tup,2.0000,2,Car,30.4662,2,0.0000,False,13,1.0000,0.8635,far>30m
nuscenes,scene-1094_015,tup_2cm,tup,2.0000,3,Car,36.4098,2,0.0000,False,16,1.0000,0.7011,far>30m
nuscenes,scene-1094_015,tup_2cm,tup,2.0000,4,Car,14.7176,0,0.0000,True,79,1.0000,2.0140,near<15m
nuscenes,scene-1094_015,tup_2cm,tup,2.0000,5,Car,19.5196,1,0.0000,True,20,1.0000,1.3582,mid15-30m
nuscenes,scene-1094_015,tup_2cm,tup,2.0000,8,Car,14.0989,2,0.5231,False,44,0.0227,2.4493,near<15m
nuscenes,scene-1094_015,tup_2cm,tup,2.0000,9,Car,16.3770,0,0.7974,False,248,0.1734,2.1330,mid15-30m
nuscenes,scene-1094_015,tfwd_5cm,tfwd,5.0000,0,Car,10.9985,0,0.1445,True,257,0.9689,3.3818,near<15m
nuscenes,scene-1094_015,tfwd_5cm,tfwd,5.0000,1,Car,26.2377,0,0.0000,True,18,1.0000,0.2828,mid15-30m
nuscenes,scene-1094_015,tfwd_5cm,tfwd,5.0000,2,Car,30.4662,2,0.0000,False,13,1.0000,0.3926,far>30m
nuscenes,scene-1094_015,tfwd_5cm,tfwd,5.0000,3,Car,36.4098,2,0.0000,False,16,1.0000,0.1380,far>30m
nuscenes,scene-1094_015,tfwd_5cm,tfwd,5.0000,4,Car,14.7176,0,0.0000,True,79,1.0000,0.9940,near<15m
nuscenes,scene-1094_015,tfwd_5cm,tfwd,5.0000,5,Car,19.5196,1,0.0000,True,20,1.0000,0.8239,mid15-30m
nuscenes,scene-1094_015,tfwd_5cm,tfwd,5.0000,8,Car,14.0989,2,0.5231,False,44,0.0227,4.4735,near<15m
nuscenes,scene-1094_015,tfwd_5cm,tfwd,5.0000,9,Car,16.3770,0,0.7974,False,248,0.1734,4.4039,mid15-30m
nuscenes,scene-1094_015,tleft_5cm,tleft,5.0000,0,Car,10.9985,0,0.1445,True,257,0.9689,7.1268,near<15m
nuscenes,scene-1094_015,tleft_5cm,tleft,5.0000,1,Car,26.2377,0,0.0000,True,18,1.0000,2.5716,mid15-30m
nuscenes,scene-1094_015,tleft_5cm,tleft,5.0000,2,Car,30.4662,2,0.0000,False,13,1.0000,2.1552,far>30m
nuscenes,scene-1094_015,tleft_5cm,tleft,5.0000,3,Car,36.4098,2,0.0000,False,16,1.0000,1.7528,far>30m
nuscenes,scene-1094_015,tleft_5cm,tleft,5.0000,4,Car,14.7176,0,0.0000,True,79,1.0000,5.0432,near<15m
nuscenes,scene-1094_015,tleft_5cm,tleft,5.0000,5,Car,19.5196,1,0.0000,True,20,1.0000,3.3854,mid15-30m
nuscenes,scene-1094_015,tleft_5cm,tleft,5.0000,8,Car,14.0989,2,0.5231,False,44,0.0227,6.0684,near<15m
nuscenes,scene-1094_015,tleft_5cm,tleft,5.0000,9,Car,16.3770,0,0.7974,False,248,0.1895,5.2867,mid15-30m
nuscenes,scene-1094_015,tup_5cm,tup,5.0000,0,Car,10.9985,0,0.1445,True,257,0.9533,7.1682,near<15m
nuscenes,scene-1094_015,tup_5cm,tup,5.0000,1,Car,26.2377,0,0.0000,True,18,1.0000,2.5744,mid15-30m
nuscenes,scene-1094_015,tup_5cm,tup,5.0000,2,Car,30.4662,2,0.0000,False,13,1.0000,2.1588,far>30m
nuscenes,scene-1094_015,tup_5cm,tup,5.0000,3,Car,36.4098,2,0.0000,False,16,1.0000,1.7526,far>30m
nuscenes,scene-1094_015,tup_5cm,tup,5.0000,4,Car,14.7176,0,0.0000,True,79,1.0000,5.0347,near<15m
nuscenes,scene-1094_015,tup_5cm,tup,5.0000,5,Car,19.5196,1,0.0000,True,20,1.0000,3.3953,mid15-30m
nuscenes,scene-1094_015,tup_5cm,tup,5.0000,8,Car,14.0989,2,0.5231,False,44,0.0227,6.1230,near<15m
nuscenes,scene-1094_015,tup_5cm,tup,5.0000,9,Car,16.3770,0,0.7974,False,248,0.1734,5.3323,mid15-30m
nuscenes,scene-1094_015,tfwd_10cm,tfwd,10.0000,0,Car,10.9985,0,0.1445,True,257,0.9689,6.7244,near<15m
nuscenes,scene-1094_015,tfwd_10cm,tfwd,10.0000,1,Car,26.2377,0,0.0000,True,18,1.0000,0.5644,mid15-30m
nuscenes,scene-1094_015,tfwd_10cm,tfwd,10.0000,2,Car,30.4662,2,0.0000,False,13,1.0000,0.7838,far>30m
nuscenes,scene-1094_015,tfwd_10cm,tfwd,10.0000,3,Car,36.4098,2,0.0000,False,16,1.0000,0.2756,far>30m
nuscenes,scene-1094_015,tfwd_10cm,tfwd,10.0000,4,Car,14.7176,0,0.0000,True,79,1.0000,1.9801,near<15m
nuscenes,scene-1094_015,tfwd_10cm,tfwd,10.0000,5,Car,19.5196,1,0.0000,True,20,1.0000,1.6433,mid15-30m
nuscenes,scene-1094_015,tfwd_10cm,tfwd,10.0000,8,Car,14.0989,2,0.5231,False,44,0.0227,8.9040,near<15m
nuscenes,scene-1094_015,tfwd_10cm,tfwd,10.0000,9,Car,16.3770,0,0.7974,False,248,0.1895,8.7696,mid15-30m
nuscenes,scene-1094_015,tleft_10cm,tleft,10.0000,0,Car,10.9985,0,0.1445,True,257,0.9883,14.2545,near<15m
nuscenes,scene-1094_015,tleft_10cm,tleft,10.0000,1,Car,26.2377,0,0.0000,True,18,1.0000,5.1432,mid15-30m
nuscenes,scene-1094_015,tleft_10cm,tleft,10.0000,2,Car,30.4662,2,0.0000,False,13,1.0000,4.3105,far>30m
nuscenes,scene-1094_015,tleft_10cm,tleft,10.0000,3,Car,36.4098,2,0.0000,False,16,1.0000,3.5057,far>30m
nuscenes,scene-1094_015,tleft_10cm,tleft,10.0000,4,Car,14.7176,0,0.0000,True,79,1.0000,10.0868,near<15m
nuscenes,scene-1094_015,tleft_10cm,tleft,10.0000,5,Car,19.5196,1,0.0000,True,20,1.0000,6.7709,mid15-30m
nuscenes,scene-1094_015,tleft_10cm,tleft,10.0000,8,Car,14.0989,2,0.5231,False,44,0.0227,12.1375,near<15m
nuscenes,scene-1094_015,tleft_10cm,tleft,10.0000,9,Car,16.3770,0,0.7974,False,248,0.1895,10.5739,mid15-30m
nuscenes,scene-1094_015,tup_10cm,tup,10.0000,0,Car,10.9985,0,0.1445,True,257,0.9533,14.3351,near<15m
nuscenes,scene-1094_015,tup_10cm,tup,10.0000,1,Car,26.2377,0,0.0000,True,18,1.0000,5.1486,mid15-30m
nuscenes,scene-1094_015,tup_10cm,tup,10.0000,2,Car,30.4662,2,0.0000,False,13,1.0000,4.3174,far>30m
nuscenes,scene-1094_015,tup_10cm,tup,10.0000,3,Car,36.4098,2,0.0000,False,16,1.0000,3.5052,far>30m
nuscenes,scene-1094_015,tup_10cm,tup,10.0000,4,Car,14.7176,0,0.0000,True,79,1.0000,10.0687,near<15m
nuscenes,scene-1094_015,tup_10cm,tup,10.0000,5,Car,19.5196,1,0.0000,True,20,1.0000,6.7903,mid15-30m
nuscenes,scene-1094_015,tup_10cm,tup,10.0000,8,Car,14.0989,2,0.5231,False,44,0.0227,12.2450,near<15m
nuscenes,scene-1094_015,tup_10cm,tup,10.0000,9,Car,16.3770,0,0.7974,False,248,0.1734,10.6638,mid15-30m
nuscenes,scene-1094_016,baseline,baseline,0.0000,0,Car,9.1810,0,0.9667,False,481,0.0312,0.0000,near<15m
nuscenes,scene-1094_016,baseline,baseline,0.0000,1,Car,24.0545,0,0.0000,True,22,1.0000,0.0000,mid15-30m
nuscenes,scene-1094_016,baseline,baseline,0.0000,2,Car,28.3496,2,0.0000,False,20,1.0000,0.0000,mid15-30m
nuscenes,scene-1094_016,baseline,baseline,0.0000,3,Car,34.2099,2,0.0000,False,17,1.0000,0.0000,far>30m
nuscenes,scene-1094_016,baseline,baseline,0.0000,4,Car,15.9118,0,0.0000,True,59,1.0000,0.0000,mid15-30m
nuscenes,scene-1094_016,baseline,baseline,0.0000,5,Car,17.5067,0,0.3341,False,14,1.0000,0.0000,mid15-30m
nuscenes,scene-1094_016,yaw_0.5deg,yaw,0.5000,0,Car,9.1810,0,0.9667,False,481,0.0457,22.7455,near<15m
nuscenes,scene-1094_016,yaw_0.5deg,yaw,0.5000,1,Car,24.0545,0,0.0000,True,22,1.0000,12.3386,mid15-30m
nuscenes,scene-1094_016,yaw_0.5deg,yaw,0.5000,2,Car,28.3496,2,0.0000,False,20,1.0000,13.0086,mid15-30m
nuscenes,scene-1094_016,yaw_0.5deg,yaw,0.5000,3,Car,34.2099,2,0.0000,False,17,1.0000,11.8831,far>30m
nuscenes,scene-1094_016,yaw_0.5deg,yaw,0.5000,4,Car,15.9118,0,0.0000,True,59,0.9831,11.5717,mid15-30m
nuscenes,scene-1094_016,yaw_0.5deg,yaw,0.5000,5,Car,17.5067,0,0.3341,False,14,1.0000,14.6215,mid15-30m
nuscenes,scene-1094_016,pitch_0.5deg,pitch,0.5000,0,Car,9.1810,0,0.9667,False,481,0.0249,12.6601,near<15m
nuscenes,scene-1094_016,pitch_0.5deg,pitch,0.5000,1,Car,24.0545,0,0.0000,True,22,1.0000,11.3451,mid15-30m
nuscenes,scene-1094_016,pitch_0.5deg,pitch,0.5000,2,Car,28.3496,2,0.0000,False,20,1.0000,11.3033,mid15-30m
nuscenes,scene-1094_016,pitch_0.5deg,pitch,0.5000,3,Car,34.2099,2,0.0000,False,17,1.0000,11.2481,far>30m
nuscenes,scene-1094_016,pitch_0.5deg,pitch,0.5000,4,Car,15.9118,0,0.0000,True,59,1.0000,11.5807,mid15-30m
nuscenes,scene-1094_016,pitch_0.5deg,pitch,0.5000,5,Car,17.5067,0,0.3341,False,14,1.0000,11.5102,mid15-30m
nuscenes,scene-1094_016,roll_0.5deg,roll,0.5000,0,Car,9.1810,0,0.9667,False,481,0.0333,10.7723,near<15m
nuscenes,scene-1094_016,roll_0.5deg,roll,0.5000,1,Car,24.0545,0,0.0000,True,22,1.0000,3.3684,mid15-30m
nuscenes,scene-1094_016,roll_0.5deg,roll,0.5000,2,Car,28.3496,2,0.0000,False,20,1.0000,4.4236,mid15-30m
nuscenes,scene-1094_016,roll_0.5deg,roll,0.5000,3,Car,34.2099,2,0.0000,False,17,1.0000,2.7778,far>30m
nuscenes,scene-1094_016,roll_0.5deg,roll,0.5000,4,Car,15.9118,0,0.0000,True,59,1.0000,0.8602,mid15-30m
nuscenes,scene-1094_016,roll_0.5deg,roll,0.5000,5,Car,17.5067,0,0.3341,False,14,1.0000,5.9642,mid15-30m
nuscenes,scene-1094_016,yaw_1.0deg,yaw,1.0000,0,Car,9.1810,0,0.9667,False,481,0.0374,45.0928,near<15m
nuscenes,scene-1094_016,yaw_1.0deg,yaw,1.0000,1,Car,24.0545,0,0.0000,True,22,1.0000,24.6137,mid15-30m
nuscenes,scene-1094_016,yaw_1.0deg,yaw,1.0000,2,Car,28.3496,2,0.0000,False,20,1.0000,25.9290,mid15-30m
nuscenes,scene-1094_016,yaw_1.0deg,yaw,1.0000,3,Car,34.2099,2,0.0000,False,17,0.8235,23.7173,far>30m
nuscenes,scene-1094_016,yaw_1.0deg,yaw,1.0000,4,Car,15.9118,0,0.0000,True,59,0.9492,23.1541,mid15-30m
nuscenes,scene-1094_016,yaw_1.0deg,yaw,1.0000,5,Car,17.5067,0,0.3341,False,14,1.0000,29.1078,mid15-30m
nuscenes,scene-1094_016,pitch_1.0deg,pitch,1.0000,0,Car,9.1810,0,0.9667,False,481,0.0249,25.3698,near<15m
nuscenes,scene-1094_016,pitch_1.0deg,pitch,1.0000,1,Car,24.0545,0,0.0000,True,22,0.9545,22.6956,mid15-30m
nuscenes,scene-1094_016,pitch_1.0deg,pitch,1.0000,2,Car,28.3496,2,0.0000,False,20,0.7500,22.6114,mid15-30m
nuscenes,scene-1094_016,pitch_1.0deg,pitch,1.0000,3,Car,34.2099,2,0.0000,False,17,1.0000,22.4921,far>30m
nuscenes,scene-1094_016,pitch_1.0deg,pitch,1.0000,4,Car,15.9118,0,0.0000,True,59,0.8475,23.1768,mid15-30m
nuscenes,scene-1094_016,pitch_1.0deg,pitch,1.0000,5,Car,17.5067,0,0.3341,False,14,1.0000,23.0317,mid15-30m
nuscenes,scene-1094_016,roll_1.0deg,roll,1.0000,0,Car,9.1810,0,0.9667,False,481,0.0333,21.5462,near<15m
nuscenes,scene-1094_016,roll_1.0deg,roll,1.0000,1,Car,24.0545,0,0.0000,True,22,1.0000,6.7369,mid15-30m
nuscenes,scene-1094_016,roll_1.0deg,roll,1.0000,2,Car,28.3496,2,0.0000,False,20,1.0000,8.8474,mid15-30m
nuscenes,scene-1094_016,roll_1.0deg,roll,1.0000,3,Car,34.2099,2,0.0000,False,17,1.0000,5.5557,far>30m
nuscenes,scene-1094_016,roll_1.0deg,roll,1.0000,4,Car,15.9118,0,0.0000,True,59,1.0000,1.7203,mid15-30m
nuscenes,scene-1094_016,roll_1.0deg,roll,1.0000,5,Car,17.5067,0,0.3341,False,14,1.0000,11.9289,mid15-30m
nuscenes,scene-1094_016,yaw_2.0deg,yaw,2.0000,0,Car,9.1810,0,0.9667,False,481,0.0499,88.6497,near<15m
nuscenes,scene-1094_016,yaw_2.0deg,yaw,2.0000,1,Car,24.0545,0,0.0000,True,22,0.8636,48.9830,mid15-30m
nuscenes,scene-1094_016,yaw_2.0deg,yaw,2.0000,2,Car,28.3496,2,0.0000,False,20,0.9500,51.5165,mid15-30m
nuscenes,scene-1094_016,yaw_2.0deg,yaw,2.0000,3,Car,34.2099,2,0.0000,False,17,0.5294,47.2469,far>30m
nuscenes,scene-1094_016,yaw_2.0deg,yaw,2.0000,4,Car,15.9118,0,0.0000,True,59,0.8814,46.3592,mid15-30m
nuscenes,scene-1094_016,yaw_2.0deg,yaw,2.0000,5,Car,17.5067,0,0.3341,False,14,0.9286,57.6909,mid15-30m
nuscenes,scene-1094_016,pitch_2.0deg,pitch,2.0000,0,Car,9.1810,0,0.9667,False,481,0.0229,50.9508,near<15m
nuscenes,scene-1094_016,pitch_2.0deg,pitch,2.0000,1,Car,24.0545,0,0.0000,True,22,0.8182,45.4205,mid15-30m
nuscenes,scene-1094_016,pitch_2.0deg,pitch,2.0000,2,Car,28.3496,2,0.0000,False,20,0.7500,45.2497,mid15-30m
nuscenes,scene-1094_016,pitch_2.0deg,pitch,2.0000,3,Car,34.2099,2,0.0000,False,17,1.0000,44.9751,far>30m
nuscenes,scene-1094_016,pitch_2.0deg,pitch,2.0000,4,Car,15.9118,0,0.0000,True,59,0.7797,46.4230,mid15-30m
nuscenes,scene-1094_016,pitch_2.0deg,pitch,2.0000,5,Car,17.5067,0,0.3341,False,14,1.0000,46.1171,mid15-30m
nuscenes,scene-1094_016,roll_2.0deg,roll,2.0000,0,Car,9.1810,0,0.9667,False,481,0.0312,43.0981,near<15m
nuscenes,scene-1094_016,roll_2.0deg,roll,2.0000,1,Car,24.0545,0,0.0000,True,22,1.0000,13.4739,mid15-30m
nuscenes,scene-1094_016,roll_2.0deg,roll,2.0000,2,Car,28.3496,2,0.0000,False,20,0.7500,17.6953,mid15-30m
nuscenes,scene-1094_016,roll_2.0deg,roll,2.0000,3,Car,34.2099,2,0.0000,False,17,1.0000,11.1114,far>30m
nuscenes,scene-1094_016,roll_2.0deg,roll,2.0000,4,Car,15.9118,0,0.0000,True,59,1.0000,3.4405,mid15-30m
nuscenes,scene-1094_016,roll_2.0deg,roll,2.0000,5,Car,17.5067,0,0.3341,False,14,1.0000,23.8590,mid15-30m
nuscenes,scene-1094_016,yaw_3.0deg,yaw,3.0000,0,Car,9.1810,0,0.9667,False,481,0.0644,130.7785,near<15m
nuscenes,scene-1094_016,yaw_3.0deg,yaw,3.0000,1,Car,24.0545,0,0.0000,True,22,0.7273,73.1268,mid15-30m
nuscenes,scene-1094_016,yaw_3.0deg,yaw,3.0000,2,Car,28.3496,2,0.0000,False,20,0.5500,76.7849,mid15-30m
nuscenes,scene-1094_016,yaw_3.0deg,yaw,3.0000,3,Car,34.2099,2,0.0000,False,17,0.3529,70.6057,far>30m
nuscenes,scene-1094_016,yaw_3.0deg,yaw,3.0000,4,Car,15.9118,0,0.0000,True,59,0.7966,69.6305,mid15-30m
nuscenes,scene-1094_016,yaw_3.0deg,yaw,3.0000,5,Car,17.5067,0,0.3341,False,14,0.9286,85.7812,mid15-30m
nuscenes,scene-1094_016,pitch_3.0deg,pitch,3.0000,0,Car,9.1810,0,0.9667,False,481,0.0229,76.7693,near<15m
nuscenes,scene-1094_016,pitch_3.0deg,pitch,3.0000,1,Car,24.0545,0,0.0000,True,22,0.0000,68.1897,mid15-30m
nuscenes,scene-1094_016,pitch_3.0deg,pitch,3.0000,2,Car,28.3496,2,0.0000,False,20,0.2500,67.9301,mid15-30m
nuscenes,scene-1094_016,pitch_3.0deg,pitch,3.0000,3,Car,34.2099,2,0.0000,False,17,0.7647,67.4634,far>30m
nuscenes,scene-1094_016,pitch_3.0deg,pitch,3.0000,4,Car,15.9118,0,0.0000,True,59,0.5593,69.7543,mid15-30m
nuscenes,scene-1094_016,pitch_3.0deg,pitch,3.0000,5,Car,17.5067,0,0.3341,False,14,0.7857,69.2728,mid15-30m
nuscenes,scene-1094_016,roll_3.0deg,roll,3.0000,0,Car,9.1810,0,0.9667,False,481,0.0312,64.6540,near<15m
nuscenes,scene-1094_016,roll_3.0deg,roll,3.0000,1,Car,24.0545,0,0.0000,True,22,0.9091,20.2106,mid15-30m
nuscenes,scene-1094_016,roll_3.0deg,roll,3.0000,2,Car,28.3496,2,0.0000,False,20,0.7500,26.5430,mid15-30m
nuscenes,scene-1094_016,roll_3.0deg,roll,3.0000,3,Car,34.2099,2,0.0000,False,17,1.0000,16.6667,far>30m
nuscenes,scene-1094_016,roll_3.0deg,roll,3.0000,4,Car,15.9118,0,0.0000,True,59,1.0000,5.1604,mid15-30m
nuscenes,scene-1094_016,roll_3.0deg,roll,3.0000,5,Car,17.5067,0,0.3341,False,14,1.0000,35.7894,mid15-30m
nuscenes,scene-1094_016,tfwd_2cm,tfwd,2.0000,0,Car,9.1810,0,0.9667,False,481,0.0333,4.4723,near<15m
nuscenes,scene-1094_016,tfwd_2cm,tfwd,2.0000,1,Car,24.0545,0,0.0000,True,22,1.0000,0.3556,mid15-30m
nuscenes,scene-1094_016,tfwd_2cm,tfwd,2.0000,2,Car,28.3496,2,0.0000,False,20,1.0000,0.4040,mid15-30m
nuscenes,scene-1094_016,tfwd_2cm,tfwd,2.0000,3,Car,34.2099,2,0.0000,False,17,1.0000,0.1953,far>30m
nuscenes,scene-1094_016,tfwd_2cm,tfwd,2.0000,4,Car,15.9118,0,0.0000,True,59,1.0000,0.1113,mid15-30m
nuscenes,scene-1094_016,tfwd_2cm,tfwd,2.0000,5,Car,17.5067,0,0.3341,False,14,1.0000,0.9479,mid15-30m
nuscenes,scene-1094_016,tleft_2cm,tleft,2.0000,0,Car,9.1810,0,0.9667,False,481,0.0333,4.4270,near<15m
nuscenes,scene-1094_016,tleft_2cm,tleft,2.0000,1,Car,24.0545,0,0.0000,True,22,1.0000,1.1584,mid15-30m
nuscenes,scene-1094_016,tleft_2cm,tleft,2.0000,2,Car,28.3496,2,0.0000,False,20,1.0000,1.0065,mid15-30m
nuscenes,scene-1094_016,tleft_2cm,tleft,2.0000,3,Car,34.2099,2,0.0000,False,17,1.0000,0.7679,far>30m
nuscenes,scene-1094_016,tleft_2cm,tleft,2.0000,4,Car,15.9118,0,0.0000,True,59,1.0000,1.8073,mid15-30m
nuscenes,scene-1094_016,tleft_2cm,tleft,2.0000,5,Car,17.5067,0,0.3341,False,14,1.0000,1.7509,mid15-30m
nuscenes,scene-1094_016,tup_2cm,tup,2.0000,0,Car,9.1810,0,0.9667,False,481,0.0312,4.4520,near<15m
nuscenes,scene-1094_016,tup_2cm,tup,2.0000,1,Car,24.0545,0,0.0000,True,22,1.0000,1.1597,mid15-30m
nuscenes,scene-1094_016,tup_2cm,tup,2.0000,2,Car,28.3496,2,0.0000,False,20,1.0000,1.0079,mid15-30m
nuscenes,scene-1094_016,tup_2cm,tup,2.0000,3,Car,34.2099,2,0.0000,False,17,1.0000,0.7680,far>30m
nuscenes,scene-1094_016,tup_2cm,tup,2.0000,4,Car,15.9118,0,0.0000,True,59,1.0000,1.8084,mid15-30m
nuscenes,scene-1094_016,tup_2cm,tup,2.0000,5,Car,17.5067,0,0.3341,False,14,1.0000,1.7551,mid15-30m
nuscenes,scene-1094_016,tfwd_5cm,tfwd,5.0000,0,Car,9.1810,0,0.9667,False,481,0.0333,11.1184,near<15m
nuscenes,scene-1094_016,tfwd_5cm,tfwd,5.0000,1,Car,24.0545,0,0.0000,True,22,1.0000,0.8878,mid15-30m
nuscenes,scene-1094_016,tfwd_5cm,tfwd,5.0000,2,Car,28.3496,2,0.0000,False,20,1.0000,1.0087,mid15-30m
nuscenes,scene-1094_016,tfwd_5cm,tfwd,5.0000,3,Car,34.2099,2,0.0000,False,17,1.0000,0.4877,far>30m
nuscenes,scene-1094_016,tfwd_5cm,tfwd,5.0000,4,Car,15.9118,0,0.0000,True,59,1.0000,0.2776,mid15-30m
nuscenes,scene-1094_016,tfwd_5cm,tfwd,5.0000,5,Car,17.5067,0,0.3341,False,14,1.0000,2.3649,mid15-30m
nuscenes,scene-1094_016,tleft_5cm,tleft,5.0000,0,Car,9.1810,0,0.9667,False,481,0.0333,11.0678,near<15m
nuscenes,scene-1094_016,tleft_5cm,tleft,5.0000,1,Car,24.0545,0,0.0000,True,22,1.0000,2.8961,mid15-30m
nuscenes,scene-1094_016,tleft_5cm,tleft,5.0000,2,Car,28.3496,2,0.0000,False,20,1.0000,2.5162,mid15-30m
nuscenes,scene-1094_016,tleft_5cm,tleft,5.0000,3,Car,34.2099,2,0.0000,False,17,1.0000,1.9198,far>30m
nuscenes,scene-1094_016,tleft_5cm,tleft,5.0000,4,Car,15.9118,0,0.0000,True,59,1.0000,4.5183,mid15-30m
nuscenes,scene-1094_016,tleft_5cm,tleft,5.0000,5,Car,17.5067,0,0.3341,False,14,1.0000,4.3773,mid15-30m
nuscenes,scene-1094_016,tup_5cm,tup,5.0000,0,Car,9.1810,0,0.9667,False,481,0.0312,11.1290,near<15m
nuscenes,scene-1094_016,tup_5cm,tup,5.0000,1,Car,24.0545,0,0.0000,True,22,1.0000,2.8993,mid15-30m
nuscenes,scene-1094_016,tup_5cm,tup,5.0000,2,Car,28.3496,2,0.0000,False,20,1.0000,2.5198,mid15-30m
nuscenes,scene-1094_016,tup_5cm,tup,5.0000,3,Car,34.2099,2,0.0000,False,17,1.0000,1.9200,far>30m
nuscenes,scene-1094_016,tup_5cm,tup,5.0000,4,Car,15.9118,0,0.0000,True,59,1.0000,4.5209,mid15-30m
nuscenes,scene-1094_016,tup_5cm,tup,5.0000,5,Car,17.5067,0,0.3341,False,14,1.0000,4.3875,mid15-30m
nuscenes,scene-1094_016,tfwd_10cm,tfwd,10.0000,0,Car,9.1810,0,0.9667,False,481,0.0333,22.0319,near<15m
nuscenes,scene-1094_016,tfwd_10cm,tfwd,10.0000,1,Car,24.0545,0,0.0000,True,22,1.0000,1.7716,mid15-30m
nuscenes,scene-1094_016,tfwd_10cm,tfwd,10.0000,2,Car,28.3496,2,0.0000,False,20,1.0000,2.0134,mid15-30m
nuscenes,scene-1094_016,tfwd_10cm,tfwd,10.0000,3,Car,34.2099,2,0.0000,False,17,1.0000,0.9739,far>30m
nuscenes,scene-1094_016,tfwd_10cm,tfwd,10.0000,4,Car,15.9118,0,0.0000,True,59,1.0000,0.5533,mid15-30m
nuscenes,scene-1094_016,tfwd_10cm,tfwd,10.0000,5,Car,17.5067,0,0.3341,False,14,1.0000,4.7135,mid15-30m
nuscenes,scene-1094_016,tleft_10cm,tleft,10.0000,0,Car,9.1810,0,0.9667,False,481,0.0457,22.1364,near<15m
nuscenes,scene-1094_016,tleft_10cm,tleft,10.0000,1,Car,24.0545,0,0.0000,True,22,1.0000,5.7922,mid15-30m
nuscenes,scene-1094_016,tleft_10cm,tleft,10.0000,2,Car,28.3496,2,0.0000,False,20,1.0000,5.0324,mid15-30m
nuscenes,scene-1094_016,tleft_10cm,tleft,10.0000,3,Car,34.2099,2,0.0000,False,17,1.0000,3.8396,far>30m
nuscenes,scene-1094_016,tleft_10cm,tleft,10.0000,4,Car,15.9118,0,0.0000,True,59,0.9831,9.0366,mid15-30m
nuscenes,scene-1094_016,tleft_10cm,tleft,10.0000,5,Car,17.5067,0,0.3341,False,14,1.0000,8.7547,mid15-30m
nuscenes,scene-1094_016,tup_10cm,tup,10.0000,0,Car,9.1810,0,0.9667,False,481,0.0312,22.2542,near<15m
nuscenes,scene-1094_016,tup_10cm,tup,10.0000,1,Car,24.0545,0,0.0000,True,22,1.0000,5.7983,mid15-30m
nuscenes,scene-1094_016,tup_10cm,tup,10.0000,2,Car,28.3496,2,0.0000,False,20,1.0000,5.0394,mid15-30m
nuscenes,scene-1094_016,tup_10cm,tup,10.0000,3,Car,34.2099,2,0.0000,False,17,1.0000,3.8398,far>30m
nuscenes,scene-1094_016,tup_10cm,tup,10.0000,4,Car,15.9118,0,0.0000,True,59,1.0000,9.0412,mid15-30m
nuscenes,scene-1094_016,tup_10cm,tup,10.0000,5,Car,17.5067,0,0.3341,False,14,1.0000,8.7744,mid15-30m
nuscenes,scene-1094_017,baseline,baseline,0.0000,0,Car,21.6597,0,0.0000,True,27,1.0000,0.0000,mid15-30m
nuscenes,scene-1094_017,baseline,baseline,0.0000,1,Car,26.0613,2,0.0000,False,22,1.0000,0.0000,mid15-30m
nuscenes,scene-1094_017,baseline,baseline,0.0000,2,Car,31.7730,2,0.0000,False,16,1.0000,0.0000,far>30m
nuscenes,scene-1094_017,baseline,baseline,0.0000,3,Car,17.1609,0,0.0000,True,45,1.0000,0.0000,mid15-30m
nuscenes,scene-1094_017,baseline,baseline,0.0000,4,Car,15.3453,0,0.8793,False,63,0.0952,0.0000,mid15-30m
nuscenes,scene-1094_017,yaw_0.5deg,yaw,0.5000,0,Car,21.6597,0,0.0000,True,27,1.0000,13.3480,mid15-30m
nuscenes,scene-1094_017,yaw_0.5deg,yaw,0.5000,1,Car,26.0613,2,0.0000,False,22,1.0000,14.3754,mid15-30m
nuscenes,scene-1094_017,yaw_0.5deg,yaw,0.5000,2,Car,31.7730,2,0.0000,False,16,1.0000,12.6230,far>30m
nuscenes,scene-1094_017,yaw_0.5deg,yaw,0.5000,3,Car,17.1609,0,0.0000,True,45,0.9778,11.4867,mid15-30m
nuscenes,scene-1094_017,yaw_0.5deg,yaw,0.5000,4,Car,15.3453,0,0.8793,False,63,0.1429,17.6465,mid15-30m
nuscenes,scene-1094_017,pitch_0.5deg,pitch,0.5000,0,Car,21.6597,0,0.0000,True,27,1.0000,11.4039,mid15-30m
nuscenes,scene-1094_017,pitch_0.5deg,pitch,0.5000,1,Car,26.0613,2,0.0000,False,22,1.0000,11.3563,mid15-30m
nuscenes,scene-1094_017,pitch_0.5deg,pitch,0.5000,2,Car,31.7730,2,0.0000,False,16,1.0000,11.2891,far>30m
nuscenes,scene-1094_017,pitch_0.5deg,pitch,0.5000,3,Car,17.1609,0,0.0000,True,45,1.0000,11.4792,mid15-30m
nuscenes,scene-1094_017,pitch_0.5deg,pitch,0.5000,4,Car,15.3453,0,0.8793,False,63,0.0952,11.6929,mid15-30m
nuscenes,scene-1094_017,roll_0.5deg,roll,0.5000,0,Car,21.6597,0,0.0000,True,27,1.0000,4.6432,mid15-30m
nuscenes,scene-1094_017,roll_0.5deg,roll,0.5000,1,Car,26.0613,2,0.0000,False,22,1.0000,5.8194,mid15-30m
nuscenes,scene-1094_017,roll_0.5deg,roll,0.5000,2,Car,31.7730,2,0.0000,False,16,1.0000,3.9161,far>30m
nuscenes,scene-1094_017,roll_0.5deg,roll,0.5000,3,Car,17.1609,0,0.0000,True,45,1.0000,0.4534,mid15-30m
nuscenes,scene-1094_017,roll_0.5deg,roll,0.5000,4,Car,15.3453,0,0.8793,False,63,0.0952,8.1667,mid15-30m
nuscenes,scene-1094_017,yaw_1.0deg,yaw,1.0000,0,Car,21.6597,0,0.0000,True,27,1.0000,26.5986,mid15-30m
nuscenes,scene-1094_017,yaw_1.0deg,yaw,1.0000,1,Car,26.0613,2,0.0000,False,22,1.0000,28.6201,mid15-30m
nuscenes,scene-1094_017,yaw_1.0deg,yaw,1.0000,2,Car,31.7730,2,0.0000,False,16,1.0000,25.1695,far>30m
nuscenes,scene-1094_017,yaw_1.0deg,yaw,1.0000,3,Car,17.1609,0,0.0000,True,45,0.8667,22.9782,mid15-30m
nuscenes,scene-1094_017,yaw_1.0deg,yaw,1.0000,4,Car,15.3453,0,0.8793,False,63,0.1746,35.0646,mid15-30m
nuscenes,scene-1094_017,pitch_1.0deg,pitch,1.0000,0,Car,21.6597,0,0.0000,True,27,1.0000,22.8132,mid15-30m
nuscenes,scene-1094_017,pitch_1.0deg,pitch,1.0000,1,Car,26.0613,2,0.0000,False,22,0.9091,22.7155,mid15-30m
nuscenes,scene-1094_017,pitch_1.0deg,pitch,1.0000,2,Car,31.7730,2,0.0000,False,16,1.0000,22.5736,far>30m
nuscenes,scene-1094_017,pitch_1.0deg,pitch,1.0000,3,Car,17.1609,0,0.0000,True,45,1.0000,22.9652,mid15-30m
nuscenes,scene-1094_017,pitch_1.0deg,pitch,1.0000,4,Car,15.3453,0,0.8793,False,63,0.0794,23.4052,mid15-30m
nuscenes,scene-1094_017,roll_1.0deg,roll,1.0000,0,Car,21.6597,0,0.0000,True,27,1.0000,9.2866,mid15-30m
nuscenes,scene-1094_017,roll_1.0deg,roll,1.0000,1,Car,26.0613,2,0.0000,False,22,1.0000,11.6391,mid15-30m
nuscenes,scene-1094_017,roll_1.0deg,roll,1.0000,2,Car,31.7730,2,0.0000,False,16,1.0000,7.8323,far>30m
nuscenes,scene-1094_017,roll_1.0deg,roll,1.0000,3,Car,17.1609,0,0.0000,True,45,1.0000,0.9069,mid15-30m
nuscenes,scene-1094_017,roll_1.0deg,roll,1.0000,4,Car,15.3453,0,0.8793,False,63,0.0952,16.3342,mid15-30m
nuscenes,scene-1094_017,yaw_2.0deg,yaw,2.0000,0,Car,21.6597,0,0.0000,True,27,0.8889,52.8200,mid15-30m
nuscenes,scene-1094_017,yaw_2.0deg,yaw,2.0000,1,Car,26.0613,2,0.0000,False,22,0.9545,56.7328,mid15-30m
nuscenes,scene-1094_017,yaw_2.0deg,yaw,2.0000,2,Car,31.7730,2,0.0000,False,16,0.8750,50.0435,far>30m
nuscenes,scene-1094_017,yaw_2.0deg,yaw,2.0000,3,Car,17.1609,0,0.0000,True,45,0.8444,45.9826,mid15-30m
nuscenes,scene-1094_017,yaw_2.0deg,yaw,2.0000,4,Car,15.3453,0,0.8793,False,63,0.2063,69.2442,mid15-30m
nuscenes,scene-1094_017,pitch_2.0deg,pitch,2.0000,0,Car,21.6597,0,0.0000,True,27,0.8519,45.6553,mid15-30m
nuscenes,scene-1094_017,pitch_2.0deg,pitch,2.0000,1,Car,26.0613,2,0.0000,False,22,0.9091,45.4506,mid15-30m
nuscenes,scene-1094_017,pitch_2.0deg,pitch,2.0000,2,Car,31.7730,2,0.0000,False,16,1.0000,45.1360,far>30m
nuscenes,scene-1094_017,pitch_2.0deg,pitch,2.0000,3,Car,17.1609,0,0.0000,True,45,0.8000,45.9653,mid15-30m
nuscenes,scene-1094_017,pitch_2.0deg,pitch,2.0000,4,Car,15.3453,0,0.8793,False,63,0.0794,46.8977,mid15-30m
nuscenes,scene-1094_017,roll_2.0deg,roll,2.0000,0,Car,21.6597,0,0.0000,True,27,1.0000,18.5738,mid15-30m
nuscenes,scene-1094_017,roll_2.0deg,roll,2.0000,1,Car,26.0613,2,0.0000,False,22,0.9091,23.2792,mid15-30m
nuscenes,scene-1094_017,roll_2.0deg,roll,2.0000,2,Car,31.7730,2,0.0000,False,16,1.0000,15.6649,far>30m
nuscenes,scene-1094_017,roll_2.0deg,roll,2.0000,3,Car,17.1609,0,0.0000,True,45,1.0000,1.8137,mid15-30m
nuscenes,scene-1094_017,roll_2.0deg,roll,2.0000,4,Car,15.3453,0,0.8793,False,63,0.0952,32.6708,mid15-30m
nuscenes,scene-1094_017,yaw_3.0deg,yaw,3.0000,0,Car,21.6597,0,0.0000,True,27,0.7778,78.6886,mid15-30m
nuscenes,scene-1094_017,yaw_3.0deg,yaw,3.0000,1,Car,26.0613,2,0.0000,False,22,0.7727,84.3688,mid15-30m
nuscenes,scene-1094_017,yaw_3.0deg,yaw,3.0000,2,Car,31.7730,2,0.0000,False,16,0.5625,74.6425,far>30m
nuscenes,scene-1094_017,yaw_3.0deg,yaw,3.0000,3,Car,17.1609,0,0.0000,True,45,0.6444,69.0282,mid15-30m
nuscenes,scene-1094_017,yaw_3.0deg,yaw,3.0000,4,Car,15.3453,0,0.8793,False,63,0.2063,102.5935,mid15-30m
nuscenes,scene-1094_017,pitch_3.0deg,pitch,3.0000,0,Car,21.6597,0,0.0000,True,27,0.0000,68.5419,mid15-30m
nuscenes,scene-1094_017,pitch_3.0deg,pitch,3.0000,1,Car,26.0613,2,0.0000,False,22,0.4091,68.2213,mid15-30m
nuscenes,scene-1094_017,pitch_3.0deg,pitch,3.0000,2,Car,31.7730,2,0.0000,False,16,0.7500,67.7020,far>30m
nuscenes,scene-1094_017,pitch_3.0deg,pitch,3.0000,3,Car,17.1609,0,0.0000,True,45,0.4667,69.0152,mid15-30m
nuscenes,scene-1094_017,pitch_3.0deg,pitch,3.0000,4,Car,15.3453,0,0.8793,False,63,0.0794,70.4965,mid15-30m
nuscenes,scene-1094_017,roll_3.0deg,roll,3.0000,0,Car,21.6597,0,0.0000,True,27,0.9259,27.8607,mid15-30m
nuscenes,scene-1094_017,roll_3.0deg,roll,3.0000,1,Car,26.0613,2,0.0000,False,22,0.9091,34.9193,mid15-30m
nuscenes,scene-1094_017,roll_3.0deg,roll,3.0000,2,Car,31.7730,2,0.0000,False,16,1.0000,23.4972,far>30m
nuscenes,scene-1094_017,roll_3.0deg,roll,3.0000,3,Car,17.1609,0,0.0000,True,45,1.0000,2.7204,mid15-30m
nuscenes,scene-1094_017,roll_3.0deg,roll,3.0000,4,Car,15.3453,0,0.8793,False,63,0.0952,49.0086,mid15-30m
nuscenes,scene-1094_017,tfwd_2cm,tfwd,2.0000,0,Car,21.6597,0,0.0000,True,27,1.0000,0.5695,mid15-30m
nuscenes,scene-1094_017,tfwd_2cm,tfwd,2.0000,1,Car,26.0613,2,0.0000,False,22,1.0000,0.6046,mid15-30m
nuscenes,scene-1094_017,tfwd_2cm,tfwd,2.0000,2,Car,31.7730,2,0.0000,False,16,1.0000,0.3120,far>30m
nuscenes,scene-1094_017,tfwd_2cm,tfwd,2.0000,3,Car,17.1609,0,0.0000,True,45,1.0000,0.0632,mid15-30m
nuscenes,scene-1094_017,tfwd_2cm,tfwd,2.0000,4,Car,15.3453,0,0.8793,False,63,0.0952,1.6233,mid15-30m
nuscenes,scene-1094_017,tleft_2cm,tleft,2.0000,0,Car,21.6597,0,0.0000,True,27,1.0000,1.3462,mid15-30m
nuscenes,scene-1094_017,tleft_2cm,tleft,2.0000,1,Car,26.0613,2,0.0000,False,22,1.0000,1.1467,mid15-30m
nuscenes,scene-1094_017,tleft_2cm,tleft,2.0000,2,Car,31.7730,2,0.0000,False,16,1.0000,0.8752,far>30m
nuscenes,scene-1094_017,tleft_2cm,tleft,2.0000,3,Car,17.1609,0,0.0000,True,45,1.0000,1.6637,mid15-30m
nuscenes,scene-1094_017,tleft_2cm,tleft,2.0000,4,Car,15.3453,0,0.8793,False,63,0.0952,2.1749,mid15-30m
nuscenes,scene-1094_017,tup_2cm,tup,2.0000,0,Car,21.6597,0,0.0000,True,27,1.0000,1.3446,mid15-30m
nuscenes,scene-1094_017,tup_2cm,tup,2.0000,1,Car,26.0613,2,0.0000,False,22,1.0000,1.1448,mid15-30m
nuscenes,scene-1094_017,tup_2cm,tup,2.0000,2,Car,31.7730,2,0.0000,False,16,1.0000,0.8737,far>30m
nuscenes,scene-1094_017,tup_2cm,tup,2.0000,3,Car,17.1609,0,0.0000,True,45,1.0000,1.6639,mid15-30m
nuscenes,scene-1094_017,tup_2cm,tup,2.0000,4,Car,15.3453,0,0.8793,False,63,0.0952,2.1722,mid15-30m
nuscenes,scene-1094_017,tfwd_5cm,tfwd,5.0000,0,Car,21.6597,0,0.0000,True,27,1.0000,1.4215,mid15-30m
nuscenes,scene-1094_017,tfwd_5cm,tfwd,5.0000,1,Car,26.0613,2,0.0000,False,22,1.0000,1.5093,mid15-30m
nuscenes,scene-1094_017,tfwd_5cm,tfwd,5.0000,2,Car,31.7730,2,0.0000,False,16,1.0000,0.7791,far>30m
nuscenes,scene-1094_017,tfwd_5cm,tfwd,5.0000,3,Car,17.1609,0,0.0000,True,45,1.0000,0.1576,mid15-30m
nuscenes,scene-1094_017,tfwd_5cm,tfwd,5.0000,4,Car,15.3453,0,0.8793,False,63,0.0952,4.0476,mid15-30m
nuscenes,scene-1094_017,tleft_5cm,tleft,5.0000,0,Car,21.6597,0,0.0000,True,27,1.0000,3.3655,mid15-30m
nuscenes,scene-1094_017,tleft_5cm,tleft,5.0000,1,Car,26.0613,2,0.0000,False,22,1.0000,2.8667,mid15-30m
nuscenes,scene-1094_017,tleft_5cm,tleft,5.0000,2,Car,31.7730,2,0.0000,False,16,1.0000,2.1881,far>30m
nuscenes,scene-1094_017,tleft_5cm,tleft,5.0000,3,Car,17.1609,0,0.0000,True,45,1.0000,4.1593,mid15-30m
nuscenes,scene-1094_017,tleft_5cm,tleft,5.0000,4,Car,15.3453,0,0.8793,False,63,0.0952,5.4372,mid15-30m
nuscenes,scene-1094_017,tup_5cm,tup,5.0000,0,Car,21.6597,0,0.0000,True,27,1.0000,3.3614,mid15-30m
nuscenes,scene-1094_017,tup_5cm,tup,5.0000,1,Car,26.0613,2,0.0000,False,22,1.0000,2.8620,mid15-30m
nuscenes,scene-1094_017,tup_5cm,tup,5.0000,2,Car,31.7730,2,0.0000,False,16,1.0000,2.1843,far>30m
nuscenes,scene-1094_017,tup_5cm,tup,5.0000,3,Car,17.1609,0,0.0000,True,45,1.0000,4.1596,mid15-30m
nuscenes,scene-1094_017,tup_5cm,tup,5.0000,4,Car,15.3453,0,0.8793,False,63,0.0952,5.4303,mid15-30m
nuscenes,scene-1094_017,tfwd_10cm,tfwd,10.0000,0,Car,21.6597,0,0.0000,True,27,1.0000,2.8355,mid15-30m
nuscenes,scene-1094_017,tfwd_10cm,tfwd,10.0000,1,Car,26.0613,2,0.0000,False,22,1.0000,3.0119,mid15-30m
nuscenes,scene-1094_017,tfwd_10cm,tfwd,10.0000,2,Car,31.7730,2,0.0000,False,16,1.0000,1.5555,far>30m
nuscenes,scene-1094_017,tfwd_10cm,tfwd,10.0000,3,Car,17.1609,0,0.0000,True,45,1.0000,0.3142,mid15-30m
nuscenes,scene-1094_017,tfwd_10cm,tfwd,10.0000,4,Car,15.3453,0,0.8793,False,63,0.0952,8.0599,mid15-30m
nuscenes,scene-1094_017,tleft_10cm,tleft,10.0000,0,Car,21.6597,0,0.0000,True,27,1.0000,6.7309,mid15-30m
nuscenes,scene-1094_017,tleft_10cm,tleft,10.0000,1,Car,26.0613,2,0.0000,False,22,1.0000,5.7333,mid15-30m
nuscenes,scene-1094_017,tleft_10cm,tleft,10.0000,2,Car,31.7730,2,0.0000,False,16,1.0000,4.3762,far>30m
nuscenes,scene-1094_017,tleft_10cm,tleft,10.0000,3,Car,17.1609,0,0.0000,True,45,1.0000,8.3185,mid15-30m
nuscenes,scene-1094_017,tleft_10cm,tleft,10.0000,4,Car,15.3453,0,0.8793,False,63,0.1111,10.8742,mid15-30m
nuscenes,scene-1094_017,tup_10cm,tup,10.0000,0,Car,21.6597,0,0.0000,True,27,1.0000,6.7226,mid15-30m
nuscenes,scene-1094_017,tup_10cm,tup,10.0000,1,Car,26.0613,2,0.0000,False,22,1.0000,5.7238,mid15-30m
nuscenes,scene-1094_017,tup_10cm,tup,10.0000,2,Car,31.7730,2,0.0000,False,16,1.0000,4.3684,far>30m
nuscenes,scene-1094_017,tup_10cm,tup,10.0000,3,Car,17.1609,0,0.0000,True,45,1.0000,8.3187,mid15-30m
nuscenes,scene-1094_017,tup_10cm,tup,10.0000,4,Car,15.3453,0,0.8793,False,63,0.0952,10.8597,mid15-30m
nuscenes,scene-1094_018,baseline,baseline,0.0000,0,Car,19.1140,0,0.2395,True,49,0.8367,0.0000,mid15-30m
nuscenes,scene-1094_018,baseline,baseline,0.0000,1,Car,23.6499,2,0.6440,False,23,0.0870,0.0000,mid15-30m
nuscenes,scene-1094_018,baseline,baseline,0.0000,2,Car,29.1575,2,0.0000,False,10,1.0000,0.0000,mid15-30m
nuscenes,scene-1094_018,baseline,baseline,0.0000,3,Car,18.1563,0,0.0000,True,42,1.0000,0.0000,mid15-30m
nuscenes,scene-1094_018,yaw_0.5deg,yaw,0.5000,0,Car,19.1140,0,0.2395,True,49,0.8776,14.7116,mid15-30m
nuscenes,scene-1094_018,yaw_0.5deg,yaw,0.5000,1,Car,23.6499,2,0.6440,False,23,0.1304,16.2447,mid15-30m
nuscenes,scene-1094_018,yaw_0.5deg,yaw,0.5000,2,Car,29.1575,2,0.0000,False,10,1.0000,13.0163,mid15-30m
nuscenes,scene-1094_018,yaw_0.5deg,yaw,0.5000,3,Car,18.1563,0,0.0000,True,42,0.9524,11.4224,mid15-30m
nuscenes,scene-1094_018,pitch_0.5deg,pitch,0.5000,0,Car,19.1140,0,0.2395,True,49,0.8367,11.4726,mid15-30m
nuscenes,scene-1094_018,pitch_0.5deg,pitch,0.5000,1,Car,23.6499,2,0.6440,False,23,0.0870,11.4071,mid15-30m
nuscenes,scene-1094_018,pitch_0.5deg,pitch,0.5000,2,Car,29.1575,2,0.0000,False,10,1.0000,11.2817,mid15-30m
nuscenes,scene-1094_018,pitch_0.5deg,pitch,0.5000,3,Car,18.1563,0,0.0000,True,42,1.0000,11.4290,mid15-30m
nuscenes,scene-1094_018,roll_0.5deg,roll,0.5000,0,Car,19.1140,0,0.2395,True,49,0.8367,6.0409,mid15-30m
nuscenes,scene-1094_018,roll_0.5deg,roll,0.5000,1,Car,23.6499,2,0.6440,False,23,0.0870,7.3898,mid15-30m
nuscenes,scene-1094_018,roll_0.5deg,roll,0.5000,2,Car,29.1575,2,0.0000,False,10,1.0000,4.4286,mid15-30m
nuscenes,scene-1094_018,roll_0.5deg,roll,0.5000,3,Car,18.1563,0,0.0000,True,42,1.0000,0.4458,mid15-30m
nuscenes,scene-1094_018,yaw_1.0deg,yaw,1.0000,0,Car,19.1140,0,0.2395,True,49,0.9388,29.2838,mid15-30m
nuscenes,scene-1094_018,yaw_1.0deg,yaw,1.0000,1,Car,23.6499,2,0.6440,False,23,0.2174,32.3021,mid15-30m
nuscenes,scene-1094_018,yaw_1.0deg,yaw,1.0000,2,Car,29.1575,2,0.0000,False,10,0.8000,25.9431,mid15-30m
nuscenes,scene-1094_018,yaw_1.0deg,yaw,1.0000,3,Car,18.1563,0,0.0000,True,42,0.9524,22.8465,mid15-30m
nuscenes,scene-1094_018,pitch_1.0deg,pitch,1.0000,0,Car,19.1140,0,0.2395,True,49,0.8367,22.9588,mid15-30m
nuscenes,scene-1094_018,pitch_1.0deg,pitch,1.0000,1,Car,23.6499,2,0.6440,False,23,0.0870,22.8260,mid15-30m
nuscenes,scene-1094_018,pitch_1.0deg,pitch,1.0000,2,Car,29.1575,2,0.0000,False,10,0.9000,22.5661,mid15-30m
nuscenes,scene-1094_018,pitch_1.0deg,pitch,1.0000,3,Car,18.1563,0,0.0000,True,42,1.0000,22.8658,mid15-30m
nuscenes,scene-1094_018,roll_1.0deg,roll,1.0000,0,Car,19.1140,0,0.2395,True,49,0.8367,12.0823,mid15-30m
nuscenes,scene-1094_018,roll_1.0deg,roll,1.0000,1,Car,23.6499,2,0.6440,False,23,0.0870,14.7803,mid15-30m
nuscenes,scene-1094_018,roll_1.0deg,roll,1.0000,2,Car,29.1575,2,0.0000,False,10,1.0000,8.8575,mid15-30m
nuscenes,scene-1094_018,roll_1.0deg,roll,1.0000,3,Car,18.1563,0,0.0000,True,42,1.0000,0.8916,mid15-30m
nuscenes,scene-1094_018,yaw_2.0deg,yaw,2.0000,0,Car,19.1140,0,0.2395,True,49,0.9388,58.0270,mid15-30m
nuscenes,scene-1094_018,yaw_2.0deg,yaw,2.0000,1,Car,23.6499,2,0.6440,False,23,0.4783,63.8777,mid15-30m
nuscenes,scene-1094_018,yaw_2.0deg,yaw,2.0000,2,Car,29.1575,2,0.0000,False,10,0.8000,51.5398,mid15-30m
nuscenes,scene-1094_018,yaw_2.0deg,yaw,2.0000,3,Car,18.1563,0,0.0000,True,42,0.7619,45.7071,mid15-30m
nuscenes,scene-1094_018,pitch_2.0deg,pitch,2.0000,0,Car,19.1140,0,0.2395,True,49,0.8367,45.9803,mid15-30m
nuscenes,scene-1094_018,pitch_2.0deg,pitch,2.0000,1,Car,23.6499,2,0.6440,False,23,0.0870,45.7077,mid15-30m
nuscenes,scene-1094_018,pitch_2.0deg,pitch,2.0000,2,Car,29.1575,2,0.0000,False,10,0.9000,45.1503,mid15-30m
nuscenes,scene-1094_018,pitch_2.0deg,pitch,2.0000,3,Car,18.1563,0,0.0000,True,42,0.6429,45.7701,mid15-30m
nuscenes,scene-1094_018,roll_2.0deg,roll,2.0000,0,Car,19.1140,0,0.2395,True,49,0.8367,24.1658,mid15-30m
nuscenes,scene-1094_018,roll_2.0deg,roll,2.0000,1,Car,23.6499,2,0.6440,False,23,0.0870,29.5629,mid15-30m
nuscenes,scene-1094_018,roll_2.0deg,roll,2.0000,2,Car,29.1575,2,0.0000,False,10,1.0000,17.7155,mid15-30m
nuscenes,scene-1094_018,roll_2.0deg,roll,2.0000,3,Car,18.1563,0,0.0000,True,42,1.0000,1.7831,mid15-30m
nuscenes,scene-1094_018,yaw_3.0deg,yaw,3.0000,0,Car,19.1140,0,0.2395,True,49,0.8776,86.2621,mid15-30m
nuscenes,scene-1094_018,yaw_3.0deg,yaw,3.0000,1,Car,23.6499,2,0.6440,False,23,0.6957,94.7705,mid15-30m
nuscenes,scene-1094_018,yaw_3.0deg,yaw,3.0000,2,Car,29.1575,2,0.0000,False,10,0.5000,76.8126,mid15-30m
nuscenes,scene-1094_018,yaw_3.0deg,yaw,3.0000,3,Car,18.1563,0,0.0000,True,42,0.5238,68.5966,mid15-30m
nuscenes,scene-1094_018,pitch_3.0deg,pitch,3.0000,0,Car,19.1140,0,0.2395,True,49,0.5714,69.0812,mid15-30m
nuscenes,scene-1094_018,pitch_3.0deg,pitch,3.0000,1,Car,23.6499,2,0.6440,False,23,0.0435,68.6623,mid15-30m
nuscenes,scene-1094_018,pitch_3.0deg,pitch,3.0000,2,Car,29.1575,2,0.0000,False,10,0.5000,67.7676,mid15-30m
nuscenes,scene-1094_018,pitch_3.0deg,pitch,3.0000,3,Car,18.1563,0,0.0000,True,42,0.3095,68.7279,mid15-30m
nuscenes,scene-1094_018,roll_3.0deg,roll,3.0000,0,Car,19.1140,0,0.2395,True,49,0.8367,36.2498,mid15-30m
nuscenes,scene-1094_018,roll_3.0deg,roll,3.0000,1,Car,23.6499,2,0.6440,False,23,0.0870,44.3464,mid15-30m
nuscenes,scene-1094_018,roll_3.0deg,roll,3.0000,2,Car,29.1575,2,0.0000,False,10,0.9000,26.5734,mid15-30m
nuscenes,scene-1094_018,roll_3.0deg,roll,3.0000,3,Car,18.1563,0,0.0000,True,42,1.0000,2.6745,mid15-30m
nuscenes,scene-1094_018,tfwd_2cm,tfwd,2.0000,0,Car,19.1140,0,0.2395,True,49,0.8367,0.8857,mid15-30m
nuscenes,scene-1094_018,tfwd_2cm,tfwd,2.0000,1,Car,23.6499,2,0.6440,False,23,0.0870,0.9087,mid15-30m
nuscenes,scene-1094_018,tfwd_2cm,tfwd,2.0000,2,Car,29.1575,2,0.0000,False,10,1.0000,0.3844,mid15-30m
nuscenes,scene-1094_018,tfwd_2cm,tfwd,2.0000,3,Car,18.1563,0,0.0000,True,42,1.0000,0.0553,mid15-30m
nuscenes,scene-1094_018,tleft_2cm,tleft,2.0000,0,Car,19.1140,0,0.2395,True,49,0.8367,1.6136,mid15-30m
nuscenes,scene-1094_018,tleft_2cm,tleft,2.0000,1,Car,23.6499,2,0.6440,False,23,0.0870,1.3598,mid15-30m
nuscenes,scene-1094_018,tleft_2cm,tleft,2.0000,2,Car,29.1575,2,0.0000,False,10,1.0000,0.9567,mid15-30m
nuscenes,scene-1094_018,tleft_2cm,tleft,2.0000,3,Car,18.1563,0,0.0000,True,42,1.0000,1.5607,mid15-30m
nuscenes,scene-1094_018,tup_2cm,tup,2.0000,0,Car,19.1140,0,0.2395,True,49,0.8367,1.6130,mid15-30m
nuscenes,scene-1094_018,tup_2cm,tup,2.0000,1,Car,23.6499,2,0.6440,False,23,0.0870,1.3588,mid15-30m
nuscenes,scene-1094_018,tup_2cm,tup,2.0000,2,Car,29.1575,2,0.0000,False,10,1.0000,0.9558,mid15-30m
nuscenes,scene-1094_018,tup_2cm,tup,2.0000,3,Car,18.1563,0,0.0000,True,42,1.0000,1.5610,mid15-30m
nuscenes,scene-1094_018,tfwd_5cm,tfwd,5.0000,0,Car,19.1140,0,0.2395,True,49,0.8367,2.2101,mid15-30m
nuscenes,scene-1094_018,tfwd_5cm,tfwd,5.0000,1,Car,23.6499,2,0.6440,False,23,0.0870,2.2680,mid15-30m
nuscenes,scene-1094_018,tfwd_5cm,tfwd,5.0000,2,Car,29.1575,2,0.0000,False,10,1.0000,0.9599,mid15-30m
nuscenes,scene-1094_018,tfwd_5cm,tfwd,5.0000,3,Car,18.1563,0,0.0000,True,42,1.0000,0.1381,mid15-30m
nuscenes,scene-1094_018,tleft_5cm,tleft,5.0000,0,Car,19.1140,0,0.2395,True,49,0.8367,4.0339,mid15-30m
nuscenes,scene-1094_018,tleft_5cm,tleft,5.0000,1,Car,23.6499,2,0.6440,False,23,0.0870,3.3995,mid15-30m
nuscenes,scene-1094_018,tleft_5cm,tleft,5.0000,2,Car,29.1575,2,0.0000,False,10,1.0000,2.3917,mid15-30m
nuscenes,scene-1094_018,tleft_5cm,tleft,5.0000,3,Car,18.1563,0,0.0000,True,42,1.0000,3.9019,mid15-30m
nuscenes,scene-1094_018,tup_5cm,tup,5.0000,0,Car,19.1140,0,0.2395,True,49,0.8367,4.0323,mid15-30m
nuscenes,scene-1094_018,tup_5cm,tup,5.0000,1,Car,23.6499,2,0.6440,False,23,0.0870,3.3970,mid15-30m
nuscenes,scene-1094_018,tup_5cm,tup,5.0000,2,Car,29.1575,2,0.0000,False,10,1.0000,2.3895,mid15-30m
nuscenes,scene-1094_018,tup_5cm,tup,5.0000,3,Car,18.1563,0,0.0000,True,42,1.0000,3.9024,mid15-30m
nuscenes,scene-1094_018,tfwd_10cm,tfwd,10.0000,0,Car,19.1140,0,0.2395,True,49,0.8367,4.4060,mid15-30m
nuscenes,scene-1094_018,tfwd_10cm,tfwd,10.0000,1,Car,23.6499,2,0.6440,False,23,0.0870,4.5239,mid15-30m
nuscenes,scene-1094_018,tfwd_10cm,tfwd,10.0000,2,Car,29.1575,2,0.0000,False,10,1.0000,1.9163,mid15-30m
nuscenes,scene-1094_018,tfwd_10cm,tfwd,10.0000,3,Car,18.1563,0,0.0000,True,42,1.0000,0.2753,mid15-30m
nuscenes,scene-1094_018,tleft_10cm,tleft,10.0000,0,Car,19.1140,0,0.2395,True,49,0.8776,8.0678,mid15-30m
nuscenes,scene-1094_018,tleft_10cm,tleft,10.0000,1,Car,23.6499,2,0.6440,False,23,0.0870,6.7989,mid15-30m
nuscenes,scene-1094_018,tleft_10cm,tleft,10.0000,2,Car,29.1575,2,0.0000,False,10,1.0000,4.7834,mid15-30m
nuscenes,scene-1094_018,tleft_10cm,tleft,10.0000,3,Car,18.1563,0,0.0000,True,42,0.9524,7.8037,mid15-30m
nuscenes,scene-1094_018,tup_10cm,tup,10.0000,0,Car,19.1140,0,0.2395,True,49,0.8367,8.0642,mid15-30m
nuscenes,scene-1094_018,tup_10cm,tup,10.0000,1,Car,23.6499,2,0.6440,False,23,0.0870,6.7936,mid15-30m
nuscenes,scene-1094_018,tup_10cm,tup,10.0000,2,Car,29.1575,2,0.0000,False,10,1.0000,4.7788,mid15-30m
nuscenes,scene-1094_018,tup_10cm,tup,10.0000,3,Car,18.1563,0,0.0000,True,42,1.0000,7.8043,mid15-30m
nuscenes,scene-1094_019,baseline,baseline,0.0000,0,Car,16.4372,0,0.7277,False,89,0.2247,0.0000,mid15-30m
nuscenes,scene-1094_019,baseline,baseline,0.0000,1,Car,26.3325,2,0.0554,False,35,1.0000,0.0000,mid15-30m
nuscenes,scene-1094_019,baseline,baseline,0.0000,2,Car,19.1597,0,0.0000,True,30,1.0000,0.0000,mid15-30m
nuscenes,scene-1094_019,baseline,baseline,0.0000,3,Car,23.5005,0,0.0000,True,13,1.0000,0.0000,mid15-30m
nuscenes,scene-1094_019,yaw_0.5deg,yaw,0.5000,0,Car,16.4372,0,0.7277,False,89,0.2584,16.8528,mid15-30m
nuscenes,scene-1094_019,yaw_0.5deg,yaw,0.5000,1,Car,26.3325,2,0.0554,False,35,1.0000,14.0397,mid15-30m
nuscenes,scene-1094_019,yaw_0.5deg,yaw,0.5000,2,Car,19.1597,0,0.0000,True,30,0.9333,11.3994,mid15-30m
nuscenes,scene-1094_019,yaw_0.5deg,yaw,0.5000,3,Car,23.5005,0,0.0000,True,13,1.0000,13.3184,mid15-30m
nuscenes,scene-1094_019,pitch_0.5deg,pitch,0.5000,0,Car,16.4372,0,0.7277,False,89,0.2247,11.5874,mid15-30m
nuscenes,scene-1094_019,pitch_0.5deg,pitch,0.5000,1,Car,26.3325,2,0.0554,False,35,0.9714,11.3137,mid15-30m
nuscenes,scene-1094_019,pitch_0.5deg,pitch,0.5000,2,Car,19.1597,0,0.0000,True,30,1.0000,11.4107,mid15-30m
nuscenes,scene-1094_019,pitch_0.5deg,pitch,0.5000,3,Car,23.5005,0,0.0000,True,13,1.0000,11.3589,mid15-30m
nuscenes,scene-1094_019,roll_0.5deg,roll,0.5000,0,Car,16.4372,0,0.7277,False,89,0.2247,7.6998,mid15-30m
nuscenes,scene-1094_019,roll_0.5deg,roll,0.5000,1,Car,26.3325,2,0.0554,False,35,1.0000,5.5398,mid15-30m
nuscenes,scene-1094_019,roll_0.5deg,roll,0.5000,2,Car,19.1597,0,0.0000,True,30,1.0000,0.4790,mid15-30m
nuscenes,scene-1094_019,roll_0.5deg,roll,0.5000,3,Car,23.5005,0,0.0000,True,13,1.0000,4.7150,mid15-30m
nuscenes,scene-1094_019,yaw_1.0deg,yaw,1.0000,0,Car,16.4372,0,0.7277,False,89,0.2697,33.5010,mid15-30m
nuscenes,scene-1094_019,yaw_1.0deg,yaw,1.0000,1,Car,26.3325,2,0.0554,False,35,0.9714,27.9582,mid15-30m
nuscenes,scene-1094_019,yaw_1.0deg,yaw,1.0000,2,Car,19.1597,0,0.0000,True,30,0.9000,22.7998,mid15-30m
nuscenes,scene-1094_019,yaw_1.0deg,yaw,1.0000,3,Car,23.5005,0,0.0000,True,13,0.8462,26.5392,mid15-30m
nuscenes,scene-1094_019,pitch_1.0deg,pitch,1.0000,0,Car,16.4372,0,0.7277,False,89,0.2247,23.1938,mid15-30m
nuscenes,scene-1094_019,pitch_1.0deg,pitch,1.0000,1,Car,26.3325,2,0.0554,False,35,0.9714,22.6300,mid15-30m
nuscenes,scene-1094_019,pitch_1.0deg,pitch,1.0000,2,Car,19.1597,0,0.0000,True,30,1.0000,22.8322,mid15-30m
nuscenes,scene-1094_019,pitch_1.0deg,pitch,1.0000,3,Car,23.5005,0,0.0000,True,13,0.9231,22.7285,mid15-30m
nuscenes,scene-1094_019,roll_1.0deg,roll,1.0000,0,Car,16.4372,0,0.7277,False,89,0.2247,15.4002,mid15-30m
nuscenes,scene-1094_019,roll_1.0deg,roll,1.0000,1,Car,26.3325,2,0.0554,False,35,0.9714,11.0799,mid15-30m
nuscenes,scene-1094_019,roll_1.0deg,roll,1.0000,2,Car,19.1597,0,0.0000,True,30,1.0000,0.9580,mid15-30m
nuscenes,scene-1094_019,roll_1.0deg,roll,1.0000,3,Car,23.5005,0,0.0000,True,13,1.0000,9.4302,mid15-30m
nuscenes,scene-1094_019,yaw_2.0deg,yaw,2.0000,0,Car,16.4372,0,0.7277,False,89,0.3596,66.2090,mid15-30m
nuscenes,scene-1094_019,yaw_2.0deg,yaw,2.0000,1,Car,26.3325,2,0.0554,False,35,0.8857,55.4468,mid15-30m
nuscenes,scene-1094_019,yaw_2.0deg,yaw,2.0000,2,Car,19.1597,0,0.0000,True,30,0.7000,45.6106,mid15-30m
nuscenes,scene-1094_019,yaw_2.0deg,yaw,2.0000,3,Car,23.5005,0,0.0000,True,13,0.8462,52.6999,mid15-30m
nuscenes,scene-1094_019,pitch_2.0deg,pitch,2.0000,0,Car,16.4372,0,0.7277,False,89,0.2247,46.4725,mid15-30m
nuscenes,scene-1094_019,pitch_2.0deg,pitch,2.0000,1,Car,26.3325,2,0.0554,False,35,0.8286,45.2783,mid15-30m
nuscenes,scene-1094_019,pitch_2.0deg,pitch,2.0000,2,Car,19.1597,0,0.0000,True,30,0.5333,45.7147,mid15-30m
nuscenes,scene-1094_019,pitch_2.0deg,pitch,2.0000,3,Car,23.5005,0,0.0000,True,13,0.9231,45.5076,mid15-30m
nuscenes,scene-1094_019,roll_2.0deg,roll,2.0000,0,Car,16.4372,0,0.7277,False,89,0.2360,30.8026,mid15-30m
nuscenes,scene-1094_019,roll_2.0deg,roll,2.0000,1,Car,26.3325,2,0.0554,False,35,0.9714,22.1607,mid15-30m
nuscenes,scene-1094_019,roll_2.0deg,roll,2.0000,2,Car,19.1597,0,0.0000,True,30,1.0000,1.9159,mid15-30m
nuscenes,scene-1094_019,roll_2.0deg,roll,2.0000,3,Car,23.5005,0,0.0000,True,13,0.9231,18.8610,mid15-30m
nuscenes,scene-1094_019,yaw_3.0deg,yaw,3.0000,0,Car,16.4372,0,0.7277,False,89,0.3933,98.1724,mid15-30m
nuscenes,scene-1094_019,yaw_3.0deg,yaw,3.0000,1,Car,26.3325,2,0.0554,False,35,0.7143,82.4942,mid15-30m
nuscenes,scene-1094_019,yaw_3.0deg,yaw,3.0000,2,Car,19.1597,0,0.0000,True,30,0.4333,68.4471,mid15-30m
nuscenes,scene-1094_019,yaw_3.0deg,yaw,3.0000,3,Car,23.5005,0,0.0000,True,13,0.8462,78.5065,mid15-30m
nuscenes,scene-1094_019,pitch_3.0deg,pitch,3.0000,0,Car,16.4372,0,0.7277,False,89,0.2135,69.8545,mid15-30m
nuscenes,scene-1094_019,pitch_3.0deg,pitch,3.0000,1,Car,26.3325,2,0.0554,False,35,0.8286,67.9606,mid15-30m
nuscenes,scene-1094_019,pitch_3.0deg,pitch,3.0000,2,Car,19.1597,0,0.0000,True,30,0.0667,68.6624,mid15-30m
nuscenes,scene-1094_019,pitch_3.0deg,pitch,3.0000,3,Car,23.5005,0,0.0000,True,13,0.0000,68.3528,mid15-30m
nuscenes,scene-1094_019,roll_3.0deg,roll,3.0000,0,Car,16.4372,0,0.7277,False,89,0.2360,46.2061,mid15-30m
nuscenes,scene-1094_019,roll_3.0deg,roll,3.0000,1,Car,26.3325,2,0.0554,False,35,0.9714,33.2415,mid15-30m
nuscenes,scene-1094_019,roll_3.0deg,roll,3.0000,2,Car,19.1597,0,0.0000,True,30,1.0000,2.8737,mid15-30m
nuscenes,scene-1094_019,roll_3.0deg,roll,3.0000,3,Car,23.5005,0,0.0000,True,13,0.9231,28.2916,mid15-30m
nuscenes,scene-1094_019,tfwd_2cm,tfwd,2.0000,0,Car,16.4372,0,0.7277,False,89,0.2247,1.4011,mid15-30m
nuscenes,scene-1094_019,tfwd_2cm,tfwd,2.0000,1,Car,26.3325,2,0.0554,False,35,1.0000,0.5600,mid15-30m
nuscenes,scene-1094_019,tfwd_2cm,tfwd,2.0000,2,Car,19.1597,0,0.0000,True,30,1.0000,0.0469,mid15-30m
nuscenes,scene-1094_019,tfwd_2cm,tfwd,2.0000,3,Car,23.5005,0,0.0000,True,13,1.0000,0.5306,mid15-30m
nuscenes,scene-1094_019,tleft_2cm,tleft,2.0000,0,Car,16.4372,0,0.7277,False,89,0.2247,1.9939,mid15-30m
nuscenes,scene-1094_019,tleft_2cm,tleft,2.0000,1,Car,26.3325,2,0.0554,False,35,1.0000,1.1139,mid15-30m
nuscenes,scene-1094_019,tleft_2cm,tleft,2.0000,2,Car,19.1597,0,0.0000,True,30,1.0000,1.4791,mid15-30m
nuscenes,scene-1094_019,tleft_2cm,tleft,2.0000,3,Car,23.5005,0,0.0000,True,13,1.0000,1.2410,mid15-30m
nuscenes,scene-1094_019,tup_2cm,tup,2.0000,0,Car,16.4372,0,0.7277,False,89,0.2247,1.9939,mid15-30m
nuscenes,scene-1094_019,tup_2cm,tup,2.0000,1,Car,26.3325,2,0.0554,False,35,1.0000,1.1130,mid15-30m
nuscenes,scene-1094_019,tup_2cm,tup,2.0000,2,Car,19.1597,0,0.0000,True,30,1.0000,1.4798,mid15-30m
nuscenes,scene-1094_019,tup_2cm,tup,2.0000,3,Car,23.5005,0,0.0000,True,13,1.0000,1.2409,mid15-30m
nuscenes,scene-1094_019,tfwd_5cm,tfwd,5.0000,0,Car,16.4372,0,0.7277,False,89,0.2360,3.4943,mid15-30m
nuscenes,scene-1094_019,tfwd_5cm,tfwd,5.0000,1,Car,26.3325,2,0.0554,False,35,1.0000,1.3982,mid15-30m
nuscenes,scene-1094_019,tfwd_5cm,tfwd,5.0000,2,Car,19.1597,0,0.0000,True,30,1.0000,0.1170,mid15-30m
nuscenes,scene-1094_019,tfwd_5cm,tfwd,5.0000,3,Car,23.5005,0,0.0000,True,13,1.0000,1.3245,mid15-30m
nuscenes,scene-1094_019,tleft_5cm,tleft,5.0000,0,Car,16.4372,0,0.7277,False,89,0.2360,4.9847,mid15-30m
nuscenes,scene-1094_019,tleft_5cm,tleft,5.0000,1,Car,26.3325,2,0.0554,False,35,1.0000,2.7846,mid15-30m
nuscenes,scene-1094_019,tleft_5cm,tleft,5.0000,2,Car,19.1597,0,0.0000,True,30,0.9667,3.6978,mid15-30m
nuscenes,scene-1094_019,tleft_5cm,tleft,5.0000,3,Car,23.5005,0,0.0000,True,13,1.0000,3.1025,mid15-30m
nuscenes,scene-1094_019,tup_5cm,tup,5.0000,0,Car,16.4372,0,0.7277,False,89,0.2247,4.9845,mid15-30m
nuscenes,scene-1094_019,tup_5cm,tup,5.0000,1,Car,26.3325,2,0.0554,False,35,1.0000,2.7824,mid15-30m
nuscenes,scene-1094_019,tup_5cm,tup,5.0000,2,Car,19.1597,0,0.0000,True,30,1.0000,3.6993,mid15-30m
nuscenes,scene-1094_019,tup_5cm,tup,5.0000,3,Car,23.5005,0,0.0000,True,13,1.0000,3.1022,mid15-30m
nuscenes,scene-1094_019,tfwd_10cm,tfwd,10.0000,0,Car,16.4372,0,0.7277,False,89,0.2360,6.9608,mid15-30m
nuscenes,scene-1094_019,tfwd_10cm,tfwd,10.0000,1,Car,26.3325,2,0.0554,False,35,1.0000,2.7903,mid15-30m
nuscenes,scene-1094_019,tfwd_10cm,tfwd,10.0000,2,Car,19.1597,0,0.0000,True,30,1.0000,0.2333,mid15-30m
nuscenes,scene-1094_019,tfwd_10cm,tfwd,10.0000,3,Car,23.5005,0,0.0000,True,13,1.0000,2.6424,mid15-30m
nuscenes,scene-1094_019,tleft_10cm,tleft,10.0000,0,Car,16.4372,0,0.7277,False,89,0.2360,9.9693,mid15-30m
nuscenes,scene-1094_019,tleft_10cm,tleft,10.0000,1,Car,26.3325,2,0.0554,False,35,1.0000,5.5693,mid15-30m
nuscenes,scene-1094_019,tleft_10cm,tleft,10.0000,2,Car,19.1597,0,0.0000,True,30,0.9333,7.3957,mid15-30m
nuscenes,scene-1094_019,tleft_10cm,tleft,10.0000,3,Car,23.5005,0,0.0000,True,13,1.0000,6.2050,mid15-30m
nuscenes,scene-1094_019,tup_10cm,tup,10.0000,0,Car,16.4372,0,0.7277,False,89,0.2247,9.9683,mid15-30m
nuscenes,scene-1094_019,tup_10cm,tup,10.0000,1,Car,26.3325,2,0.0554,False,35,1.0000,5.5645,mid15-30m
nuscenes,scene-1094_019,tup_10cm,tup,10.0000,2,Car,19.1597,0,0.0000,True,30,1.0000,7.3983,mid15-30m
nuscenes,scene-1094_019,tup_10cm,tup,10.0000,3,Car,23.5005,0,0.0000,True,13,1.0000,6.2041,mid15-30m
nuscenes,scene-1094_020,baseline,baseline,0.0000,1,Car,23.8270,2,0.5291,False,37,0.5676,0.0000,mid15-30m
nuscenes,scene-1094_020,baseline,baseline,0.0000,3,Car,20.0155,0,0.0000,True,37,1.0000,0.0000,mid15-30m
nuscenes,scene-1094_020,baseline,baseline,0.0000,4,Car,20.8865,0,0.0287,True,24,1.0000,0.0000,mid15-30m
nuscenes,scene-1094_020,yaw_0.5deg,yaw,0.5000,1,Car,23.8270,2,0.5291,False,37,0.6486,15.3612,mid15-30m
nuscenes,scene-1094_020,yaw_0.5deg,yaw,0.5000,3,Car,20.0155,0,0.0000,True,37,0.9189,11.3715,mid15-30m
nuscenes,scene-1094_020,yaw_0.5deg,yaw,0.5000,4,Car,20.8865,0,0.0287,True,24,1.0000,14.2896,mid15-30m
nuscenes,scene-1094_020,pitch_0.5deg,pitch,0.5000,1,Car,23.8270,2,0.5291,False,37,0.5676,11.3660,mid15-30m
nuscenes,scene-1094_020,pitch_0.5deg,pitch,0.5000,3,Car,20.0155,0,0.0000,True,37,1.0000,11.3802,mid15-30m
nuscenes,scene-1094_020,pitch_0.5deg,pitch,0.5000,4,Car,20.8865,0,0.0287,True,24,1.0000,11.4166,mid15-30m
nuscenes,scene-1094_020,roll_0.5deg,roll,0.5000,1,Car,23.8270,2,0.5291,False,37,0.5676,6.6976,mid15-30m
nuscenes,scene-1094_020,roll_0.5deg,roll,0.5000,3,Car,20.0155,0,0.0000,True,37,1.0000,0.4874,mid15-30m
nuscenes,scene-1094_020,roll_0.5deg,roll,0.5000,4,Car,20.8865,0,0.0287,True,24,1.0000,5.7005,mid15-30m
nuscenes,scene-1094_020,yaw_1.0deg,yaw,1.0000,1,Car,23.8270,2,0.5291,False,37,0.7838,30.5617,mid15-30m
nuscenes,scene-1094_020,yaw_1.0deg,yaw,1.0000,3,Car,20.0155,0,0.0000,True,37,0.8378,22.7419,mid15-30m
nuscenes,scene-1094_020,yaw_1.0deg,yaw,1.0000,4,Car,20.8865,0,0.0287,True,24,1.0000,28.4518,mid15-30m
nuscenes,scene-1094_020,pitch_1.0deg,pitch,1.0000,1,Car,23.8270,2,0.5291,False,37,0.5676,22.7361,mid15-30m
nuscenes,scene-1094_020,pitch_1.0deg,pitch,1.0000,3,Car,20.0155,0,0.0000,True,37,1.0000,22.7693,mid15-30m
nuscenes,scene-1094_020,pitch_1.0deg,pitch,1.0000,4,Car,20.8865,0,0.0287,True,24,1.0000,22.8460,mid15-30m
nuscenes,scene-1094_020,roll_1.0deg,roll,1.0000,1,Car,23.8270,2,0.5291,False,37,0.5676,13.3956,mid15-30m
nuscenes,scene-1094_020,roll_1.0deg,roll,1.0000,3,Car,20.0155,0,0.0000,True,37,1.0000,0.9748,mid15-30m
nuscenes,scene-1094_020,roll_1.0deg,roll,1.0000,4,Car,20.8865,0,0.0287,True,24,1.0000,11.4014,mid15-30m
nuscenes,scene-1094_020,yaw_2.0deg,yaw,2.0000,1,Car,23.8270,2,0.5291,False,37,0.8378,60.4993,mid15-30m
nuscenes,scene-1094_020,yaw_2.0deg,yaw,2.0000,3,Car,20.0155,0,0.0000,True,37,0.5946,45.4867,mid15-30m
nuscenes,scene-1094_020,yaw_2.0deg,yaw,2.0000,4,Car,20.8865,0,0.0287,True,24,0.9167,56.4094,mid15-30m
nuscenes,scene-1094_020,pitch_2.0deg,pitch,2.0000,1,Car,23.8270,2,0.5291,False,37,0.5135,45.4966,mid15-30m
nuscenes,scene-1094_020,pitch_2.0deg,pitch,2.0000,3,Car,20.0155,0,0.0000,True,37,0.5946,45.5814,mid15-30m
nuscenes,scene-1094_020,pitch_2.0deg,pitch,2.0000,4,Car,20.8865,0,0.0287,True,24,0.6667,45.7509,mid15-30m
nuscenes,scene-1094_020,roll_2.0deg,roll,2.0000,1,Car,23.8270,2,0.5291,False,37,0.5676,26.7926,mid15-30m
nuscenes,scene-1094_020,roll_2.0deg,roll,2.0000,3,Car,20.0155,0,0.0000,True,37,1.0000,1.9496,mid15-30m
nuscenes,scene-1094_020,roll_2.0deg,roll,2.0000,4,Car,20.8865,0,0.0287,True,24,1.0000,22.8037,mid15-30m
nuscenes,scene-1094_020,yaw_3.0deg,yaw,3.0000,1,Car,23.8270,2,0.5291,False,37,0.8378,89.8502,mid15-30m
nuscenes,scene-1094_020,yaw_3.0deg,yaw,3.0000,3,Car,20.0155,0,0.0000,True,37,0.4324,68.2490,mid15-30m
nuscenes,scene-1094_020,yaw_3.0deg,yaw,3.0000,4,Car,20.8865,0,0.0287,True,24,0.7917,83.9029,mid15-30m
nuscenes,scene-1094_020,pitch_3.0deg,pitch,3.0000,1,Car,23.8270,2,0.5291,False,37,0.4324,68.2979,mid15-30m
nuscenes,scene-1094_020,pitch_3.0deg,pitch,3.0000,3,Car,20.0155,0,0.0000,True,37,0.2432,68.4507,mid15-30m
nuscenes,scene-1094_020,pitch_3.0deg,pitch,3.0000,4,Car,20.8865,0,0.0287,True,24,0.6667,68.7309,mid15-30m
nuscenes,scene-1094_020,roll_3.0deg,roll,3.0000,1,Car,23.8270,2,0.5291,False,37,0.5135,40.1900,mid15-30m
nuscenes,scene-1094_020,roll_3.0deg,roll,3.0000,3,Car,20.0155,0,0.0000,True,37,1.0000,2.9242,mid15-30m
nuscenes,scene-1094_020,roll_3.0deg,roll,3.0000,4,Car,20.8865,0,0.0287,True,24,0.9167,34.2060,mid15-30m
nuscenes,scene-1094_020,tfwd_2cm,tfwd,2.0000,1,Car,23.8270,2,0.5291,False,37,0.5676,0.7909,mid15-30m
nuscenes,scene-1094_020,tfwd_2cm,tfwd,2.0000,3,Car,20.0155,0,0.0000,True,37,1.0000,0.0515,mid15-30m
nuscenes,scene-1094_020,tfwd_2cm,tfwd,2.0000,4,Car,20.8865,0,0.0287,True,24,1.0000,0.7496,mid15-30m
nuscenes,scene-1094_020,tleft_2cm,tleft,2.0000,1,Car,23.8270,2,0.5291,False,37,0.5676,1.3021,mid15-30m
nuscenes,scene-1094_020,tleft_2cm,tleft,2.0000,3,Car,20.0155,0,0.0000,True,37,1.0000,1.3976,mid15-30m
nuscenes,scene-1094_020,tleft_2cm,tleft,2.0000,4,Car,20.8865,0,0.0287,True,24,1.0000,1.4517,mid15-30m
nuscenes,scene-1094_020,tup_2cm,tup,2.0000,1,Car,23.8270,2,0.5291,False,37,0.5676,1.3000,mid15-30m
nuscenes,scene-1094_020,tup_2cm,tup,2.0000,3,Car,20.0155,0,0.0000,True,37,1.0000,1.3979,mid15-30m
nuscenes,scene-1094_020,tup_2cm,tup,2.0000,4,Car,20.8865,0,0.0287,True,24,1.0000,1.4506,mid15-30m
nuscenes,scene-1094_020,tfwd_5cm,tfwd,5.0000,1,Car,23.8270,2,0.5291,False,37,0.5676,1.9741,mid15-30m
nuscenes,scene-1094_020,tfwd_5cm,tfwd,5.0000,3,Car,20.0155,0,0.0000,True,37,1.0000,0.1284,mid15-30m
nuscenes,scene-1094_020,tfwd_5cm,tfwd,5.0000,4,Car,20.8865,0,0.0287,True,24,1.0000,1.8707,mid15-30m
nuscenes,scene-1094_020,tleft_5cm,tleft,5.0000,1,Car,23.8270,2,0.5291,False,37,0.5676,3.2553,mid15-30m
nuscenes,scene-1094_020,tleft_5cm,tleft,5.0000,3,Car,20.0155,0,0.0000,True,37,1.0000,3.4939,mid15-30m
nuscenes,scene-1094_020,tleft_5cm,tleft,5.0000,4,Car,20.8865,0,0.0287,True,24,1.0000,3.6292,mid15-30m
nuscenes,scene-1094_020,tup_5cm,tup,5.0000,1,Car,23.8270,2,0.5291,False,37,0.5676,3.2500,mid15-30m
nuscenes,scene-1094_020,tup_5cm,tup,5.0000,3,Car,20.0155,0,0.0000,True,37,1.0000,3.4947,mid15-30m
nuscenes,scene-1094_020,tup_5cm,tup,5.0000,4,Car,20.8865,0,0.0287,True,24,1.0000,3.6264,mid15-30m
nuscenes,scene-1094_020,tfwd_10cm,tfwd,10.0000,1,Car,23.8270,2,0.5291,False,37,0.5676,3.9380,mid15-30m
nuscenes,scene-1094_020,tfwd_10cm,tfwd,10.0000,3,Car,20.0155,0,0.0000,True,37,1.0000,0.2562,mid15-30m
nuscenes,scene-1094_020,tfwd_10cm,tfwd,10.0000,4,Car,20.8865,0,0.0287,True,24,1.0000,3.7307,mid15-30m
nuscenes,scene-1094_020,tleft_10cm,tleft,10.0000,1,Car,23.8270,2,0.5291,False,37,0.5946,6.5105,mid15-30m
nuscenes,scene-1094_020,tleft_10cm,tleft,10.0000,3,Car,20.0155,0,0.0000,True,37,0.9189,6.9877,mid15-30m
nuscenes,scene-1094_020,tleft_10cm,tleft,10.0000,4,Car,20.8865,0,0.0287,True,24,1.0000,7.2583,mid15-30m
nuscenes,scene-1094_020,tup_10cm,tup,10.0000,1,Car,23.8270,2,0.5291,False,37,0.5676,6.4997,mid15-30m
nuscenes,scene-1094_020,tup_10cm,tup,10.0000,3,Car,20.0155,0,0.0000,True,37,1.0000,6.9890,mid15-30m
nuscenes,scene-1094_020,tup_10cm,tup,10.0000,4,Car,20.8865,0,0.0287,True,24,1.0000,7.2524,mid15-30m
nuscenes,scene-1094_021,baseline,baseline,0.0000,1,Car,20.9561,2,0.9452,False,66,0.0000,0.0000,mid15-30m
nuscenes,scene-1094_021,baseline,baseline,0.0000,3,Car,20.9594,0,0.0000,True,25,1.0000,0.0000,mid15-30m
nuscenes,scene-1094_021,baseline,baseline,0.0000,4,Car,17.8541,0,0.6376,False,50,0.4800,0.0000,mid15-30m
nuscenes,scene-1094_021,baseline,baseline,0.0000,7,Motorcycle,16.9602,0,0.0000,True,16,1.0000,0.0000,mid15-30m
nuscenes,scene-1094_021,yaw_0.5deg,yaw,0.5000,1,Car,20.9561,2,0.9452,False,66,0.0000,18.3163,mid15-30m
nuscenes,scene-1094_021,yaw_0.5deg,yaw,0.5000,3,Car,20.9594,0,0.0000,True,25,0.9200,11.3638,mid15-30m
nuscenes,scene-1094_021,yaw_0.5deg,yaw,0.5000,4,Car,17.8541,0,0.6376,False,50,0.5400,16.0153,mid15-30m
nuscenes,scene-1094_021,yaw_0.5deg,yaw,0.5000,7,Motorcycle,16.9602,0,0.0000,True,16,1.0000,14.0188,mid15-30m
nuscenes,scene-1094_021,pitch_0.5deg,pitch,0.5000,1,Car,20.9561,2,0.9452,False,66,0.0000,11.4812,mid15-30m
nuscenes,scene-1094_021,pitch_0.5deg,pitch,0.5000,3,Car,20.9594,0,0.0000,True,25,1.0000,11.3752,mid15-30m
nuscenes,scene-1094_021,pitch_0.5deg,pitch,0.5000,4,Car,17.8541,0,0.6376,False,50,0.4800,11.5235,mid15-30m
nuscenes,scene-1094_021,pitch_0.5deg,pitch,0.5000,7,Motorcycle,16.9602,0,0.0000,True,16,1.0000,11.4776,mid15-30m
nuscenes,scene-1094_021,roll_0.5deg,roll,0.5000,1,Car,20.9561,2,0.9452,False,66,0.0000,8.7456,mid15-30m
nuscenes,scene-1094_021,roll_0.5deg,roll,0.5000,3,Car,20.9594,0,0.0000,True,25,1.0000,0.5474,mid15-30m
nuscenes,scene-1094_021,roll_0.5deg,roll,0.5000,4,Car,17.8541,0,0.6376,False,50,0.4800,7.1040,mid15-30m
nuscenes,scene-1094_021,roll_0.5deg,roll,0.5000,7,Motorcycle,16.9602,0,0.0000,True,16,1.0000,5.3907,mid15-30m
nuscenes,scene-1094_021,yaw_1.0deg,yaw,1.0000,1,Car,20.9561,2,0.9452,False,66,0.0303,36.3810,mid15-30m
nuscenes,scene-1094_021,yaw_1.0deg,yaw,1.0000,3,Car,20.9594,0,0.0000,True,25,0.8400,22.7243,mid15-30m
nuscenes,scene-1094_021,yaw_1.0deg,yaw,1.0000,4,Car,17.8541,0,0.6376,False,50,0.5800,31.8513,mid15-30m
nuscenes,scene-1094_021,yaw_1.0deg,yaw,1.0000,7,Motorcycle,16.9602,0,0.0000,True,16,0.9375,27.9196,mid15-30m
nuscenes,scene-1094_021,pitch_1.0deg,pitch,1.0000,1,Car,20.9561,2,0.9452,False,66,0.0000,22.9734,mid15-30m
nuscenes,scene-1094_021,pitch_1.0deg,pitch,1.0000,3,Car,20.9594,0,0.0000,True,25,1.0000,22.7621,mid15-30m
nuscenes,scene-1094_021,pitch_1.0deg,pitch,1.0000,4,Car,17.8541,0,0.6376,False,50,0.4800,23.0644,mid15-30m
nuscenes,scene-1094_021,pitch_1.0deg,pitch,1.0000,7,Motorcycle,16.9602,0,0.0000,True,16,1.0000,22.9687,mid15-30m
nuscenes,scene-1094_021,roll_1.0deg,roll,1.0000,1,Car,20.9561,2,0.9452,False,66,0.0000,17.4922,mid15-30m
nuscenes,scene-1094_021,roll_1.0deg,roll,1.0000,3,Car,20.9594,0,0.0000,True,25,1.0000,1.0947,mid15-30m
nuscenes,scene-1094_021,roll_1.0deg,roll,1.0000,4,Car,17.8541,0,0.6376,False,50,0.4800,14.2087,mid15-30m
nuscenes,scene-1094_021,roll_1.0deg,roll,1.0000,7,Motorcycle,16.9602,0,0.0000,True,16,1.0000,10.7817,mid15-30m
nuscenes,scene-1094_021,yaw_2.0deg,yaw,2.0000,1,Car,20.9561,2,0.9452,False,66,0.0303,71.7871,mid15-30m
nuscenes,scene-1094_021,yaw_2.0deg,yaw,2.0000,3,Car,20.9594,0,0.0000,True,25,0.6000,45.4429,mid15-30m
nuscenes,scene-1094_021,yaw_2.0deg,yaw,2.0000,4,Car,17.8541,0,0.6376,False,50,0.4600,63.0069,mid15-30m
nuscenes,scene-1094_021,yaw_2.0deg,yaw,2.0000,7,Motorcycle,16.9602,0,0.0000,True,16,0.6875,55.3811,mid15-30m
nuscenes,scene-1094_021,pitch_2.0deg,pitch,2.0000,1,Car,20.9561,2,0.9452,False,66,0.0000,45.9999,mid15-30m
nuscenes,scene-1094_021,pitch_2.0deg,pitch,2.0000,3,Car,20.9594,0,0.0000,True,25,0.4400,45.5778,mid15-30m
nuscenes,scene-1094_021,pitch_2.0deg,pitch,2.0000,4,Car,17.8541,0,0.6376,False,50,0.4800,46.2071,mid15-30m
nuscenes,scene-1094_021,pitch_2.0deg,pitch,2.0000,7,Motorcycle,16.9602,0,0.0000,True,16,0.8750,45.9991,mid15-30m
nuscenes,scene-1094_021,roll_2.0deg,roll,2.0000,1,Car,20.9561,2,0.9452,False,66,0.0000,34.9875,mid15-30m
nuscenes,scene-1094_021,roll_2.0deg,roll,2.0000,3,Car,20.9594,0,0.0000,True,25,1.0000,2.1893,mid15-30m
nuscenes,scene-1094_021,roll_2.0deg,roll,2.0000,4,Car,17.8541,0,0.6376,False,50,0.4800,28.4192,mid15-30m
nuscenes,scene-1094_021,roll_2.0deg,roll,2.0000,7,Motorcycle,16.9602,0,0.0000,True,16,1.0000,21.5642,mid15-30m
nuscenes,scene-1094_021,yaw_3.0deg,yaw,3.0000,1,Car,20.9561,2,0.9452,False,66,0.0455,106.2786,mid15-30m
nuscenes,scene-1094_021,yaw_3.0deg,yaw,3.0000,3,Car,20.9594,0,0.0000,True,25,0.3600,68.1701,mid15-30m
nuscenes,scene-1094_021,yaw_3.0deg,yaw,3.0000,4,Car,17.8541,0,0.6376,False,50,0.3600,93.5089,mid15-30m
nuscenes,scene-1094_021,yaw_3.0deg,yaw,3.0000,7,Motorcycle,16.9602,0,0.0000,True,16,0.4375,82.4130,mid15-30m
nuscenes,scene-1094_021,pitch_3.0deg,pitch,3.0000,1,Car,20.9561,2,0.9452,False,66,0.0000,69.0978,mid15-30m
nuscenes,scene-1094_021,pitch_3.0deg,pitch,3.0000,3,Car,20.9594,0,0.0000,True,25,0.0000,68.4621,mid15-30m
nuscenes,scene-1094_021,pitch_3.0deg,pitch,3.0000,4,Car,17.8541,0,0.6376,False,50,0.4600,69.4457,mid15-30m
nuscenes,scene-1094_021,pitch_3.0deg,pitch,3.0000,7,Motorcycle,16.9602,0,0.0000,True,16,0.8750,69.1077,mid15-30m
nuscenes,scene-1094_021,roll_3.0deg,roll,3.0000,1,Car,20.9561,2,0.9452,False,66,0.0000,52.4844,mid15-30m
nuscenes,scene-1094_021,roll_3.0deg,roll,3.0000,3,Car,20.9594,0,0.0000,True,25,1.0000,3.2838,mid15-30m
nuscenes,scene-1094_021,roll_3.0deg,roll,3.0000,4,Car,17.8541,0,0.6376,False,50,0.4800,42.6303,mid15-30m
nuscenes,scene-1094_021,roll_3.0deg,roll,3.0000,7,Motorcycle,16.9602,0,0.0000,True,16,1.0000,32.3467,mid15-30m
nuscenes,scene-1094_021,tfwd_2cm,tfwd,2.0000,1,Car,20.9561,2,0.9452,False,66,0.0000,1.3109,mid15-30m
nuscenes,scene-1094_021,tfwd_2cm,tfwd,2.0000,3,Car,20.9594,0,0.0000,True,25,1.0000,0.0507,mid15-30m
nuscenes,scene-1094_021,tfwd_2cm,tfwd,2.0000,4,Car,17.8541,0,0.6376,False,50,0.4800,1.1434,mid15-30m
nuscenes,scene-1094_021,tfwd_2cm,tfwd,2.0000,7,Motorcycle,16.9602,0,0.0000,True,16,1.0000,0.8241,mid15-30m
nuscenes,scene-1094_021,tleft_2cm,tleft,2.0000,1,Car,20.9561,2,0.9452,False,66,0.0000,1.6496,mid15-30m
nuscenes,scene-1094_021,tleft_2cm,tleft,2.0000,3,Car,20.9594,0,0.0000,True,25,1.0000,1.3395,mid15-30m
nuscenes,scene-1094_021,tleft_2cm,tleft,2.0000,4,Car,17.8541,0,0.6376,False,50,0.4800,1.7668,mid15-30m
nuscenes,scene-1094_021,tleft_2cm,tleft,2.0000,7,Motorcycle,16.9602,0,0.0000,True,16,1.0000,1.6934,mid15-30m
nuscenes,scene-1094_021,tup_2cm,tup,2.0000,1,Car,20.9561,2,0.9452,False,66,0.0000,1.6461,mid15-30m
nuscenes,scene-1094_021,tup_2cm,tup,2.0000,3,Car,20.9594,0,0.0000,True,25,1.0000,1.3402,mid15-30m
nuscenes,scene-1094_021,tup_2cm,tup,2.0000,4,Car,17.8541,0,0.6376,False,50,0.4800,1.7647,mid15-30m
nuscenes,scene-1094_021,tup_2cm,tup,2.0000,7,Motorcycle,16.9602,0,0.0000,True,16,1.0000,1.6918,mid15-30m
nuscenes,scene-1094_021,tfwd_5cm,tfwd,5.0000,1,Car,20.9561,2,0.9452,False,66,0.0000,3.2709,mid15-30m
nuscenes,scene-1094_021,tfwd_5cm,tfwd,5.0000,3,Car,20.9594,0,0.0000,True,25,1.0000,0.1266,mid15-30m
nuscenes,scene-1094_021,tfwd_5cm,tfwd,5.0000,4,Car,17.8541,0,0.6376,False,50,0.4800,2.8526,mid15-30m
nuscenes,scene-1094_021,tfwd_5cm,tfwd,5.0000,7,Motorcycle,16.9602,0,0.0000,True,16,1.0000,2.0561,mid15-30m
nuscenes,scene-1094_021,tleft_5cm,tleft,5.0000,1,Car,20.9561,2,0.9452,False,66,0.0000,4.1240,mid15-30m
nuscenes,scene-1094_021,tleft_5cm,tleft,5.0000,3,Car,20.9594,0,0.0000,True,25,1.0000,3.3488,mid15-30m
nuscenes,scene-1094_021,tleft_5cm,tleft,5.0000,4,Car,17.8541,0,0.6376,False,50,0.4800,4.4171,mid15-30m
nuscenes,scene-1094_021,tleft_5cm,tleft,5.0000,7,Motorcycle,16.9602,0,0.0000,True,16,1.0000,4.2334,mid15-30m
nuscenes,scene-1094_021,tup_5cm,tup,5.0000,1,Car,20.9561,2,0.9452,False,66,0.0000,4.1151,mid15-30m
nuscenes,scene-1094_021,tup_5cm,tup,5.0000,3,Car,20.9594,0,0.0000,True,25,1.0000,3.3503,mid15-30m
nuscenes,scene-1094_021,tup_5cm,tup,5.0000,4,Car,17.8541,0,0.6376,False,50,0.4800,4.4117,mid15-30m
nuscenes,scene-1094_021,tup_5cm,tup,5.0000,7,Motorcycle,16.9602,0,0.0000,True,16,1.0000,4.2293,mid15-30m
nuscenes,scene-1094_021,tfwd_10cm,tfwd,10.0000,1,Car,20.9561,2,0.9452,False,66,0.0000,6.5204,mid15-30m
nuscenes,scene-1094_021,tfwd_10cm,tfwd,10.0000,3,Car,20.9594,0,0.0000,True,25,1.0000,0.2524,mid15-30m
nuscenes,scene-1094_021,tfwd_10cm,tfwd,10.0000,4,Car,17.8541,0,0.6376,False,50,0.4800,5.6850,mid15-30m
nuscenes,scene-1094_021,tfwd_10cm,tfwd,10.0000,7,Motorcycle,16.9602,0,0.0000,True,16,1.0000,4.0985,mid15-30m
nuscenes,scene-1094_021,tleft_10cm,tleft,10.0000,1,Car,20.9561,2,0.9452,False,66,0.0000,8.2479,mid15-30m
nuscenes,scene-1094_021,tleft_10cm,tleft,10.0000,3,Car,20.9594,0,0.0000,True,25,0.9200,6.6975,mid15-30m
nuscenes,scene-1094_021,tleft_10cm,tleft,10.0000,4,Car,17.8541,0,0.6376,False,50,0.5400,8.8340,mid15-30m
nuscenes,scene-1094_021,tleft_10cm,tleft,10.0000,7,Motorcycle,16.9602,0,0.0000,True,16,1.0000,8.4667,mid15-30m
nuscenes,scene-1094_021,tup_10cm,tup,10.0000,1,Car,20.9561,2,0.9452,False,66,0.0000,8.2298,mid15-30m
nuscenes,scene-1094_021,tup_10cm,tup,10.0000,3,Car,20.9594,0,0.0000,True,25,1.0000,6.7002,mid15-30m
nuscenes,scene-1094_021,tup_10cm,tup,10.0000,4,Car,17.8541,0,0.6376,False,50,0.4800,8.8228,mid15-30m
nuscenes,scene-1094_021,tup_10cm,tup,10.0000,7,Motorcycle,16.9602,0,0.0000,True,16,1.0000,8.4581,mid15-30m
nuscenes,scene-1094_022,baseline,baseline,0.0000,3,Car,21.8307,0,0.0000,True,23,1.0000,0.0000,mid15-30m
nuscenes,scene-1094_022,baseline,baseline,0.0000,8,Car,20.5299,0,0.1546,True,25,0.9600,0.0000,mid15-30m
nuscenes,scene-1094_022,yaw_0.5deg,yaw,0.5000,3,Car,21.8307,0,0.0000,True,23,0.8696,11.3460,mid15-30m
nuscenes,scene-1094_022,yaw_0.5deg,yaw,0.5000,8,Car,20.5299,0,0.1546,True,25,0.9600,14.3961,mid15-30m
nuscenes,scene-1094_022,pitch_0.5deg,pitch,0.5000,3,Car,21.8307,0,0.0000,True,23,1.0000,11.3535,mid15-30m
nuscenes,scene-1094_022,pitch_0.5deg,pitch,0.5000,8,Car,20.5299,0,0.1546,True,25,0.9600,11.4194,mid15-30m
nuscenes,scene-1094_022,roll_0.5deg,roll,0.5000,3,Car,21.8307,0,0.0000,True,23,1.0000,0.6055,mid15-30m
nuscenes,scene-1094_022,roll_0.5deg,roll,0.5000,8,Car,20.5299,0,0.1546,True,25,0.9600,5.8038,mid15-30m
nuscenes,scene-1094_022,yaw_1.0deg,yaw,1.0000,3,Car,21.8307,0,0.0000,True,23,0.8696,22.6866,mid15-30m
nuscenes,scene-1094_022,yaw_1.0deg,yaw,1.0000,8,Car,20.5299,0,0.1546,True,25,0.9600,28.6614,mid15-30m
nuscenes,scene-1094_022,pitch_1.0deg,pitch,1.0000,3,Car,21.8307,0,0.0000,True,23,1.0000,22.7186,mid15-30m
nuscenes,scene-1094_022,pitch_1.0deg,pitch,1.0000,8,Car,20.5299,0,0.1546,True,25,0.9600,22.8522,mid15-30m
nuscenes,scene-1094_022,roll_1.0deg,roll,1.0000,3,Car,21.8307,0,0.0000,True,23,1.0000,1.2110,mid15-30m
nuscenes,scene-1094_022,roll_1.0deg,roll,1.0000,8,Car,20.5299,0,0.1546,True,25,0.9600,11.6079,mid15-30m
nuscenes,scene-1094_022,yaw_2.0deg,yaw,2.0000,3,Car,21.8307,0,0.0000,True,23,0.6522,45.3586,mid15-30m
nuscenes,scene-1094_022,yaw_2.0deg,yaw,2.0000,8,Car,20.5299,0,0.1546,True,25,0.9600,56.8155,mid15-30m
nuscenes,scene-1094_022,pitch_2.0deg,pitch,2.0000,3,Car,21.8307,0,0.0000,True,23,0.4348,45.4911,mid15-30m
nuscenes,scene-1094_022,pitch_2.0deg,pitch,2.0000,8,Car,20.5299,0,0.1546,True,25,0.5600,45.7658,mid15-30m
nuscenes,scene-1094_022,roll_2.0deg,roll,2.0000,3,Car,21.8307,0,0.0000,True,23,0.9565,2.4219,mid15-30m
nuscenes,scene-1094_022,roll_2.0deg,roll,2.0000,8,Car,20.5299,0,0.1546,True,25,0.9600,23.2168,mid15-30m
nuscenes,scene-1094_022,yaw_3.0deg,yaw,3.0000,3,Car,21.8307,0,0.0000,True,23,0.3913,68.0304,mid15-30m
nuscenes,scene-1094_022,yaw_3.0deg,yaw,3.0000,8,Car,20.5299,0,0.1546,True,25,0.8400,84.4928,mid15-30m
nuscenes,scene-1094_022,pitch_3.0deg,pitch,3.0000,3,Car,21.8307,0,0.0000,True,23,0.0000,68.3322,mid15-30m
nuscenes,scene-1094_022,pitch_3.0deg,pitch,3.0000,8,Car,20.5299,0,0.1546,True,25,0.5600,68.7572,mid15-30m
nuscenes,scene-1094_022,roll_3.0deg,roll,3.0000,3,Car,21.8307,0,0.0000,True,23,0.9565,3.6327,mid15-30m
nuscenes,scene-1094_022,roll_3.0deg,roll,3.0000,8,Car,20.5299,0,0.1546,True,25,0.9600,34.8257,mid15-30m
nuscenes,scene-1094_022,tfwd_2cm,tfwd,2.0000,3,Car,21.8307,0,0.0000,True,23,1.0000,0.0573,mid15-30m
nuscenes,scene-1094_022,tfwd_2cm,tfwd,2.0000,8,Car,20.5299,0,0.1546,True,25,0.9600,0.7784,mid15-30m
nuscenes,scene-1094_022,tleft_2cm,tleft,2.0000,3,Car,21.8307,0,0.0000,True,23,1.0000,1.2799,mid15-30m
nuscenes,scene-1094_022,tleft_2cm,tleft,2.0000,8,Car,20.5299,0,0.1546,True,25,0.9600,1.4819,mid15-30m
nuscenes,scene-1094_022,tup_2cm,tup,2.0000,3,Car,21.8307,0,0.0000,True,23,1.0000,1.2805,mid15-30m
nuscenes,scene-1094_022,tup_2cm,tup,2.0000,8,Car,20.5299,0,0.1546,True,25,0.9600,1.4802,mid15-30m
nuscenes,scene-1094_022,tfwd_5cm,tfwd,5.0000,3,Car,21.8307,0,0.0000,True,23,1.0000,0.1431,mid15-30m
nuscenes,scene-1094_022,tfwd_5cm,tfwd,5.0000,8,Car,20.5299,0,0.1546,True,25,0.9600,1.9427,mid15-30m
nuscenes,scene-1094_022,tleft_5cm,tleft,5.0000,3,Car,21.8307,0,0.0000,True,23,0.9565,3.1998,mid15-30m
nuscenes,scene-1094_022,tleft_5cm,tleft,5.0000,8,Car,20.5299,0,0.1546,True,25,0.9600,3.7048,mid15-30m
nuscenes,scene-1094_022,tup_5cm,tup,5.0000,3,Car,21.8307,0,0.0000,True,23,1.0000,3.2011,mid15-30m
nuscenes,scene-1094_022,tup_5cm,tup,5.0000,8,Car,20.5299,0,0.1546,True,25,0.9600,3.7003,mid15-30m
nuscenes,scene-1094_022,tfwd_10cm,tfwd,10.0000,3,Car,21.8307,0,0.0000,True,23,1.0000,0.2855,mid15-30m
nuscenes,scene-1094_022,tfwd_10cm,tfwd,10.0000,8,Car,20.5299,0,0.1546,True,25,0.9600,3.8740,mid15-30m
nuscenes,scene-1094_022,tleft_10cm,tleft,10.0000,3,Car,21.8307,0,0.0000,True,23,0.9565,6.3996,mid15-30m
nuscenes,scene-1094_022,tleft_10cm,tleft,10.0000,8,Car,20.5299,0,0.1546,True,25,0.9600,7.4095,mid15-30m
nuscenes,scene-1094_022,tup_10cm,tup,10.0000,3,Car,21.8307,0,0.0000,True,23,1.0000,6.4020,mid15-30m
nuscenes,scene-1094_022,tup_10cm,tup,10.0000,8,Car,20.5299,0,0.1546,True,25,0.9600,7.4002,mid15-30m
nuscenes,scene-1094_023,baseline,baseline,0.0000,3,Car,22.8675,0,0.0000,True,18,1.0000,0.0000,mid15-30m
nuscenes,scene-1094_023,baseline,baseline,0.0000,8,Car,16.5287,0,0.8354,False,58,0.1724,0.0000,mid15-30m
nuscenes,scene-1094_023,yaw_0.5deg,yaw,0.5000,3,Car,22.8675,0,0.0000,True,18,0.8889,11.3149,mid15-30m
nuscenes,scene-1094_023,yaw_0.5deg,yaw,0.5000,8,Car,16.5287,0,0.8354,False,58,0.2069,17.1337,mid15-30m
nuscenes,scene-1094_023,pitch_0.5deg,pitch,0.5000,3,Car,22.8675,0,0.0000,True,18,1.0000,11.3161,mid15-30m
nuscenes,scene-1094_023,pitch_0.5deg,pitch,0.5000,8,Car,16.5287,0,0.8354,False,58,0.1724,11.5267,mid15-30m
nuscenes,scene-1094_023,roll_0.5deg,roll,0.5000,3,Car,22.8675,0,0.0000,True,18,1.0000,0.6270,mid15-30m
nuscenes,scene-1094_023,roll_0.5deg,roll,0.5000,8,Car,16.5287,0,0.8354,False,58,0.1724,7.9177,mid15-30m
nuscenes,scene-1094_023,yaw_1.0deg,yaw,1.0000,3,Car,22.8675,0,0.0000,True,18,0.8333,22.6232,mid15-30m
nuscenes,scene-1094_023,yaw_1.0deg,yaw,1.0000,8,Car,16.5287,0,0.8354,False,58,0.2759,34.0531,mid15-30m
nuscenes,scene-1094_023,pitch_1.0deg,pitch,1.0000,3,Car,22.8675,0,0.0000,True,18,0.5000,22.6435,mid15-30m
nuscenes,scene-1094_023,pitch_1.0deg,pitch,1.0000,8,Car,16.5287,0,0.8354,False,58,0.1724,23.0719,mid15-30m
nuscenes,scene-1094_023,roll_1.0deg,roll,1.0000,3,Car,22.8675,0,0.0000,True,18,1.0000,1.2540,mid15-30m
nuscenes,scene-1094_023,roll_1.0deg,roll,1.0000,8,Car,16.5287,0,0.8354,False,58,0.1724,15.8362,mid15-30m
nuscenes,scene-1094_023,yaw_2.0deg,yaw,2.0000,3,Car,22.8675,0,0.0000,True,18,0.5556,45.2268,mid15-30m
nuscenes,scene-1094_023,yaw_2.0deg,yaw,2.0000,8,Car,16.5287,0,0.8354,False,58,0.2931,67.2756,mid15-30m
nuscenes,scene-1094_023,pitch_2.0deg,pitch,2.0000,3,Car,22.8675,0,0.0000,True,18,0.5000,45.3395,mid15-30m
nuscenes,scene-1094_023,pitch_2.0deg,pitch,2.0000,8,Car,16.5287,0,0.8354,False,58,0.1724,46.2270,mid15-30m
nuscenes,scene-1094_023,roll_2.0deg,roll,2.0000,3,Car,22.8675,0,0.0000,True,18,1.0000,2.5079,mid15-30m
nuscenes,scene-1094_023,roll_2.0deg,roll,2.0000,8,Car,16.5287,0,0.8354,False,58,0.1724,31.6748,mid15-30m
nuscenes,scene-1094_023,yaw_3.0deg,yaw,3.0000,3,Car,22.8675,0,0.0000,True,18,0.3889,67.8251,mid15-30m
nuscenes,scene-1094_023,yaw_3.0deg,yaw,3.0000,8,Car,16.5287,0,0.8354,False,58,0.2931,99.7182,mid15-30m
nuscenes,scene-1094_023,pitch_3.0deg,pitch,3.0000,3,Car,22.8675,0,0.0000,True,18,0.0000,68.1024,mid15-30m
nuscenes,scene-1094_023,pitch_3.0deg,pitch,3.0000,8,Car,16.5287,0,0.8354,False,58,0.1724,69.4834,mid15-30m
nuscenes,scene-1094_023,roll_3.0deg,roll,3.0000,3,Car,22.8675,0,0.0000,True,18,1.0000,3.7616,mid15-30m
nuscenes,scene-1094_023,roll_3.0deg,roll,3.0000,8,Car,16.5287,0,0.8354,False,58,0.1724,47.5145,mid15-30m
nuscenes,scene-1094_023,tfwd_2cm,tfwd,2.0000,3,Car,22.8675,0,0.0000,True,18,1.0000,0.0589,mid15-30m
nuscenes,scene-1094_023,tfwd_2cm,tfwd,2.0000,8,Car,16.5287,0,0.8354,False,58,0.1724,1.4353,mid15-30m
nuscenes,scene-1094_023,tleft_2cm,tleft,2.0000,3,Car,22.8675,0,0.0000,True,18,1.0000,1.2206,mid15-30m
nuscenes,scene-1094_023,tleft_2cm,tleft,2.0000,8,Car,16.5287,0,0.8354,False,58,0.1724,1.9873,mid15-30m
nuscenes,scene-1094_023,tup_2cm,tup,2.0000,3,Car,22.8675,0,0.0000,True,18,1.0000,1.2211,mid15-30m
nuscenes,scene-1094_023,tup_2cm,tup,2.0000,8,Car,16.5287,0,0.8354,False,58,0.1724,1.9841,mid15-30m
nuscenes,scene-1094_023,tfwd_5cm,tfwd,5.0000,3,Car,22.8675,0,0.0000,True,18,1.0000,0.1469,mid15-30m
nuscenes,scene-1094_023,tfwd_5cm,tfwd,5.0000,8,Car,16.5287,0,0.8354,False,58,0.1724,3.5796,mid15-30m
nuscenes,scene-1094_023,tleft_5cm,tleft,5.0000,3,Car,22.8675,0,0.0000,True,18,1.0000,3.0516,mid15-30m
nuscenes,scene-1094_023,tleft_5cm,tleft,5.0000,8,Car,16.5287,0,0.8354,False,58,0.1724,4.9682,mid15-30m
nuscenes,scene-1094_023,tup_5cm,tup,5.0000,3,Car,22.8675,0,0.0000,True,18,1.0000,3.0528,mid15-30m
nuscenes,scene-1094_023,tup_5cm,tup,5.0000,8,Car,16.5287,0,0.8354,False,58,0.1724,4.9600,mid15-30m
nuscenes,scene-1094_023,tfwd_10cm,tfwd,10.0000,3,Car,22.8675,0,0.0000,True,18,1.0000,0.2932,mid15-30m
nuscenes,scene-1094_023,tfwd_10cm,tfwd,10.0000,8,Car,16.5287,0,0.8354,False,58,0.2069,7.1309,mid15-30m
nuscenes,scene-1094_023,tleft_10cm,tleft,10.0000,3,Car,22.8675,0,0.0000,True,18,1.0000,6.1031,mid15-30m
nuscenes,scene-1094_023,tleft_10cm,tleft,10.0000,8,Car,16.5287,0,0.8354,False,58,0.2069,9.9362,mid15-30m
nuscenes,scene-1094_023,tup_10cm,tup,10.0000,3,Car,22.8675,0,0.0000,True,18,1.0000,6.1052,mid15-30m
nuscenes,scene-1094_023,tup_10cm,tup,10.0000,8,Car,16.5287,0,0.8354,False,58,0.1724,9.9193,mid15-30m
nuscenes,scene-1094_024,baseline,baseline,0.0000,3,Car,23.5272,0,0.0000,True,22,1.0000,0.0000,mid15-30m
nuscenes,scene-1094_024,baseline,baseline,0.0000,6,Pedestrian,15.8652,0,0.0000,True,11,1.0000,0.0000,mid15-30m
nuscenes,scene-1094_024,yaw_0.5deg,yaw,0.5000,3,Car,23.5272,0,0.0000,True,22,0.9545,11.3216,mid15-30m
nuscenes,scene-1094_024,yaw_0.5deg,yaw,0.5000,6,Pedestrian,15.8652,0,0.0000,True,11,1.0000,12.4451,mid15-30m
nuscenes,scene-1094_024,pitch_0.5deg,pitch,0.5000,3,Car,23.5272,0,0.0000,True,22,0.9545,11.3024,mid15-30m
nuscenes,scene-1094_024,pitch_0.5deg,pitch,0.5000,6,Pedestrian,15.8652,0,0.0000,True,11,1.0000,11.3874,mid15-30m
nuscenes,scene-1094_024,roll_0.5deg,roll,0.5000,3,Car,23.5272,0,0.0000,True,22,1.0000,0.5691,mid15-30m
nuscenes,scene-1094_024,roll_0.5deg,roll,0.5000,6,Pedestrian,15.8652,0,0.0000,True,11,1.0000,3.4095,mid15-30m
nuscenes,scene-1094_024,yaw_1.0deg,yaw,1.0000,3,Car,23.5272,0,0.0000,True,22,0.8182,22.6348,mid15-30m
nuscenes,scene-1094_024,yaw_1.0deg,yaw,1.0000,6,Pedestrian,15.8652,0,0.0000,True,11,0.9091,24.9594,mid15-30m
nuscenes,scene-1094_024,pitch_1.0deg,pitch,1.0000,3,Car,23.5272,0,0.0000,True,22,0.9545,22.6119,mid15-30m
nuscenes,scene-1094_024,pitch_1.0deg,pitch,1.0000,6,Pedestrian,15.8652,0,0.0000,True,11,1.0000,22.7816,mid15-30m
nuscenes,scene-1094_024,roll_1.0deg,roll,1.0000,3,Car,23.5272,0,0.0000,True,22,1.0000,1.1381,mid15-30m
nuscenes,scene-1094_024,roll_1.0deg,roll,1.0000,6,Pedestrian,15.8652,0,0.0000,True,11,1.0000,6.8188,mid15-30m
nuscenes,scene-1094_024,yaw_2.0deg,yaw,2.0000,3,Car,23.5272,0,0.0000,True,22,0.5909,45.2434,mid15-30m
nuscenes,scene-1094_024,yaw_2.0deg,yaw,2.0000,6,Pedestrian,15.8652,0,0.0000,True,11,0.2727,50.2060,mid15-30m
nuscenes,scene-1094_024,pitch_2.0deg,pitch,2.0000,3,Car,23.5272,0,0.0000,True,22,0.4091,45.2598,mid15-30m
nuscenes,scene-1094_024,pitch_2.0deg,pitch,2.0000,6,Pedestrian,15.8652,0,0.0000,True,11,0.9091,45.5976,mid15-30m
nuscenes,scene-1094_024,roll_2.0deg,roll,2.0000,3,Car,23.5272,0,0.0000,True,22,1.0000,2.2761,mid15-30m
nuscenes,scene-1094_024,roll_2.0deg,roll,2.0000,6,Pedestrian,15.8652,0,0.0000,True,11,1.0000,13.6365,mid15-30m
nuscenes,scene-1094_024,yaw_3.0deg,yaw,3.0000,3,Car,23.5272,0,0.0000,True,22,0.3636,67.8402,mid15-30m
nuscenes,scene-1094_024,yaw_3.0deg,yaw,3.0000,6,Pedestrian,15.8652,0,0.0000,True,11,0.0000,75.7610,mid15-30m
nuscenes,scene-1094_024,pitch_3.0deg,pitch,3.0000,3,Car,23.5272,0,0.0000,True,22,0.4091,67.9582,mid15-30m
nuscenes,scene-1094_024,pitch_3.0deg,pitch,3.0000,6,Pedestrian,15.8652,0,0.0000,True,11,0.4545,68.4632,mid15-30m
nuscenes,scene-1094_024,roll_3.0deg,roll,3.0000,3,Car,23.5272,0,0.0000,True,22,1.0000,3.4140,mid15-30m
nuscenes,scene-1094_024,roll_3.0deg,roll,3.0000,6,Pedestrian,15.8652,0,0.0000,True,11,0.9091,20.4524,mid15-30m
nuscenes,scene-1094_024,tfwd_2cm,tfwd,2.0000,3,Car,23.5272,0,0.0000,True,22,1.0000,0.0581,mid15-30m
nuscenes,scene-1094_024,tfwd_2cm,tfwd,2.0000,6,Pedestrian,15.8652,0,0.0000,True,11,1.0000,0.5128,mid15-30m
nuscenes,scene-1094_024,tleft_2cm,tleft,2.0000,3,Car,23.5272,0,0.0000,True,22,1.0000,1.1754,mid15-30m
nuscenes,scene-1094_024,tleft_2cm,tleft,2.0000,6,Pedestrian,15.8652,0,0.0000,True,11,1.0000,1.6687,mid15-30m
nuscenes,scene-1094_024,tup_2cm,tup,2.0000,3,Car,23.5272,0,0.0000,True,22,1.0000,1.1754,mid15-30m
nuscenes,scene-1094_024,tup_2cm,tup,2.0000,6,Pedestrian,15.8652,0,0.0000,True,11,1.0000,1.6706,mid15-30m
nuscenes,scene-1094_024,tfwd_5cm,tfwd,5.0000,3,Car,23.5272,0,0.0000,True,22,1.0000,0.1451,mid15-30m
nuscenes,scene-1094_024,tfwd_5cm,tfwd,5.0000,6,Pedestrian,15.8652,0,0.0000,True,11,1.0000,1.2795,mid15-30m
nuscenes,scene-1094_024,tleft_5cm,tleft,5.0000,3,Car,23.5272,0,0.0000,True,22,1.0000,2.9386,mid15-30m
nuscenes,scene-1094_024,tleft_5cm,tleft,5.0000,6,Pedestrian,15.8652,0,0.0000,True,11,1.0000,4.1717,mid15-30m
nuscenes,scene-1094_024,tup_5cm,tup,5.0000,3,Car,23.5272,0,0.0000,True,22,1.0000,2.9385,mid15-30m
nuscenes,scene-1094_024,tup_5cm,tup,5.0000,6,Pedestrian,15.8652,0,0.0000,True,11,1.0000,4.1763,mid15-30m
nuscenes,scene-1094_024,tfwd_10cm,tfwd,10.0000,3,Car,23.5272,0,0.0000,True,22,1.0000,0.2895,mid15-30m
nuscenes,scene-1094_024,tfwd_10cm,tfwd,10.0000,6,Pedestrian,15.8652,0,0.0000,True,11,1.0000,2.5506,mid15-30m
nuscenes,scene-1094_024,tleft_10cm,tleft,10.0000,3,Car,23.5272,0,0.0000,True,22,1.0000,5.8771,mid15-30m
nuscenes,scene-1094_024,tleft_10cm,tleft,10.0000,6,Pedestrian,15.8652,0,0.0000,True,11,1.0000,8.3432,mid15-30m
nuscenes,scene-1094_024,tup_10cm,tup,10.0000,3,Car,23.5272,0,0.0000,True,22,1.0000,5.8768,mid15-30m
nuscenes,scene-1094_024,tup_10cm,tup,10.0000,6,Pedestrian,15.8652,0,0.0000,True,11,1.0000,8.3522,mid15-30m
nuscenes,scene-1094_025,baseline,baseline,0.0000,4,Car,24.2958,0,0.0000,True,28,1.0000,0.0000,mid15-30m
nuscenes,scene-1094_025,baseline,baseline,0.0000,7,Pedestrian,11.3178,0,0.0000,True,19,1.0000,0.0000,near<15m
nuscenes,scene-1094_025,yaw_0.5deg,yaw,0.5000,4,Car,24.2958,0,0.0000,True,28,0.9643,11.3017,mid15-30m
nuscenes,scene-1094_025,yaw_0.5deg,yaw,0.5000,7,Pedestrian,11.3178,0,0.0000,True,19,1.0000,13.9338,near<15m
nuscenes,scene-1094_025,pitch_0.5deg,pitch,0.5000,4,Car,24.2958,0,0.0000,True,28,1.0000,11.2873,mid15-30m
nuscenes,scene-1094_025,pitch_0.5deg,pitch,0.5000,7,Pedestrian,11.3178,0,0.0000,True,19,1.0000,11.5464,near<15m
nuscenes,scene-1094_025,roll_0.5deg,roll,0.5000,4,Car,24.2958,0,0.0000,True,28,1.0000,0.5065,mid15-30m
nuscenes,scene-1094_025,roll_0.5deg,roll,0.5000,7,Pedestrian,11.3178,0,0.0000,True,19,1.0000,5.1324,near<15m
nuscenes,scene-1094_025,yaw_1.0deg,yaw,1.0000,4,Car,24.2958,0,0.0000,True,28,0.8929,22.5964,mid15-30m
nuscenes,scene-1094_025,yaw_1.0deg,yaw,1.0000,7,Pedestrian,11.3178,0,0.0000,True,19,0.9474,27.9843,near<15m
nuscenes,scene-1094_025,pitch_1.0deg,pitch,1.0000,4,Car,24.2958,0,0.0000,True,28,1.0000,22.5797,mid15-30m
nuscenes,scene-1094_025,pitch_1.0deg,pitch,1.0000,7,Pedestrian,11.3178,0,0.0000,True,19,1.0000,23.1020,near<15m
nuscenes,scene-1094_025,roll_1.0deg,roll,1.0000,4,Car,24.2958,0,0.0000,True,28,1.0000,1.0130,mid15-30m
nuscenes,scene-1094_025,roll_1.0deg,roll,1.0000,7,Pedestrian,11.3178,0,0.0000,True,19,1.0000,10.2644,near<15m
nuscenes,scene-1094_025,yaw_2.0deg,yaw,2.0000,4,Car,24.2958,0,0.0000,True,28,0.6071,45.1713,mid15-30m
nuscenes,scene-1094_025,yaw_2.0deg,yaw,2.0000,7,Pedestrian,11.3178,0,0.0000,True,19,0.5789,56.4510,near<15m
nuscenes,scene-1094_025,pitch_2.0deg,pitch,2.0000,4,Car,24.2958,0,0.0000,True,28,0.5714,45.1866,mid15-30m
nuscenes,scene-1094_025,pitch_2.0deg,pitch,2.0000,7,Pedestrian,11.3178,0,0.0000,True,19,1.0000,46.2487,near<15m
nuscenes,scene-1094_025,roll_2.0deg,roll,2.0000,4,Car,24.2958,0,0.0000,True,28,1.0000,2.0260,mid15-30m
nuscenes,scene-1094_025,roll_2.0deg,roll,2.0000,7,Pedestrian,11.3178,0,0.0000,True,19,1.0000,20.5265,near<15m
nuscenes,scene-1094_025,yaw_3.0deg,yaw,3.0000,4,Car,24.2958,0,0.0000,True,28,0.2857,67.7391,mid15-30m
nuscenes,scene-1094_025,yaw_3.0deg,yaw,3.0000,7,Pedestrian,11.3178,0,0.0000,True,19,0.1053,85.4313,near<15m
nuscenes,scene-1094_025,pitch_3.0deg,pitch,3.0000,4,Car,24.2958,0,0.0000,True,28,0.2500,67.8350,mid15-30m
nuscenes,scene-1094_025,pitch_3.0deg,pitch,3.0000,7,Pedestrian,11.3178,0,0.0000,True,19,1.0000,69.4565,near<15m
nuscenes,scene-1094_025,roll_3.0deg,roll,3.0000,4,Car,24.2958,0,0.0000,True,28,1.0000,3.0388,mid15-30m
nuscenes,scene-1094_025,roll_3.0deg,roll,3.0000,7,Pedestrian,11.3178,0,0.0000,True,19,0.8947,30.7854,near<15m
nuscenes,scene-1094_025,tfwd_2cm,tfwd,2.0000,4,Car,24.2958,0,0.0000,True,28,1.0000,0.0530,mid15-30m
nuscenes,scene-1094_025,tfwd_2cm,tfwd,2.0000,7,Pedestrian,11.3178,0,0.0000,True,19,1.0000,1.1431,near<15m
nuscenes,scene-1094_025,tleft_2cm,tleft,2.0000,4,Car,24.2958,0,0.0000,True,28,1.0000,1.1368,mid15-30m
nuscenes,scene-1094_025,tleft_2cm,tleft,2.0000,7,Pedestrian,11.3178,0,0.0000,True,19,1.0000,2.4726,near<15m
nuscenes,scene-1094_025,tup_2cm,tup,2.0000,4,Car,24.2958,0,0.0000,True,28,1.0000,1.1366,mid15-30m
nuscenes,scene-1094_025,tup_2cm,tup,2.0000,7,Pedestrian,11.3178,0,0.0000,True,19,1.0000,2.4771,near<15m
nuscenes,scene-1094_025,tfwd_5cm,tfwd,5.0000,4,Car,24.2958,0,0.0000,True,28,1.0000,0.1322,mid15-30m
nuscenes,scene-1094_025,tfwd_5cm,tfwd,5.0000,7,Pedestrian,11.3178,0,0.0000,True,19,1.0000,2.8494,near<15m
nuscenes,scene-1094_025,tleft_5cm,tleft,5.0000,4,Car,24.2958,0,0.0000,True,28,1.0000,2.8419,mid15-30m
nuscenes,scene-1094_025,tleft_5cm,tleft,5.0000,7,Pedestrian,11.3178,0,0.0000,True,19,1.0000,6.1814,near<15m
nuscenes,scene-1094_025,tup_5cm,tup,5.0000,4,Car,24.2958,0,0.0000,True,28,1.0000,2.8413,mid15-30m
nuscenes,scene-1094_025,tup_5cm,tup,5.0000,7,Pedestrian,11.3178,0,0.0000,True,19,1.0000,6.1925,near<15m
nuscenes,scene-1094_025,tfwd_10cm,tfwd,10.0000,4,Car,24.2958,0,0.0000,True,28,1.0000,0.2639,mid15-30m
nuscenes,scene-1094_025,tfwd_10cm,tfwd,10.0000,7,Pedestrian,11.3178,0,0.0000,True,19,1.0000,5.6711,near<15m
nuscenes,scene-1094_025,tleft_10cm,tleft,10.0000,4,Car,24.2958,0,0.0000,True,28,0.9643,5.6838,mid15-30m
nuscenes,scene-1094_025,tleft_10cm,tleft,10.0000,7,Pedestrian,11.3178,0,0.0000,True,19,1.0000,12.3626,near<15m
nuscenes,scene-1094_025,tup_10cm,tup,10.0000,4,Car,24.2958,0,0.0000,True,28,1.0000,5.6825,mid15-30m
nuscenes,scene-1094_025,tup_10cm,tup,10.0000,7,Pedestrian,11.3178,0,0.0000,True,19,1.0000,12.3838,near<15m
nuscenes,scene-1094_026,baseline,baseline,0.0000,4,Car,25.0023,0,0.0000,True,30,1.0000,0.0000,mid15-30m
nuscenes,scene-1094_026,yaw_0.5deg,yaw,0.5000,4,Car,25.0023,0,0.0000,True,30,0.9333,11.2877,mid15-30m
nuscenes,scene-1094_026,pitch_0.5deg,pitch,0.5000,4,Car,25.0023,0,0.0000,True,30,1.0000,11.2742,mid15-30m
nuscenes,scene-1094_026,roll_0.5deg,roll,0.5000,4,Car,25.0023,0,0.0000,True,30,1.0000,0.4808,mid15-30m
nuscenes,scene-1094_026,yaw_1.0deg,yaw,1.0000,4,Car,25.0023,0,0.0000,True,30,0.9000,22.5688,mid15-30m
nuscenes,scene-1094_026,pitch_1.0deg,pitch,1.0000,4,Car,25.0023,0,0.0000,True,30,1.0000,22.5528,mid15-30m
nuscenes,scene-1094_026,roll_1.0deg,roll,1.0000,4,Car,25.0023,0,0.0000,True,30,1.0000,0.9616,mid15-30m
nuscenes,scene-1094_026,yaw_2.0deg,yaw,2.0000,4,Car,25.0023,0,0.0000,True,30,0.6667,45.1181,mid15-30m
nuscenes,scene-1094_026,pitch_2.0deg,pitch,2.0000,4,Car,25.0023,0,0.0000,True,30,0.6667,45.1302,mid15-30m
nuscenes,scene-1094_026,roll_2.0deg,roll,2.0000,4,Car,25.0023,0,0.0000,True,30,1.0000,1.9231,mid15-30m
nuscenes,scene-1094_026,yaw_3.0deg,yaw,3.0000,4,Car,25.0023,0,0.0000,True,30,0.3667,67.6622,mid15-30m
nuscenes,scene-1094_026,pitch_3.0deg,pitch,3.0000,4,Car,25.0023,0,0.0000,True,30,0.3000,67.7463,mid15-30m
nuscenes,scene-1094_026,roll_3.0deg,roll,3.0000,4,Car,25.0023,0,0.0000,True,30,1.0000,2.8844,mid15-30m
nuscenes,scene-1094_026,tfwd_2cm,tfwd,2.0000,4,Car,25.0023,0,0.0000,True,30,1.0000,0.0503,mid15-30m
nuscenes,scene-1094_026,tleft_2cm,tleft,2.0000,4,Car,25.0023,0,0.0000,True,30,1.0000,1.0989,mid15-30m
nuscenes,scene-1094_026,tup_2cm,tup,2.0000,4,Car,25.0023,0,0.0000,True,30,1.0000,1.0987,mid15-30m
nuscenes,scene-1094_026,tfwd_5cm,tfwd,5.0000,4,Car,25.0023,0,0.0000,True,30,1.0000,0.1255,mid15-30m
nuscenes,scene-1094_026,tleft_5cm,tleft,5.0000,4,Car,25.0023,0,0.0000,True,30,1.0000,2.7474,mid15-30m
nuscenes,scene-1094_026,tup_5cm,tup,5.0000,4,Car,25.0023,0,0.0000,True,30,1.0000,2.7467,mid15-30m
nuscenes,scene-1094_026,tfwd_10cm,tfwd,10.0000,4,Car,25.0023,0,0.0000,True,30,1.0000,0.2505,mid15-30m
nuscenes,scene-1094_026,tleft_10cm,tleft,10.0000,4,Car,25.0023,0,0.0000,True,30,1.0000,5.4947,mid15-30m
nuscenes,scene-1094_026,tup_10cm,tup,10.0000,4,Car,25.0023,0,0.0000,True,30,1.0000,5.4932,mid15-30m
nuscenes,scene-1094_027,baseline,baseline,0.0000,4,Car,25.7665,0,0.0000,True,29,1.0000,0.0000,mid15-30m
nuscenes,scene-1094_027,baseline,baseline,0.0000,6,Pedestrian,12.9835,0,0.0000,True,12,1.0000,0.0000,near<15m
nuscenes,scene-1094_027,baseline,baseline,0.0000,8,Pedestrian,14.1681,0,0.0000,True,20,1.0000,0.0000,near<15m
nuscenes,scene-1094_027,yaw_0.5deg,yaw,0.5000,4,Car,25.7665,0,0.0000,True,29,0.9310,11.2735,mid15-30m
nuscenes,scene-1094_027,yaw_0.5deg,yaw,0.5000,6,Pedestrian,12.9835,0,0.0000,True,12,1.0000,12.1043,near<15m
nuscenes,scene-1094_027,yaw_0.5deg,yaw,0.5000,8,Pedestrian,14.1681,0,0.0000,True,20,1.0000,13.6457,near<15m
nuscenes,scene-1094_027,pitch_0.5deg,pitch,0.5000,4,Car,25.7665,0,0.0000,True,29,1.0000,11.2630,mid15-30m
nuscenes,scene-1094_027,pitch_0.5deg,pitch,0.5000,6,Pedestrian,12.9835,0,0.0000,True,12,1.0000,11.4477,near<15m
nuscenes,scene-1094_027,pitch_0.5deg,pitch,0.5000,8,Pedestrian,14.1681,0,0.0000,True,20,1.0000,11.4189,near<15m
nuscenes,scene-1094_027,roll_0.5deg,roll,0.5000,4,Car,25.7665,0,0.0000,True,29,1.0000,0.4587,mid15-30m
nuscenes,scene-1094_027,roll_0.5deg,roll,0.5000,6,Pedestrian,12.9835,0,0.0000,True,12,1.0000,2.7333,near<15m
nuscenes,scene-1094_027,roll_0.5deg,roll,0.5000,8,Pedestrian,14.1681,0,0.0000,True,20,1.0000,4.9511,near<15m
nuscenes,scene-1094_027,yaw_1.0deg,yaw,1.0000,4,Car,25.7665,0,0.0000,True,29,0.8621,22.5410,mid15-30m
nuscenes,scene-1094_027,yaw_1.0deg,yaw,1.0000,6,Pedestrian,12.9835,0,0.0000,True,12,1.0000,24.2623,near<15m
nuscenes,scene-1094_027,yaw_1.0deg,yaw,1.0000,8,Pedestrian,14.1681,0,0.0000,True,20,1.0000,27.4013,near<15m
nuscenes,scene-1094_027,pitch_1.0deg,pitch,1.0000,4,Car,25.7665,0,0.0000,True,29,1.0000,22.5307,mid15-30m
nuscenes,scene-1094_027,pitch_1.0deg,pitch,1.0000,6,Pedestrian,12.9835,0,0.0000,True,12,1.0000,22.9050,near<15m
nuscenes,scene-1094_027,pitch_1.0deg,pitch,1.0000,8,Pedestrian,14.1681,0,0.0000,True,20,1.0000,22.8420,near<15m
nuscenes,scene-1094_027,roll_1.0deg,roll,1.0000,4,Car,25.7665,0,0.0000,True,29,1.0000,0.9174,mid15-30m
nuscenes,scene-1094_027,roll_1.0deg,roll,1.0000,6,Pedestrian,12.9835,0,0.0000,True,12,1.0000,5.4664,near<15m
nuscenes,scene-1094_027,roll_1.0deg,roll,1.0000,8,Pedestrian,14.1681,0,0.0000,True,20,0.9000,9.9019,near<15m
nuscenes,scene-1094_027,yaw_2.0deg,yaw,2.0000,4,Car,25.7665,0,0.0000,True,29,0.5862,45.0648,mid15-30m
nuscenes,scene-1094_027,yaw_2.0deg,yaw,2.0000,6,Pedestrian,12.9835,0,0.0000,True,12,0.4167,48.7486,near<15m
nuscenes,scene-1094_027,yaw_2.0deg,yaw,2.0000,8,Pedestrian,14.1681,0,0.0000,True,20,0.6500,55.2568,near<15m
nuscenes,scene-1094_027,pitch_2.0deg,pitch,2.0000,4,Car,25.7665,0,0.0000,True,29,0.6207,45.0875,mid15-30m
nuscenes,scene-1094_027,pitch_2.0deg,pitch,2.0000,6,Pedestrian,12.9835,0,0.0000,True,12,0.9167,45.8561,near<15m
nuscenes,scene-1094_027,pitch_2.0deg,pitch,2.0000,8,Pedestrian,14.1681,0,0.0000,True,20,0.8500,45.7084,near<15m
nuscenes,scene-1094_027,roll_2.0deg,roll,2.0000,4,Car,25.7665,0,0.0000,True,29,1.0000,1.8347,mid15-30m
nuscenes,scene-1094_027,roll_2.0deg,roll,2.0000,6,Pedestrian,12.9835,0,0.0000,True,12,1.0000,10.9320,near<15m
nuscenes,scene-1094_027,roll_2.0deg,roll,2.0000,8,Pedestrian,14.1681,0,0.0000,True,20,0.9000,19.8017,near<15m
nuscenes,scene-1094_027,yaw_3.0deg,yaw,3.0000,4,Car,25.7665,0,0.0000,True,29,0.3103,67.5855,mid15-30m
nuscenes,scene-1094_027,yaw_3.0deg,yaw,3.0000,6,Pedestrian,12.9835,0,0.0000,True,12,0.0000,73.4781,near<15m
nuscenes,scene-1094_027,yaw_3.0deg,yaw,3.0000,8,Pedestrian,14.1681,0,0.0000,True,20,0.2000,83.5960,near<15m
nuscenes,scene-1094_027,pitch_3.0deg,pitch,3.0000,4,Car,25.7665,0,0.0000,True,29,0.2759,67.6846,mid15-30m
nuscenes,scene-1094_027,pitch_3.0deg,pitch,3.0000,6,Pedestrian,12.9835,0,0.0000,True,12,0.6667,68.8686,near<15m
nuscenes,scene-1094_027,pitch_3.0deg,pitch,3.0000,8,Pedestrian,14.1681,0,0.0000,True,20,0.8500,68.6151,near<15m
nuscenes,scene-1094_027,roll_3.0deg,roll,3.0000,4,Car,25.7665,0,0.0000,True,29,1.0000,2.7519,mid15-30m
nuscenes,scene-1094_027,roll_3.0deg,roll,3.0000,6,Pedestrian,12.9835,0,0.0000,True,12,1.0000,16.3964,near<15m
nuscenes,scene-1094_027,roll_3.0deg,roll,3.0000,8,Pedestrian,14.1681,0,0.0000,True,20,0.9000,29.6987,near<15m
nuscenes,scene-1094_027,tfwd_2cm,tfwd,2.0000,4,Car,25.7665,0,0.0000,True,29,1.0000,0.0453,mid15-30m
nuscenes,scene-1094_027,tfwd_2cm,tfwd,2.0000,6,Pedestrian,12.9835,0,0.0000,True,12,1.0000,0.4908,near<15m
nuscenes,scene-1094_027,tfwd_2cm,tfwd,2.0000,8,Pedestrian,14.1681,0,0.0000,True,20,1.0000,0.8727,near<15m
nuscenes,scene-1094_027,tleft_2cm,tleft,2.0000,4,Car,25.7665,0,0.0000,True,29,1.0000,1.0634,mid15-30m
nuscenes,scene-1094_027,tleft_2cm,tleft,2.0000,6,Pedestrian,12.9835,0,0.0000,True,12,1.0000,2.0104,near<15m
nuscenes,scene-1094_027,tleft_2cm,tleft,2.0000,8,Pedestrian,14.1681,0,0.0000,True,20,1.0000,1.9501,near<15m
nuscenes,scene-1094_027,tup_2cm,tup,2.0000,4,Car,25.7665,0,0.0000,True,29,1.0000,1.0633,mid15-30m
nuscenes,scene-1094_027,tup_2cm,tup,2.0000,6,Pedestrian,12.9835,0,0.0000,True,12,1.0000,2.0127,near<15m
nuscenes,scene-1094_027,tup_2cm,tup,2.0000,8,Pedestrian,14.1681,0,0.0000,True,20,1.0000,1.9529,near<15m
nuscenes,scene-1094_027,tfwd_5cm,tfwd,5.0000,4,Car,25.7665,0,0.0000,True,29,1.0000,0.1130,mid15-30m
nuscenes,scene-1094_027,tfwd_5cm,tfwd,5.0000,6,Pedestrian,12.9835,0,0.0000,True,12,1.0000,1.2240,near<15m
nuscenes,scene-1094_027,tfwd_5cm,tfwd,5.0000,8,Pedestrian,14.1681,0,0.0000,True,20,1.0000,2.1767,near<15m
nuscenes,scene-1094_027,tleft_5cm,tleft,5.0000,4,Car,25.7665,0,0.0000,True,29,1.0000,2.6586,mid15-30m
nuscenes,scene-1094_027,tleft_5cm,tleft,5.0000,6,Pedestrian,12.9835,0,0.0000,True,12,1.0000,5.0259,near<15m
nuscenes,scene-1094_027,tleft_5cm,tleft,5.0000,8,Pedestrian,14.1681,0,0.0000,True,20,1.0000,4.8752,near<15m
nuscenes,scene-1094_027,tup_5cm,tup,5.0000,4,Car,25.7665,0,0.0000,True,29,1.0000,2.6581,mid15-30m
nuscenes,scene-1094_027,tup_5cm,tup,5.0000,6,Pedestrian,12.9835,0,0.0000,True,12,1.0000,5.0315,near<15m
nuscenes,scene-1094_027,tup_5cm,tup,5.0000,8,Pedestrian,14.1681,0,0.0000,True,20,1.0000,4.8822,near<15m
nuscenes,scene-1094_027,tfwd_10cm,tfwd,10.0000,4,Car,25.7665,0,0.0000,True,29,1.0000,0.2256,mid15-30m
nuscenes,scene-1094_027,tfwd_10cm,tfwd,10.0000,6,Pedestrian,12.9835,0,0.0000,True,12,1.0000,2.4384,near<15m
nuscenes,scene-1094_027,tfwd_10cm,tfwd,10.0000,8,Pedestrian,14.1681,0,0.0000,True,20,1.0000,4.3368,near<15m
nuscenes,scene-1094_027,tleft_10cm,tleft,10.0000,4,Car,25.7665,0,0.0000,True,29,1.0000,5.3171,mid15-30m
nuscenes,scene-1094_027,tleft_10cm,tleft,10.0000,6,Pedestrian,12.9835,0,0.0000,True,12,1.0000,10.0516,near<15m
nuscenes,scene-1094_027,tleft_10cm,tleft,10.0000,8,Pedestrian,14.1681,0,0.0000,True,20,1.0000,9.7503,near<15m
nuscenes,scene-1094_027,tup_10cm,tup,10.0000,4,Car,25.7665,0,0.0000,True,29,1.0000,5.3161,mid15-30m
nuscenes,scene-1094_027,tup_10cm,tup,10.0000,6,Pedestrian,12.9835,0,0.0000,True,12,1.0000,10.0622,near<15m
nuscenes,scene-1094_027,tup_10cm,tup,10.0000,8,Pedestrian,14.1681,0,0.0000,True,20,0.9000,9.7637,near<15m
nuscenes,scene-1094_028,baseline,baseline,0.0000,6,Pedestrian,7.9593,0,0.0000,True,36,1.0000,0.0000,near<15m
nuscenes,scene-1094_028,yaw_0.5deg,yaw,0.5000,6,Pedestrian,7.9593,0,0.0000,True,36,1.0000,13.4695,near<15m
nuscenes,scene-1094_028,pitch_0.5deg,pitch,0.5000,6,Pedestrian,7.9593,0,0.0000,True,36,1.0000,11.7670,near<15m
nuscenes,scene-1094_028,roll_0.5deg,roll,0.5000,6,Pedestrian,7.9593,0,0.0000,True,36,1.0000,4.5255,near<15m
nuscenes,scene-1094_028,yaw_1.0deg,yaw,1.0000,6,Pedestrian,7.9593,0,0.0000,True,36,0.9722,27.0370,near<15m
nuscenes,scene-1094_028,pitch_1.0deg,pitch,1.0000,6,Pedestrian,7.9593,0,0.0000,True,36,1.0000,23.5541,near<15m
nuscenes,scene-1094_028,roll_1.0deg,roll,1.0000,6,Pedestrian,7.9593,0,0.0000,True,36,1.0000,9.0505,near<15m
nuscenes,scene-1094_028,yaw_2.0deg,yaw,2.0000,6,Pedestrian,7.9593,0,0.0000,True,36,0.9722,54.4792,near<15m
nuscenes,scene-1094_028,pitch_2.0deg,pitch,2.0000,6,Pedestrian,7.9593,0,0.0000,True,36,1.0000,47.1974,near<15m
nuscenes,scene-1094_028,roll_2.0deg,roll,2.0000,6,Pedestrian,7.9593,0,0.0000,True,36,1.0000,18.0992,near<15m
nuscenes,scene-1094_028,yaw_3.0deg,yaw,3.0000,6,Pedestrian,7.9593,0,0.0000,True,36,0.8056,82.3545,near<15m
nuscenes,scene-1094_028,pitch_3.0deg,pitch,3.0000,6,Pedestrian,7.9593,0,0.0000,True,36,0.9167,70.9471,near<15m
nuscenes,scene-1094_028,roll_3.0deg,roll,3.0000,6,Pedestrian,7.9593,0,0.0000,True,36,0.9167,27.1453,near<15m
nuscenes,scene-1094_028,tfwd_2cm,tfwd,2.0000,6,Pedestrian,7.9593,0,0.0000,True,36,1.0000,1.3748,near<15m
nuscenes,scene-1094_028,tleft_2cm,tleft,2.0000,6,Pedestrian,7.9593,0,0.0000,True,36,1.0000,3.4246,near<15m
nuscenes,scene-1094_028,tup_2cm,tup,2.0000,6,Pedestrian,7.9593,0,0.0000,True,36,1.0000,3.4330,near<15m
nuscenes,scene-1094_028,tfwd_5cm,tfwd,5.0000,6,Pedestrian,7.9593,0,0.0000,True,36,1.0000,3.4232,near<15m
nuscenes,scene-1094_028,tleft_5cm,tleft,5.0000,6,Pedestrian,7.9593,0,0.0000,True,36,1.0000,8.5614,near<15m
nuscenes,scene-1094_028,tup_5cm,tup,5.0000,6,Pedestrian,7.9593,0,0.0000,True,36,1.0000,8.5818,near<15m
nuscenes,scene-1094_028,tfwd_10cm,tfwd,10.0000,6,Pedestrian,7.9593,0,0.0000,True,36,1.0000,6.8007,near<15m
nuscenes,scene-1094_028,tleft_10cm,tleft,10.0000,6,Pedestrian,7.9593,0,0.0000,True,36,1.0000,17.1224,near<15m
nuscenes,scene-1094_028,tup_10cm,tup,10.0000,6,Pedestrian,7.9593,0,0.0000,True,36,1.0000,17.1616,near<15m
nuscenes,scene-1094_029,baseline,baseline,0.0000,0,Pedestrian,12.9750,0,0.0000,True,19,1.0000,0.0000,near<15m
nuscenes,scene-1094_029,baseline,baseline,0.0000,2,Car,16.9960,0,0.4360,False,23,0.2609,0.0000,mid15-30m
nuscenes,scene-1094_029,baseline,baseline,0.0000,3,Car,27.3249,0,0.0000,True,17,1.0000,0.0000,mid15-30m
nuscenes,scene-1094_029,baseline,baseline,0.0000,5,Car,20.4522,1,0.8994,False,26,0.0000,0.0000,mid15-30m
nuscenes,scene-1094_029,yaw_0.5deg,yaw,0.5000,0,Pedestrian,12.9750,0,0.0000,True,19,1.0000,12.4190,near<15m
nuscenes,scene-1094_029,yaw_0.5deg,yaw,0.5000,2,Car,16.9960,0,0.4360,False,23,0.3478,15.8544,mid15-30m
nuscenes,scene-1094_029,yaw_0.5deg,yaw,0.5000,3,Car,27.3249,0,0.0000,True,17,0.9412,11.2465,mid15-30m
nuscenes,scene-1094_029,yaw_0.5deg,yaw,0.5000,5,Car,20.4522,1,0.8994,False,26,0.0000,18.2079,mid15-30m
nuscenes,scene-1094_029,pitch_0.5deg,pitch,0.5000,0,Pedestrian,12.9750,0,0.0000,True,19,1.0000,11.4618,near<15m
nuscenes,scene-1094_029,pitch_0.5deg,pitch,0.5000,2,Car,16.9960,0,0.4360,False,23,0.2609,11.5366,mid15-30m
nuscenes,scene-1094_029,pitch_0.5deg,pitch,0.5000,3,Car,27.3249,0,0.0000,True,17,1.0000,11.2414,mid15-30m
nuscenes,scene-1094_029,pitch_0.5deg,pitch,0.5000,5,Car,20.4522,1,0.8994,False,26,0.0000,11.5078,mid15-30m
nuscenes,scene-1094_029,roll_0.5deg,roll,0.5000,0,Pedestrian,12.9750,0,0.0000,True,19,1.0000,3.3662,near<15m
nuscenes,scene-1094_029,roll_0.5deg,roll,0.5000,2,Car,16.9960,0,0.4360,False,23,0.2609,7.0426,mid15-30m
nuscenes,scene-1094_029,roll_0.5deg,roll,0.5000,3,Car,27.3249,0,0.0000,True,17,1.0000,0.3799,mid15-30m
nuscenes,scene-1094_029,roll_0.5deg,roll,0.5000,5,Car,20.4522,1,0.8994,False,26,0.0000,8.7436,mid15-30m
nuscenes,scene-1094_029,yaw_1.0deg,yaw,1.0000,0,Pedestrian,12.9750,0,0.0000,True,19,0.8947,24.9051,near<15m
nuscenes,scene-1094_029,yaw_1.0deg,yaw,1.0000,2,Car,16.9960,0,0.4360,False,23,0.5217,31.5341,mid15-30m
nuscenes,scene-1094_029,yaw_1.0deg,yaw,1.0000,3,Car,27.3249,0,0.0000,True,17,0.8235,22.4882,mid15-30m
nuscenes,scene-1094_029,yaw_1.0deg,yaw,1.0000,5,Car,20.4522,1,0.8994,False,26,0.0000,36.1676,mid15-30m
nuscenes,scene-1094_029,pitch_1.0deg,pitch,1.0000,0,Pedestrian,12.9750,0,0.0000,True,19,1.0000,22.9374,near<15m
nuscenes,scene-1094_029,pitch_1.0deg,pitch,1.0000,2,Car,16.9960,0,0.4360,False,23,0.2174,23.0960,mid15-30m
nuscenes,scene-1094_029,pitch_1.0deg,pitch,1.0000,3,Car,27.3249,0,0.0000,True,17,1.0000,22.4893,mid15-30m
nuscenes,scene-1094_029,pitch_1.0deg,pitch,1.0000,5,Car,20.4522,1,0.8994,False,26,0.0000,23.0399,mid15-30m
nuscenes,scene-1094_029,roll_1.0deg,roll,1.0000,0,Pedestrian,12.9750,0,0.0000,True,19,1.0000,6.7322,near<15m
nuscenes,scene-1094_029,roll_1.0deg,roll,1.0000,2,Car,16.9960,0,0.4360,False,23,0.2609,14.0857,mid15-30m
nuscenes,scene-1094_029,roll_1.0deg,roll,1.0000,3,Car,27.3249,0,0.0000,True,17,1.0000,0.7597,mid15-30m
nuscenes,scene-1094_029,roll_1.0deg,roll,1.0000,5,Car,20.4522,1,0.8994,False,26,0.0000,17.4882,mid15-30m
nuscenes,scene-1094_029,yaw_2.0deg,yaw,2.0000,0,Pedestrian,12.9750,0,0.0000,True,19,0.2632,50.0888,near<15m
nuscenes,scene-1094_029,yaw_2.0deg,yaw,2.0000,2,Car,16.9960,0,0.4360,False,23,0.6957,62.3908,mid15-30m
nuscenes,scene-1094_029,yaw_2.0deg,yaw,2.0000,3,Car,27.3249,0,0.0000,True,17,0.5294,44.9644,mid15-30m
nuscenes,scene-1094_029,yaw_2.0deg,yaw,2.0000,5,Car,20.4522,1,0.8994,False,26,0.0000,71.3733,mid15-30m
nuscenes,scene-1094_029,pitch_2.0deg,pitch,2.0000,0,Pedestrian,12.9750,0,0.0000,True,19,0.8421,45.9374,near<15m
nuscenes,scene-1094_029,pitch_2.0deg,pitch,2.0000,2,Car,16.9960,0,0.4360,False,23,0.0870,46.2919,mid15-30m
nuscenes,scene-1094_029,pitch_2.0deg,pitch,2.0000,3,Car,27.3249,0,0.0000,True,17,0.5294,45.0115,mid15-30m
nuscenes,scene-1094_029,pitch_2.0deg,pitch,2.0000,5,Car,20.4522,1,0.8994,False,26,0.0000,46.1862,mid15-30m
nuscenes,scene-1094_029,roll_2.0deg,roll,2.0000,0,Pedestrian,12.9750,0,0.0000,True,19,0.9474,13.4633,near<15m
nuscenes,scene-1094_029,roll_2.0deg,roll,2.0000,2,Car,16.9960,0,0.4360,False,23,0.2609,28.1733,mid15-30m
nuscenes,scene-1094_029,roll_2.0deg,roll,2.0000,3,Car,27.3249,0,0.0000,True,17,1.0000,1.5194,mid15-30m
nuscenes,scene-1094_029,roll_2.0deg,roll,2.0000,5,Car,20.4522,1,0.8994,False,26,0.0000,34.9795,mid15-30m
nuscenes,scene-1094_029,yaw_3.0deg,yaw,3.0000,0,Pedestrian,12.9750,0,0.0000,True,19,0.0000,75.5723,near<15m
nuscenes,scene-1094_029,yaw_3.0deg,yaw,3.0000,2,Car,16.9960,0,0.4360,False,23,0.8261,92.6106,mid15-30m
nuscenes,scene-1094_029,yaw_3.0deg,yaw,3.0000,3,Car,27.3249,0,0.0000,True,17,0.1765,67.4426,mid15-30m
nuscenes,scene-1094_029,yaw_3.0deg,yaw,3.0000,5,Car,20.4522,1,0.8994,False,26,0.0000,105.6762,mid15-30m
nuscenes,scene-1094_029,pitch_3.0deg,pitch,3.0000,0,Pedestrian,12.9750,0,0.0000,True,19,0.5789,69.0157,near<15m
nuscenes,scene-1094_029,pitch_3.0deg,pitch,3.0000,2,Car,16.9960,0,0.4360,False,23,0.0870,69.6054,mid15-30m
nuscenes,scene-1094_029,pitch_3.0deg,pitch,3.0000,3,Car,27.3249,0,0.0000,True,17,0.0000,67.5809,mid15-30m
nuscenes,scene-1094_029,pitch_3.0deg,pitch,3.0000,5,Car,20.4522,1,0.8994,False,26,0.0000,69.4577,mid15-30m
nuscenes,scene-1094_029,roll_3.0deg,roll,3.0000,0,Pedestrian,12.9750,0,0.0000,True,19,0.9474,20.1926,near<15m
nuscenes,scene-1094_029,roll_3.0deg,roll,3.0000,2,Car,16.9960,0,0.4360,False,23,0.2174,42.2616,mid15-30m
nuscenes,scene-1094_029,roll_3.0deg,roll,3.0000,3,Car,27.3249,0,0.0000,True,17,1.0000,2.2790,mid15-30m
nuscenes,scene-1094_029,roll_3.0deg,roll,3.0000,5,Car,20.4522,1,0.8994,False,26,0.0000,52.4726,mid15-30m
nuscenes,scene-1094_029,tfwd_2cm,tfwd,2.0000,0,Pedestrian,12.9750,0,0.0000,True,19,1.0000,0.6133,near<15m
nuscenes,scene-1094_029,tfwd_2cm,tfwd,2.0000,2,Car,16.9960,0,0.4360,False,23,0.2609,1.2530,mid15-30m
nuscenes,scene-1094_029,tfwd_2cm,tfwd,2.0000,3,Car,27.3249,0,0.0000,True,17,1.0000,0.0329,mid15-30m
nuscenes,scene-1094_029,tfwd_2cm,tfwd,2.0000,5,Car,20.4522,1,0.8994,False,26,0.0000,1.3608,mid15-30m
nuscenes,scene-1094_029,tleft_2cm,tleft,2.0000,0,Pedestrian,12.9750,0,0.0000,True,19,1.0000,2.0402,near<15m
nuscenes,scene-1094_029,tleft_2cm,tleft,2.0000,2,Car,16.9960,0,0.4360,False,23,0.2609,1.9701,mid15-30m
nuscenes,scene-1094_029,tleft_2cm,tleft,2.0000,3,Car,27.3249,0,0.0000,True,17,1.0000,0.9985,mid15-30m
nuscenes,scene-1094_029,tleft_2cm,tleft,2.0000,5,Car,20.4522,1,0.8994,False,26,0.0000,1.7270,mid15-30m
nuscenes,scene-1094_029,tup_2cm,tup,2.0000,0,Pedestrian,12.9750,0,0.0000,True,19,1.0000,2.0437,near<15m
nuscenes,scene-1094_029,tup_2cm,tup,2.0000,2,Car,16.9960,0,0.4360,False,23,0.2609,1.9677,mid15-30m
nuscenes,scene-1094_029,tup_2cm,tup,2.0000,3,Car,27.3249,0,0.0000,True,17,1.0000,0.9985,mid15-30m
nuscenes,scene-1094_029,tup_2cm,tup,2.0000,5,Car,20.4522,1,0.8994,False,26,0.0000,1.7241,mid15-30m
nuscenes,scene-1094_029,tfwd_5cm,tfwd,5.0000,0,Pedestrian,12.9750,0,0.0000,True,19,1.0000,1.5295,near<15m
nuscenes,scene-1094_029,tfwd_5cm,tfwd,5.0000,2,Car,16.9960,0,0.4360,False,23,0.2609,3.1253,mid15-30m
nuscenes,scene-1094_029,tfwd_5cm,tfwd,5.0000,3,Car,27.3249,0,0.0000,True,17,1.0000,0.0821,mid15-30m
nuscenes,scene-1094_029,tfwd_5cm,tfwd,5.0000,5,Car,20.4522,1,0.8994,False,26,0.0000,3.3950,mid15-30m
nuscenes,scene-1094_029,tleft_5cm,tleft,5.0000,0,Pedestrian,12.9750,0,0.0000,True,19,1.0000,5.1005,near<15m
nuscenes,scene-1094_029,tleft_5cm,tleft,5.0000,2,Car,16.9960,0,0.4360,False,23,0.2609,4.9252,mid15-30m
nuscenes,scene-1094_029,tleft_5cm,tleft,5.0000,3,Car,27.3249,0,0.0000,True,17,1.0000,2.4962,mid15-30m
nuscenes,scene-1094_029,tleft_5cm,tleft,5.0000,5,Car,20.4522,1,0.8994,False,26,0.0000,4.3176,mid15-30m
nuscenes,scene-1094_029,tup_5cm,tup,5.0000,0,Pedestrian,12.9750,0,0.0000,True,19,1.0000,5.1091,near<15m
nuscenes,scene-1094_029,tup_5cm,tup,5.0000,2,Car,16.9960,0,0.4360,False,23,0.2609,4.9191,mid15-30m
nuscenes,scene-1094_029,tup_5cm,tup,5.0000,3,Car,27.3249,0,0.0000,True,17,1.0000,2.4963,mid15-30m
nuscenes,scene-1094_029,tup_5cm,tup,5.0000,5,Car,20.4522,1,0.8994,False,26,0.0000,4.3100,mid15-30m
nuscenes,scene-1094_029,tfwd_10cm,tfwd,10.0000,0,Pedestrian,12.9750,0,0.0000,True,19,1.0000,3.0468,near<15m
nuscenes,scene-1094_029,tfwd_10cm,tfwd,10.0000,2,Car,16.9960,0,0.4360,False,23,0.2609,6.2263,mid15-30m
nuscenes,scene-1094_029,tfwd_10cm,tfwd,10.0000,3,Car,27.3249,0,0.0000,True,17,1.0000,0.1639,mid15-30m
nuscenes,scene-1094_029,tfwd_10cm,tfwd,10.0000,5,Car,20.4522,1,0.8994,False,26,0.0000,6.7671,mid15-30m
nuscenes,scene-1094_029,tleft_10cm,tleft,10.0000,0,Pedestrian,12.9750,0,0.0000,True,19,1.0000,10.2008,near<15m
nuscenes,scene-1094_029,tleft_10cm,tleft,10.0000,2,Car,16.9960,0,0.4360,False,23,0.3478,9.8502,mid15-30m
nuscenes,scene-1094_029,tleft_10cm,tleft,10.0000,3,Car,27.3249,0,0.0000,True,17,0.9412,4.9925,mid15-30m
nuscenes,scene-1094_029,tleft_10cm,tleft,10.0000,5,Car,20.4522,1,0.8994,False,26,0.0000,8.6351,mid15-30m
nuscenes,scene-1094_029,tup_10cm,tup,10.0000,0,Pedestrian,12.9750,0,0.0000,True,19,1.0000,10.2175,near<15m
nuscenes,scene-1094_029,tup_10cm,tup,10.0000,2,Car,16.9960,0,0.4360,False,23,0.2609,9.8375,mid15-30m
nuscenes,scene-1094_029,tup_10cm,tup,10.0000,3,Car,27.3249,0,0.0000,True,17,1.0000,4.9923,mid15-30m
nuscenes,scene-1094_029,tup_10cm,tup,10.0000,5,Car,20.4522,1,0.8994,False,26,0.0000,8.6194,mid15-30m
nuscenes,scene-1094_030,baseline,baseline,0.0000,0,Pedestrian,8.9392,0,0.0000,True,41,1.0000,0.0000,near<15m
nuscenes,scene-1094_030,baseline,baseline,0.0000,1,Bus,42.3863,0,0.0000,True,32,1.0000,0.0000,far>30m
nuscenes,scene-1094_030,yaw_0.5deg,yaw,0.5000,0,Pedestrian,8.9392,0,0.0000,True,41,1.0000,14.5807,near<15m
nuscenes,scene-1094_030,yaw_0.5deg,yaw,0.5000,1,Bus,42.3863,0,0.0000,True,32,1.0000,12.0505,far>30m
nuscenes,scene-1094_030,pitch_0.5deg,pitch,0.5000,0,Pedestrian,8.9392,0,0.0000,True,41,1.0000,11.7133,near<15m
nuscenes,scene-1094_030,pitch_0.5deg,pitch,0.5000,1,Bus,42.3863,0,0.0000,True,32,1.0000,11.1877,far>30m
nuscenes,scene-1094_030,roll_0.5deg,roll,0.5000,0,Pedestrian,8.9392,0,0.0000,True,41,1.0000,5.8009,near<15m
nuscenes,scene-1094_030,roll_0.5deg,roll,0.5000,1,Bus,42.3863,0,0.0000,True,32,1.0000,3.1204,far>30m
nuscenes,scene-1094_030,yaw_1.0deg,yaw,1.0000,0,Pedestrian,8.9392,0,0.0000,True,41,0.9268,29.2979,near<15m
nuscenes,scene-1094_030,yaw_1.0deg,yaw,1.0000,1,Bus,42.3863,0,0.0000,True,32,0.9375,24.0429,far>30m
nuscenes,scene-1094_030,pitch_1.0deg,pitch,1.0000,0,Pedestrian,8.9392,0,0.0000,True,41,1.0000,23.4497,near<15m
nuscenes,scene-1094_030,pitch_1.0deg,pitch,1.0000,1,Bus,42.3863,0,0.0000,True,32,0.4375,22.3821,far>30m
nuscenes,scene-1094_030,roll_1.0deg,roll,1.0000,0,Pedestrian,8.9392,0,0.0000,True,41,1.0000,11.6012,near<15m
nuscenes,scene-1094_030,roll_1.0deg,roll,1.0000,1,Bus,42.3863,0,0.0000,True,32,1.0000,6.2410,far>30m
nuscenes,scene-1094_030,yaw_2.0deg,yaw,2.0000,0,Pedestrian,8.9392,0,0.0000,True,41,0.4634,59.1595,near<15m
nuscenes,scene-1094_030,yaw_2.0deg,yaw,2.0000,1,Bus,42.3863,0,0.0000,True,32,0.6875,47.8620,far>30m
nuscenes,scene-1094_030,pitch_2.0deg,pitch,2.0000,0,Pedestrian,8.9392,0,0.0000,True,41,1.0000,47.0001,near<15m
nuscenes,scene-1094_030,pitch_2.0deg,pitch,2.0000,1,Bus,42.3863,0,0.0000,True,32,0.4375,44.7981,far>30m
nuscenes,scene-1094_030,roll_2.0deg,roll,2.0000,0,Pedestrian,8.9392,0,0.0000,True,41,1.0000,23.1996,near<15m
nuscenes,scene-1094_030,roll_2.0deg,roll,2.0000,1,Bus,42.3863,0,0.0000,True,32,1.0000,12.4820,far>30m
nuscenes,scene-1094_030,yaw_3.0deg,yaw,3.0000,0,Pedestrian,8.9392,0,0.0000,True,41,0.1951,89.6211,near<15m
nuscenes,scene-1094_030,yaw_3.0deg,yaw,3.0000,1,Bus,42.3863,0,0.0000,True,32,0.5312,71.4750,far>30m
nuscenes,scene-1094_030,pitch_3.0deg,pitch,3.0000,0,Pedestrian,8.9392,0,0.0000,True,41,0.9024,70.6690,near<15m
nuscenes,scene-1094_030,pitch_3.0deg,pitch,3.0000,1,Bus,42.3863,0,0.0000,True,32,0.1562,67.2624,far>30m
nuscenes,scene-1094_030,roll_3.0deg,roll,3.0000,0,Pedestrian,8.9392,0,0.0000,True,41,1.0000,34.7941,near<15m
nuscenes,scene-1094_030,roll_3.0deg,roll,3.0000,1,Bus,42.3863,0,0.0000,True,32,0.8438,18.7227,far>30m
nuscenes,scene-1094_030,tfwd_2cm,tfwd,2.0000,0,Pedestrian,8.9392,0,0.0000,True,41,1.0000,1.6510,near<15m
nuscenes,scene-1094_030,tfwd_2cm,tfwd,2.0000,1,Bus,42.3863,0,0.0000,True,32,1.0000,0.1884,far>30m
nuscenes,scene-1094_030,tleft_2cm,tleft,2.0000,0,Pedestrian,8.9392,0,0.0000,True,41,1.0000,3.1865,near<15m
nuscenes,scene-1094_030,tleft_2cm,tleft,2.0000,1,Bus,42.3863,0,0.0000,True,32,1.0000,0.6610,far>30m
nuscenes,scene-1094_030,tup_2cm,tup,2.0000,0,Pedestrian,8.9392,0,0.0000,True,41,1.0000,3.1951,near<15m
nuscenes,scene-1094_030,tup_2cm,tup,2.0000,1,Bus,42.3863,0,0.0000,True,32,1.0000,0.6606,far>30m
nuscenes,scene-1094_030,tfwd_5cm,tfwd,5.0000,0,Pedestrian,8.9392,0,0.0000,True,41,1.0000,4.1120,near<15m
nuscenes,scene-1094_030,tfwd_5cm,tfwd,5.0000,1,Bus,42.3863,0,0.0000,True,32,1.0000,0.4706,far>30m
nuscenes,scene-1094_030,tleft_5cm,tleft,5.0000,0,Pedestrian,8.9392,0,0.0000,True,41,1.0000,7.9662,near<15m
nuscenes,scene-1094_030,tleft_5cm,tleft,5.0000,1,Bus,42.3863,0,0.0000,True,32,1.0000,1.6525,far>30m
nuscenes,scene-1094_030,tup_5cm,tup,5.0000,0,Pedestrian,8.9392,0,0.0000,True,41,1.0000,7.9872,near<15m
nuscenes,scene-1094_030,tup_5cm,tup,5.0000,1,Bus,42.3863,0,0.0000,True,32,1.0000,1.6514,far>30m
nuscenes,scene-1094_030,tfwd_10cm,tfwd,10.0000,0,Pedestrian,8.9392,0,0.0000,True,41,1.0000,8.1729,near<15m
nuscenes,scene-1094_030,tfwd_10cm,tfwd,10.0000,1,Bus,42.3863,0,0.0000,True,32,1.0000,0.9399,far>30m
nuscenes,scene-1094_030,tleft_10cm,tleft,10.0000,0,Pedestrian,8.9392,0,0.0000,True,41,1.0000,15.9322,near<15m
nuscenes,scene-1094_030,tleft_10cm,tleft,10.0000,1,Bus,42.3863,0,0.0000,True,32,1.0000,3.3051,far>30m
nuscenes,scene-1094_030,tup_10cm,tup,10.0000,0,Pedestrian,8.9392,0,0.0000,True,41,1.0000,15.9725,near<15m
nuscenes,scene-1094_030,tup_10cm,tup,10.0000,1,Bus,42.3863,0,0.0000,True,32,1.0000,3.3026,far>30m
nuscenes,scene-1094_031,baseline,baseline,0.0000,0,Bus,34.1561,0,0.0000,True,44,1.0000,0.0000,far>30m
nuscenes,scene-1094_031,yaw_0.5deg,yaw,0.5000,0,Bus,34.1561,0,0.0000,True,44,0.9773,12.5610,far>30m
nuscenes,scene-1094_031,pitch_0.5deg,pitch,0.5000,0,Bus,34.1561,0,0.0000,True,44,1.0000,11.2213,far>30m
nuscenes,scene-1094_031,roll_0.5deg,roll,0.5000,0,Bus,34.1561,0,0.0000,True,44,1.0000,3.8390,far>30m
nuscenes,scene-1094_031,yaw_1.0deg,yaw,1.0000,0,Bus,34.1561,0,0.0000,True,44,0.9318,25.0465,far>30m
nuscenes,scene-1094_031,pitch_1.0deg,pitch,1.0000,0,Bus,34.1561,0,0.0000,True,44,1.0000,22.4501,far>30m
nuscenes,scene-1094_031,roll_1.0deg,roll,1.0000,0,Bus,34.1561,0,0.0000,True,44,1.0000,7.6782,far>30m
nuscenes,scene-1094_031,yaw_2.0deg,yaw,2.0000,0,Bus,34.1561,0,0.0000,True,44,0.7273,49.8014,far>30m
nuscenes,scene-1094_031,pitch_2.0deg,pitch,2.0000,0,Bus,34.1561,0,0.0000,True,44,0.5682,44.9374,far>30m
nuscenes,scene-1094_031,roll_2.0deg,roll,2.0000,0,Bus,34.1561,0,0.0000,True,44,1.0000,15.3567,far>30m
nuscenes,scene-1094_031,yaw_3.0deg,yaw,3.0000,0,Bus,34.1561,0,0.0000,True,44,0.5455,74.2849,far>30m
nuscenes,scene-1094_031,pitch_3.0deg,pitch,3.0000,0,Bus,34.1561,0,0.0000,True,44,0.3636,67.4766,far>30m
nuscenes,scene-1094_031,roll_3.0deg,roll,3.0000,0,Bus,34.1561,0,0.0000,True,44,1.0000,23.0349,far>30m
nuscenes,scene-1094_031,tfwd_2cm,tfwd,2.0000,0,Bus,34.1561,0,0.0000,True,44,1.0000,0.2914,far>30m
nuscenes,scene-1094_031,tleft_2cm,tleft,2.0000,0,Bus,34.1561,0,0.0000,True,44,1.0000,0.8220,far>30m
nuscenes,scene-1094_031,tup_2cm,tup,2.0000,0,Bus,34.1561,0,0.0000,True,44,1.0000,0.8210,far>30m
nuscenes,scene-1094_031,tfwd_5cm,tfwd,5.0000,0,Bus,34.1561,0,0.0000,True,44,1.0000,0.7277,far>30m
nuscenes,scene-1094_031,tleft_5cm,tleft,5.0000,0,Bus,34.1561,0,0.0000,True,44,1.0000,2.0550,far>30m
nuscenes,scene-1094_031,tup_5cm,tup,5.0000,0,Bus,34.1561,0,0.0000,True,44,1.0000,2.0525,far>30m
nuscenes,scene-1094_031,tfwd_10cm,tfwd,10.0000,0,Bus,34.1561,0,0.0000,True,44,1.0000,1.4529,far>30m
nuscenes,scene-1094_031,tleft_10cm,tleft,10.0000,0,Bus,34.1561,0,0.0000,True,44,1.0000,4.1099,far>30m
nuscenes,scene-1094_031,tup_10cm,tup,10.0000,0,Bus,34.1561,0,0.0000,True,44,1.0000,4.1049,far>30m
nuscenes,scene-1094_032,baseline,baseline,0.0000,0,Bus,26.1816,0,0.2850,True,117,0.9231,0.0000,mid15-30m
nuscenes,scene-1094_032,yaw_0.5deg,yaw,0.5000,0,Bus,26.1816,0,0.2850,True,117,0.9231,13.8559,mid15-30m
nuscenes,scene-1094_032,pitch_0.5deg,pitch,0.5000,0,Bus,26.1816,0,0.2850,True,117,0.9231,11.2851,mid15-30m
nuscenes,scene-1094_032,roll_0.5deg,roll,0.5000,0,Bus,26.1816,0,0.2850,True,117,0.9231,5.3219,mid15-30m
nuscenes,scene-1094_032,yaw_1.0deg,yaw,1.0000,0,Bus,26.1816,0,0.2850,True,117,0.8974,27.5956,mid15-30m
nuscenes,scene-1094_032,pitch_1.0deg,pitch,1.0000,0,Bus,26.1816,0,0.2850,True,117,0.9231,22.5759,mid15-30m
nuscenes,scene-1094_032,roll_1.0deg,roll,1.0000,0,Bus,26.1816,0,0.2850,True,117,0.9231,10.6442,mid15-30m
nuscenes,scene-1094_032,yaw_2.0deg,yaw,2.0000,0,Bus,26.1816,0,0.2850,True,117,0.8462,54.7409,mid15-30m
nuscenes,scene-1094_032,pitch_2.0deg,pitch,2.0000,0,Bus,26.1816,0,0.2850,True,117,0.7692,45.1822,mid15-30m
nuscenes,scene-1094_032,roll_2.0deg,roll,2.0000,0,Bus,26.1816,0,0.2850,True,117,0.9231,21.2893,mid15-30m
nuscenes,scene-1094_032,yaw_3.0deg,yaw,3.0000,0,Bus,26.1816,0,0.2850,True,117,0.8120,81.4636,mid15-30m
nuscenes,scene-1094_032,pitch_3.0deg,pitch,3.0000,0,Bus,26.1816,0,0.2850,True,117,0.7692,67.8344,mid15-30m
nuscenes,scene-1094_032,roll_3.0deg,roll,3.0000,0,Bus,26.1816,0,0.2850,True,117,0.9231,31.9346,mid15-30m
nuscenes,scene-1094_032,tfwd_2cm,tfwd,2.0000,0,Bus,26.1816,0,0.2850,True,117,0.9231,0.5728,mid15-30m
nuscenes,scene-1094_032,tleft_2cm,tleft,2.0000,0,Bus,26.1816,0,0.2850,True,117,0.9231,1.1596,mid15-30m
nuscenes,scene-1094_032,tup_2cm,tup,2.0000,0,Bus,26.1816,0,0.2850,True,117,0.9231,1.1575,mid15-30m
nuscenes,scene-1094_032,tfwd_5cm,tfwd,5.0000,0,Bus,26.1816,0,0.2850,True,117,0.9231,1.4298,mid15-30m
nuscenes,scene-1094_032,tleft_5cm,tleft,5.0000,0,Bus,26.1816,0,0.2850,True,117,0.9231,2.8989,mid15-30m
nuscenes,scene-1094_032,tup_5cm,tup,5.0000,0,Bus,26.1816,0,0.2850,True,117,0.9231,2.8937,mid15-30m
nuscenes,scene-1094_032,tfwd_10cm,tfwd,10.0000,0,Bus,26.1816,0,0.2850,True,117,0.9231,2.8529,mid15-30m
nuscenes,scene-1094_032,tleft_10cm,tleft,10.0000,0,Bus,26.1816,0,0.2850,True,117,0.9231,5.7977,mid15-30m
nuscenes,scene-1094_032,tup_10cm,tup,10.0000,0,Bus,26.1816,0,0.2850,True,117,0.9231,5.7871,mid15-30m
nuscenes,scene-1094_033,baseline,baseline,0.0000,0,Bus,18.7741,0,0.8479,False,334,0.2066,0.0000,mid15-30m
nuscenes,scene-1094_033,baseline,baseline,0.0000,1,Car,29.6738,0,0.0000,True,17,1.0000,0.0000,mid15-30m
nuscenes,scene-1094_033,yaw_0.5deg,yaw,0.5000,0,Bus,18.7741,0,0.8479,False,334,0.2365,19.3638,mid15-30m
nuscenes,scene-1094_033,yaw_0.5deg,yaw,0.5000,1,Car,29.6738,0,0.0000,True,17,1.0000,11.2008,mid15-30m
nuscenes,scene-1094_033,pitch_0.5deg,pitch,0.5000,0,Bus,18.7741,0,0.8479,False,334,0.2066,11.4798,mid15-30m
nuscenes,scene-1094_033,pitch_0.5deg,pitch,0.5000,1,Car,29.6738,0,0.0000,True,17,1.0000,11.2005,mid15-30m
nuscenes,scene-1094_033,roll_0.5deg,roll,0.5000,0,Bus,18.7741,0,0.8479,False,334,0.2066,9.1235,mid15-30m
nuscenes,scene-1094_033,roll_0.5deg,roll,0.5000,1,Car,29.6738,0,0.0000,True,17,1.0000,0.3012,mid15-30m
nuscenes,scene-1094_033,yaw_1.0deg,yaw,1.0000,0,Bus,18.7741,0,0.8479,False,334,0.2425,38.4355,mid15-30m
nuscenes,scene-1094_033,yaw_1.0deg,yaw,1.0000,1,Car,29.6738,0,0.0000,True,17,0.7647,22.3984,mid15-30m
nuscenes,scene-1094_033,pitch_1.0deg,pitch,1.0000,0,Bus,18.7741,0,0.8479,False,334,0.2066,22.9696,mid15-30m
nuscenes,scene-1094_033,pitch_1.0deg,pitch,1.0000,1,Car,29.6738,0,0.0000,True,17,1.0000,22.4075,mid15-30m
nuscenes,scene-1094_033,roll_1.0deg,roll,1.0000,0,Bus,18.7741,0,0.8479,False,334,0.2036,18.2481,mid15-30m
nuscenes,scene-1094_033,roll_1.0deg,roll,1.0000,1,Car,29.6738,0,0.0000,True,17,1.0000,0.6024,mid15-30m
nuscenes,scene-1094_033,yaw_2.0deg,yaw,2.0000,0,Bus,18.7741,0,0.8479,False,334,0.2575,75.7416,mid15-30m
nuscenes,scene-1094_033,yaw_2.0deg,yaw,2.0000,1,Car,29.6738,0,0.0000,True,17,0.4118,44.7904,mid15-30m
nuscenes,scene-1094_033,pitch_2.0deg,pitch,2.0000,0,Bus,18.7741,0,0.8479,False,334,0.2066,45.9889,mid15-30m
nuscenes,scene-1094_033,pitch_2.0deg,pitch,2.0000,1,Car,29.6738,0,0.0000,True,17,0.5294,44.8481,mid15-30m
nuscenes,scene-1094_033,roll_2.0deg,roll,2.0000,0,Bus,18.7741,0,0.8479,False,334,0.2066,36.5004,mid15-30m
nuscenes,scene-1094_033,roll_2.0deg,roll,2.0000,1,Car,29.6738,0,0.0000,True,17,1.0000,1.2049,mid15-30m
nuscenes,scene-1094_033,yaw_3.0deg,yaw,3.0000,0,Bus,18.7741,0,0.8479,False,334,0.2784,111.9930,mid15-30m
nuscenes,scene-1094_033,yaw_3.0deg,yaw,3.0000,1,Car,29.6738,0,0.0000,True,17,0.0588,67.1901,mid15-30m
nuscenes,scene-1094_033,pitch_3.0deg,pitch,3.0000,0,Bus,18.7741,0,0.8479,False,334,0.2066,69.0769,mid15-30m
nuscenes,scene-1094_033,pitch_3.0deg,pitch,3.0000,1,Car,29.6738,0,0.0000,True,17,0.0000,67.3358,mid15-30m
nuscenes,scene-1094_033,roll_3.0deg,roll,3.0000,0,Bus,18.7741,0,0.8479,False,334,0.2096,54.7553,mid15-30m
nuscenes,scene-1094_033,roll_3.0deg,roll,3.0000,1,Car,29.6738,0,0.0000,True,17,1.0000,1.8072,mid15-30m
nuscenes,scene-1094_033,tfwd_2cm,tfwd,2.0000,0,Bus,18.7741,0,0.8479,False,334,0.2066,1.7408,mid15-30m
nuscenes,scene-1094_033,tfwd_2cm,tfwd,2.0000,1,Car,29.6738,0,0.0000,True,17,1.0000,0.0241,mid15-30m
nuscenes,scene-1094_033,tleft_2cm,tleft,2.0000,0,Bus,18.7741,0,0.8479,False,334,0.2066,1.9811,mid15-30m
nuscenes,scene-1094_033,tleft_2cm,tleft,2.0000,1,Car,29.6738,0,0.0000,True,17,1.0000,0.9126,mid15-30m
nuscenes,scene-1094_033,tup_2cm,tup,2.0000,0,Bus,18.7741,0,0.8479,False,334,0.2066,1.9744,mid15-30m
nuscenes,scene-1094_033,tup_2cm,tup,2.0000,1,Car,29.6738,0,0.0000,True,17,1.0000,0.9127,mid15-30m
nuscenes,scene-1094_033,tfwd_5cm,tfwd,5.0000,0,Bus,18.7741,0,0.8479,False,334,0.2096,4.3407,mid15-30m
nuscenes,scene-1094_033,tfwd_5cm,tfwd,5.0000,1,Car,29.6738,0,0.0000,True,17,1.0000,0.0603,mid15-30m
nuscenes,scene-1094_033,tleft_5cm,tleft,5.0000,0,Bus,18.7741,0,0.8479,False,334,0.2156,4.9526,mid15-30m
nuscenes,scene-1094_033,tleft_5cm,tleft,5.0000,1,Car,29.6738,0,0.0000,True,17,1.0000,2.2816,mid15-30m
nuscenes,scene-1094_033,tup_5cm,tup,5.0000,0,Bus,18.7741,0,0.8479,False,334,0.2066,4.9359,mid15-30m
nuscenes,scene-1094_033,tup_5cm,tup,5.0000,1,Car,29.6738,0,0.0000,True,17,1.0000,2.2817,mid15-30m
nuscenes,scene-1094_033,tfwd_10cm,tfwd,10.0000,0,Bus,18.7741,0,0.8479,False,334,0.2186,8.6435,mid15-30m
nuscenes,scene-1094_033,tfwd_10cm,tfwd,10.0000,1,Car,29.6738,0,0.0000,True,17,1.0000,0.1204,mid15-30m
nuscenes,scene-1094_033,tleft_10cm,tleft,10.0000,0,Bus,18.7741,0,0.8479,False,334,0.2216,9.9051,mid15-30m
nuscenes,scene-1094_033,tleft_10cm,tleft,10.0000,1,Car,29.6738,0,0.0000,True,17,1.0000,4.5632,mid15-30m
nuscenes,scene-1094_033,tup_10cm,tup,10.0000,0,Bus,18.7741,0,0.8479,False,334,0.2066,9.8709,mid15-30m
nuscenes,scene-1094_033,tup_10cm,tup,10.0000,1,Car,29.6738,0,0.0000,True,17,1.0000,4.5633,mid15-30m
nuscenes,scene-1094_034,baseline,baseline,0.0000,1,Pedestrian,13.4222,2,0.0000,False,13,1.0000,0.0000,near<15m
nuscenes,scene-1094_034,yaw_0.5deg,yaw,0.5000,1,Pedestrian,13.4222,2,0.0000,False,13,1.0000,13.9292,near<15m
nuscenes,scene-1094_034,pitch_0.5deg,pitch,0.5000,1,Pedestrian,13.4222,2,0.0000,False,13,1.0000,11.3640,near<15m
nuscenes,scene-1094_034,roll_0.5deg,roll,0.5000,1,Pedestrian,13.4222,2,0.0000,False,13,0.6154,5.3114,near<15m
nuscenes,scene-1094_034,yaw_1.0deg,yaw,1.0000,1,Pedestrian,13.4222,2,0.0000,False,13,1.0000,27.9785,near<15m
nuscenes,scene-1094_034,pitch_1.0deg,pitch,1.0000,1,Pedestrian,13.4222,2,0.0000,False,13,1.0000,22.7337,near<15m
nuscenes,scene-1094_034,roll_1.0deg,roll,1.0000,1,Pedestrian,13.4222,2,0.0000,False,13,0.6154,10.6224,near<15m
nuscenes,scene-1094_034,yaw_2.0deg,yaw,2.0000,1,Pedestrian,13.4222,2,0.0000,False,13,0.5385,56.4534,near<15m
nuscenes,scene-1094_034,pitch_2.0deg,pitch,2.0000,1,Pedestrian,13.4222,2,0.0000,False,13,1.0000,45.4977,near<15m
nuscenes,scene-1094_034,roll_2.0deg,roll,2.0000,1,Pedestrian,13.4222,2,0.0000,False,13,0.6154,21.2425,near<15m
nuscenes,scene-1094_034,yaw_3.0deg,yaw,3.0000,1,Pedestrian,13.4222,2,0.0000,False,13,0.0769,85.4564,near<15m
nuscenes,scene-1094_034,pitch_3.0deg,pitch,3.0000,1,Pedestrian,13.4222,2,0.0000,False,13,1.0000,68.3081,near<15m
nuscenes,scene-1094_034,roll_3.0deg,roll,3.0000,1,Pedestrian,13.4222,2,0.0000,False,13,0.6154,31.8595,near<15m
nuscenes,scene-1094_034,tfwd_2cm,tfwd,2.0000,1,Pedestrian,13.4222,2,0.0000,False,13,1.0000,1.0018,near<15m
nuscenes,scene-1094_034,tleft_2cm,tleft,2.0000,1,Pedestrian,13.4222,2,0.0000,False,13,1.0000,2.0888,near<15m
nuscenes,scene-1094_034,tup_2cm,tup,2.0000,1,Pedestrian,13.4222,2,0.0000,False,13,1.0000,2.0918,near<15m
nuscenes,scene-1094_034,tfwd_5cm,tfwd,5.0000,1,Pedestrian,13.4222,2,0.0000,False,13,1.0000,2.4983,near<15m
nuscenes,scene-1094_034,tleft_5cm,tleft,5.0000,1,Pedestrian,13.4222,2,0.0000,False,13,1.0000,5.2220,near<15m
nuscenes,scene-1094_034,tup_5cm,tup,5.0000,1,Pedestrian,13.4222,2,0.0000,False,13,0.6154,5.2293,near<15m
nuscenes,scene-1094_034,tfwd_10cm,tfwd,10.0000,1,Pedestrian,13.4222,2,0.0000,False,13,1.0000,4.9762,near<15m
nuscenes,scene-1094_034,tleft_10cm,tleft,10.0000,1,Pedestrian,13.4222,2,0.0000,False,13,1.0000,10.4438,near<15m
nuscenes,scene-1094_034,tup_10cm,tup,10.0000,1,Pedestrian,13.4222,2,0.0000,False,13,0.6154,10.4579,near<15m
nuscenes,scene-1094_036,baseline,baseline,0.0000,0,Car,30.0049,0,0.0000,True,17,1.0000,0.0000,far>30m
nuscenes,scene-1094_036,yaw_0.5deg,yaw,0.5000,0,Car,30.0049,0,0.0000,True,17,1.0000,11.1809,far>30m
nuscenes,scene-1094_036,pitch_0.5deg,pitch,0.5000,0,Car,30.0049,0,0.0000,True,17,1.0000,11.1840,far>30m
nuscenes,scene-1094_036,roll_0.5deg,roll,0.5000,0,Car,30.0049,0,0.0000,True,17,1.0000,0.2349,far>30m
nuscenes,scene-1094_036,yaw_1.0deg,yaw,1.0000,0,Car,30.0049,0,0.0000,True,17,0.8235,22.3607,far>30m
nuscenes,scene-1094_036,pitch_1.0deg,pitch,1.0000,0,Car,30.0049,0,0.0000,True,17,0.5294,22.3744,far>30m
nuscenes,scene-1094_036,roll_1.0deg,roll,1.0000,0,Car,30.0049,0,0.0000,True,17,1.0000,0.4698,far>30m
nuscenes,scene-1094_036,yaw_2.0deg,yaw,2.0000,0,Car,30.0049,0,0.0000,True,17,0.4706,44.7240,far>30m
nuscenes,scene-1094_036,pitch_2.0deg,pitch,2.0000,0,Car,30.0049,0,0.0000,True,17,0.5294,44.7819,far>30m
nuscenes,scene-1094_036,roll_2.0deg,roll,2.0000,0,Car,30.0049,0,0.0000,True,17,1.0000,0.9396,far>30m
nuscenes,scene-1094_036,yaw_3.0deg,yaw,3.0000,0,Car,30.0049,0,0.0000,True,17,0.1176,67.1038,far>30m
nuscenes,scene-1094_036,pitch_3.0deg,pitch,3.0000,0,Car,30.0049,0,0.0000,True,17,0.0000,67.2364,far>30m
nuscenes,scene-1094_036,roll_3.0deg,roll,3.0000,0,Car,30.0049,0,0.0000,True,17,1.0000,1.4093,far>30m
nuscenes,scene-1094_036,tfwd_2cm,tfwd,2.0000,0,Car,30.0049,0,0.0000,True,17,1.0000,0.0183,far>30m
nuscenes,scene-1094_036,tleft_2cm,tleft,2.0000,0,Car,30.0049,0,0.0000,True,17,1.0000,0.9031,far>30m
nuscenes,scene-1094_036,tup_2cm,tup,2.0000,0,Car,30.0049,0,0.0000,True,17,1.0000,0.9032,far>30m
nuscenes,scene-1094_036,tfwd_5cm,tfwd,5.0000,0,Car,30.0049,0,0.0000,True,17,1.0000,0.0457,far>30m
nuscenes,scene-1094_036,tleft_5cm,tleft,5.0000,0,Car,30.0049,0,0.0000,True,17,1.0000,2.2578,far>30m
nuscenes,scene-1094_036,tup_5cm,tup,5.0000,0,Car,30.0049,0,0.0000,True,17,1.0000,2.2580,far>30m
nuscenes,scene-1094_036,tfwd_10cm,tfwd,10.0000,0,Car,30.0049,0,0.0000,True,17,1.0000,0.0913,far>30m
nuscenes,scene-1094_036,tleft_10cm,tleft,10.0000,0,Car,30.0049,0,0.0000,True,17,1.0000,4.5156,far>30m
nuscenes,scene-1094_036,tup_10cm,tup,10.0000,0,Car,30.0049,0,0.0000,True,17,1.0000,4.5159,far>30m
nuscenes,scene-1094_037,baseline,baseline,0.0000,2,Motorcycle,17.3596,0,0.8551,False,21,0.0000,0.0000,mid15-30m
nuscenes,scene-1094_037,yaw_0.5deg,yaw,0.5000,2,Motorcycle,17.3596,0,0.8551,False,21,0.0476,16.1312,mid15-30m
nuscenes,scene-1094_037,pitch_0.5deg,pitch,0.5000,2,Motorcycle,17.3596,0,0.8551,False,21,0.0000,11.3911,mid15-30m
nuscenes,scene-1094_037,roll_0.5deg,roll,0.5000,2,Motorcycle,17.3596,0,0.8551,False,21,0.0000,7.3489,mid15-30m
nuscenes,scene-1094_037,yaw_1.0deg,yaw,1.0000,2,Motorcycle,17.3596,0,0.8551,False,21,0.1905,32.0778,mid15-30m
nuscenes,scene-1094_037,pitch_1.0deg,pitch,1.0000,2,Motorcycle,17.3596,0,0.8551,False,21,0.0000,22.8006,mid15-30m
nuscenes,scene-1094_037,roll_1.0deg,roll,1.0000,2,Motorcycle,17.3596,0,0.8551,False,21,0.0000,14.6985,mid15-30m
nuscenes,scene-1094_037,yaw_2.0deg,yaw,2.0000,2,Motorcycle,17.3596,0,0.8551,False,21,0.2857,63.4392,mid15-30m
nuscenes,scene-1094_037,pitch_2.0deg,pitch,2.0000,2,Motorcycle,17.3596,0,0.8551,False,21,0.0000,45.6830,mid15-30m
nuscenes,scene-1094_037,roll_2.0deg,roll,2.0000,2,Motorcycle,17.3596,0,0.8551,False,21,0.0000,29.3991,mid15-30m
nuscenes,scene-1094_037,yaw_3.0deg,yaw,3.0000,2,Motorcycle,17.3596,0,0.8551,False,21,0.3810,94.1269,mid15-30m
nuscenes,scene-1094_037,pitch_3.0deg,pitch,3.0000,2,Motorcycle,17.3596,0,0.8551,False,21,0.0000,68.6645,mid15-30m
nuscenes,scene-1094_037,roll_3.0deg,roll,3.0000,2,Motorcycle,17.3596,0,0.8551,False,21,0.0000,44.1007,mid15-30m
nuscenes,scene-1094_037,tfwd_2cm,tfwd,2.0000,2,Motorcycle,17.3596,0,0.8551,False,21,0.0000,1.1719,mid15-30m
nuscenes,scene-1094_037,tleft_2cm,tleft,2.0000,2,Motorcycle,17.3596,0,0.8551,False,21,0.0000,1.7683,mid15-30m
nuscenes,scene-1094_037,tup_2cm,tup,2.0000,2,Motorcycle,17.3596,0,0.8551,False,21,0.0000,1.7655,mid15-30m
nuscenes,scene-1094_037,tfwd_5cm,tfwd,5.0000,2,Motorcycle,17.3596,0,0.8551,False,21,0.0000,2.9235,mid15-30m
nuscenes,scene-1094_037,tleft_5cm,tleft,5.0000,2,Motorcycle,17.3596,0,0.8551,False,21,0.0000,4.4207,mid15-30m
nuscenes,scene-1094_037,tup_5cm,tup,5.0000,2,Motorcycle,17.3596,0,0.8551,False,21,0.0000,4.4135,mid15-30m
nuscenes,scene-1094_037,tfwd_10cm,tfwd,10.0000,2,Motorcycle,17.3596,0,0.8551,False,21,0.0000,5.8268,mid15-30m
nuscenes,scene-1094_037,tleft_10cm,tleft,10.0000,2,Motorcycle,17.3596,0,0.8551,False,21,0.0000,8.8412,mid15-30m
nuscenes,scene-1094_037,tup_10cm,tup,10.0000,2,Motorcycle,17.3596,0,0.8551,False,21,0.0000,8.8265,mid15-30m
nuscenes,scene-1094_038,baseline,baseline,0.0000,0,Car,29.9659,0,0.0000,True,18,1.0000,0.0000,mid15-30m
nuscenes,scene-1094_038,baseline,baseline,0.0000,3,Car,18.8730,0,0.0000,True,42,1.0000,0.0000,mid15-30m
nuscenes,scene-1094_038,yaw_0.5deg,yaw,0.5000,0,Car,29.9659,0,0.0000,True,18,0.8333,11.1828,mid15-30m
nuscenes,scene-1094_038,yaw_0.5deg,yaw,0.5000,3,Car,18.8730,0,0.0000,True,42,1.0000,13.8633,mid15-30m
nuscenes,scene-1094_038,pitch_0.5deg,pitch,0.5000,0,Car,29.9659,0,0.0000,True,18,1.0000,11.1864,mid15-30m
nuscenes,scene-1094_038,pitch_0.5deg,pitch,0.5000,3,Car,18.8730,0,0.0000,True,42,1.0000,11.3656,mid15-30m
nuscenes,scene-1094_038,roll_0.5deg,roll,0.5000,0,Car,29.9659,0,0.0000,True,18,1.0000,0.2478,mid15-30m
nuscenes,scene-1094_038,roll_0.5deg,roll,0.5000,3,Car,18.8730,0,0.0000,True,42,1.0000,5.3640,mid15-30m
nuscenes,scene-1094_038,yaw_1.0deg,yaw,1.0000,0,Car,29.9659,0,0.0000,True,18,0.7778,22.3652,mid15-30m
nuscenes,scene-1094_038,yaw_1.0deg,yaw,1.0000,3,Car,18.8730,0,0.0000,True,42,0.9762,27.6108,mid15-30m
nuscenes,scene-1094_038,pitch_1.0deg,pitch,1.0000,0,Car,29.9659,0,0.0000,True,18,0.5000,22.3795,mid15-30m
nuscenes,scene-1094_038,pitch_1.0deg,pitch,1.0000,3,Car,18.8730,0,0.0000,True,42,1.0000,22.7493,mid15-30m
nuscenes,scene-1094_038,roll_1.0deg,roll,1.0000,0,Car,29.9659,0,0.0000,True,18,1.0000,0.4956,mid15-30m
nuscenes,scene-1094_038,roll_1.0deg,roll,1.0000,3,Car,18.8730,0,0.0000,True,42,1.0000,10.7283,mid15-30m
nuscenes,scene-1094_038,yaw_2.0deg,yaw,2.0000,0,Car,29.9659,0,0.0000,True,18,0.4444,44.7358,mid15-30m
nuscenes,scene-1094_038,yaw_2.0deg,yaw,2.0000,3,Car,18.8730,0,0.0000,True,42,0.9048,54.7722,mid15-30m
nuscenes,scene-1094_038,pitch_2.0deg,pitch,2.0000,0,Car,29.9659,0,0.0000,True,18,0.5000,44.7926,mid15-30m
nuscenes,scene-1094_038,pitch_2.0deg,pitch,2.0000,3,Car,18.8730,0,0.0000,True,42,0.5714,45.5786,mid15-30m
nuscenes,scene-1094_038,roll_2.0deg,roll,2.0000,0,Car,29.9659,0,0.0000,True,18,1.0000,0.9912,mid15-30m
nuscenes,scene-1094_038,roll_2.0deg,roll,2.0000,3,Car,18.8730,0,0.0000,True,42,1.0000,21.4573,mid15-30m
nuscenes,scene-1094_038,yaw_3.0deg,yaw,3.0000,0,Car,29.9659,0,0.0000,True,18,0.1111,67.1258,mid15-30m
nuscenes,scene-1094_038,yaw_3.0deg,yaw,3.0000,3,Car,18.8730,0,0.0000,True,42,0.7143,81.5119,mid15-30m
nuscenes,scene-1094_038,pitch_3.0deg,pitch,3.0000,0,Car,29.9659,0,0.0000,True,18,0.0000,67.2535,mid15-30m
nuscenes,scene-1094_038,pitch_3.0deg,pitch,3.0000,3,Car,18.8730,0,0.0000,True,42,0.1429,68.5041,mid15-30m
nuscenes,scene-1094_038,roll_3.0deg,roll,3.0000,0,Car,29.9659,0,0.0000,True,18,1.0000,1.4867,mid15-30m
nuscenes,scene-1094_038,roll_3.0deg,roll,3.0000,3,Car,18.8730,0,0.0000,True,42,0.6905,32.1863,mid15-30m
nuscenes,scene-1094_038,tfwd_2cm,tfwd,2.0000,0,Car,29.9659,0,0.0000,True,18,1.0000,0.0183,mid15-30m
nuscenes,scene-1094_038,tfwd_2cm,tfwd,2.0000,3,Car,18.8730,0,0.0000,True,42,1.0000,0.7755,mid15-30m
nuscenes,scene-1094_038,tleft_2cm,tleft,2.0000,0,Car,29.9659,0,0.0000,True,18,1.0000,0.9041,mid15-30m
nuscenes,scene-1094_038,tleft_2cm,tleft,2.0000,3,Car,18.8730,0,0.0000,True,42,1.0000,1.5962,mid15-30m
nuscenes,scene-1094_038,tup_2cm,tup,2.0000,0,Car,29.9659,0,0.0000,True,18,1.0000,0.9043,mid15-30m
nuscenes,scene-1094_038,tup_2cm,tup,2.0000,3,Car,18.8730,0,0.0000,True,42,1.0000,1.5946,mid15-30m
nuscenes,scene-1094_038,tfwd_5cm,tfwd,5.0000,0,Car,29.9659,0,0.0000,True,18,1.0000,0.0457,mid15-30m
nuscenes,scene-1094_038,tfwd_5cm,tfwd,5.0000,3,Car,18.8730,0,0.0000,True,42,1.0000,1.9350,mid15-30m
nuscenes,scene-1094_038,tleft_5cm,tleft,5.0000,0,Car,29.9659,0,0.0000,True,18,1.0000,2.2603,mid15-30m
nuscenes,scene-1094_038,tleft_5cm,tleft,5.0000,3,Car,18.8730,0,0.0000,True,42,1.0000,3.9904,mid15-30m
nuscenes,scene-1094_038,tup_5cm,tup,5.0000,0,Car,29.9659,0,0.0000,True,18,1.0000,2.2606,mid15-30m
nuscenes,scene-1094_038,tup_5cm,tup,5.0000,3,Car,18.8730,0,0.0000,True,42,1.0000,3.9863,mid15-30m
nuscenes,scene-1094_038,tfwd_10cm,tfwd,10.0000,0,Car,29.9659,0,0.0000,True,18,1.0000,0.0913,mid15-30m
nuscenes,scene-1094_038,tfwd_10cm,tfwd,10.0000,3,Car,18.8730,0,0.0000,True,42,1.0000,3.8578,mid15-30m
nuscenes,scene-1094_038,tleft_10cm,tleft,10.0000,0,Car,29.9659,0,0.0000,True,18,0.9444,4.5206,mid15-30m
nuscenes,scene-1094_038,tleft_10cm,tleft,10.0000,3,Car,18.8730,0,0.0000,True,42,1.0000,7.9808,mid15-30m
nuscenes,scene-1094_038,tup_10cm,tup,10.0000,0,Car,29.9659,0,0.0000,True,18,1.0000,4.5211,mid15-30m
nuscenes,scene-1094_038,tup_10cm,tup,10.0000,3,Car,18.8730,0,0.0000,True,42,1.0000,7.9722,mid15-30m
nuscenes,scene-1094_039,baseline,baseline,0.0000,0,Car,29.8397,0,0.0000,True,10,1.0000,0.0000,mid15-30m
nuscenes,scene-1094_039,baseline,baseline,0.0000,1,Pedestrian,19.6425,0,0.0000,True,11,1.0000,0.0000,mid15-30m
nuscenes,scene-1094_039,yaw_0.5deg,yaw,0.5000,0,Car,29.8397,0,0.0000,True,10,0.9000,11.1821,mid15-30m
nuscenes,scene-1094_039,yaw_0.5deg,yaw,0.5000,1,Pedestrian,19.6425,0,0.0000,True,11,1.0000,12.2310,mid15-30m
nuscenes,scene-1094_039,pitch_0.5deg,pitch,0.5000,0,Car,29.8397,0,0.0000,True,10,1.0000,11.1874,mid15-30m
nuscenes,scene-1094_039,pitch_0.5deg,pitch,0.5000,1,Pedestrian,19.6425,0,0.0000,True,11,1.0000,11.2284,mid15-30m
nuscenes,scene-1094_039,roll_0.5deg,roll,0.5000,0,Car,29.8397,0,0.0000,True,10,1.0000,0.3278,mid15-30m
nuscenes,scene-1094_039,roll_0.5deg,roll,0.5000,1,Pedestrian,19.6425,0,0.0000,True,11,1.0000,3.3136,mid15-30m
nuscenes,scene-1094_039,yaw_1.0deg,yaw,1.0000,0,Car,29.8397,0,0.0000,True,10,0.8000,22.3627,mid15-30m
nuscenes,scene-1094_039,yaw_1.0deg,yaw,1.0000,1,Pedestrian,19.6425,0,0.0000,True,11,0.6364,24.5277,mid15-30m
nuscenes,scene-1094_039,pitch_1.0deg,pitch,1.0000,0,Car,29.8397,0,0.0000,True,10,1.0000,22.3829,mid15-30m
nuscenes,scene-1094_039,pitch_1.0deg,pitch,1.0000,1,Pedestrian,19.6425,0,0.0000,True,11,1.0000,22.4613,mid15-30m
nuscenes,scene-1094_039,roll_1.0deg,roll,1.0000,0,Car,29.8397,0,0.0000,True,10,1.0000,0.6557,mid15-30m
nuscenes,scene-1094_039,roll_1.0deg,roll,1.0000,1,Pedestrian,19.6425,0,0.0000,True,11,1.0000,6.6270,mid15-30m
nuscenes,scene-1094_039,yaw_2.0deg,yaw,2.0000,0,Car,29.8397,0,0.0000,True,10,0.5000,44.7261,mid15-30m
nuscenes,scene-1094_039,yaw_2.0deg,yaw,2.0000,1,Pedestrian,19.6425,0,0.0000,True,11,0.0000,49.3285,mid15-30m
nuscenes,scene-1094_039,pitch_2.0deg,pitch,2.0000,0,Car,29.8397,0,0.0000,True,10,0.2000,44.8052,mid15-30m
nuscenes,scene-1094_039,pitch_2.0deg,pitch,2.0000,1,Pedestrian,19.6425,0,0.0000,True,11,0.6364,44.9479,mid15-30m
nuscenes,scene-1094_039,roll_2.0deg,roll,2.0000,0,Car,29.8397,0,0.0000,True,10,1.0000,1.3113,mid15-30m
nuscenes,scene-1094_039,roll_2.0deg,roll,2.0000,1,Pedestrian,19.6425,0,0.0000,True,11,1.0000,13.2529,mid15-30m
nuscenes,scene-1094_039,yaw_3.0deg,yaw,3.0000,0,Car,29.8397,0,0.0000,True,10,0.2000,67.1040,mid15-30m
nuscenes,scene-1094_039,yaw_3.0deg,yaw,3.0000,1,Pedestrian,19.6425,0,0.0000,True,11,0.0000,74.4225,mid15-30m
nuscenes,scene-1094_039,pitch_3.0deg,pitch,3.0000,0,Car,29.8397,0,0.0000,True,10,0.0000,67.2809,mid15-30m
nuscenes,scene-1094_039,pitch_3.0deg,pitch,3.0000,1,Pedestrian,19.6425,0,0.0000,True,11,0.6364,67.4744,mid15-30m
nuscenes,scene-1094_039,roll_3.0deg,roll,3.0000,0,Car,29.8397,0,0.0000,True,10,1.0000,1.9668,mid15-30m
nuscenes,scene-1094_039,roll_3.0deg,roll,3.0000,1,Pedestrian,19.6425,0,0.0000,True,11,1.0000,19.8772,mid15-30m
nuscenes,scene-1094_039,tfwd_2cm,tfwd,2.0000,0,Car,29.8397,0,0.0000,True,10,1.0000,0.0202,mid15-30m
nuscenes,scene-1094_039,tfwd_2cm,tfwd,2.0000,1,Pedestrian,19.6425,0,0.0000,True,11,1.0000,0.4016,mid15-30m
nuscenes,scene-1094_039,tleft_2cm,tleft,2.0000,0,Car,29.8397,0,0.0000,True,10,1.0000,0.8890,mid15-30m
nuscenes,scene-1094_039,tleft_2cm,tleft,2.0000,1,Pedestrian,19.6425,0,0.0000,True,11,1.0000,1.3418,mid15-30m
nuscenes,scene-1094_039,tup_2cm,tup,2.0000,0,Car,29.8397,0,0.0000,True,10,1.0000,0.8892,mid15-30m
nuscenes,scene-1094_039,tup_2cm,tup,2.0000,1,Pedestrian,19.6425,0,0.0000,True,11,1.0000,1.3431,mid15-30m
nuscenes,scene-1094_039,tfwd_5cm,tfwd,5.0000,0,Car,29.8397,0,0.0000,True,10,1.0000,0.0504,mid15-30m
nuscenes,scene-1094_039,tfwd_5cm,tfwd,5.0000,1,Pedestrian,19.6425,0,0.0000,True,11,1.0000,1.0025,mid15-30m
nuscenes,scene-1094_039,tleft_5cm,tleft,5.0000,0,Car,29.8397,0,0.0000,True,10,1.0000,2.2224,mid15-30m
nuscenes,scene-1094_039,tleft_5cm,tleft,5.0000,1,Pedestrian,19.6425,0,0.0000,True,11,1.0000,3.3545,mid15-30m
nuscenes,scene-1094_039,tup_5cm,tup,5.0000,0,Car,29.8397,0,0.0000,True,10,1.0000,2.2230,mid15-30m
nuscenes,scene-1094_039,tup_5cm,tup,5.0000,1,Pedestrian,19.6425,0,0.0000,True,11,1.0000,3.3576,mid15-30m
nuscenes,scene-1094_039,tfwd_10cm,tfwd,10.0000,0,Car,29.8397,0,0.0000,True,10,1.0000,0.1006,mid15-30m
nuscenes,scene-1094_039,tfwd_10cm,tfwd,10.0000,1,Pedestrian,19.6425,0,0.0000,True,11,1.0000,1.9997,mid15-30m
nuscenes,scene-1094_039,tleft_10cm,tleft,10.0000,0,Car,29.8397,0,0.0000,True,10,1.0000,4.4448,mid15-30m
nuscenes,scene-1094_039,tleft_10cm,tleft,10.0000,1,Pedestrian,19.6425,0,0.0000,True,11,1.0000,6.7090,mid15-30m
nuscenes,scene-1094_039,tup_10cm,tup,10.0000,0,Car,29.8397,0,0.0000,True,10,1.0000,4.4458,mid15-30m
nuscenes,scene-1094_039,tup_10cm,tup,10.0000,1,Pedestrian,19.6425,0,0.0000,True,11,1.0000,6.7149,mid15-30m
